STATE,COUNTY,MONTH,DAY,HOUR,MINUTE,VE_TOTAL,PERSONS,PEDS,NHS,ROAD_FNC,ROUTE,SP_JUR,HARM_EV,MAN_COLL,REL_JUNC,REL_ROAD,TRAF_FLO,NO_LANES,SP_LIMIT,ALIGNMNT,PROFILE,PAVE_TYP,SUR_COND,TRA_CONT,T_CONT_F,HIT_RUN,LGT_COND,WEATHER1,WEATHER2,C_M_ZONE,NOT_HOUR,NOT_MIN,ARR_HOUR,ARR_MIN,HOSP_HR,HOSP_MN,SCH_BUS,CF1,CF2,CF3,FATALS,DAY_WEEK,DRUNK_DR,ST_CASE,CITY,MILEPT,YEAR,TWAY_ID,TWAY_ID2,RAIL,LATITUDE,LONGITUD,VE_FORMS,WEATHER
1,73,1,2,23,15,1,1,0,0,14,4,0,42,0,1,4,1,2,40,2,1,2,1,0,0,0,2,1,0,0,23,16,23,20,0,0,0,0,0,0,1,3,0,10001,0,0,2007,1493,0,0,33272102,87010454,1,1
1,19,1,30,13,5,3,4,0,0,3,3,0,12,5,2,1,1,2,40,1,1,2,1,20,3,0,1,1,0,0,13,10,13,11,99,99,0,0,0,0,2,3,0,10002,630,0,2007,SR-68,270,0,34093815,85404107,3,1
1,9,1,14,12,13,2,5,0,0,3,2,0,12,7,1,1,1,3,55,1,2,2,1,0,0,1,1,1,0,0,12,16,12,18,99,99,0,0,0,0,1,1,0,10003,2330,0,2007,US-SR53,0,0,33583258,86294685,2,1
1,15,1,1,15,0,2,2,0,1,2,2,0,12,4,2,1,2,2,65,1,1,2,1,20,3,0,1,1,0,0,99,99,15,5,0,0,0,0,0,0,1,2,0,10004,0,2468,2007,US-SR1,7260,0,33511173,85545624,2,1
1,51,1,6,19,35,2,5,0,0,14,3,0,12,5,11,1,2,2,50,1,1,2,1,3,3,0,3,1,0,0,19,35,19,41,99,99,0,0,0,0,1,7,0,10005,2063,0,2007,SR-14,I-65,0,32291980,86243217,2,1
1,41,1,1,4,55,1,2,0,0,4,4,0,1,0,1,5,1,2,40,2,1,2,1,0,0,0,2,1,0,0,99,99,5,6,99,99,0,0,0,0,1,2,1,10006,0,0,2007,1032,1E+20,0,31354977,86135700,1,1
1,49,1,8,6,1,2,2,0,0,3,3,0,12,2,1,1,1,2,55,1,2,2,1,0,0,0,4,1,0,0,6,7,6,12,99,99,0,0,0,0,1,2,0,10007,0,165,2007,SR-68,0,0,34175758,85555218,2,1
1,101,1,8,15,37,2,2,0,1,12,2,0,12,2,1,1,2,2,50,2,1,2,1,0,0,0,1,1,0,0,15,38,15,46,0,0,0,0,0,0,1,2,0,10008,2130,0,2007,US-SR8,0,0,32183619,86221168,2,1
1,103,1,2,16,50,2,7,0,0,3,3,0,12,4,1,1,1,2,55,2,1,2,1,28,3,0,5,1,0,0,99,99,17,15,99,99,0,0,0,0,1,3,0,10009,0,413,2007,SR-36,1E+20,0,34300170,86411897,2,1
1,107,1,3,15,46,2,2,0,1,2,2,0,12,2,1,1,1,2,55,1,2,2,1,0,0,0,1,1,0,0,99,99,99,99,0,0,0,0,0,0,1,4,0,10010,0,234,2007,US-SR6,1E+20,0,33201442,87560241,2,1
1,9,1,8,17,10,1,2,0,0,6,4,0,1,0,1,4,1,2,45,1,2,2,1,0,0,0,2,1,0,0,17,18,17,30,99,99,0,0,0,0,1,2,2,10011,0,0,2007,1123,0,0,33485254,86410764,1,1
1,117,1,9,12,22,3,5,0,1,11,1,0,12,2,1,1,2,4,70,2,1,2,1,0,0,0,1,1,0,0,12,32,99,99,99,99,0,0,0,0,1,3,0,10012,0,2463,2007,I-65,0,0,33193574,86465381,3,1
1,23,1,10,12,20,1,1,0,0,3,3,0,34,0,1,4,1,4,55,1,1,2,1,0,0,0,1,1,0,0,12,25,12,37,0,0,0,0,0,0,1,4,0,10013,0,993,2007,SR-17,0,0,31585935,88172475,1,1
1,83,1,11,6,50,1,1,0,0,6,4,0,32,0,1,4,1,2,45,1,1,2,1,0,0,0,1,1,0,0,6,55,7,1,0,0,0,0,0,0,1,5,0,10014,0,0,2007,1350,0,0,34470202,86514977,1,1
1,21,1,11,17,40,2,3,1,0,5,4,0,8,0,1,1,1,2,45,1,1,2,1,0,0,0,2,1,0,0,17,45,17,57,99,99,0,0,0,0,1,5,0,10015,0,0,2007,1241,0,0,32490763,86340316,2,1
1,33,1,12,15,0,1,2,0,0,4,4,0,32,0,1,4,1,2,45,1,1,2,1,0,0,0,1,1,0,0,15,2,15,9,0,0,0,0,0,0,2,6,0,10016,0,0,2007,1301,0,0,34441134,87314479,1,1
1,1,1,13,10,30,1,1,0,0,4,4,0,42,0,1,4,1,2,40,2,1,2,1,0,0,0,1,1,0,0,10,35,10,40,0,0,0,0,0,0,1,7,0,10017,0,0,2007,1193,0,0,32404629,86255441,1,1
1,23,1,13,12,45,1,1,0,0,6,4,0,27,0,1,4,1,2,25,1,1,2,1,0,0,0,1,1,0,0,13,50,14,2,0,0,0,0,0,0,1,7,0,10018,0,0,2007,5006,0,0,31545057,88183872,1,1
1,53,1,4,5,45,2,2,0,0,3,3,0,12,4,2,1,1,2,55,1,1,2,1,20,3,0,2,5,0,0,99,99,6,15,99,99,0,0,0,0,1,5,0,10019,0,33,2007,SR-21,7350,0,31104737,87274965,2,5
1,93,1,13,15,30,2,3,0,0,5,4,0,12,2,1,1,1,2,45,2,2,2,1,0,0,0,1,1,0,0,15,34,15,46,0,0,0,0,0,0,1,7,0,10020,0,0,2007,1225,0,0,34153157,88071609,2,1
1,73,1,4,6,5,3,3,0,1,11,1,0,12,7,1,1,3,3,70,1,1,2,1,0,0,1,1,1,0,0,99,99,6,12,99,99,0,0,0,0,1,5,0,10021,0,1428,2007,I-20,1E+20,0,33194555,87023294,3,1
1,87,1,14,23,24,2,2,0,1,1,1,0,24,0,1,2,2,2,70,2,1,2,1,0,0,0,2,1,0,0,23,29,23,55,99,99,0,19,0,0,1,1,1,10022,0,190,2007,I-85,0,0,32225304,86003272,2,1
1,33,1,14,1,55,1,1,0,0,6,4,0,34,0,1,4,1,2,45,2,2,2,1,0,0,0,2,1,0,0,2,0,2,20,0,0,0,0,0,0,1,1,1,10023,0,0,2007,1166,0,0,34401610,87403674,1,1
1,31,1,14,23,40,1,1,0,0,3,3,0,42,0,1,4,1,2,55,2,2,2,1,0,0,0,2,1,0,0,23,59,0,10,99,99,0,0,0,0,1,1,0,10024,0,69,2007,SR-125,0,0,31302434,85593865,1,1
1,81,1,14,21,10,1,2,0,1,2,2,0,24,0,1,2,2,2,65,2,2,2,1,0,0,0,2,1,0,0,21,16,21,26,99,99,0,0,0,0,1,1,1,10025,0,988,2007,US-SR38,0,0,32420697,85313370,1,1
1,69,1,15,8,15,3,4,0,0,4,4,0,12,5,2,1,1,2,45,1,1,2,1,0,0,0,1,1,0,0,8,23,8,42,99,99,0,14,0,0,1,2,0,10026,802,0,2007,1246,57,0,31121454,85185784,3,1
1,127,1,15,12,25,2,3,0,0,4,3,0,12,2,1,1,1,2,55,1,1,2,2,0,0,0,1,2,0,0,12,27,12,45,99,99,0,0,0,0,1,2,0,10027,0,221,2007,SR-269,0,0,33371573,87090809,2,2
1,21,1,5,6,0,1,1,0,1,1,1,0,24,0,1,2,2,3,70,1,1,2,2,0,0,0,2,2,0,0,99,99,6,23,0,0,0,0,0,0,1,6,0,10028,0,2068,2007,I-65,1E+20,0,32522499,86364973,1,2
1,113,1,16,20,20,2,2,0,1,2,2,0,12,5,2,1,2,2,55,1,1,2,1,20,3,0,2,1,0,0,20,24,20,29,0,0,0,0,0,0,1,3,0,10029,0,1044,2007,US-SR1,8225,0,32220638,85053617,2,1
1,97,1,17,5,25,2,5,0,1,2,2,0,12,5,4,1,2,2,50,1,1,2,1,0,0,0,2,1,0,0,5,35,5,45,99,99,0,0,0,0,1,4,0,10030,0,159,2007,US-SR13,0,0,30552212,88015459,2,1
1,103,1,17,7,0,1,1,0,0,4,4,0,43,0,8,4,1,2,45,1,2,2,1,0,0,0,1,1,0,0,7,5,7,12,0,0,0,0,0,0,1,4,0,10031,0,0,2007,1179,0,0,34292839,86534489,1,1
1,43,1,5,20,5,2,2,0,0,4,2,0,12,4,1,1,3,2,55,1,3,2,1,0,0,0,2,1,0,0,99,99,20,15,99,99,0,0,0,0,1,6,1,10032,0,3358,2007,US-SR3,1E+20,0,34182954,86535757,2,1
1,11,1,6,14,0,1,1,0,0,5,4,0,42,0,1,5,1,2,45,1,1,2,1,0,0,0,1,1,0,0,99,99,99,99,0,0,0,0,0,0,1,7,0,10033,0,0,2007,1233,1E+20,0,32054912,85304051,1,1
1,41,1,6,22,38,1,1,0,0,4,4,0,34,0,1,4,1,2,45,2,2,2,1,0,0,0,2,1,0,0,99,99,22,48,99,99,0,0,0,0,1,7,0,10034,0,0,2007,1100,1E+20,0,31390992,86254769,1,1
1,63,1,26,23,45,1,3,0,1,1,1,0,34,0,1,3,2,4,70,1,1,2,1,0,0,0,2,1,0,1,23,45,0,8,99,99,0,0,0,0,1,6,1,10035,0,499,2007,I-20,0,0,32575879,87484559,1,1
1,113,1,26,19,17,2,4,0,1,2,2,0,12,5,2,1,2,2,60,1,2,2,1,20,3,0,2,1,0,0,19,19,19,29,99,99,0,0,0,0,1,6,0,10036,0,985,2007,US-SR1,7971,0,32193060,85092834,2,1
1,103,1,26,11,30,2,2,0,0,2,3,0,12,2,1,1,1,2,55,1,1,2,1,0,0,0,1,1,0,0,11,35,11,45,0,0,0,0,0,0,1,6,0,10037,0,206,2007,SR-67,0,0,34251829,86425271,2,1
1,97,1,6,2,30,1,3,0,1,11,1,0,35,0,1,5,2,3,70,2,2,2,1,0,0,0,2,1,0,0,99,99,2,45,99,99,0,0,0,0,1,7,0,10038,0,179,2007,I-10,1E+20,0,30360438,88090400,1,1
1,57,1,27,10,25,1,1,0,0,4,3,0,42,0,1,5,1,2,55,1,1,2,1,0,0,0,1,1,0,0,10,30,10,50,0,0,0,0,0,0,1,7,0,10039,0,152,2007,SR-102,0,0,33480714,87340247,1,1
1,71,1,28,23,10,1,1,0,1,2,3,0,34,0,1,4,1,2,55,2,2,2,1,0,0,0,2,1,0,0,23,18,23,25,0,0,0,0,0,0,1,1,0,10040,0,445,2007,SR-35,0,0,34370326,85590260,1,1
1,103,1,31,13,0,1,1,0,0,4,4,0,32,0,1,2,1,2,45,2,2,2,1,0,0,0,1,1,0,0,13,7,13,13,99,99,0,0,0,0,1,4,0,10041,0,0,2007,1097,0,0,34280343,86585739,1,1
1,79,1,18,23,30,1,2,0,0,5,4,0,42,0,1,5,1,2,45,1,2,2,1,28,3,0,2,1,0,0,99,99,23,50,99,99,0,0,0,0,1,5,1,10042,0,0,2007,1150,1E+20,0,34373736,87204328,1,1
1,51,1,19,22,43,1,1,0,0,5,4,0,42,0,1,5,1,2,45,2,1,2,1,28,3,0,2,1,0,0,99,99,23,5,0,0,0,0,0,0,1,6,1,10043,0,0,2007,1129,1E+20,0,32291905,86033095,1,1
1,51,1,20,17,35,1,4,1,0,5,4,0,8,0,1,1,1,2,45,1,1,2,1,28,3,0,2,1,0,0,99,99,17,45,99,99,0,0,0,0,1,7,0,10044,0,0,2007,1209,1E+20,0,32360579,86122602,1,1
1,97,1,20,20,20,1,5,0,0,14,4,0,35,0,1,5,1,2,45,2,2,2,1,28,3,0,2,1,0,0,99,99,20,30,99,99,0,0,0,0,1,7,1,10045,0,0,2007,1352,1E+20,0,30424045,88155514,1,1
1,103,2,1,17,50,1,2,0,1,2,3,0,34,0,1,4,2,2,50,1,2,2,2,0,0,0,2,5,0,0,17,55,18,10,99,99,0,0,0,0,1,5,1,10046,0,664,2007,SR-20,0,0,34370937,87011691,1,5
1,125,1,29,11,50,3,3,0,1,1,2,0,12,5,11,1,1,2,45,1,2,2,1,20,3,0,1,1,0,0,11,55,12,5,99,99,0,0,0,0,1,2,0,10047,0,1093,2007,US-SR7,I-59,0,33150364,87080222,3,1
1,125,1,21,7,45,1,1,0,0,3,3,0,34,0,1,4,1,2,55,1,2,2,2,28,3,0,1,2,0,0,99,99,8,4,99,99,0,0,0,0,1,1,0,10048,0,57,2007,sr-171,1E+20,0,33184257,87381373,1,2
1,29,1,24,5,55,1,2,0,1,1,1,0,34,0,1,3,2,3,70,1,1,2,1,0,0,0,2,1,0,0,99,99,6,15,99,99,0,0,0,0,1,4,0,10049,0,1984,2007,I-20,1E+20,0,33371350,85375753,1,1
1,49,1,24,17,15,1,5,0,0,6,4,0,35,0,1,4,1,2,35,2,2,5,1,0,0,0,2,1,0,0,99,99,17,34,99,99,0,0,0,0,1,4,0,10050,0,0,2007,610,1E+20,0,34322028,85414945,1,1
1,127,2,1,2,15,1,1,0,0,4,3,0,34,0,1,4,1,2,55,1,1,2,2,0,0,0,2,2,0,0,99,99,2,49,0,0,0,0,0,0,1,5,0,10051,0,90,2007,SR-195,0,0,33575152,87202808,1,2
1,127,2,1,7,25,1,1,0,0,4,3,0,34,0,1,4,1,2,55,2,2,2,2,0,0,0,1,2,0,0,7,36,7,52,0,0,0,0,0,0,1,5,0,10052,0,334,2007,SR-269,0,0,33424764,87155466,1,2
1,3,1,24,15,45,2,2,0,0,4,4,0,12,4,2,1,1,2,55,1,1,2,1,20,3,0,1,1,0,0,99,99,16,5,99,99,0,0,0,0,1,4,0,10053,0,0,2007,1092,7527,0,30272857,87443257,2,1
1,125,1,25,15,25,1,1,0,0,4,4,0,42,0,1,5,1,2,45,1,2,2,1,0,0,0,1,1,0,0,99,99,16,1,0,0,0,0,0,0,1,5,0,10054,0,0,2007,1156,1E+20,0,33074417,87471744,1,1
1,115,2,10,6,30,2,2,0,1,1,1,0,12,1,1,1,2,3,70,1,1,2,1,0,0,0,1,1,0,0,99,99,6,35,0,0,0,0,0,0,1,7,0,10055,0,1664,2007,I-59,1E+20,0,33533936,86144405,2,1
1,75,2,10,12,20,2,2,0,0,3,3,0,12,2,1,1,1,2,55,1,1,2,1,28,3,0,1,1,0,0,99,99,12,36,0,0,0,0,0,0,2,7,0,10056,0,50,2007,sr-18,1E+20,0,33442484,88114470,2,1
1,51,2,11,18,9,2,4,0,0,3,3,0,12,2,2,1,1,2,45,1,1,2,1,0,0,0,3,1,0,0,99,99,18,14,99,99,0,0,0,0,1,1,0,10057,2063,99999,2007,sr-143,13,0,32302734,86222606,2,1
1,125,2,15,11,8,1,1,0,0,5,4,0,42,0,1,5,1,2,35,2,2,2,1,28,3,0,1,1,0,0,99,99,99,99,0,0,0,0,0,0,1,5,0,10058,0,0,2007,1352,1E+20,0,33215062,87394184,1,1
1,101,2,16,18,0,2,3,0,1,2,2,0,12,4,1,1,1,2,65,1,1,2,1,0,0,0,2,1,0,0,99,99,18,5,99,99,0,0,0,0,2,6,0,10059,0,1657,2007,US-SR6,1E+20,0,32141125,86073607,2,1
1,63,2,16,8,20,1,2,0,1,1,1,0,1,0,1,5,2,3,70,1,1,2,1,0,0,0,1,1,0,0,99,99,8,42,99,99,0,0,0,0,1,6,1,10060,0,444,2007,I-20,1E+20,0,32543520,87523454,1,1
1,73,1,4,5,45,3,3,0,1,2,3,0,24,0,1,2,1,2,55,1,2,2,1,0,0,0,2,1,0,0,99,99,6,9,99,99,0,0,0,0,1,5,0,10061,0,139,2007,SR-269,1E+20,0,33312180,87033974,3,1
1,71,1,11,7,51,2,4,0,1,2,2,0,12,1,1,1,1,2,65,1,1,2,1,0,0,0,1,1,0,0,99,99,7,56,99,99,0,0,0,0,1,5,0,10062,0,1149,2007,US-SR2,1E+20,0,34412750,86211112,2,1
1,43,1,31,0,20,1,2,0,0,4,3,0,42,0,1,4,1,2,55,2,2,2,1,28,3,0,2,1,0,0,99,99,9,59,99,99,0,0,0,0,1,4,1,10063,0,105,2007,SR-91,1E+20,0,33551401,86555991,1,1
1,65,2,4,21,10,2,5,0,0,4,3,0,12,4,2,1,1,2,55,2,1,2,1,20,3,0,2,1,0,0,99,99,21,32,99,99,0,0,0,0,5,1,1,10064,0,81,2007,sr-61,7595,0,32334941,87314172,2,1
1,25,2,4,4,30,1,3,0,0,4,2,0,35,0,1,4,2,2,65,1,2,2,1,0,0,0,2,1,0,0,99,99,5,20,99,99,0,0,0,0,2,1,0,10065,0,847,2007,US-SR13,1E+20,0,31483682,87451116,1,1
1,121,2,5,12,0,2,2,0,0,12,3,0,12,8,1,1,1,2,35,1,1,2,1,0,0,0,1,1,0,1,99,99,12,10,0,0,0,0,0,0,1,2,0,10066,0,2485,2007,sr-21,1E+20,0,33345337,85505710,2,1
1,73,2,3,22,40,1,2,0,0,19,6,0,42,0,1,5,1,2,35,2,2,2,1,0,0,0,2,1,0,0,22,40,22,49,99,99,0,0,0,0,1,7,1,10067,330,0,2007,1522,0,0,33233435,87012926,1,1
1,3,2,2,8,0,1,1,0,0,4,4,0,34,0,1,4,1,2,40,2,2,2,2,0,0,0,1,1,0,0,8,6,8,17,0,0,0,0,0,0,1,6,0,10068,0,0,2007,1874,0,0,31010740,87391430,1,1
1,97,2,4,0,30,1,1,0,0,4,3,0,32,0,1,4,1,2,55,1,2,2,1,0,0,0,2,1,0,0,0,32,0,40,99,99,0,0,0,0,1,1,0,10069,0,101,2007,SR-217,0,0,30493571,88154786,1,1
1,97,2,4,6,15,1,2,0,0,6,4,0,34,0,1,4,1,2,45,2,2,2,1,0,0,0,4,1,0,0,6,45,6,50,99,99,0,0,0,0,1,1,1,10070,0,0,2007,1811,0,0,31081021,88050017,1,1
1,95,2,3,8,10,1,3,0,0,3,3,0,32,0,1,2,1,2,55,1,1,2,1,0,0,0,1,1,0,0,8,10,8,22,99,99,0,0,0,0,1,7,0,10071,0,588,2007,SR-79,0,0,34153301,86230037,1,1
1,51,2,3,8,45,1,2,0,0,4,4,0,35,0,1,4,1,2,45,1,2,2,1,0,0,0,1,1,0,0,99,99,9,0,99,99,0,0,0,0,1,7,1,10072,0,0,2007,1109,0,0,32314636,86075202,1,1
1,73,2,11,14,40,2,5,0,1,11,1,0,1,0,1,3,2,4,70,1,1,2,1,0,0,0,1,1,0,0,14,43,14,46,99,99,0,14,0,0,2,1,0,10073,330,1100,2007,I-20,0,0,33232086,86591085,2,1
1,97,2,19,3,59,1,3,0,1,11,1,0,29,0,1,4,3,2,65,1,1,2,1,0,0,0,3,1,0,0,3,59,4,4,99,99,0,0,0,0,3,2,0,10074,2100,60,2007,I-65,0,0,30434110,88071199,1,1
1,97,2,20,15,54,1,2,1,0,15,6,0,8,0,2,1,1,2,25,1,1,2,1,20,3,2,1,1,0,0,15,54,16,0,0,0,0,0,0,0,1,3,0,10075,2100,0,2007,6974,4354,0,30413797,88034026,1,1
1,73,2,24,2,25,1,1,0,1,11,1,0,1,0,1,1,2,2,70,2,2,2,1,0,0,0,2,1,0,0,2,30,2,43,99,99,0,0,0,0,1,7,0,10076,330,1145,2007,I-20,0,0,33265736,86571940,1,1
1,97,3,1,18,48,1,2,1,0,12,2,0,8,0,1,1,2,2,40,1,1,2,2,0,0,0,3,1,0,0,18,50,18,55,99,99,0,0,0,0,1,5,1,10077,2100,0,2007,US-SR42,0,0,30422308,88071827,1,1
1,97,3,2,11,40,1,1,0,1,12,2,0,27,0,1,4,1,4,40,1,1,2,1,0,0,0,1,1,0,0,11,40,11,42,0,0,0,0,0,0,1,6,0,10078,2100,0,2007,US-SR42,0,0,30422822,88072620,1,1
1,97,3,4,11,56,1,1,0,0,14,6,0,42,0,1,4,1,2,35,1,1,2,1,0,0,0,1,1,0,0,11,56,11,58,0,0,0,0,0,0,1,1,0,10079,2100,0,2007,7016,0,0,30415393,88033750,1,1
1,83,2,6,19,10,1,1,0,0,6,4,0,32,0,8,4,1,2,45,1,1,2,1,0,0,0,2,1,0,0,19,10,19,15,0,0,0,0,0,0,1,3,1,10080,0,0,2007,1339,0,0,34502442,86495421,1,1
1,109,2,7,2,30,2,2,0,1,2,2,0,12,2,1,1,1,5,55,1,1,2,1,0,0,0,2,1,0,0,2,35,2,51,99,99,0,0,0,0,1,4,0,10081,0,600,2007,US-SR53,0,0,31384262,85483633,2,1
1,9,2,7,15,30,1,1,0,0,2,3,0,1,0,1,1,2,4,65,1,1,2,1,0,0,0,1,1,0,0,15,36,15,40,0,0,0,0,0,0,1,4,0,10082,0,224,2007,SR-75,0,0,33515202,86331022,1,1
1,77,2,8,7,45,2,2,0,0,6,4,0,12,2,1,1,1,2,45,2,2,2,1,0,0,0,1,1,0,0,7,47,8,10,99,99,0,0,0,0,1,5,0,10083,0,0,2007,2115,0,0,34515895,87453212,2,1
1,21,2,8,5,40,1,8,0,0,5,4,0,10,0,6,1,1,2,45,1,1,2,1,70,3,0,4,1,0,0,6,5,6,15,99,99,0,0,0,0,4,5,0,10084,0,0,2007,1202,0,352329H,32534836,86412781,1,1
1,117,2,8,7,45,1,1,0,0,5,3,0,34,0,1,4,1,2,55,2,2,2,1,0,0,0,1,1,0,1,7,45,7,52,99,99,0,0,0,0,1,5,0,10085,0,1415,2007,SR-25,0,0,33154275,86265622,1,1
1,91,2,9,15,45,2,3,0,0,4,3,0,12,5,1,1,1,2,55,1,2,2,2,0,0,0,1,2,0,0,16,19,16,37,99,99,0,0,0,0,1,6,1,10086,0,340,2007,SR-10,0,0,32070232,87595889,2,2
1,87,2,9,22,0,1,1,0,0,4,4,0,42,0,1,4,1,2,45,1,1,2,1,0,0,0,2,1,0,0,22,0,22,10,0,0,0,0,0,0,1,6,1,10087,0,0,2007,1196,0,0,32315318,85391774,1,1
1,125,2,16,8,25,2,3,0,1,1,1,0,12,1,1,1,3,2,70,1,2,2,1,0,0,0,1,1,0,0,8,27,8,36,99,99,0,19,0,0,1,6,0,10088,0,799,2007,I-20,0,0,33103788,87230538,2,1
1,99,2,18,11,0,1,1,0,0,4,3,0,1,0,1,1,1,2,55,2,2,2,1,0,0,0,1,1,0,0,11,8,11,19,99,99,0,0,0,0,1,1,0,10089,0,892,2007,SR-59,0,0,31173566,87342078,1,1
1,121,2,19,15,10,2,2,0,0,3,3,0,12,2,1,1,1,2,55,2,1,2,1,0,0,0,1,1,0,0,15,16,15,26,0,0,0,0,0,0,1,2,0,10090,0,95,2007,SR-34,0,0,33310109,86085331,2,1
1,127,2,19,3,30,1,1,0,1,3,3,0,1,0,1,4,1,2,45,2,1,2,1,0,0,0,2,1,0,1,3,39,3,52,0,0,0,0,0,0,1,2,0,10091,0,505,2007,SR-118,0,0,33515033,87240526,1,1
1,131,2,19,12,30,1,3,0,0,3,3,0,42,0,1,4,1,2,55,1,2,2,1,0,0,0,1,1,0,0,12,38,12,55,99,99,0,0,0,0,1,2,0,10092,0,822,2007,SR-21,0,0,31581241,87041515,1,1
1,103,2,19,11,15,1,1,0,0,4,4,0,10,0,6,1,1,2,45,1,2,2,1,63,3,0,1,1,0,0,11,22,11,28,0,0,0,0,0,0,1,2,0,10093,0,0,2007,1137,0,352125w,34183666,86533348,1,1
1,13,2,19,19,30,1,1,0,1,1,1,0,42,0,1,4,2,2,70,1,1,2,1,0,0,0,2,1,0,0,19,46,20,4,0,0,0,0,0,0,1,2,0,10094,0,1329,2007,I-65,0,0,31530976,86362812,1,1
1,67,2,21,9,10,2,2,0,0,4,4,0,12,1,3,1,1,2,45,1,2,2,2,20,3,0,1,1,0,0,9,10,9,22,0,0,0,0,0,0,1,4,0,10095,0,0,2007,1119,738,0,31370003,85094618,2,1
1,9,2,22,18,30,1,1,0,0,2,2,0,42,0,1,4,1,2,55,1,2,2,1,0,0,0,2,1,0,0,18,35,18,47,0,0,0,0,0,0,1,5,0,10096,0,3063,2007,US-SR3,0,0,33553306,86481697,1,1
1,31,2,23,16,28,1,1,0,0,4,3,0,34,0,1,4,1,2,55,1,1,2,1,0,0,0,1,1,0,0,16,30,16,41,0,0,0,0,0,0,1,6,0,10097,0,70,2007,SR-141,0,0,31255145,86103625,1,1
1,109,2,23,22,40,1,2,0,0,4,4,0,42,0,1,4,1,2,45,1,1,2,1,0,0,0,2,1,0,0,22,52,23,1,99,99,0,0,0,0,1,6,1,10098,0,0,2007,1117,0,0,32023909,85571459,1,1
1,127,2,24,3,0,1,1,0,1,3,2,0,35,0,5,8,6,1,25,2,2,2,1,0,0,0,2,1,0,0,6,7,6,18,0,0,0,0,0,0,1,7,0,10099,0,573,2007,US-SR4,SR-118,0,33552248,87370679,1,1
1,55,2,24,5,0,1,1,0,0,6,4,0,34,0,1,4,1,2,35,1,1,2,1,0,0,0,4,1,0,0,99,99,5,30,0,0,0,0,0,0,1,7,1,10100,0,0,2007,1343,0,0,34041096,85544626,1,1
1,113,2,24,12,32,1,1,0,0,4,4,0,42,0,1,4,1,2,45,2,2,2,1,0,0,0,1,1,0,0,12,38,12,59,99,99,0,0,0,0,1,7,1,10101,0,0,2007,1011,0,0,32172780,85171439,1,1
1,89,2,26,8,30,2,3,0,0,6,4,0,12,5,2,1,1,2,40,1,1,2,1,20,3,0,1,1,0,0,8,33,8,40,0,0,0,0,0,0,1,2,0,10102,0,0,2007,1787,8110,0,34473825,86445686,2,1
1,49,2,27,3,0,1,1,0,0,4,4,0,42,0,1,4,1,2,45,1,1,2,1,0,0,0,2,1,0,0,3,40,3,55,0,0,0,0,0,0,1,3,0,10103,0,0,2007,1586,0,0,34333422,85431324,1,1
1,39,3,1,15,0,2,3,0,1,2,2,0,12,2,1,1,2,4,55,1,1,2,2,0,0,0,1,2,0,0,15,12,15,20,99,99,0,0,0,0,2,5,1,10104,2610,0,2007,US-SR12,0,0,31205230,86323099,2,2
1,107,3,1,12,40,1,1,0,0,4,3,0,34,0,1,4,1,2,45,1,1,2,1,0,0,0,1,1,0,0,12,54,13,0,0,0,0,0,0,0,1,5,0,10105,0,95,2007,SR-86,0,0,33160230,88083615,1,1
1,125,3,7,20,35,1,1,0,1,11,1,0,34,0,1,4,2,2,70,1,1,2,1,0,0,0,2,1,0,0,20,38,20,49,0,0,0,0,0,0,1,4,0,10106,0,802,2007,I-20,0,0,33150188,87075524,1,1
1,43,3,9,11,20,2,4,0,0,14,3,0,12,1,3,1,1,2,55,1,1,2,1,0,0,0,1,1,0,0,11,22,11,25,99,99,0,0,0,0,1,6,0,10107,0,2481,2007,SR-69,9967,0,34115358,86465413,2,1
1,97,2,2,15,26,2,2,1,0,14,2,0,8,0,1,7,1,2,99,9,9,9,9,0,0,0,1,1,0,0,15,26,15,35,99,99,0,15,14,0,1,6,0,10108,2100,0,2007,US-SR42,0,0,30431183,88085790,1,1
1,89,1,5,16,45,2,3,0,1,11,1,0,12,1,1,1,2,3,70,1,2,2,2,0,0,0,5,1,0,0,16,45,16,54,99,99,0,19,0,0,1,6,0,10109,1970,107,2007,I-565,0,0,34411007,86434193,2,1
1,99,1,5,16,17,1,1,0,0,15,6,0,30,0,1,4,1,2,25,1,1,2,1,0,0,0,1,1,0,0,16,17,16,30,0,0,0,0,0,0,1,6,0,10110,2110,0,2007,1180,0,0,31322624,87212599,1,1
1,69,1,11,20,0,1,1,0,0,14,6,0,1,0,1,4,1,2,35,2,1,2,1,0,0,0,2,5,0,0,99,99,99,99,0,0,0,0,0,0,1,5,1,10111,1812,0,2007,1251,0,0,31175924,85201365,1,5
1,117,1,12,5,12,1,1,0,0,15,4,0,34,0,1,4,1,2,40,2,1,2,1,0,0,0,2,1,0,0,5,12,5,22,0,0,0,0,0,0,1,6,0,10112,1716,0,2007,1247,0,0,33170986,86532127,1,1
1,73,1,13,23,40,1,3,0,0,3,6,0,42,0,1,4,1,2,45,2,2,2,1,0,0,0,2,1,0,0,23,45,23,51,99,99,0,0,0,0,1,7,1,10113,350,0,2007,1406,0,0,33353295,86511759,1,1
1,17,1,15,6,20,1,2,0,0,6,6,0,30,0,1,4,1,2,35,1,2,2,1,0,0,0,4,1,0,0,6,23,6,27,99,99,0,0,0,0,1,2,0,10114,1820,0,2007,5010,0,0,32532961,85244096,1,1
1,97,1,21,17,45,1,1,0,0,12,3,0,33,0,1,2,1,4,45,1,1,2,2,0,0,0,3,2,0,0,17,48,17,49,0,0,0,0,0,0,1,1,0,10115,2100,0,2007,SR-163,0,0,30361574,88043348,1,2