STATE,COUNTY,MONTH,DAY,HOUR,MINUTE,VE_TOTAL,PERSONS,PEDS,NHS,ROAD_FNC,ROUTE,SP_JUR,HARM_EV,MAN_COLL,REL_JUNC,REL_ROAD,TRAF_FLO,NO_LANES,SP_LIMIT,ALIGNMNT,PROFILE,PAVE_TYP,SUR_COND,TRA_CONT,T_CONT_F,HIT_RUN,LGT_COND,WEATHER1,WEATHER2,C_M_ZONE,NOT_HOUR,NOT_MIN,ARR_HOUR,ARR_MIN,HOSP_HR,HOSP_MN,SCH_BUS,CF1,CF2,CF3,FATALS,DAY_WEEK,DRUNK_DR,ST_CASE,CITY,MILEPT,YEAR,TWAY_ID,TWAY_ID2,RAIL,LATITUDE,LONGITUD,VE_FORMS,WEATHER
1,97,4,7,21,15,1,1,0,0,4,4,0,34,0,1,4,1,2,55,2,2,2,1,0,0,0,2,1,0,0,21,24,21,30,99,99,0,0,0,0,1,7,0,10231,0,0,2007,1352,0,0,30424081,88181405,1,1
1,69,4,7,2,0,2,4,0,1,2,2,0,12,5,2,1,2,2,55,1,2,2,1,20,3,0,2,1,0,0,2,6,2,25,99,99,0,0,0,0,2,7,2,10232,0,0,2007,US-SR12,7670,0,31143522,85341385,2,1
1,85,4,7,2,10,1,3,0,0,3,3,0,1,0,1,4,1,2,55,1,2,2,1,0,0,0,2,1,0,0,2,14,2,32,99,99,0,0,0,0,1,7,1,10233,0,1230,2007,SR-21,0,0,32122962,86331380,1,1
1,7,4,7,16,15,1,1,0,0,3,3,0,42,0,1,4,1,2,55,1,1,2,1,0,0,0,1,1,0,0,99,99,16,32,0,0,0,0,0,0,1,7,0,10234,0,841,2007,SR-25,0,0,32525985,87135095,1,1
1,117,4,7,20,0,1,5,0,1,11,1,0,42,0,1,4,2,2,70,1,1,2,1,0,0,0,2,1,0,0,20,7,20,15,99,99,0,0,0,0,2,7,0,10235,0,2448,2007,I-65,0,0,33191256,86471167,1,1
1,3,4,8,0,48,2,1,0,0,14,2,0,34,0,1,5,1,2,45,1,1,2,1,0,0,0,2,1,0,0,0,52,1,5,99,99,0,0,0,0,1,1,1,10236,0,512,2007,US-SR42,0,0,30263463,87531037,1,1
1,125,4,9,9,55,1,4,1,1,1,1,0,8,0,1,1,2,2,70,2,1,2,1,0,0,0,1,1,0,0,9,57,10,0,99,99,0,0,0,0,1,2,0,10237,0,655,2007,I-20,0,0,33073930,87384525,1,1
1,33,4,9,17,20,1,1,0,0,4,4,0,34,0,1,4,1,2,45,2,2,2,1,0,0,0,1,1,0,0,17,27,17,39,0,0,0,0,0,0,1,2,0,10238,0,0,2007,1070,0,0,34382958,87463362,1,1
1,33,4,11,21,42,2,2,0,0,14,6,0,53,0,1,4,1,2,30,1,1,2,1,0,0,0,2,1,0,0,22,7,22,20,99,99,0,20,14,0,1,4,0,10239,2780,0,2007,5308,0,0,34445534,87414808,1,1
1,3,4,11,23,50,1,1,0,0,15,4,0,42,0,1,4,1,2,35,2,1,2,1,0,0,0,2,1,0,0,0,5,0,8,0,0,0,18,0,0,1,4,1,10240,0,0,2007,1075,0,0,30293314,87552441,1,1
1,17,4,12,11,18,2,2,0,0,4,4,0,12,5,2,1,1,2,45,1,1,2,1,20,3,0,1,1,0,0,11,24,11,30,99,99,0,0,0,0,1,5,0,10241,0,0,2007,1212,7393,0,32564336,85122964,2,1
1,43,4,12,2,2,2,3,0,1,1,1,0,12,1,1,1,2,2,70,1,2,2,1,0,0,0,2,1,0,0,2,6,2,8,99,99,0,0,0,0,2,5,0,10242,9997,3038,2007,I-65,0,0,34033466,86515951,2,1
1,83,4,13,0,1,2,2,0,0,14,3,0,12,2,1,1,1,2,55,1,1,2,1,0,0,0,2,1,0,0,0,18,0,25,99,99,0,0,0,0,1,6,0,10243,0,25,2007,SR-99,0,0,34482818,86591415,2,1
1,65,4,14,13,10,2,4,0,0,4,3,0,12,1,1,1,1,2,55,1,2,2,2,0,0,0,1,2,0,0,13,10,13,18,99,99,0,0,0,0,2,7,0,10244,0,431,2007,SR-25,0,0,32345851,87353215,2,2
1,117,4,14,1,0,1,1,0,0,6,4,0,1,0,1,4,1,2,45,2,2,2,1,0,0,0,2,1,0,0,7,17,7,24,99,99,0,0,0,0,1,7,0,10245,0,0,2007,1146,0,0,33143471,86344503,1,1
1,83,4,14,20,19,2,5,0,1,1,1,0,12,1,1,1,2,2,70,2,1,2,2,0,0,0,2,2,0,0,20,20,20,35,99,99,0,0,0,0,1,7,0,10246,0,8,2007,I-65,0,0,34375650,86515971,2,2
1,95,4,14,1,0,1,4,0,0,15,4,0,32,0,1,2,1,2,45,1,1,2,1,0,0,0,2,1,0,0,1,5,1,17,99,99,0,0,0,0,2,7,0,10247,0,0,2007,1414,0,0,34152899,86091966,1,1
1,121,4,15,3,15,1,1,0,0,5,4,0,53,0,1,2,1,2,35,1,1,2,1,0,0,0,2,1,0,0,3,15,3,30,0,0,0,0,0,0,1,1,1,10248,0,0,2007,1121,0,0,33155049,86133653,1,1
1,19,4,16,13,5,3,5,0,0,3,3,0,12,4,1,1,1,2,55,1,1,2,1,0,0,0,1,1,0,0,13,5,13,14,99,99,0,0,0,0,1,2,1,10249,0,2666,2007,SR-9,0,0,34132402,85340117,3,1
1,29,4,17,17,14,1,1,0,0,4,3,0,1,0,1,4,1,2,60,1,2,2,1,0,0,0,1,1,0,0,17,30,17,32,0,0,0,0,0,0,1,3,0,10250,0,4889,2007,SR-281,0,0,33332379,85425028,1,1
1,71,1,8,8,3,2,5,0,1,2,3,0,12,7,1,1,2,2,55,1,1,2,1,0,0,0,1,1,0,0,8,9,8,10,99,99,0,0,0,0,1,2,0,10251,2720,0,2007,SR-35,0,0,34392406,86000566,2,1
1,45,4,16,13,49,3,7,0,1,12,2,0,12,5,2,1,2,2,40,1,2,2,1,5,3,0,1,1,0,0,13,50,13,53,99,99,0,0,0,0,1,2,0,10252,2380,0,2007,US-SR231,301,0,31263323,85385643,3,1
1,29,4,17,0,45,2,2,0,1,1,1,0,12,1,1,1,2,4,70,1,1,1,1,0,0,1,2,1,0,0,0,55,1,5,0,0,0,0,0,0,1,3,1,10253,0,2092,2007,I-20,0,0,33385212,85253351,2,1
1,27,4,18,12,15,2,3,0,0,3,3,0,12,1,2,1,2,2,55,1,1,2,1,0,0,0,1,1,0,0,12,15,12,30,99,99,0,0,0,0,1,4,0,10254,0,310,2007,SR-77,7412,0,33112988,85435892,2,1
1,79,4,18,15,12,3,3,0,0,4,4,0,12,8,1,1,1,2,45,2,1,2,1,0,0,0,1,1,0,0,15,12,15,16,99,99,0,0,0,0,1,4,0,10255,0,0,2007,1150,0,0,34462274,87221187,3,1
1,125,4,18,20,40,2,3,0,1,2,2,0,1,0,1,1,1,2,55,1,2,2,1,0,0,0,2,1,0,1,20,46,21,22,99,99,0,0,0,0,1,4,0,10256,0,358,2007,US-SR6,0,0,33162947,87453702,2,1
1,117,4,19,15,50,1,1,0,0,15,4,0,10,0,6,1,1,2,50,1,1,2,1,61,3,0,1,1,0,0,17,37,17,46,99,99,0,0,0,0,1,5,0,10257,0,0,2007,1096,0,727862V,33075837,86523680,1,1
1,15,4,19,20,0,2,5,0,0,14,3,0,12,5,2,1,2,4,55,1,1,2,1,3,3,0,2,1,0,0,20,10,20,18,99,99,0,0,0,0,2,5,0,10258,0,68,2007,SR-202,9165,0,33385031,85515484,2,1
1,93,4,20,8,55,2,2,0,0,3,2,0,12,2,1,1,1,2,55,2,2,2,1,0,0,0,1,1,0,0,9,2,9,25,0,0,0,0,0,0,1,6,0,10259,0,2873,2007,US-SR17,0,0,34132904,87543263,2,1
1,3,4,20,12,15,2,2,0,0,6,4,0,12,5,8,1,1,2,45,1,1,2,1,0,0,0,1,1,0,0,12,24,12,35,0,0,0,0,0,0,1,6,1,10260,0,0,2007,1092,0,0,30272868,87440212,2,1
1,127,4,21,0,50,1,2,1,0,14,3,0,8,0,1,1,1,2,45,1,2,2,1,0,0,0,2,1,0,0,99,99,0,55,0,0,0,0,0,0,1,7,0,10261,1780,0,2007,SR-69,0,0,33490911,87184418,1,1
1,81,4,21,12,15,1,1,0,0,4,3,0,30,0,1,4,1,2,55,2,1,2,1,0,0,0,1,1,0,0,12,24,12,50,99,99,0,0,0,0,1,7,0,10262,0,990,2007,SR-51,0,0,32251975,85211418,1,1
1,3,4,21,20,25,1,1,0,9,99,4,0,1,0,1,4,1,2,35,2,1,2,1,0,0,0,2,1,0,0,20,33,20,35,0,0,0,0,0,0,1,7,1,10263,0,0,2007,1031,0,0,30241418,87460546,1,1
1,43,4,21,10,30,2,3,0,1,2,3,0,12,5,2,1,1,4,55,1,1,2,1,3,3,0,1,1,0,0,10,34,10,41,99,99,0,0,0,0,1,7,0,10264,0,7,2007,SR-157,SR-69,0,34112925,86471219,2,1
1,39,4,22,22,10,2,2,0,0,4,3,0,12,2,3,1,1,2,55,1,2,2,1,0,0,0,2,1,0,0,22,13,22,29,99,99,0,0,0,0,1,1,0,10265,0,140,2007,SR-137,US-SR15,0,31104014,86344481,2,1
1,71,4,24,1,15,1,2,0,0,6,4,0,1,0,1,5,1,2,45,2,1,2,1,0,0,0,2,1,0,0,1,16,1,32,99,99,0,0,0,0,1,3,0,10266,0,0,2007,1488,0,0,34570916,85451456,1,1
1,97,4,17,7,15,2,2,0,0,5,4,0,12,2,1,1,1,2,55,2,2,2,1,0,0,0,1,1,0,0,7,25,7,45,99,99,0,0,0,0,1,3,0,10267,0,0,2007,1344,0,0,30332067,88204024,2,1
1,73,3,31,3,0,1,1,0,0,15,4,0,42,0,1,4,1,2,45,1,1,2,1,0,0,0,2,1,0,0,3,26,3,38,0,0,0,0,0,0,1,7,1,10268,20,0,2007,1438,0,0,33355907,86544287,1,1
1,71,4,24,16,35,1,1,0,0,3,3,0,34,0,1,4,1,2,55,2,1,2,1,0,0,0,1,1,0,0,16,39,17,0,0,0,0,0,0,0,1,3,0,10269,0,266,2007,SR-117,0,0,34465463,85432027,1,1
1,87,4,25,1,15,1,2,0,1,1,1,0,1,0,1,4,2,4,70,1,1,2,1,0,0,0,2,1,0,0,1,28,1,45,99,99,0,0,0,0,1,4,1,10270,0,425,2007,I-85,0,0,32291325,85381397,1,1
1,29,4,26,8,50,1,1,0,0,4,4,0,21,0,1,2,1,2,40,2,2,2,1,0,0,0,1,1,0,0,10,14,10,24,0,0,0,0,0,0,1,5,0,10271,0,0,2007,1017,0,0,33312226,85243189,1,1
1,63,4,27,8,50,1,3,0,1,2,1,0,1,0,1,1,2,2,70,1,1,2,1,0,0,0,1,1,0,0,8,50,9,13,99,99,0,0,0,0,1,6,0,10272,0,548,2007,I-20,0,0,33000483,87460382,1,1
1,125,4,27,18,5,1,4,0,1,1,1,0,34,0,1,4,2,2,70,1,2,2,1,0,0,0,1,1,0,0,18,9,18,15,99,99,0,0,0,0,1,6,0,10273,0,654,2007,I-20,0,0,33081204,87380080,1,1
1,103,4,27,18,28,2,3,0,0,3,3,0,12,5,2,1,1,2,45,1,1,2,1,20,3,0,1,1,0,0,99,99,18,28,99,99,0,0,0,0,1,6,0,10274,0,255,2007,SR-36,7815,0,34265343,86515956,2,1
1,95,4,30,10,27,2,2,0,1,1,2,0,12,1,1,1,2,2,65,1,2,2,1,0,0,0,1,1,0,0,10,32,10,34,99,99,0,0,0,0,1,2,0,10275,0,3034,2007,US-SR1,0,0,34260248,86155177,2,1
1,101,4,27,19,35,2,5,0,0,14,6,0,12,2,1,1,1,2,35,1,1,2,1,0,0,0,5,1,0,0,19,37,19,43,99,99,0,99,99,99,1,6,1,10276,2130,0,2007,1103,0,0,32212884,86222507,2,1
1,15,4,28,16,5,2,4,0,0,5,4,0,12,5,2,1,1,2,40,1,1,2,1,20,3,0,1,1,0,0,16,15,16,17,99,99,0,0,0,0,1,7,0,10277,0,0,2007,1753,7097,0,33550468,85332855,2,1
1,97,4,28,16,30,2,3,0,1,12,2,0,12,1,1,1,1,2,55,1,2,2,1,0,0,1,1,1,0,0,99,99,16,45,99,99,0,0,0,0,1,7,1,10278,0,180,2007,US-SR17,0,0,30552716,88120269,2,1
1,97,4,29,16,10,1,3,1,0,13,4,0,8,0,1,1,1,2,45,1,1,2,1,0,0,0,1,1,0,0,16,24,16,30,0,0,0,0,0,0,1,1,0,10279,0,0,2007,8860,0,0,30452802,88133199,1,1
1,121,4,29,17,25,1,1,0,0,5,4,0,34,0,1,4,1,2,35,2,2,2,1,0,0,0,1,1,0,0,17,25,17,45,0,0,0,0,0,0,1,1,1,10280,0,0,2007,1367,0,0,33311323,86084991,1,1
1,97,4,3,1,42,1,3,1,0,16,4,0,8,0,1,2,1,2,30,1,1,2,1,0,0,2,2,1,0,0,0,0,0,0,0,0,0,0,0,0,1,3,0,10281,2100,0,2007,5959,0,0,30413352,88123551,1,1
1,21,5,1,4,45,1,1,0,0,4,4,0,34,0,1,4,1,2,45,1,2,2,1,0,0,0,2,1,0,0,99,99,5,2,0,0,0,0,0,0,1,3,0,10282,0,0,2007,1020,1E+20,0,32472364,86460724,1,1
1,97,5,1,8,30,2,2,0,0,12,3,0,12,5,2,1,2,2,55,1,1,2,1,3,3,0,1,1,0,0,99,99,8,40,99,99,0,0,0,0,1,3,0,10283,0,219,2007,SR-193,HAMILTON BOULEVARD,0,30330916,88072545,2,1
1,125,4,6,14,49,2,2,0,0,16,6,0,27,0,1,2,1,2,25,1,1,2,1,0,0,0,1,1,0,0,14,50,14,55,99,99,1,0,0,0,1,6,1,10284,3050,0,2007,5142,0,0,33142106,87290858,2,1
1,45,5,2,14,0,2,2,0,0,4,4,0,12,2,1,1,1,2,45,2,2,2,1,0,0,0,1,1,0,0,99,99,14,20,99,99,0,0,0,0,1,4,0,10285,0,0,2007,1185,0,0,31353945,85314936,2,1
1,89,5,2,18,30,1,6,1,0,4,4,0,9,0,1,1,1,2,45,1,1,2,1,0,0,0,1,1,0,0,18,34,18,38,0,0,0,0,0,0,1,4,0,10286,0,0,2007,1058,0,0,34512390,86395765,1,1
1,125,5,2,21,40,1,4,0,0,4,4,0,42,0,1,4,1,2,25,1,1,2,1,0,0,0,2,1,0,0,21,44,21,53,99,99,0,0,0,0,1,4,1,10287,0,0,2007,1125,0,0,33154068,87041610,1,1
1,117,5,3,4,40,1,1,0,1,1,1,0,24,0,1,2,3,2,70,1,1,2,1,0,0,0,2,1,0,0,4,49,5,11,99,99,0,0,0,0,1,5,1,10288,530,2300,2007,I-65,0,0,33081185,86444262,1,1
1,111,5,4,19,40,1,2,0,0,5,4,0,42,0,1,4,1,2,40,1,2,2,2,0,0,0,2,2,0,0,20,32,20,58,99,99,0,0,0,0,1,6,0,10289,0,0,2007,1492,0,0,33283143,85223850,1,2
1,33,5,4,23,50,2,3,0,1,2,3,0,12,1,2,1,2,2,65,1,1,2,1,0,0,0,2,1,0,0,23,55,0,5,99,99,0,0,0,0,1,6,0,10290,0,293,2007,SR-20,0,0,34421841,87391170,2,1
1,7,5,5,7,15,1,3,0,1,2,2,0,34,0,1,2,2,2,65,2,2,2,1,0,0,0,1,1,0,0,7,21,7,58,99,99,0,0,0,0,1,7,1,10291,0,773,2007,US-SR6,0,0,32593685,87134761,1,1
1,25,5,5,17,0,1,2,0,0,4,4,0,1,0,1,1,1,2,45,2,2,2,1,0,0,0,1,1,0,0,17,15,17,24,0,0,0,0,0,0,1,7,1,10292,0,0,2007,1006,0,0,31285757,87502834,1,1
1,7,5,5,23,15,1,1,0,0,6,4,0,32,0,8,4,1,2,35,1,1,2,1,0,0,0,2,1,0,0,23,46,23,54,0,0,0,0,0,0,1,7,1,10293,0,0,2007,1162,0,0,32595535,86534318,1,1
1,101,5,5,20,30,1,1,0,0,16,6,0,33,0,1,2,1,2,25,1,1,2,1,0,0,0,3,1,0,0,20,32,20,35,99,99,0,0,0,0,1,7,0,10294,2130,0,2007,6232,0,0,32224782,86154855,1,1
1,101,5,6,13,45,1,2,0,0,6,4,0,32,0,1,4,1,2,55,2,1,2,1,0,0,0,1,1,0,0,14,0,14,10,99,99,0,0,0,0,2,1,0,10295,0,0,2007,1049,0,0,32033261,86202612,1,1
1,35,5,6,15,15,1,1,0,0,9,4,0,35,0,1,4,1,2,45,2,2,2,2,0,0,0,1,1,0,0,15,30,15,36,0,0,0,0,0,0,1,1,0,10296,0,0,2007,1340,0,0,31190017,86564013,1,1
1,97,5,6,16,5,2,3,0,0,3,3,0,12,2,1,1,1,2,55,1,1,2,1,0,0,0,1,1,0,0,99,99,16,20,99,99,0,0,0,0,1,1,1,10297,0,45,2007,SR-193,1E+20,0,30184161,88081735,2,1
1,43,5,6,0,1,1,1,0,1,2,2,0,34,0,1,4,1,2,55,2,1,2,1,0,0,0,2,1,0,0,0,7,0,10,99,99,0,0,0,0,1,1,0,10298,0,886,2007,US-SR74,0,0,34101740,86410908,1,1
1,127,5,6,0,21,1,3,0,0,15,6,0,35,0,3,4,1,2,35,2,2,2,1,0,0,0,3,1,0,0,0,22,0,26,0,0,0,0,0,0,1,1,1,10299,1780,0,2007,1409,419,0,33501574,87162429,1,1
1,55,5,6,17,40,1,2,0,1,11,1,0,42,0,1,5,2,2,70,1,1,1,1,0,0,0,1,1,0,0,99,99,18,1,99,99,0,0,0,0,1,1,0,10300,0,1982,2007,I-59,1E+20,0,34113558,85570167,1,1
1,115,5,7,13,25,2,3,0,1,1,1,0,12,1,1,1,3,2,55,2,2,2,1,0,0,0,1,1,0,1,13,31,13,38,99,99,0,0,0,0,1,2,1,10301,0,1503,2007,I-20,0,0,33352463,86254048,2,1
1,57,5,7,18,0,1,1,0,0,4,4,0,1,0,1,4,1,2,45,1,2,2,1,0,0,0,1,1,0,0,99,99,18,25,0,0,0,0,0,0,1,2,0,10302,0,0,2007,1254,1E+20,0,33533713,87520275,1,1
1,81,5,9,11,45,1,2,0,0,5,4,0,1,0,1,1,1,2,45,2,2,2,1,0,0,0,1,1,0,0,11,50,11,56,0,0,0,0,0,0,1,4,0,10303,0,0,2007,1246,0,0,32315429,85073539,1,1
1,39,5,9,19,0,2,3,0,0,4,3,0,12,5,2,2,1,2,50,1,2,2,1,20,3,0,5,1,0,0,19,17,19,42,99,99,0,0,0,0,1,4,0,10304,0,86,2007,SR-137,7134,0,31060661,86335346,2,1
1,103,5,9,15,30,3,5,0,1,2,3,0,12,2,2,1,2,2,50,1,1,2,1,20,3,0,1,1,0,0,99,99,99,99,99,99,0,0,0,0,1,4,0,10305,0,731,2007,SR-24,1312,0,34360383,87020543,3,1
1,3,5,10,16,25,1,1,0,0,6,4,0,42,0,1,5,1,2,45,1,1,2,1,0,0,0,1,1,0,0,16,30,16,45,0,0,0,0,0,0,1,5,0,10306,0,0,2007,1480,0,0,30370594,87471947,1,1
1,39,5,10,15,13,2,4,0,1,12,3,0,12,5,2,1,3,2,50,1,1,2,1,20,3,0,1,1,0,0,15,13,15,30,99,99,0,0,0,0,1,5,1,10307,2350,0,2007,SR-299,733,0,31173758,86133871,2,1
1,17,5,11,21,30,1,1,0,0,3,3,0,42,0,1,4,1,2,55,2,2,2,1,0,0,0,2,1,0,0,21,50,22,10,0,0,0,0,0,0,1,6,1,10308,0,117,2007,SR-77,0,0,33032408,85290440,1,1
1,101,5,11,15,58,1,1,0,0,16,6,0,33,0,2,2,1,2,25,1,1,2,1,0,0,0,1,1,0,0,15,59,16,3,99,99,0,0,0,0,1,6,0,10309,2130,0,2007,8090,4266,0,32200879,86132972,1,1
1,43,5,12,5,23,1,1,0,0,5,4,0,32,0,1,4,1,2,45,2,2,2,1,0,0,0,1,1,0,0,99,99,5,42,0,0,0,0,0,0,1,7,0,10310,0,0,2007,1049,1E+20,0,34010339,86554639,1,1
1,43,5,12,13,2,2,3,0,1,2,2,0,12,5,2,1,1,2,40,1,1,2,1,20,3,0,1,1,0,0,13,5,13,10,99,99,0,0,0,0,1,7,0,10311,0,700,2007,US-SR74,8025,0,34114056,86585926,2,1
1,43,5,12,18,30,1,1,0,1,1,1,0,43,0,13,2,6,1,25,2,2,2,1,0,0,0,1,1,0,0,99,99,19,0,99,99,0,0,0,0,1,7,1,10312,0,3009,2007,I-65,1E+20,0,34044421,86515903,1,1
1,115,5,13,2,0,1,2,0,0,14,2,0,53,0,1,2,1,2,50,1,1,2,1,0,0,0,2,1,0,0,2,0,2,7,99,99,0,0,0,0,1,1,1,10313,0,0,2007,US-SR25,0,0,33361184,86283726,1,1
1,119,5,13,14,55,1,4,0,1,1,1,0,1,0,1,4,2,2,70,1,1,2,1,0,0,0,1,1,0,0,99,99,15,10,99,99,0,0,0,0,2,1,0,10314,0,151,2007,I-20,1E+20,0,32354549,88132282,1,1
1,73,5,13,17,40,1,2,0,1,11,1,0,1,0,1,1,3,3,70,1,1,2,1,0,0,0,1,1,0,0,17,50,17,59,99,99,0,0,0,0,1,1,0,10315,0,304,2007,I-459,0,0,33335199,86382051,1,1
1,73,5,14,4,15,2,2,0,1,11,1,0,25,0,1,2,3,3,70,1,1,2,1,0,0,0,2,1,0,0,4,27,4,39,0,0,0,0,0,0,1,2,0,10316,0,262,2007,I-459,0,0,33302495,86413383,2,1
1,127,5,14,20,30,1,1,0,0,6,4,0,30,0,1,4,1,2,45,2,1,2,1,0,0,0,2,1,0,0,99,99,21,0,0,0,0,0,0,0,1,2,1,10317,0,0,2007,1515,1E+20,0,33452727,87063481,1,1
1,127,5,15,7,20,2,3,0,0,15,3,0,12,2,1,1,1,2,55,2,2,2,1,0,0,0,1,1,0,0,7,28,7,34,99,99,0,0,0,0,1,3,0,10318,0,53,2007,SR-195,0,0,33550147,87190148,2,1
1,43,5,20,9,49,2,3,0,1,2,3,0,12,5,2,1,2,2,55,1,1,2,1,20,3,0,1,1,0,0,99,99,9,59,99,99,0,0,0,0,1,1,0,10319,9997,0,2007,SR-157,14,0,34141544,86562613,2,1
1,13,5,14,17,55,1,1,0,0,3,3,0,42,0,1,4,1,2,55,2,1,2,1,0,0,0,1,1,0,0,18,19,18,32,0,0,0,0,0,0,1,2,0,10320,0,1123,2007,SR-10,0,0,31494833,86480738,1,1
1,103,5,20,17,10,1,1,0,0,4,4,0,38,0,1,5,1,2,45,2,1,2,1,0,0,0,1,1,0,0,17,15,17,20,0,0,0,0,0,0,1,1,0,10321,0,0,2007,1152,0,0,34182846,86461176,1,1
1,81,5,21,0,37,1,1,0,1,1,1,0,52,0,1,3,3,2,70,1,1,2,1,0,0,0,2,1,0,0,0,39,0,46,99,99,0,0,0,0,1,2,0,10322,200,549,2007,I-85,0,0,32351870,85273205,1,1
1,115,5,16,10,0,1,1,0,0,4,3,0,42,0,1,4,1,2,45,2,2,2,2,0,0,0,1,1,0,0,99,99,10,17,0,0,0,0,0,0,1,4,0,10323,0,8,2007,SR-23,1E+20,0,33461755,86252394,1,1
1,63,5,22,21,50,1,2,0,1,11,1,0,1,0,1,4,2,2,70,1,1,2,1,0,0,0,2,1,0,0,22,0,22,30,0,0,0,0,0,0,1,3,0,10324,0,508,2007,I-20,0,0,32530407,87541972,1,1
1,85,5,16,18,20,1,2,0,0,4,4,0,42,0,1,4,1,2,45,1,1,2,2,0,0,0,1,1,0,0,99,99,19,6,99,99,0,0,0,0,1,4,0,10325,0,0,2007,1021,1E+20,0,32051060,86473131,1,1
1,101,5,16,16,52,2,3,0,0,15,6,0,12,5,2,1,1,2,25,1,1,2,1,20,3,0,1,1,0,0,16,53,16,57,99,99,0,0,0,0,2,4,0,10326,2130,0,2007,5092,3572,0,32211836,86192990,2,1
1,51,5,23,5,5,1,1,0,0,5,4,0,53,0,1,2,1,2,45,2,2,2,1,0,0,0,2,1,0,0,99,99,5,40,0,0,0,0,0,0,1,4,1,10327,0,0,2007,1081,1E+20,0,32341231,86174009,1,1
1,125,5,17,16,35,2,3,0,1,1,1,0,12,3,1,1,2,2,70,1,2,2,1,0,0,0,1,1,0,0,16,48,17,2,99,99,0,0,0,0,1,5,1,10328,0,606,2007,I-20,0,0,33043702,87411671,2,1
1,115,5,23,11,0,1,1,0,0,3,3,0,34,0,1,4,1,2,55,2,2,2,1,0,0,0,1,1,0,0,99,99,11,40,0,0,0,0,0,0,1,4,0,10329,0,11,2007,SR-174,1E+20,0,33460463,86272587,1,1
1,61,5,23,17,35,1,1,0,0,6,4,0,27,0,2,4,1,2,45,2,1,2,1,20,3,0,1,1,0,0,0,0,0,0,0,0,0,0,0,0,1,4,0,10330,0,0,2007,1311,7875,0,31112780,85353808,1,1
1,83,5,18,12,15,3,6,0,0,5,3,0,12,5,2,1,1,2,45,1,1,2,1,20,3,0,1,1,0,0,12,20,12,21,99,99,0,0,0,0,1,6,0,10331,170,0,2007,SR-99,197,0,34491203,86585924,3,1
1,3,5,23,17,45,1,2,0,0,3,2,0,42,0,1,4,1,2,55,1,1,2,1,0,0,0,1,1,0,0,99,99,17,55,99,99,0,0,0,0,1,4,0,10332,0,751,2007,US-90,1E+20,0,30311715,87291994,1,1
1,93,5,18,17,45,2,4,0,0,9,2,0,42,0,2,4,1,2,55,1,1,2,1,0,0,0,1,1,0,0,99,99,99,99,0,0,0,14,0,0,1,6,0,10333,0,99999,2007,US-SR17,0,0,34124124,87550415,2,1
1,79,5,19,19,0,1,1,0,0,4,3,0,42,0,1,4,1,2,55,1,1,2,1,0,0,0,1,1,0,0,19,5,19,10,0,0,0,0,0,0,1,7,1,10334,0,26,2007,SR-36,0,0,34252310,87150993,1,1
1,103,5,19,15,30,2,5,0,1,2,2,0,12,5,2,1,2,2,60,1,2,2,1,20,3,0,1,1,0,0,15,30,15,45,99,99,0,0,0,0,1,7,0,10335,0,3034,2007,US-SR53,8391,0,34320106,86352410,2,1
1,97,5,19,21,20,2,3,0,0,14,4,0,12,2,1,1,1,2,45,1,1,2,1,0,0,0,2,1,0,0,21,25,21,38,99,99,0,0,0,0,1,7,1,10336,0,0,2007,1145,0,0,30333452,88132968,2,1
1,19,5,24,1,35,1,1,0,1,2,3,0,27,0,1,2,1,2,55,2,2,2,1,0,0,0,2,1,0,0,99,99,2,3,99,99,0,0,0,0,1,5,1,10337,0,115,2007,SR-35,1E+20,0,34215743,85364890,1,1
1,97,5,20,6,20,2,2,0,0,4,4,0,12,1,1,1,1,2,55,2,1,2,1,0,0,0,1,1,0,0,6,26,6,30,99,99,0,0,0,0,1,1,1,10338,0,0,2007,1172,0,0,30300652,88102856,2,1
1,115,5,24,18,22,1,1,0,1,1,1,0,1,0,1,1,2,2,70,1,1,2,1,0,0,0,1,1,0,0,99,99,18,38,0,0,0,0,0,0,1,5,0,10339,0,1662,2007,I-59,1E+20,0,33514034,86172261,1,1
1,97,5,24,15,45,3,4,0,1,12,2,0,12,5,2,1,1,2,55,1,1,2,1,3,3,0,1,1,0,0,99,99,16,10,99,99,0,0,0,0,1,5,0,10340,0,91,2007,US-SR42,11617,0,30472905,88180623,3,1
1,71,5,24,6,28,2,2,0,1,2,3,0,12,4,1,1,1,3,55,2,2,2,1,0,0,0,1,1,0,0,99,99,6,35,99,99,0,0,0,0,1,5,0,10341,0,442,2007,SR-35,1E+20,0,34362165,85592814,2,1
1,33,5,24,3,40,1,1,0,1,2,2,0,34,0,1,3,2,2,65,1,2,2,1,0,0,0,2,1,0,0,4,2,4,10,0,0,0,0,0,0,1,5,0,10342,0,57,2007,US-SR2,0,0,34454214,88011167,1,1
1,91,5,25,13,30,1,1,0,0,5,4,0,38,0,1,4,1,2,45,2,1,2,1,0,0,0,1,1,0,0,15,3,15,23,0,0,0,0,0,0,1,6,1,10343,0,0,2007,1180,0,0,32261061,87361475,1,1
1,117,5,26,15,55,2,4,0,0,3,3,0,12,5,2,1,1,2,50,1,1,2,1,0,0,0,1,1,0,0,99,99,16,6,99,99,0,0,0,0,2,7,0,10344,530,0,2007,SR-25,7077,0,33081829,86412195,2,1
1,105,5,25,18,40,1,1,0,0,3,3,0,42,0,1,4,1,2,55,1,2,2,1,0,0,0,1,1,0,0,18,44,18,56,0,0,0,0,0,0,1,6,0,10345,0,282,2007,SR-183,0,0,32423989,87114610,1,1