STATE,COUNTY,MONTH,DAY,HOUR,MINUTE,VE_TOTAL,PERSONS,PEDS,NHS,ROAD_FNC,ROUTE,SP_JUR,HARM_EV,MAN_COLL,REL_JUNC,REL_ROAD,TRAF_FLO,NO_LANES,SP_LIMIT,ALIGNMNT,PROFILE,PAVE_TYP,SUR_COND,TRA_CONT,T_CONT_F,HIT_RUN,LGT_COND,WEATHER1,WEATHER2,C_M_ZONE,NOT_HOUR,NOT_MIN,ARR_HOUR,ARR_MIN,HOSP_HR,HOSP_MN,SCH_BUS,CF1,CF2,CF3,FATALS,DAY_WEEK,DRUNK_DR,ST_CASE,CITY,MILEPT,YEAR,TWAY_ID,TWAY_ID2,RAIL,LATITUDE,LONGITUD,VE_FORMS,WEATHER
1,33,5,26,9,44,1,2,0,1,2,2,0,18,0,1,4,2,2,65,2,2,2,1,0,0,0,1,1,0,0,99,99,9,57,99,99,0,0,0,0,1,7,0,10346,0,12,2007,US-72,1E+20,0,34453109,88054714,1,1
1,77,5,25,1,0,1,1,0,0,5,4,0,35,0,2,4,1,2,35,1,1,2,1,0,0,0,2,1,0,0,1,4,1,15,0,0,0,0,0,0,1,6,1,10347,0,0,2007,1143,7386,0,34533985,87421622,1,1
1,121,5,27,3,0,1,1,0,0,5,4,0,23,0,1,2,1,2,25,2,1,2,1,0,0,0,2,1,0,0,99,99,5,35,0,0,0,0,0,0,1,1,0,10348,0,0,2007,1058,1E+20,0,33344974,85532208,1,1
1,101,5,25,22,0,2,6,0,0,14,2,0,12,5,3,1,2,2,55,1,1,2,1,99,9,1,3,1,0,0,22,0,22,4,99,99,0,0,0,0,1,6,0,10349,2130,0,2007,US-SR8,4862,0,32184337,86205983,2,1
1,45,5,25,5,45,1,2,0,0,4,3,0,42,0,1,4,1,2,55,1,1,2,1,0,0,0,4,1,0,0,99,99,6,25,99,99,0,0,0,0,1,6,0,10350,0,48,2007,SR-105,1E+20,0,31304819,85342390,1,1
1,5,5,29,8,45,1,4,0,1,2,2,0,1,0,1,1,2,2,65,1,1,2,1,0,0,0,1,1,0,0,99,99,9,20,99,99,0,0,0,0,1,3,0,10351,0,545,2007,US-431,1E+20,0,31444578,85141065,1,1
1,3,5,31,5,45,2,2,0,0,4,4,0,12,2,1,1,1,2,55,1,1,2,1,0,0,0,1,1,0,0,5,50,5,56,99,99,0,0,0,0,1,5,0,10352,0,0,2007,1506,0,0,30312953,87450310,2,1
1,19,5,31,14,27,2,3,0,0,3,2,0,12,1,1,1,2,2,65,1,1,2,1,0,0,0,1,1,0,1,14,29,14,32,99,99,0,0,0,0,1,5,0,10353,1852,0,2007,US-SR25,0,0,34095069,85481148,2,1
1,117,5,29,22,25,1,5,1,1,11,1,0,8,0,1,1,3,2,70,1,1,2,1,0,0,0,3,1,0,0,0,0,0,0,0,0,0,0,0,0,1,3,0,10354,0,2386,2007,I-65,1E+20,0,33133487,86482627,1,1
1,81,4,8,21,15,1,2,0,1,11,1,0,42,0,1,4,2,2,70,1,1,2,1,0,0,0,2,1,0,0,21,23,21,42,99,99,0,0,0,0,1,1,0,10355,2340,642,2007,I-85,0,0,32400305,85200958,1,1
1,55,4,17,15,8,2,2,0,0,2,2,0,12,5,8,1,1,4,45,1,1,2,1,0,0,0,1,1,0,0,15,8,15,11,99,99,0,0,0,0,1,3,0,10356,2562,0,2007,US-SR25,0,0,33572603,86022069,2,1
1,35,5,30,4,53,2,2,0,0,3,3,0,12,4,1,1,1,2,55,2,2,2,1,0,0,0,2,1,0,0,99,99,5,22,0,0,0,0,0,0,1,4,0,10357,0,307,2007,SR-41,1E+20,0,31202605,87140600,2,1
1,69,4,18,22,30,1,2,0,0,13,2,0,30,0,1,2,1,4,40,2,2,2,1,0,0,0,2,1,0,0,22,33,22,39,0,0,0,0,0,0,2,4,0,10358,930,0,2007,US-SR1,0,0,31120132,85235169,1,1
1,97,4,28,14,40,2,4,0,1,12,2,0,12,2,2,1,1,4,40,1,1,2,1,3,3,0,1,1,0,0,14,41,14,48,0,0,0,0,0,0,1,7,0,10359,2100,0,2007,US-SR42,7465,0,30433815,88101347,2,1
1,101,4,28,6,0,1,1,0,0,14,6,0,33,0,1,2,2,3,35,1,1,2,1,0,0,0,1,1,0,0,6,2,6,4,0,0,0,0,0,0,1,7,1,10360,2130,0,2007,8191,0,0,32230644,86162143,1,1
1,69,5,3,2,12,1,1,0,1,12,2,0,42,0,1,4,2,2,55,1,2,2,1,0,0,0,2,1,0,0,4,1,4,6,0,0,0,0,0,0,1,5,0,10361,930,0,2007,US-SR12,0,0,31142194,85301336,1,1
1,3,5,4,0,44,2,2,0,0,15,4,0,12,5,2,1,1,2,40,1,1,2,1,20,3,1,2,1,0,0,0,44,0,45,0,0,0,0,0,0,1,6,1,10362,1210,0,2007,1041,7294,0,30212056,87395892,2,1
1,97,5,6,4,1,1,1,0,0,14,6,0,42,0,1,4,1,2,30,1,1,2,1,0,0,0,2,1,0,0,4,1,4,9,0,0,0,0,0,0,1,1,1,10363,2550,0,2007,7427,0,0,30445755,88073749,1,1
1,69,5,9,3,11,1,1,0,0,14,4,0,1,0,1,4,1,2,45,1,1,2,1,0,0,0,2,1,0,0,3,14,3,30,0,0,0,0,0,0,1,4,0,10364,2961,0,2007,1053,0,0,31090040,85275303,1,1
1,117,5,13,1,28,1,1,0,0,14,4,0,33,0,3,2,1,2,45,1,1,2,1,0,0,0,2,1,0,1,1,29,1,35,0,0,0,0,0,0,1,1,1,10365,2405,0,2007,1300,10552,0,33161857,86470907,1,1
1,97,5,13,4,15,1,2,1,0,13,2,0,8,0,2,1,1,4,35,1,1,2,1,3,3,2,3,1,0,0,4,16,4,18,0,0,0,0,0,0,1,1,1,10366,2100,0,2007,US-SR42,9017,0,30430030,88061288,1,1
1,101,5,18,23,55,1,2,1,1,12,2,0,8,0,1,1,1,2,55,1,1,2,1,0,0,0,3,1,0,0,23,57,0,10,99,99,0,0,0,0,1,6,2,10367,2130,0,2007,US-SR3,0,0,32201819,86220275,1,1
1,47,4,24,20,18,2,5,0,0,14,2,0,12,5,2,1,1,2,40,1,1,2,1,3,3,0,3,1,0,0,99,99,20,26,99,99,0,0,0,0,1,3,0,10368,2760,0,2007,US-SR 8,326,0,32251985,87012746,2,1
1,77,5,3,11,45,2,4,0,0,14,6,0,12,5,2,1,1,4,40,1,2,2,1,20,3,0,1,1,0,0,11,46,11,49,99,99,0,20,0,0,1,5,0,10369,1200,0,2007,5134,1236,0,34492383,87405575,2,1
1,39,5,20,14,45,1,1,0,0,5,4,0,1,0,3,4,1,2,45,1,1,2,1,20,3,0,1,1,0,0,14,45,14,48,0,0,0,0,0,0,1,1,0,10370,0,0,2007,1501,8162,0,31112273,86224744,1,1
1,103,4,13,12,40,1,1,0,0,12,3,0,34,0,1,2,1,2,55,1,1,2,1,0,0,0,1,1,0,0,99,99,13,10,0,0,0,0,0,0,1,6,0,10371,0,137,2007,SR-67,1E+20,0,34211739,86371885,1,1
1,119,5,26,0,15,1,1,0,0,6,4,0,1,0,1,1,1,2,35,2,1,2,1,0,0,0,2,1,0,0,99,99,0,39,0,0,0,0,0,0,1,7,1,10372,0,0,2007,1082,0,0,32324220,88120046,1,1
1,97,6,1,17,45,1,1,0,0,15,6,0,38,0,1,4,1,2,45,2,1,2,1,0,0,0,1,1,0,0,17,46,17,50,0,0,0,0,0,0,1,6,0,10373,2100,0,2007,7145,0,0,30401260,88073949,1,1
1,5,6,1,18,35,2,4,0,0,14,3,0,12,2,1,4,1,2,55,1,1,2,1,0,0,0,1,1,0,0,18,36,18,45,99,99,0,20,0,0,1,6,0,10374,1050,0,2007,SR-95,0,0,31471371,85094640,2,1
1,89,6,4,12,56,1,2,0,1,11,1,0,24,0,1,2,3,3,70,1,1,2,1,0,0,0,1,1,0,0,12,56,12,59,0,0,0,0,0,0,2,2,0,10375,1730,163,2007,I-565,0,0,34430785,86375494,1,1
1,97,4,21,0,20,2,5,0,1,11,4,0,12,5,10,1,1,2,45,1,2,2,1,3,3,0,3,1,0,1,99,99,0,40,99,99,0,0,0,0,3,7,0,10376,0,0,2007,5013,10966,0,30333494,88120917,2,1
1,97,6,4,21,30,1,5,0,1,11,1,0,1,0,1,1,2,2,70,1,1,2,1,0,0,0,2,1,0,0,99,99,21,39,99,99,0,0,0,0,1,2,0,10377,2713,162,2007,I-65,1E+20,0,30504652,88043692,1,1
1,97,6,6,1,25,1,1,0,0,15,6,0,33,0,1,4,1,2,40,1,1,2,1,0,0,0,2,1,0,0,99,99,1,30,0,0,0,0,0,0,1,4,1,10378,2100,0,2007,KNOLLWOOD DR,1E+20,0,30391198,88104299,1,1
1,5,6,9,12,32,2,2,0,0,16,6,0,12,5,2,1,1,2,25,1,1,2,1,0,0,0,1,1,0,0,12,32,12,37,99,99,0,0,0,0,1,7,0,10379,1050,0,2007,5044,563,0,31521571,85084768,2,1
1,125,6,10,17,16,2,2,0,0,12,2,0,12,5,2,1,2,3,45,1,1,2,1,3,3,0,1,1,0,0,17,17,17,19,99,99,0,0,0,0,1,1,0,10380,3050,0,2007,US-SR7,9689,0,33120011,87335731,2,1
1,73,6,11,1,45,1,1,0,0,15,6,0,1,0,1,4,1,2,40,2,1,2,1,0,0,0,2,1,0,0,99,99,99,99,99,99,0,0,0,0,1,2,0,10381,330,0,2007,1522,0,0,33233084,87004787,1,1
1,5,6,12,18,23,2,6,0,0,14,2,0,12,2,1,1,1,2,55,2,2,2,2,0,0,0,1,1,0,0,18,25,18,32,99,99,0,0,0,0,2,3,0,10382,1050,0,2007,US-SR6,0,0,31555634,85093844,2,1
1,55,6,13,15,27,1,3,0,1,12,2,0,10,0,6,1,2,2,45,1,1,2,1,61,3,0,1,1,0,0,15,29,15,35,99,99,0,0,0,0,1,4,0,10383,1280,0,2007,US-SR1,1636,7253315,33592080,85575994,1,1
1,103,6,20,1,5,1,2,1,0,14,6,0,8,0,1,1,1,2,25,1,1,2,1,0,0,0,2,1,0,0,99,99,1,9,0,0,0,0,0,0,1,4,1,10384,1590,0,2007,5011,1E+20,0,34255978,86555929,1,1
1,121,6,14,18,21,1,1,0,0,15,3,0,42,0,1,4,1,4,55,2,2,2,1,0,0,0,1,1,0,0,18,21,18,27,0,0,0,0,0,0,1,5,0,10385,680,0,2007,SR-235,0,0,33174066,86210715,1,1
1,3,6,15,15,10,2,6,0,0,12,3,0,12,5,4,1,1,2,45,1,1,2,1,0,0,0,1,1,0,0,15,14,15,16,99,99,0,0,0,0,1,6,0,10386,2355,0,2007,SR-182,0,0,30160623,87352937,2,1
1,69,6,24,0,30,1,1,0,0,14,6,0,30,0,1,4,1,2,40,2,2,2,1,0,0,0,3,1,0,0,99,99,0,44,0,0,0,0,0,0,1,1,0,10387,930,0,2007,1276,1E+20,0,31123721,85285382,1,1
1,89,6,25,16,35,2,3,0,0,14,6,0,12,2,2,1,1,4,40,1,1,2,1,0,0,0,1,1,0,0,99,99,16,36,99,99,0,0,0,0,1,2,0,10388,1730,0,2007,5420,1843,0,34421207,86340992,2,1
1,95,6,15,21,45,1,4,1,1,12,2,0,8,0,1,1,1,4,55,1,1,2,1,0,0,0,3,1,0,0,21,46,21,47,0,0,0,0,0,0,1,6,1,10389,1500,0,2007,US-SR1,0,0,34182076,86172307,1,1
1,73,6,16,5,30,1,3,0,0,16,6,0,42,0,1,4,1,2,25,1,2,2,1,0,0,0,4,1,0,0,99,99,5,38,99,99,0,0,0,0,1,7,0,10390,1807,0,2007,5060,0,0,33454254,86491631,1,1
1,45,6,18,3,45,1,1,0,1,2,2,0,1,0,2,1,1,2,65,1,2,2,1,0,0,0,2,1,0,1,3,47,4,8,0,0,0,0,0,0,1,2,0,10391,2230,0,2007,US-SR53,1078,0,31203995,85330436,1,1
1,73,6,28,7,45,1,1,0,0,15,4,0,27,0,1,4,1,2,35,2,1,2,1,0,0,0,1,1,0,0,99,99,7,50,0,0,0,0,0,0,1,5,0,10392,3080,0,2007,1221,1E+20,0,33363918,86353232,1,1
1,49,6,28,7,40,2,2,0,0,3,3,0,12,5,2,1,1,2,50,1,1,2,1,20,3,0,1,1,0,0,7,40,7,48,0,0,0,0,0,0,1,5,0,10393,1351,0,2007,SR-75,57,0,34215869,86000554,2,1
1,125,6,29,1,19,2,2,0,0,14,3,0,12,4,1,1,1,4,35,1,1,2,1,0,0,0,3,1,0,0,1,19,1,27,99,99,0,0,0,0,1,6,0,10394,3050,0,2007,SR-215,0,0,33104090,87325497,2,1
1,69,6,28,6,10,2,2,0,1,12,3,0,12,4,1,4,1,2,45,1,1,2,1,0,0,0,1,1,0,0,99,99,6,19,99,99,0,0,0,0,1,5,0,10395,930,0,2007,SR-52,1E+20,0,31131756,85211534,2,1
1,73,6,30,20,49,1,2,0,0,15,4,0,42,0,1,4,1,2,35,2,1,2,1,0,0,0,2,1,0,0,99,99,20,52,99,99,0,0,0,0,1,7,0,10396,0,0,2007,6597,0,0,33412140,86375000,1,1
1,43,6,3,18,12,1,1,0,0,4,4,0,43,0,1,4,1,2,45,1,2,2,1,0,0,0,1,1,0,0,99,99,18,17,99,99,0,0,0,0,1,1,0,10397,0,0,2007,1533,1E+20,0,34084109,86462393,1,1
1,39,6,1,6,48,2,2,0,1,2,2,0,12,5,2,1,1,2,45,1,1,2,1,0,0,0,1,1,0,1,6,52,6,58,99,99,0,0,0,0,1,6,0,10398,2712,0,2007,US-SR12,5,0,31181267,86233971,2,1
1,83,6,4,11,30,1,1,0,1,1,1,0,24,0,1,3,3,2,70,1,2,2,1,0,0,0,1,1,0,0,99,99,99,99,99,99,0,0,0,0,1,2,0,10399,0,3645,2007,I-65,1E+20,0,34580424,86530941,1,1
1,101,6,1,14,21,4,5,0,0,14,6,0,12,8,1,1,1,2,30,2,1,2,1,0,0,0,1,1,0,0,14,24,14,29,99,99,0,20,0,0,2,6,0,10400,2130,0,2007,1103,0,0,32203560,86235593,4,1
1,115,6,4,7,20,2,2,0,0,14,2,0,12,2,1,1,1,2,55,1,1,2,1,0,0,0,1,1,0,0,99,99,7,35,0,0,0,0,0,0,1,2,0,10401,0,2227,2007,US-SR 53,1E+20,0,33402568,86165214,2,1
1,125,6,5,19,25,1,1,0,1,11,1,0,34,0,1,4,2,2,70,1,1,2,1,0,0,0,1,1,0,0,99,99,19,39,0,0,0,0,0,0,1,3,0,10402,0,745,2007,I-20,1E+20,0,33141641,87092265,1,1
1,55,6,1,22,45,1,1,0,0,9,4,0,34,0,1,4,1,2,35,1,1,2,2,0,0,0,2,2,0,0,22,46,22,56,0,0,0,0,0,0,1,6,0,10403,0,0,2007,1390,0,0,34041063,85544703,1,2
1,21,6,2,17,30,1,2,0,0,5,4,0,34,0,1,4,1,2,45,2,2,2,1,0,0,0,1,1,0,0,17,44,17,47,99,99,0,0,0,0,1,7,1,10404,0,0,2007,1534,0,0,32551715,86453267,1,1
1,101,6,6,0,40,2,2,0,1,2,2,0,12,1,1,1,2,2,55,1,1,2,1,0,0,0,2,1,0,1,0,53,1,17,99,99,0,0,0,0,1,4,0,10405,0,1717,2007,US-SR6,0,0,32105454,86070283,2,1
1,87,6,6,15,35,1,1,0,0,9,2,0,1,0,1,1,1,2,45,1,1,2,1,0,0,0,1,1,0,1,15,44,16,16,0,0,0,0,0,0,1,4,0,10406,0,1507,2007,US-SR15,0,0,32140561,85423389,1,1
1,55,6,6,12,45,1,2,0,0,2,4,0,42,0,1,4,1,2,35,1,1,2,1,0,0,0,1,1,0,0,15,5,15,10,99,99,0,0,0,0,1,4,1,10407,0,0,2007,1177,0,0,34025430,86091158,1,1
1,73,6,6,12,25,2,4,0,1,13,2,0,12,5,2,1,2,2,55,1,1,2,1,20,3,0,1,1,0,0,99,99,12,33,99,99,0,0,0,0,1,4,0,10408,20,0,2007,US-SR 5,186,0,33364262,86575211,2,1
1,115,6,6,9,0,2,2,0,0,4,4,0,12,5,8,1,1,2,50,1,2,2,1,0,0,0,1,1,0,0,9,5,9,18,99,99,0,0,0,0,1,4,0,10409,0,0,2007,1003,0,0,33273165,86201179,2,1
1,21,6,7,13,20,1,5,0,1,1,1,0,1,0,1,2,2,2,70,1,1,2,1,0,0,0,1,1,0,0,13,22,13,35,99,99,0,0,0,0,2,5,0,10410,0,2258,2007,I-65,0,0,33040820,86434849,1,1
1,101,6,9,13,33,1,2,0,1,11,1,0,24,0,13,4,6,1,65,2,2,2,2,0,0,0,1,2,0,0,99,99,13,38,0,0,0,0,0,0,1,7,0,10411,2130,67,2007,I-85,1E+20,0,32214798,86130132,1,2
1,9,6,7,12,30,2,2,0,0,6,4,0,12,5,2,1,1,2,45,1,2,2,1,20,3,0,1,1,0,0,12,40,12,42,99,99,0,0,0,0,1,5,0,10412,0,0,2007,1465,7884,0,34033047,86240823,2,1
1,97,6,9,10,20,2,5,0,0,4,4,0,12,5,2,1,1,2,55,2,1,2,1,5,3,0,1,1,0,0,99,99,10,45,99,99,0,0,0,0,1,7,0,10413,0,0,2007,1346,8456,0,30383434,88193362,2,1
1,89,6,7,19,36,2,2,0,1,12,2,0,12,1,1,1,2,3,45,1,1,2,1,0,0,1,5,1,0,0,19,36,19,39,0,0,0,0,0,0,1,5,1,10414,1730,0,2007,US-SR2,0,0,34440580,86380162,2,1
1,115,6,8,21,13,1,1,0,0,4,4,0,1,0,1,1,1,2,50,1,1,2,1,0,0,0,2,1,0,0,21,20,21,21,0,0,0,0,0,0,1,6,0,10415,0,0,2007,1025,0,0,33322085,86215828,1,1
1,101,6,8,2,50,1,1,0,0,15,6,0,1,0,1,4,1,2,30,2,1,2,1,0,0,0,3,1,0,0,2,54,3,4,0,0,0,0,0,0,1,6,1,10416,2130,0,2007,1144,0,0,32205357,86213953,1,1
1,89,6,9,10,55,1,1,0,0,4,4,0,34,0,1,4,1,2,45,2,1,2,1,0,0,0,1,1,0,0,11,1,11,15,0,0,0,0,0,0,1,7,0,10417,0,0,2007,1155,0,0,34321859,86300092,1,1
1,129,6,10,12,30,3,5,0,0,4,4,0,12,8,1,1,1,2,45,1,2,2,1,0,0,0,1,1,0,0,99,99,12,53,99,99,0,0,0,0,2,1,0,10418,0,0,2007,1125,1E+20,0,31300345,88233419,3,1
1,59,6,10,17,55,1,1,0,0,9,4,0,1,0,1,4,1,2,45,2,2,2,1,0,0,0,1,1,0,0,18,21,18,35,0,0,0,0,0,0,1,1,1,10419,0,0,2007,1132,0,0,34324002,87570397,1,1
1,39,6,10,15,30,2,7,0,1,2,2,0,12,5,1,2,1,2,55,1,2,2,1,0,0,0,1,1,0,0,15,40,15,55,99,99,0,0,0,0,2,1,0,10420,0,310,2007,US-SR9,0,0,31235113,86154335,2,1
1,15,6,12,17,55,2,2,0,0,4,4,0,12,2,1,1,1,2,55,1,1,2,1,0,0,0,1,1,0,0,17,58,18,10,99,99,0,0,0,0,1,3,0,10421,0,0,2007,1005,0,0,33410130,86031697,2,1
1,75,6,10,19,0,1,5,0,0,6,4,0,34,0,1,4,1,2,45,1,2,2,1,0,0,0,1,1,0,0,99,99,19,11,99,99,0,0,0,0,1,1,1,10422,0,0,2007,1292,0,0,33503167,88081623,1,1
1,97,6,13,5,50,1,1,0,0,4,4,0,32,0,1,4,1,2,55,1,2,2,1,0,0,0,2,1,0,0,5,55,6,15,0,0,0,0,0,0,1,4,0,10423,0,0,2007,1275,0,0,30261560,88094563,1,1
1,15,6,14,21,15,1,5,0,0,5,4,0,35,0,1,4,1,2,35,1,3,2,2,0,0,0,2,2,0,0,21,23,21,28,99,99,0,0,0,0,1,5,1,10424,0,0,2007,1271,0,0,33480879,85472735,1,2
1,127,6,14,19,50,2,2,0,0,4,3,0,12,2,1,1,1,2,55,2,2,2,1,0,0,0,2,1,0,0,99,99,20,15,0,0,0,0,0,0,1,5,1,10425,0,79,2007,SR-195,0,0,33570922,87194767,2,1
1,97,6,15,9,40,1,1,0,0,6,4,0,10,0,6,1,1,2,30,1,3,2,1,71,3,0,1,1,0,0,9,44,9,50,0,0,0,0,0,0,1,6,0,10426,0,0,2007,1134,8322,351473W,30281092,88220746,1,1
1,97,6,15,17,4,3,7,0,1,11,1,0,12,1,1,1,3,3,65,1,2,2,1,0,0,0,1,1,0,0,17,4,17,10,99,99,0,0,0,0,1,6,0,10427,0,210,2007,I-10,0,0,30375248,88062585,3,1
1,125,6,15,14,15,1,1,0,0,9,3,0,34,0,1,4,1,2,55,2,2,2,1,0,0,0,1,1,0,0,0,0,0,0,0,0,0,0,0,0,1,6,0,10428,0,150,2007,SR-216,0,0,33162637,87155162,1,1
1,89,6,16,22,27,1,3,0,0,15,4,0,42,0,1,4,1,2,35,2,1,2,1,0,0,0,2,1,0,0,22,27,22,30,99,99,0,0,0,0,1,7,1,10429,0,0,2007,1207,0,0,34405796,86300486,1,1
1,61,6,16,17,40,2,5,0,0,3,3,0,12,5,1,1,1,2,55,1,2,2,1,0,0,0,1,1,0,0,17,42,17,49,99,99,0,7,0,0,1,7,0,10430,0,23,2007,SR-167,0,0,31012681,85402074,2,1
1,103,6,16,16,34,1,1,0,1,2,2,0,1,0,1,1,2,2,65,2,2,2,1,0,0,0,1,1,0,0,16,38,16,41,99,99,0,0,0,0,1,7,0,10431,0,3025,2007,US-SR53,0,0,34312515,86351957,1,1
1,111,6,16,20,50,1,1,0,0,4,4,0,42,0,1,4,1,2,40,2,2,2,1,0,0,0,2,1,0,0,21,7,21,29,0,0,0,0,0,0,1,7,0,10432,0,0,2007,1034,0,0,33081772,85330469,1,1
1,47,6,16,7,30,1,2,0,1,2,3,0,34,0,1,4,1,2,55,1,1,2,1,0,0,0,1,1,0,0,7,50,8,13,99,99,0,0,0,0,1,7,1,10433,0,475,2007,SR-5,0,0,32260845,87212980,1,1
1,51,6,17,3,30,1,1,0,0,4,4,0,27,0,1,2,1,2,45,2,2,2,1,0,0,0,2,1,0,0,99,99,5,58,0,0,0,0,0,0,1,1,0,10434,0,0,2007,1099,0,0,32291957,86085780,1,1
1,85,6,17,10,0,1,6,0,1,1,1,0,1,0,1,1,2,4,70,1,1,2,1,0,0,0,1,1,0,0,10,2,10,30,99,99,0,0,0,0,1,1,0,10435,0,1490,2007,I-65,0,0,32033885,86292627,1,1
1,125,6,17,4,15,1,1,0,0,3,3,0,34,0,1,4,1,2,55,2,1,2,1,0,0,0,2,1,0,0,99,99,4,36,0,0,0,0,0,0,1,1,0,10436,0,117,2007,SR-171,0,0,33223715,87415797,1,1
1,7,6,17,3,50,1,1,0,0,3,3,0,32,0,1,2,1,2,55,2,2,2,1,0,0,0,2,1,0,0,4,1,4,4,0,0,0,0,0,0,1,1,1,10437,0,1069,2007,SR-25,0,0,33033316,86555531,1,1
1,35,6,17,6,45,1,1,0,0,4,4,0,38,0,1,4,1,2,40,2,1,2,1,0,0,0,1,1,0,0,6,48,7,5,0,0,0,0,0,0,1,1,0,10438,0,0,2007,1027,0,0,31192160,87072089,1,1
1,29,6,19,1,40,1,3,0,0,6,4,0,1,0,1,4,1,2,35,2,2,5,1,0,0,0,2,1,0,0,1,45,2,0,99,99,0,0,0,0,1,3,1,10439,0,0,2007,1518,0,0,33351593,85405897,1,1
1,37,6,19,10,0,2,4,0,1,2,2,0,12,5,2,1,2,2,65,1,1,2,1,20,3,0,1,1,0,0,10,4,10,13,99,99,0,0,0,0,2,3,0,10440,0,484,2007,US-SR38,7102,0,33053485,86124605,2,1
1,71,6,19,4,10,1,2,0,0,14,3,0,34,0,1,4,1,4,65,1,1,2,1,0,0,0,2,1,0,0,4,19,4,48,99,99,0,0,0,0,1,3,0,10441,2720,0,2007,SR-79,0,0,34351615,86060053,1,1
1,69,6,20,19,27,2,2,0,1,2,2,0,12,5,2,1,2,2,65,1,1,2,1,21,3,0,5,1,0,0,19,32,19,40,0,0,0,0,0,0,1,4,0,10442,0,1992,2007,US-SR12,7670,0,31143405,85341382,2,1
1,33,6,20,15,45,2,6,0,1,2,2,0,12,5,2,1,2,2,65,1,1,2,1,0,0,0,1,1,0,0,16,1,16,10,99,99,0,0,0,0,2,4,0,10443,0,199,2007,US-SR2,7416,0,34425136,87464338,2,1
1,97,6,20,18,25,2,2,0,0,12,3,0,12,1,3,1,2,2,55,1,1,2,1,3,3,0,1,1,0,0,18,35,18,45,99,99,0,0,0,0,1,4,0,10444,0,243,2007,SR-193,30037,0,30350912,88083497,2,1
1,69,6,21,16,43,2,4,0,1,2,2,0,12,5,2,1,2,2,65,1,1,2,1,21,3,0,1,1,0,0,16,51,17,3,99,99,0,0,0,0,1,5,0,10445,1980,0,2007,US-SR1,DECATUR RD.,0,31020289,85242435,2,1
1,81,6,23,10,10,2,3,0,0,4,4,0,12,5,2,1,1,2,45,1,2,2,1,20,3,0,1,1,0,0,10,22,10,30,99,99,0,0,0,0,1,7,0,10446,0,0,2007,1072,7218,0,32411116,85343795,2,1
1,97,6,23,23,25,1,3,0,0,15,4,0,1,0,8,4,1,2,45,1,1,2,1,0,0,0,2,1,0,0,23,28,23,30,99,99,0,0,0,0,1,7,0,10447,0,0,2007,1216,0,0,30284691,88140214,1,1
1,109,6,23,17,25,1,2,0,0,4,4,0,1,0,1,4,1,2,45,2,1,2,1,0,0,0,1,1,0,0,99,99,99,99,99,99,0,0,0,0,2,7,1,10448,0,0,2007,1017,0,0,31494585,86061420,1,1
1,45,6,24,16,45,1,1,0,0,14,4,0,42,0,1,4,1,2,45,1,1,2,1,0,0,0,1,1,0,0,0,0,0,0,0,0,0,0,0,0,1,1,0,10449,1461,0,2007,1058,0,0,31171538,85265060,1,1
1,83,6,24,17,40,2,4,0,0,2,3,0,12,5,1,1,1,2,55,1,1,2,2,0,0,0,1,2,0,0,99,99,17,56,99,99,0,0,0,0,1,1,1,10450,0,3383,2007,SR-53,0,0,34580214,86475434,2,2
1,15,6,24,16,50,3,8,0,1,11,1,0,51,0,1,1,2,4,70,1,1,1,2,0,0,0,1,2,0,0,99,99,17,12,99,99,0,0,0,0,1,1,0,10451,0,1842,2007,I-20,0,0,33365123,85444421,3,2
1,71,6,25,18,10,1,1,0,0,6,4,0,1,0,1,4,1,2,45,1,2,2,1,0,0,0,1,1,0,0,18,13,18,21,99,99,0,99,99,99,1,2,1,10452,0,0,2007,1473,0,0,34512529,85434309,1,1
1,113,6,26,15,45,1,5,0,0,4,4,0,1,0,1,4,1,2,45,2,2,2,1,0,0,0,1,1,0,0,99,99,17,10,99,99,0,0,0,0,1,3,2,10453,0,0,2007,1230,0,0,32095251,85182417,1,1
1,73,6,26,6,30,2,2,0,1,11,1,0,12,1,13,2,6,1,99,2,2,2,1,0,0,0,1,1,0,0,6,35,6,52,0,0,0,0,0,0,1,3,0,10454,0,1470,2007,I-59,13024,0,33414194,86313461,1,1
1,97,6,26,20,45,3,5,0,1,11,1,0,12,7,1,1,2,2,70,1,1,2,1,0,0,0,2,1,0,0,20,51,21,3,99,99,0,0,0,0,2,3,0,10455,0,150,2007,I-10,0,0,30412002,88022063,3,1
1,75,6,28,16,52,3,4,0,0,3,3,0,12,4,1,1,1,2,55,1,1,2,1,0,0,0,1,1,0,0,17,10,17,12,99,99,0,0,0,0,1,5,0,10456,0,2265,2007,SR-96,0,0,33333523,88064757,3,1
1,29,6,29,8,0,1,1,0,0,4,4,0,42,0,1,4,1,2,35,2,2,2,1,0,0,0,1,1,0,0,8,5,8,15,0,0,0,0,0,0,1,6,0,10457,0,0,2007,1065,0,0,33332382,85433230,1,1
1,27,6,29,23,30,1,4,0,0,6,4,0,1,0,1,1,1,2,40,2,1,2,1,0,0,0,2,1,0,0,99,99,23,36,99,99,0,0,0,0,1,6,0,10458,0,0,2007,1276,1E+20,0,33221761,85470076,1,1
1,121,6,29,17,9,1,2,0,0,6,6,0,34,0,1,4,1,2,35,1,2,2,1,0,0,0,1,1,0,0,99,99,17,12,99,99,0,0,0,0,1,6,0,10459,1870,0,2007,1354,1E+20,0,33352111,86082227,1,1