STATE,COUNTY,MONTH,DAY,HOUR,MINUTE,VE_TOTAL,PERSONS,PEDS,NHS,ROAD_FNC,ROUTE,SP_JUR,HARM_EV,MAN_COLL,REL_JUNC,REL_ROAD,TRAF_FLO,NO_LANES,SP_LIMIT,ALIGNMNT,PROFILE,PAVE_TYP,SUR_COND,TRA_CONT,T_CONT_F,HIT_RUN,LGT_COND,WEATHER1,WEATHER2,C_M_ZONE,NOT_HOUR,NOT_MIN,ARR_HOUR,ARR_MIN,HOSP_HR,HOSP_MN,SCH_BUS,CF1,CF2,CF3,FATALS,DAY_WEEK,DRUNK_DR,ST_CASE,CITY,MILEPT,YEAR,TWAY_ID,TWAY_ID2,RAIL,LATITUDE,LONGITUD,VE_FORMS,WEATHER
1,49,6,30,17,10,3,3,0,0,4,4,0,12,1,1,1,1,2,45,2,2,2,1,0,0,0,1,1,0,0,17,25,17,30,99,99,0,0,0,0,1,7,0,10460,0,0,2007,1488,0,0,34304186,85374529,3,1
1,43,6,30,12,35,1,2,0,1,2,2,0,27,0,1,4,1,4,55,2,3,2,1,0,0,0,1,1,0,0,99,99,12,45,99,99,0,0,0,0,1,7,0,10461,0,770,2007,US-SR 74,1E+20,0,34100936,86525767,1,1
1,117,6,30,2,25,1,1,0,0,4,4,0,42,0,1,4,1,2,55,2,2,2,1,0,0,0,2,1,0,0,99,99,2,45,0,0,0,0,0,0,1,7,0,10462,0,0,2007,1365,1E+20,0,33272366,86320489,1,1
1,117,7,4,22,25,1,2,1,0,14,4,0,8,0,1,1,2,3,40,1,1,2,1,0,0,2,2,1,0,0,22,25,22,29,0,0,0,0,0,0,1,4,1,10463,1716,0,2007,1250,0,0,33210598,86470070,1,1
1,17,7,23,9,44,2,5,0,0,14,2,0,12,5,8,1,5,4,45,2,3,2,1,0,0,0,1,1,0,0,99,99,9,51,99,99,0,0,0,0,1,2,0,10464,3111,0,2007,US-SR 15,1E+20,0,32502480,85104127,2,1
1,73,7,4,3,50,1,1,0,0,14,2,0,30,0,1,4,2,2,40,2,2,2,1,7,3,0,3,1,0,0,3,52,3,59,0,0,0,0,0,0,1,4,0,10465,330,0,2007,US-SR5,0,0,33215493,86595500,1,1
1,93,7,6,16,57,1,1,0,0,4,3,0,34,0,1,4,1,2,50,1,3,2,1,0,0,0,1,1,0,0,16,57,17,20,99,99,0,0,0,0,1,6,0,10466,270,0,2007,SR-241,0,0,34181835,87432053,1,1
1,73,7,27,1,14,1,1,0,1,11,1,0,25,0,1,2,3,5,50,2,2,2,1,0,0,0,3,1,0,0,99,99,1,20,0,0,0,0,0,0,1,6,0,10467,350,1250,2007,I-59,1E+20,0,33311241,86490689,1,1
1,3,7,8,9,7,2,5,0,1,2,3,0,12,4,1,1,1,4,55,1,1,2,1,0,0,0,1,1,0,0,9,7,9,15,99,99,0,0,0,0,2,1,1,10468,2650,2,2007,SR-59,0,0,30313762,87423018,2,1
1,73,8,5,22,50,1,3,0,0,16,4,0,30,0,1,4,1,2,35,2,1,2,1,0,0,0,2,1,0,0,99,99,22,55,99,99,0,0,0,0,1,1,1,10469,1716,0,2007,4594,1E+20,0,33225824,86471180,1,1
1,73,7,10,2,20,1,1,0,0,4,4,0,42,0,1,4,1,2,40,1,1,2,1,0,0,0,2,1,0,0,2,25,2,49,0,0,0,0,0,0,1,3,0,10470,0,0,2007,1873,0,0,33495729,86453958,1,1
1,73,7,12,6,40,1,1,0,1,11,1,0,52,0,1,2,2,3,60,2,2,2,1,0,0,0,1,1,0,0,6,43,6,54,0,0,0,0,0,0,1,5,0,10471,3125,2529,2007,I-65,0,0,33254362,86491682,1,1
1,29,3,15,17,34,5,5,0,0,6,6,0,12,2,1,1,1,2,20,1,3,2,2,0,0,0,5,2,0,0,99,99,17,43,99,99,0,14,0,0,1,5,1,10472,1620,0,2007,1118,1E+20,0,33382299,85335708,3,2
1,73,7,14,0,22,1,3,1,0,12,2,0,8,0,1,1,3,2,40,1,1,2,1,0,0,2,3,1,0,0,0,22,0,58,99,99,0,0,0,0,1,7,0,10473,330,0,2007,US-SR5,0,0,33305658,86493559,1,1
1,73,7,16,1,5,1,4,0,1,11,1,0,1,0,1,2,2,2,70,1,1,2,1,0,0,0,2,1,0,0,1,5,1,33,99,99,0,0,0,0,1,2,0,10474,330,1115,2007,I-20,0,0,33240575,86584213,1,1
1,69,7,21,11,57,2,4,0,0,14,6,0,12,5,2,1,1,2,50,1,1,2,1,20,3,0,1,1,0,0,11,57,12,3,99,99,0,20,0,0,1,7,1,10475,930,0,2007,1172,101,0,31103238,85213712,2,1
1,3,7,5,9,49,2,2,0,1,2,3,0,12,5,2,1,1,2,55,1,1,2,1,3,3,0,1,1,0,0,99,99,9,52,0,0,0,0,0,0,1,5,0,10476,2890,0,2007,SR-59,CO RD 32,0,30282147,87420941,2,1
1,55,7,8,18,0,2,3,0,0,16,6,0,12,4,1,1,1,2,35,2,1,2,1,0,0,0,1,1,0,0,18,0,18,10,99,99,0,0,0,0,1,1,0,10477,2562,0,2007,5161,0,0,33525118,86050619,2,1
1,97,7,9,11,0,2,3,0,1,12,2,0,12,1,1,1,2,2,65,1,1,2,1,0,0,0,1,1,0,4,11,10,11,25,99,99,0,0,0,0,1,2,0,10478,2175,0,2007,US-SR13,0,0,31080736,88003503,2,1
1,73,7,5,15,48,2,4,0,0,4,4,0,12,2,1,1,1,2,35,2,1,2,1,0,0,0,1,1,0,0,99,99,15,55,99,99,0,0,0,0,1,5,0,10479,0,0,2007,1300,1E+20,0,33435650,86370226,2,1
1,73,7,22,1,15,1,4,0,0,14,6,0,30,0,1,4,1,2,30,2,1,2,1,0,0,0,3,1,0,0,99,99,1,28,99,99,0,0,0,0,1,1,0,10480,350,0,2007,6459,1E+20,0,33330031,86470975,1,1
1,101,7,27,19,5,2,4,0,1,11,1,0,12,1,1,1,3,6,50,1,2,1,1,0,0,0,1,1,0,0,99,99,19,6,99,99,0,0,0,0,1,6,1,10481,2130,1,2007,I-85,1E+20,0,32220339,86190692,2,1
1,97,8,3,22,26,2,2,0,1,16,6,0,12,5,1,1,1,2,30,2,2,2,1,0,0,0,2,1,0,0,99,99,22,20,99,99,0,0,0,0,1,6,0,10482,2550,0,2007,8438,1E+20,0,30484512,88105875,2,1
1,73,8,9,5,14,1,1,0,1,12,1,0,39,0,1,4,2,6,65,1,1,2,1,0,0,0,4,1,0,0,99,99,5,28,0,0,0,0,0,0,1,5,0,10483,1440,870,2007,I-22,1E+20,0,33323155,86522162,1,1
1,49,2,15,13,37,1,2,0,1,1,1,0,42,0,1,4,2,2,70,1,1,2,1,0,0,0,1,1,0,0,13,41,13,45,99,99,0,0,0,0,1,5,0,10484,0,2390,2007,I-59,0,0,34411107,85344254,1,1
1,17,7,2,14,45,1,1,0,1,1,1,0,24,0,1,2,2,4,70,1,1,2,1,0,0,0,1,1,0,0,99,99,14,53,0,0,0,0,0,0,1,2,0,10485,0,743,2007,I-85,1E+20,0,32473985,85141515,1,1
1,3,3,10,4,40,1,2,0,0,2,2,0,1,0,1,4,1,2,55,1,2,2,1,0,0,0,2,5,0,0,5,0,5,5,0,0,0,0,0,0,2,7,1,10486,0,738,2007,US-SR42,0,0,30245205,87321554,1,5
1,99,7,2,14,50,1,1,0,0,6,4,0,42,0,1,4,1,2,45,1,2,2,1,0,0,0,1,1,0,0,99,99,15,18,0,0,0,0,0,0,1,2,0,10487,0,0,2007,1211,1E+20,0,31245253,87292931,1,1
1,113,6,16,21,50,3,6,1,1,12,2,0,8,0,1,1,2,2,45,1,1,2,1,0,0,2,2,1,0,1,22,2,22,11,0,0,0,0,0,0,1,7,1,10488,2440,0,2007,US-SR8,0,0,32300885,85003368,3,1
1,43,7,2,23,45,1,1,0,0,4,2,0,37,0,1,4,1,4,45,1,1,2,1,0,0,0,3,1,0,0,99,99,0,1,99,99,0,0,0,0,1,2,1,10489,1310,0,2007,US-SR 3,1E+20,0,34005540,86445369,1,1
1,35,7,2,21,45,1,2,0,0,6,4,0,37,0,1,4,1,2,35,2,1,9,1,0,0,0,2,1,0,0,99,99,22,15,0,0,0,0,0,0,1,2,0,10490,0,0,2007,1228,1E+20,0,31214594,87102877,1,1
1,97,6,19,16,50,1,2,1,0,12,2,0,8,0,1,1,1,6,35,1,1,2,2,0,0,0,1,2,0,0,99,99,16,56,99,99,0,0,0,0,1,3,0,10491,2100,0,2007,US-SR17,0,0,30420878,88044335,1,2
1,27,7,2,18,30,2,2,0,0,4,3,0,12,2,1,1,1,2,55,1,2,2,2,0,0,0,1,2,0,0,99,99,18,38,0,0,0,0,0,0,1,2,0,10492,0,1776,2007,SR-9,1E+20,0,33132512,85524355,2,2
1,69,6,17,20,40,2,2,0,1,2,2,0,12,5,2,1,2,2,65,1,2,2,1,21,3,0,2,1,0,0,99,99,99,99,99,99,0,0,0,0,1,1,0,10493,0,60,2007,US-SR1,7153,0,31050727,85241957,2,1
1,127,7,3,21,0,1,1,0,1,2,3,0,42,0,1,4,1,2,55,1,1,2,1,0,0,0,9,9,0,0,0,0,0,0,0,0,0,0,0,0,1,3,0,10494,0,2754,2007,SR-13,1E+20,0,33534327,87372925,1,9
1,83,7,13,17,15,1,1,0,0,14,3,0,53,0,1,4,1,2,55,1,1,2,1,0,0,0,1,1,0,0,17,15,17,22,99,99,0,0,0,0,1,6,0,10495,170,0,2007,SR-251,0,0,34490137,86551883,1,1
1,33,7,3,23,0,1,1,0,0,4,4,0,32,0,1,4,1,2,45,2,2,2,1,0,0,0,2,1,0,0,99,99,21,15,0,0,0,0,0,0,1,3,0,10496,0,0,2007,1179,1E+20,0,34380291,87355624,1,1
1,127,7,4,15,0,1,1,0,0,6,4,0,42,0,1,4,1,2,45,2,2,2,1,0,0,0,1,1,0,0,99,99,15,20,0,0,0,0,0,0,1,4,1,10497,0,0,2007,1547,1E+20,0,33561589,87123411,1,1
1,11,7,4,13,15,2,2,0,0,4,2,0,12,4,1,1,1,2,55,1,2,2,1,0,0,0,1,1,0,0,99,99,13,47,0,0,0,0,0,0,1,4,0,10498,0,1397,2007,US-SR 15,1E+20,0,32054820,85413302,2,1
1,29,7,1,8,40,1,1,0,0,4,3,0,1,0,1,2,1,2,45,2,2,2,1,0,0,0,1,1,0,0,8,50,9,5,99,99,0,0,0,0,1,1,0,10499,0,4799,2007,SR-281,0,0,33282913,85474752,1,1
1,95,7,4,17,35,1,2,0,0,4,4,0,1,0,1,4,1,2,50,2,2,2,1,0,0,0,1,1,0,0,99,99,18,4,99,99,0,0,0,0,1,4,1,10500,0,0,2007,1372,1E+20,0,34155866,86081866,1,1
1,63,7,4,16,30,1,2,0,0,6,4,0,42,0,1,4,1,2,45,1,2,2,1,0,0,0,1,1,0,0,99,99,18,30,99,99,0,0,0,0,1,4,1,10501,0,0,2007,1213,1E+20,0,33013903,87514750,1,1
1,97,7,5,8,45,1,1,0,0,6,4,0,21,0,1,4,1,2,45,1,1,2,1,0,0,0,1,1,0,0,99,99,10,44,0,0,0,0,0,0,1,5,0,10502,0,0,2007,1326,1E+20,0,30311500,88161456,1,1
1,113,7,7,0,51,1,2,0,0,4,4,0,42,0,1,4,1,2,45,1,1,2,2,20,3,0,2,2,0,0,99,99,1,7,0,0,0,0,0,0,1,7,1,10503,0,0,2007,1047,1E+20,0,32201626,85031908,1,2
1,89,7,7,11,55,2,4,0,0,15,6,0,12,2,1,1,1,2,40,2,2,2,2,0,0,0,1,2,0,0,99,99,11,58,99,99,0,0,0,0,1,7,0,10504,1730,0,2007,1229,1E+20,0,34392483,86305474,2,2
1,1,7,1,14,22,1,2,0,1,1,1,0,1,0,1,1,2,2,70,1,1,2,1,0,0,0,1,1,0,0,14,32,14,45,99,99,0,0,0,0,1,1,0,10505,0,1971,2007,I-65,0,0,32413506,86310288,1,1
1,93,7,1,13,5,2,2,0,0,4,3,0,12,2,1,1,1,2,55,2,1,2,1,0,0,0,1,1,0,0,13,30,13,48,99,99,0,0,0,0,1,1,0,10506,0,108,2007,SR-253,0,0,34034594,87493423,2,1
1,15,7,8,0,5,1,2,0,0,14,3,0,24,0,1,4,2,4,55,1,1,2,2,0,0,0,2,2,0,0,99,99,0,25,99,99,0,0,0,0,1,1,1,10507,0,49,2007,SR-202,1E+20,0,33382322,85532706,1,2
1,43,7,8,2,30,1,2,0,0,5,4,0,42,0,1,4,1,2,45,1,2,2,2,0,0,0,2,2,0,0,99,99,8,10,0,0,0,0,0,0,2,1,1,10508,0,0,2007,1772,1E+20,0,34132673,86335498,1,2
1,117,7,1,16,45,1,1,0,0,3,4,0,1,0,1,1,1,2,45,2,1,2,1,0,0,0,1,1,0,0,99,99,16,55,0,0,0,0,0,0,1,1,0,10509,0,0,2007,1141,0,0,33115531,86412824,1,1
1,89,7,9,16,10,2,3,0,1,2,2,0,12,5,2,1,2,2,50,2,1,2,2,0,0,0,1,2,0,0,99,99,16,15,0,0,0,0,0,0,2,2,0,10510,0,3585,2007,US-SR 1,Carriger Rd,0,34574118,86340485,2,2
1,79,7,11,6,45,2,2,0,0,4,4,0,12,5,2,1,1,2,50,1,2,2,2,20,3,0,1,1,0,0,99,99,6,57,99,99,0,0,0,0,1,4,0,10511,0,0,2007,1460,7669,0,34313139,87122332,2,1
1,79,7,13,10,9,2,2,0,1,2,3,0,12,1,1,1,2,2,65,1,1,2,1,98,3,0,1,1,0,2,10,14,10,20,99,99,0,0,0,0,1,6,0,10512,0,560,2007,SR-20,0,0,34385668,87114238,2,1
1,51,7,10,23,30,2,3,0,0,3,3,0,12,2,1,1,1,2,55,1,1,2,1,0,0,0,2,1,0,0,99,99,23,55,99,99,0,0,0,0,1,3,0,10513,0,75,2007,SR-111,1E+20,0,32370244,86163848,2,1
1,125,7,15,13,50,2,3,0,0,14,3,0,12,2,1,1,1,2,55,2,2,2,1,0,0,0,1,1,0,0,13,56,14,0,99,99,0,0,0,0,1,1,1,10514,0,22,2007,SR-171,0,0,33155551,87360923,2,1
1,111,7,16,21,12,1,2,0,0,6,4,0,32,0,1,4,1,2,40,2,1,2,1,0,0,0,2,1,0,0,99,99,22,5,99,99,0,0,0,0,1,2,0,10515,0,0,2007,1092,1E+20,0,33114786,85282701,1,1
1,55,7,16,11,50,1,1,0,0,6,4,0,34,0,1,4,1,2,30,2,2,9,1,0,0,0,1,1,0,1,99,99,12,7,0,0,0,0,0,0,1,2,0,10516,0,0,2007,1003,1E+20,0,33585432,86194371,1,1
1,13,7,15,12,45,1,4,0,1,1,1,0,1,0,1,1,2,4,70,1,2,2,1,0,0,0,1,1,0,0,12,49,12,52,99,99,0,0,0,0,1,1,0,10517,0,1082,2007,I-65,0,0,31351122,86501617,1,1
1,63,7,16,18,30,2,4,0,1,2,2,0,12,5,2,1,1,2,55,1,2,2,1,0,0,0,1,1,0,0,99,99,18,49,99,99,0,0,0,0,1,2,0,10518,0,1583,2007,US-SR 13,7790,0,32490321,87531540,2,1
1,97,7,16,6,40,1,1,0,1,1,1,0,42,0,1,4,2,2,70,1,1,2,2,0,0,0,1,1,0,0,99,99,6,55,0,0,0,0,0,0,1,2,0,10519,0,92,2007,I-10,0,0,30312165,88160060,1,1
1,81,7,16,15,40,1,2,0,0,6,4,0,42,0,3,4,1,2,35,2,1,2,1,20,3,0,1,1,0,0,15,42,15,49,99,99,0,0,0,0,1,2,0,10520,0,0,2007,1242,8858,0,32310424,85080573,1,1
1,31,7,16,10,15,2,3,0,0,3,3,0,12,2,1,1,1,2,55,2,1,2,1,0,0,0,1,1,0,0,99,99,10,26,99,99,0,0,0,0,2,2,0,10521,0,207,2007,SR-134,1E+20,0,31185971,85561251,2,1
1,35,7,16,22,45,1,3,0,0,6,4,0,42,0,1,2,1,2,35,2,1,5,1,0,0,0,2,1,0,0,22,56,23,12,99,99,0,0,0,0,1,2,1,10522,0,0,2007,1023,0,0,31161822,87101026,1,1
1,71,7,17,16,36,2,2,0,1,2,3,0,12,2,2,1,1,2,50,1,1,2,1,20,3,0,1,1,0,0,16,38,16,47,99,99,0,0,0,0,1,3,0,10523,0,370,2007,SR-35,8233,0,34324062,85545209,2,1
1,101,8,25,11,27,1,4,0,1,11,1,0,1,0,1,1,2,6,60,1,1,2,1,0,0,0,1,1,0,1,99,99,11,33,99,99,0,0,0,0,1,7,0,10524,2130,58,2007,I-85,1E+20,0,32214445,86132278,1,1
1,81,8,6,19,17,1,1,0,1,11,1,0,1,0,1,4,2,4,70,1,2,2,1,0,0,0,2,1,0,0,99,99,19,29,99,99,0,0,0,0,1,2,0,10525,2340,601,2007,I-85,1E+20,0,32374056,85224816,1,1
1,33,8,6,18,4,2,2,0,0,4,4,0,12,5,2,1,1,2,45,1,2,2,1,20,3,0,1,1,0,0,99,99,18,4,0,0,0,0,0,0,1,2,0,10526,2190,0,2007,1216,7589,0,34434158,87335285,2,1
1,73,8,31,12,10,1,1,0,0,6,4,0,37,0,1,4,1,2,40,1,2,2,1,0,0,0,1,1,0,0,99,99,12,19,0,0,0,0,0,0,1,6,0,10527,0,0,2007,1583,1E+20,0,33304777,87081200,1,1
1,77,8,9,7,39,2,3,0,0,14,6,0,12,1,2,1,1,4,45,1,1,2,1,0,0,0,1,1,0,0,99,99,7,39,99,99,0,0,0,0,1,5,0,10528,1200,0,2007,5295,495,0,34483643,87380613,2,1
1,73,8,10,12,35,3,5,0,0,3,3,0,12,2,1,1,1,2,45,1,1,2,1,0,0,0,1,1,0,0,99,99,12,43,99,99,0,0,0,0,1,6,0,10529,0,333,2007,SR-119,1E+20,0,33284539,86371738,3,1
1,97,7,17,23,0,2,2,0,1,13,4,0,12,1,1,1,2,2,45,1,1,2,1,0,0,0,3,1,0,0,99,99,23,15,99,99,0,0,0,0,1,3,0,10530,0,0,2007,1346,0,0,30403241,88144319,2,1
1,73,8,10,1,11,1,2,1,0,14,4,0,8,0,1,1,1,5,45,2,2,2,1,0,0,0,3,1,0,0,99,99,1,16,99,99,0,0,0,0,1,6,1,10531,1717,0,2007,5131,1E+20,0,33272661,86574932,1,1
1,73,8,17,1,20,2,2,0,1,11,1,0,12,3,1,1,3,4,50,1,1,2,2,0,0,0,3,2,0,0,99,99,1,37,0,0,0,0,0,0,1,6,0,10532,350,1275,2007,I-20,1E+20,0,33322064,86473246,2,2
1,47,8,3,1,38,1,2,0,0,15,6,0,10,0,6,1,1,2,25,1,1,2,1,61,3,0,3,1,0,0,99,99,99,99,99,99,0,0,0,0,1,6,1,10533,2760,0,2007,5054,903,9999999,32245661,87020572,1,1
1,45,8,20,21,11,2,2,0,1,2,2,0,12,3,2,1,2,4,65,1,2,2,1,20,3,0,2,1,0,0,99,99,21,23,0,0,0,0,0,0,1,2,0,10534,845,0,2007,US-SR 12,329,0,31175919,85433989,2,1
1,73,9,3,21,40,1,1,0,0,15,4,0,53,0,1,4,1,2,35,2,1,2,1,0,0,0,2,1,0,0,99,99,6,20,0,0,0,18,0,0,1,2,0,10535,0,0,2007,1398,1E+20,0,33401857,86512990,1,1
1,73,9,8,6,40,1,2,0,1,19,4,0,42,0,1,4,1,2,40,2,1,2,1,0,0,0,2,1,0,0,99,99,6,18,0,0,0,0,0,0,2,7,0,10536,1440,0,2007,5231,0,0,33370357,86572223,1,1
1,101,9,6,5,21,2,3,1,1,12,3,0,8,0,1,1,2,2,55,1,1,2,1,0,0,0,1,1,0,0,99,99,6,21,0,0,0,0,0,0,1,5,0,10537,2130,0,2007,SR-6,0,0,32193616,86170308,1,1
1,101,3,31,3,4,2,21,0,1,11,1,0,12,2,1,1,2,3,60,1,1,2,1,0,0,0,3,1,0,0,99,99,3,9,99,99,0,0,0,0,1,7,1,10538,2130,0,2007,I-85,0,0,32213531,86152357,2,1
1,111,7,20,15,42,2,4,0,0,3,3,0,12,2,1,1,1,2,55,2,2,2,2,0,0,0,1,1,0,0,99,99,15,55,99,99,0,0,0,0,1,6,0,10539,0,164,2007,SR-48,1E+20,0,33183258,85280520,2,1
1,101,7,20,23,10,2,2,0,0,14,6,0,12,5,2,1,1,2,35,1,1,2,1,3,3,0,2,1,0,0,99,99,11,16,99,99,0,19,0,0,1,6,1,10540,2130,0,2007,1103,3759,0,32205883,86225923,2,1
1,39,7,20,18,45,2,3,0,0,6,4,0,12,11,1,1,1,2,35,2,1,5,1,0,0,0,1,1,0,0,99,99,19,29,99,99,0,14,0,0,1,6,0,10541,0,0,2007,1654,1E+20,0,30594642,86390156,2,1
1,97,7,21,5,25,2,4,0,1,11,1,0,12,1,1,1,2,2,70,1,1,2,1,0,0,1,2,1,0,0,99,99,5,40,99,99,0,0,0,0,1,7,0,10542,0,120,2007,I-10,0,0,30330239,88125155,2,1
1,39,7,20,13,0,1,1,0,0,6,4,0,53,0,1,4,2,2,35,1,2,9,1,0,0,0,1,1,0,0,99,99,13,18,0,0,0,0,0,0,1,6,0,10543,0,0,2007,1199,1E+20,0,31170039,86360612,1,1
1,3,7,21,3,15,1,2,0,0,2,2,0,34,0,1,4,1,2,55,1,1,2,2,0,0,0,2,1,0,0,99,99,3,40,99,99,0,0,0,0,1,7,0,10544,0,540,2007,US-SR42,0,0,30251660,87513463,1,1
1,5,7,20,19,0,1,1,0,0,3,2,0,42,0,1,4,2,2,55,1,1,2,1,0,0,0,1,1,0,0,0,0,0,0,0,0,0,0,0,0,1,6,0,10545,0,2191,2007,US-SR 6,1E+20,0,32022380,85245062,1,1
1,39,7,22,12,5,1,1,0,0,3,2,0,1,0,1,1,1,2,55,1,2,2,1,0,0,0,1,1,0,0,99,99,12,20,0,0,0,0,0,0,1,1,0,10546,0,591,2007,US-SR15,0,0,31272454,86255571,1,1
1,71,7,21,16,20,3,4,0,0,4,3,0,12,2,1,1,1,2,55,1,1,2,1,0,0,0,1,1,0,0,16,33,16,40,99,99,0,0,0,0,1,7,0,10547,0,1120,2007,SR-73,0,0,34525768,85362562,3,1
1,89,7,21,15,50,1,1,0,0,4,4,0,33,0,1,2,2,2,45,2,1,2,1,0,0,0,1,1,0,0,99,99,16,10,0,0,0,0,0,0,1,7,1,10548,0,0,2007,1088,1E+20,0,34524957,86430509,1,1
1,101,7,22,18,5,1,1,0,0,4,4,0,38,0,1,4,1,2,55,2,1,2,1,0,0,0,1,1,0,0,18,5,18,15,0,0,0,0,0,0,1,1,1,10549,0,0,2007,1254,0,0,32153134,86123877,1,1
1,121,7,23,6,45,2,3,0,1,1,1,0,12,5,1,1,2,4,55,1,2,2,1,0,0,0,1,1,0,1,99,99,7,8,99,99,0,0,0,0,1,2,0,10550,0,1788,2007,I-20,0,0,33345612,85562402,2,1
1,1,7,25,20,35,2,2,0,1,2,2,0,12,2,1,1,1,2,55,1,2,2,1,0,0,0,2,1,0,0,20,42,21,1,99,99,0,0,0,0,1,4,1,10551,0,1178,2007,US-SR6,0,0,32380309,86445375,2,1
1,49,7,23,18,48,2,3,0,1,2,3,0,12,2,1,1,2,2,65,1,2,2,1,0,0,0,1,1,0,0,99,99,19,15,99,99,0,20,0,0,2,2,0,10552,2564,291,2007,SR-35,1E+20,0,34283424,85482030,2,1
1,43,7,26,6,55,1,2,0,1,1,1,0,1,0,1,1,2,2,70,1,1,2,1,0,0,0,1,1,0,0,6,57,7,10,99,99,0,0,0,0,1,5,0,10553,0,2956,2007,I-65,0,0,34002533,86514667,1,1
1,15,7,23,11,6,2,4,0,0,14,6,0,12,2,1,1,2,2,35,1,2,2,2,0,0,0,1,1,0,0,99,99,11,10,99,99,0,0,0,0,1,2,0,10554,100,0,2007,5408,1E+20,0,33390372,85480525,2,1
1,117,7,26,22,27,1,3,0,0,5,4,0,1,0,1,1,1,2,45,2,2,2,1,0,0,0,2,1,0,0,22,29,22,31,99,99,0,0,0,0,1,5,0,10555,47,0,2007,1301,0,0,33141146,86502295,1,1
1,127,7,23,6,15,1,1,0,1,2,2,0,17,0,1,4,2,2,65,1,2,2,1,0,0,0,4,1,0,0,99,99,6,35,0,0,0,0,0,0,1,2,0,10556,0,1585,2007,US-SR 5,1E+20,0,33463645,87044714,1,1
1,85,7,25,21,0,2,5,0,0,4,4,0,12,2,1,1,1,2,55,2,1,2,1,0,0,0,2,1,0,0,99,99,99,99,99,99,0,0,0,0,1,4,1,10557,0,0,2007,1085,1E+20,0,32195907,86374383,2,1
1,101,7,27,20,15,1,3,0,0,4,4,0,53,0,1,2,1,2,55,1,1,2,1,0,0,0,2,1,0,0,99,99,21,34,99,99,0,0,0,0,1,6,1,10558,0,0,2007,1041,0,0,32111009,86142586,1,1
1,97,7,18,4,30,1,1,0,0,5,4,0,18,0,1,1,1,2,55,1,1,2,1,0,0,0,2,1,0,0,99,99,5,20,99,99,0,0,0,0,1,4,0,10559,0,0,2007,1145,1E+20,0,30301846,88240084,1,1
1,73,7,18,10,50,3,5,0,1,1,1,0,12,3,1,1,3,3,70,1,2,2,1,0,0,0,1,1,0,0,99,99,11,13,99,99,0,14,0,0,1,4,0,10560,0,2835,2007,I-65,1E+20,0,33500464,86492657,3,1
1,31,7,27,1,45,1,1,0,0,6,4,0,1,0,1,4,1,2,45,2,2,2,1,0,0,0,2,1,0,0,0,0,0,0,0,0,0,0,0,0,1,6,0,10561,0,0,2007,1297,0,0,31354516,85574184,1,1
1,101,7,18,10,53,3,5,0,1,11,1,0,13,5,1,1,2,6,45,1,1,1,1,0,0,0,1,1,0,1,99,99,10,56,0,0,0,0,0,0,2,4,1,10562,2130,1714,2007,I-65,1E+20,0,32221293,86192067,3,1
1,51,7,27,3,0,1,2,0,0,3,3,0,53,0,1,2,1,2,55,2,1,2,1,0,0,0,2,1,0,0,4,6,4,15,99,99,0,0,0,0,1,6,1,10563,0,1850,2007,SR-14,0,0,32345022,85595342,1,1
1,31,7,27,20,15,2,5,0,0,4,4,0,12,2,1,1,1,2,45,1,1,2,1,0,0,0,2,1,0,0,20,25,20,40,99,99,0,0,0,0,1,6,0,10564,0,0,2007,1070,0,0,31230037,85565804,2,1
1,3,7,18,16,10,1,1,0,0,4,3,0,34,0,1,4,1,2,55,1,2,2,1,0,0,0,1,1,0,0,99,99,17,10,0,0,0,0,0,0,1,4,0,10565,0,790,2007,SR-59,1E+20,0,31161977,87422517,1,1
1,81,7,19,18,57,1,1,0,0,6,4,0,34,0,1,4,1,2,45,2,1,2,1,0,0,0,2,1,0,0,99,99,19,59,0,0,0,0,0,0,1,5,1,10566,0,0,2007,1250,1E+20,0,32354106,85090504,1,1
1,97,7,27,23,10,2,2,0,0,6,4,0,12,5,1,1,1,2,45,1,1,2,1,0,0,0,2,1,0,0,23,20,23,36,99,99,0,0,0,0,1,6,0,10567,0,0,2007,2013,0,0,30223759,88062890,2,1
1,101,7,27,2,19,2,46,0,1,11,1,0,12,2,1,1,2,2,70,1,1,2,1,0,0,0,2,1,0,0,99,99,2,22,99,99,0,0,0,0,1,6,1,10568,2130,1660,2007,I-65,0,0,32172330,86202810,2,1
1,97,7,19,23,0,3,6,0,0,14,3,0,12,8,1,1,1,2,55,1,2,1,1,0,0,0,2,1,0,0,99,99,23,40,99,99,0,0,0,0,1,5,0,10569,0,217,2007,SR-193,1E+20,0,30320909,88072459,3,1
1,1,7,28,1,40,1,1,0,1,12,3,0,32,0,1,4,1,2,40,2,1,2,1,0,0,0,3,1,0,0,99,99,1,45,99,99,0,0,0,0,1,7,0,10570,2540,0,2007,SR-14,1E+20,0,32282827,86264651,1,1
1,3,7,28,2,10,1,4,0,0,15,6,0,32,0,1,2,1,2,30,2,2,2,1,0,0,0,2,1,0,0,99,99,2,20,99,99,0,0,0,0,1,7,1,10571,860,0,2007,1274,0,0,30381120,87521343,1,1
1,133,7,28,19,55,2,4,0,0,4,3,0,12,2,1,1,1,2,55,1,3,2,1,0,0,0,2,1,0,0,99,99,20,11,99,99,0,0,0,0,2,7,0,10572,0,306,2007,SR-195,1E+20,0,34134843,87274392,2,1
1,3,7,28,20,55,2,2,0,0,15,4,0,12,2,1,1,1,2,45,1,1,2,1,0,0,0,2,1,0,0,99,99,21,5,99,99,0,0,0,0,1,7,0,10573,0,0,2007,1124,1E+20,0,30221307,87382682,2,1