STATE,COUNTY,MONTH,DAY,HOUR,MINUTE,VE_TOTAL,PERSONS,PEDS,NHS,ROAD_FNC,ROUTE,SP_JUR,HARM_EV,MAN_COLL,REL_JUNC,REL_ROAD,TRAF_FLO,NO_LANES,SP_LIMIT,ALIGNMNT,PROFILE,PAVE_TYP,SUR_COND,TRA_CONT,T_CONT_F,HIT_RUN,LGT_COND,WEATHER1,WEATHER2,C_M_ZONE,NOT_HOUR,NOT_MIN,ARR_HOUR,ARR_MIN,HOSP_HR,HOSP_MN,SCH_BUS,CF1,CF2,CF3,FATALS,DAY_WEEK,DRUNK_DR,ST_CASE,CITY,MILEPT,YEAR,TWAY_ID,TWAY_ID2,RAIL,LATITUDE,LONGITUD,VE_FORMS,WEATHER
1,9,7,28,9,55,2,3,0,0,6,4,0,12,2,1,1,1,2,45,2,1,2,1,0,0,0,1,1,0,0,99,99,10,15,0,0,0,0,0,0,1,7,0,10574,0,0,2007,1165,1E+20,0,33551915,86384189,2,1
1,97,7,29,1,10,1,1,0,0,6,4,0,1,0,2,1,1,2,25,1,1,9,1,0,0,0,2,1,0,0,99,99,1,25,99,99,0,0,0,0,1,1,0,10575,0,0,2007,1774,9123,0,31011233,88061368,1,1
1,21,7,30,21,23,1,1,0,1,1,1,0,52,0,1,4,2,2,70,1,2,2,1,0,0,0,2,1,0,0,99,99,21,34,0,0,0,0,0,0,1,2,1,10576,0,1990,2007,I-65,1E+20,0,32431710,86315801,1,1
1,133,7,30,17,0,1,1,0,0,6,4,0,34,0,1,4,1,2,45,2,2,8,1,0,0,0,1,1,0,0,99,99,17,17,0,0,0,0,0,0,1,2,0,10577,0,0,2007,1039,1E+20,0,34055388,87314948,1,1
1,83,7,31,15,9,1,1,0,0,6,4,0,34,0,1,4,1,2,45,1,1,2,1,0,0,0,1,1,0,0,99,99,15,11,0,0,0,0,0,0,1,3,1,10578,0,0,2007,1018,1E+20,0,34462501,86483632,1,1
1,73,7,31,10,0,1,1,0,1,11,1,0,1,0,1,1,3,3,70,1,2,2,1,0,0,0,1,1,0,0,99,99,10,20,0,0,0,0,0,0,1,3,0,10579,0,305,2007,I-459,1E+20,0,33334399,86382188,1,1
1,117,5,27,5,49,1,4,0,0,15,4,0,42,0,1,4,1,2,35,2,2,2,1,0,0,0,4,1,0,0,99,99,6,34,99,99,0,0,0,0,1,1,1,10580,2120,0,2007,1093,1E+20,0,33084138,86512505,1,1
1,15,7,1,18,14,2,3,0,0,14,6,0,12,3,1,1,1,2,35,2,2,2,2,0,0,0,1,2,0,0,99,99,18,15,99,99,0,0,0,0,1,1,0,10581,100,0,2007,5408,1E+20,0,33390088,85480291,2,2
1,97,7,4,15,40,1,2,0,0,6,4,0,53,0,1,4,1,2,45,2,1,2,2,0,0,0,1,2,0,0,99,99,15,50,99,99,0,0,0,0,1,4,1,10582,690,0,2007,1638,1E+20,0,31042104,88171112,1,2
1,17,8,19,5,5,1,1,0,0,15,6,0,1,0,1,1,1,2,35,1,1,2,1,0,0,0,3,1,0,0,99,99,5,13,99,99,0,0,0,0,1,1,1,10583,3111,0,2007,5097,1E+20,0,32493162,85113475,1,1
1,97,8,21,23,14,1,2,1,1,11,1,0,8,0,1,1,3,3,65,1,1,2,1,0,0,2,3,1,0,0,99,99,23,33,0,0,0,0,0,0,1,3,0,10584,2550,80,2007,I-65,1E+20,0,30441277,88064713,1,1
1,117,8,26,7,0,1,1,0,0,4,4,0,42,0,1,4,1,2,40,1,1,2,2,0,0,0,1,1,0,0,99,99,7,20,0,0,0,0,0,0,1,1,0,10585,1630,0,2007,1114,1E+20,0,33152807,86561292,1,1
1,73,9,22,23,27,1,1,0,0,6,4,0,35,0,1,4,1,2,40,2,1,2,1,0,0,0,2,1,0,0,99,99,23,42,0,0,0,0,0,0,1,7,1,10586,0,0,2007,1698,1E+20,0,33341114,87055495,1,1
1,81,10,1,12,20,3,4,0,1,12,2,0,12,5,2,1,2,2,55,1,1,2,1,5,3,0,1,1,0,0,99,99,12,31,99,99,0,0,0,0,1,2,0,10587,2340,0,2007,US-SR 38,9835,0,32391782,85270322,3,1
1,43,7,28,11,40,2,3,0,0,3,4,0,12,2,2,1,1,2,35,1,1,2,1,0,0,0,1,1,0,0,11,42,11,45,99,99,0,0,0,0,1,7,0,10588,1121,0,2007,1013,Welcome Road,0,34151366,86412175,2,1
1,1,7,29,2,20,1,2,0,0,14,3,0,38,0,1,4,1,2,55,1,1,2,1,0,0,0,2,1,0,0,99,99,2,48,99,99,0,0,0,0,1,1,1,10589,0,1423,2007,SR-14,0,0,32261421,86363533,1,1
1,97,7,29,5,45,1,2,0,1,1,1,0,1,0,1,1,3,2,70,1,1,2,1,0,0,0,3,1,0,0,99,99,5,59,99,99,0,0,0,0,1,1,1,10590,0,86,2007,I-10,0,0,30312782,88155170,1,1
1,97,10,3,5,38,1,2,1,0,12,3,0,8,0,1,1,5,2,40,2,1,2,1,0,0,2,3,1,0,0,99,99,5,44,99,99,0,0,0,0,1,4,0,10591,2100,0,2007,SR-163,1E+20,0,30373396,88051823,1,1
1,125,10,13,22,25,2,3,0,0,15,2,0,12,5,2,1,1,2,45,1,1,2,1,3,3,0,3,1,0,0,99,99,22,28,99,99,0,0,0,0,1,7,1,10592,3050,0,2007,US-SR7,9564,0,33112255,87270601,2,1
1,97,10,3,3,58,1,3,0,1,11,1,0,1,0,1,4,3,3,65,1,1,2,1,0,0,0,3,1,0,0,99,99,4,6,99,99,0,20,0,0,1,4,0,10593,2100,221,2007,I-10,1E+20,0,30382939,88051033,1,1
1,89,10,15,0,48,1,1,0,0,15,6,0,33,0,1,2,1,2,35,2,1,2,1,0,0,0,2,1,0,0,99,99,0,59,99,99,0,0,0,0,1,2,0,10594,1730,0,2007,6178,0,0,34455341,86344991,1,1
1,73,10,5,16,18,2,2,0,0,15,4,0,12,4,1,1,1,2,35,2,2,2,1,0,0,0,1,1,0,0,99,99,16,8,99,99,0,0,0,0,1,6,0,10595,0,0,2007,3866,1E+20,0,33421395,86370555,2,1
1,15,10,18,13,55,2,2,0,1,2,2,0,12,2,2,1,2,2,50,1,1,2,1,0,0,0,1,1,0,0,99,99,14,1,99,99,0,0,0,0,1,5,0,10596,2460,0,2007,US-SR74,TAYLOR STREET,0,33560201,85361097,2,1
1,113,10,19,20,19,2,2,0,0,4,3,0,12,1,8,1,2,2,55,1,2,2,1,0,0,0,2,1,0,0,99,99,20,24,0,0,0,0,0,0,1,6,0,10597,0,310,2007,SR-165,0,0,32240874,85020384,2,1
1,71,10,20,16,28,1,1,0,0,3,3,0,24,0,13,2,6,1,55,2,2,2,1,0,0,0,1,1,0,0,99,99,16,38,99,99,0,0,0,0,1,7,1,10598,1690,0,2007,SR-279,1E+20,0,34384978,86021172,1,1
1,103,4,22,16,20,1,1,0,1,2,2,0,34,0,1,4,2,2,65,2,2,2,1,0,0,0,1,1,0,0,99,99,16,35,99,99,0,0,0,0,1,1,1,10599,0,3029,2007,US-SR53,0,0,34312577,86352069,1,1
1,73,10,22,21,40,2,2,0,0,15,6,0,12,5,1,1,1,2,40,2,2,2,2,0,0,0,3,2,0,0,99,99,21,57,99,99,0,0,0,0,1,2,0,10600,350,0,2007,5828,1E+20,0,33323421,86535872,2,2
1,73,6,6,21,40,2,2,0,0,14,6,0,12,5,2,1,2,2,40,1,1,2,1,3,3,0,3,1,0,0,99,99,21,45,99,99,0,0,0,0,1,4,1,10601,350,0,2007,5339,10651,0,33350078,86555715,2,1
1,41,7,27,18,32,1,6,0,0,6,4,0,35,0,1,4,1,2,35,2,2,5,1,0,0,4,1,1,0,0,99,99,18,52,99,99,0,0,0,0,2,6,1,10602,0,0,2007,1154,0,0,31442777,86190522,1,1
1,73,10,30,13,55,4,5,0,0,6,4,0,12,4,1,1,1,2,30,2,1,2,1,0,0,0,1,1,0,0,99,99,14,8,99,99,0,0,0,0,1,3,0,10603,0,0,2007,1282,1E+20,0,33420116,86375925,4,1
1,73,6,20,20,58,1,2,0,0,15,6,0,35,0,1,2,1,2,35,2,2,2,1,0,0,0,2,1,0,0,99,99,21,1,99,99,0,20,0,0,1,4,0,10604,1270,0,2007,1332,0,0,33364252,86502287,1,1
1,125,6,16,12,40,2,4,0,0,4,3,0,12,1,8,1,1,2,55,1,1,2,1,0,0,0,1,1,0,0,12,45,12,54,99,99,0,0,0,0,1,7,0,10605,0,63,2007,SR-216,0,0,33150440,87235542,2,1
1,55,10,31,7,34,2,3,0,1,12,2,0,12,5,2,1,2,2,55,1,1,2,1,0,0,0,1,1,0,0,99,99,7,40,99,99,0,0,0,0,2,4,0,10606,1670,0,2007,US-SR 74,391,0,33592503,85544664,2,1
1,13,8,2,19,50,1,1,0,0,15,4,0,34,0,1,4,1,2,45,1,3,2,1,0,0,0,5,1,0,0,99,99,20,3,99,99,0,0,0,0,1,5,1,10607,0,0,2007,1164,0,0,31461130,86410450,1,1
1,103,8,2,1,45,2,3,0,1,1,1,0,14,1,13,2,6,1,35,1,2,2,1,0,0,0,2,1,0,0,1,47,1,50,99,99,0,0,0,0,1,5,1,10608,2545,3333,2007,I-65,0,0,34320832,86542369,1,1
1,71,10,31,12,50,2,2,0,0,3,3,0,12,2,1,1,1,2,55,1,2,2,1,0,0,0,1,1,0,0,99,99,13,0,99,99,0,0,0,0,1,4,0,10609,2805,0,2007,SR-79,1E+20,0,34503707,86062132,2,1
1,43,8,3,9,15,2,2,0,0,4,4,0,12,1,1,1,1,2,45,2,1,2,1,0,0,0,1,1,0,0,99,99,9,29,99,99,0,0,0,0,1,6,1,10610,0,0,2007,1060,1E+20,0,33571357,86571096,2,1
1,127,8,2,17,15,2,4,0,0,3,3,0,12,2,1,1,1,2,55,1,2,2,1,0,0,0,1,1,0,0,17,34,17,40,99,99,0,0,0,0,1,5,0,10611,0,1849,2007,SR-5,0,0,33574599,87261698,2,1
1,95,8,3,23,20,1,1,0,0,4,4,0,34,0,1,4,1,2,45,2,2,2,1,0,0,0,2,1,0,0,99,99,23,29,0,0,0,0,0,0,1,6,0,10612,0,0,2007,1073,1E+20,0,34135387,86194484,1,1
1,73,8,8,23,15,1,2,1,1,12,3,0,8,0,1,1,2,2,40,1,2,2,1,0,0,0,2,1,0,0,99,99,23,20,99,99,0,0,0,0,1,4,1,10613,615,0,2007,SR-75,0,0,33384375,86410194,1,1
1,45,8,4,4,30,1,1,0,0,3,3,0,34,0,1,4,1,2,55,2,1,2,1,0,0,0,3,1,0,0,0,0,0,0,0,0,0,0,0,0,1,7,1,10614,0,134,2007,SR-85,1E+20,0,31124865,85451956,1,1
1,9,8,9,11,30,2,2,0,1,2,2,0,12,2,1,1,1,2,55,1,2,2,1,0,0,0,1,1,0,0,99,99,11,50,99,99,0,0,0,0,1,5,0,10615,2811,0,2007,US-SR74,0,0,34060194,86215602,2,1
1,13,8,4,1,40,1,2,0,0,14,3,0,52,0,1,4,1,2,50,1,1,2,1,7,3,4,3,1,0,1,99,99,1,46,0,0,0,0,0,0,1,7,1,10616,1460,0,2007,SR-245,1E+20,0,31504378,86371554,1,1
1,97,8,9,16,30,1,1,0,0,6,4,0,42,0,1,4,1,2,55,2,1,2,1,0,0,0,1,1,0,0,99,99,99,99,99,99,0,0,0,0,1,5,0,10617,0,0,2007,1344,0,0,30344614,88203673,1,1
1,91,8,10,18,45,2,5,0,1,2,2,0,12,5,2,1,1,2,55,1,1,2,1,0,0,0,1,1,0,0,99,99,19,0,99,99,0,0,0,0,1,6,1,10618,0,1270,2007,US-SR13,192,0,32240883,87470766,2,1
1,49,8,10,19,10,1,3,0,0,15,6,0,35,0,1,4,1,2,45,1,2,2,1,0,0,0,5,1,0,0,19,11,19,13,99,99,0,0,0,0,1,6,1,10619,1230,0,2007,1486,0,0,34270440,85403936,1,1
1,73,8,10,8,30,1,2,0,1,11,1,0,34,0,1,3,2,2,70,1,1,2,1,0,0,0,1,1,0,0,99,99,8,35,99,99,0,0,0,0,1,6,0,10620,330,1070,2007,I-20,0,0,33211381,87005157,1,1
1,97,8,5,13,20,2,3,0,0,4,4,0,12,2,1,1,1,2,45,1,1,2,1,0,0,0,1,1,0,0,99,99,13,35,99,99,0,0,0,0,1,1,0,10621,0,0,2007,1920,1E+20,0,30414103,88173537,2,1
1,15,8,11,6,0,1,1,0,0,4,4,0,42,0,1,4,1,2,35,1,1,2,1,0,0,0,1,1,0,0,99,99,6,40,0,0,0,0,0,0,1,7,0,10622,0,0,2007,1262,0,0,33480726,85395343,1,1
1,59,8,8,1,55,1,1,0,0,6,4,0,38,0,1,4,1,2,40,2,3,2,1,0,0,0,2,1,0,0,99,99,3,9,0,0,0,0,0,0,1,4,0,10623,0,0,2007,1172,1E+20,0,34312659,87394807,1,1
1,109,8,11,23,30,1,4,0,0,4,4,0,43,0,1,2,1,2,45,1,1,2,1,0,0,0,2,1,0,0,99,99,23,55,99,99,0,0,0,0,1,7,1,10624,0,0,2007,1056,0,0,31371036,85455212,1,1
1,63,8,8,4,58,2,3,0,1,1,1,0,24,0,1,4,2,2,70,1,1,2,1,0,0,0,2,1,0,0,99,99,5,47,99,99,0,0,0,0,1,4,0,10625,0,436,2007,I-20,1E+20,0,32540777,87532727,2,1
1,117,8,12,4,30,1,1,0,0,3,4,0,35,0,1,4,1,2,45,2,1,2,1,0,0,0,2,1,0,0,4,35,4,37,99,99,0,20,0,0,1,1,0,10626,0,0,2007,1092,0,0,33085005,86464898,1,1
1,71,8,12,2,29,1,1,0,0,16,6,0,43,0,1,4,2,4,50,1,1,2,1,0,0,0,3,1,0,0,2,29,2,33,99,99,0,20,0,0,1,1,0,10627,2720,0,2007,1088,0,0,34363395,86040936,1,1
1,127,8,13,22,0,2,4,0,0,4,3,0,12,2,1,1,1,2,55,1,2,2,1,0,0,0,2,1,0,0,99,99,22,25,99,99,0,0,0,0,1,2,1,10628,0,1782,2007,SR-5,0,0,33542275,87213396,2,1
1,109,8,8,9,20,1,1,0,0,4,4,0,42,0,1,4,1,2,45,2,2,2,1,0,0,0,1,1,0,0,99,99,9,54,0,0,0,0,0,0,1,4,0,10629,0,0,2007,1056,1E+20,0,31402096,85454644,1,1
1,89,8,23,7,5,2,2,0,0,14,6,0,12,5,2,1,2,2,45,1,1,2,1,0,0,0,1,1,0,0,7,6,7,11,99,99,0,0,0,0,1,5,0,10630,1730,0,2007,5420,3728,0,34402946,86340385,2,1
1,15,8,24,4,5,1,2,0,1,2,2,0,1,0,1,4,1,2,50,1,2,2,1,0,0,0,2,1,0,0,99,99,4,30,99,99,0,0,0,0,1,6,1,10631,0,1597,2007,US-SR74,0,0,33572029,85340609,1,1
1,17,8,15,0,30,1,1,0,0,5,4,0,34,0,1,4,1,2,40,2,2,2,1,0,0,0,2,1,0,0,99,99,2,15,0,0,0,0,0,0,1,4,0,10632,0,0,2007,1062,1E+20,0,33051203,85341121,1,1
1,97,8,24,21,35,2,4,0,0,3,3,0,12,7,1,1,1,2,55,1,1,2,1,0,0,0,2,1,0,0,21,44,21,59,99,99,0,0,0,0,1,6,0,10633,0,114,2007,SR-193,0,0,30244797,88062535,2,1
1,127,8,15,12,0,2,4,0,0,4,4,0,12,5,2,1,1,2,45,1,2,2,1,20,3,0,1,1,0,0,99,99,12,5,99,99,0,0,0,0,1,4,0,10634,0,0,2007,1281,8271,0,33561148,87172014,2,1
1,101,8,17,6,50,2,3,0,0,14,6,0,12,5,1,1,2,2,30,1,2,2,1,0,0,0,1,1,0,0,99,99,6,57,99,99,0,0,0,0,1,6,0,10635,2130,0,2007,5955,1E+20,0,32215460,86180011,2,1
1,39,8,24,15,30,2,3,0,1,2,2,0,12,1,1,1,1,2,55,1,1,2,2,0,0,0,1,2,0,0,16,0,16,10,99,99,0,0,0,0,1,6,0,10636,0,105,2007,US-SR9,0,0,31072614,86174416,2,2
1,3,8,25,18,10,1,2,0,0,4,3,0,27,0,1,2,1,2,55,2,2,2,1,0,0,0,1,1,0,0,18,15,18,25,0,0,0,0,0,0,2,7,0,10637,0,809,2007,SR-59,0,0,31173023,87425184,1,1
1,79,8,17,22,30,1,1,0,0,4,4,0,34,0,1,4,1,2,45,1,2,2,1,0,0,0,2,1,0,0,99,99,22,40,0,0,0,0,0,0,1,6,0,10638,0,0,2007,1460,1E+20,0,34343325,87065196,1,1
1,39,8,25,4,35,1,2,0,1,6,2,0,1,0,1,1,1,2,45,2,2,2,1,0,0,0,2,1,0,1,99,99,16,59,99,99,0,0,0,0,1,7,0,10639,0,1405,2007,US-SR12,0,0,31171014,86222195,1,1
1,43,8,25,16,34,1,2,0,0,4,3,0,1,0,1,4,1,2,55,2,1,2,1,0,0,0,1,1,0,0,99,99,16,56,99,99,0,0,0,0,1,7,0,10640,0,51,2007,SR-91,0,0,33540755,87000038,1,1
1,3,8,18,7,50,1,2,0,1,1,1,0,1,0,1,4,2,2,70,1,1,2,1,0,0,0,1,1,0,0,99,99,8,12,99,99,0,0,0,0,1,7,0,10641,0,402,2007,I-65,1E+20,0,30583364,87432136,1,1
1,49,8,25,17,15,1,1,0,0,4,4,0,32,0,2,4,1,2,45,2,1,2,1,0,0,0,1,1,0,0,17,18,17,30,99,99,0,0,0,0,1,7,1,10642,0,0,2007,1137,8128,0,34212165,86043670,1,1
1,65,8,18,11,30,1,1,0,0,4,4,0,30,0,1,4,1,2,45,2,2,2,1,0,0,0,1,1,0,0,99,99,23,50,99,99,0,0,0,0,1,7,1,10643,0,0,2007,1241,1E+20,0,32575610,87373044,1,1
1,89,8,25,3,53,1,1,0,0,16,4,0,38,0,2,4,1,2,35,1,2,2,2,20,3,0,3,1,0,0,99,99,3,58,0,0,0,0,0,0,1,7,0,10644,0,0,2007,1064,7571,0,34510827,86430356,1,1
1,15,8,19,7,1,2,2,0,1,12,2,0,12,1,2,1,2,4,65,1,1,2,1,0,0,0,1,1,0,0,99,99,7,18,99,99,0,0,0,0,1,1,1,10645,0,2390,2007,US-SR 1,8054,0,33442549,85525901,2,1
1,89,8,25,21,0,1,2,0,0,14,4,0,30,0,1,4,1,2,45,1,1,2,2,0,0,0,2,2,0,0,99,99,21,1,99,99,0,0,0,0,1,7,0,10646,0,0,2007,1011,0,0,34484839,86462345,1,2
1,85,8,19,22,45,1,1,0,0,4,4,0,1,0,1,1,1,2,45,1,1,2,1,0,0,0,2,1,0,0,99,99,23,47,0,0,0,0,0,0,1,1,0,10647,0,0,2007,1131,1E+20,0,32062175,86354180,1,1
1,109,8,25,5,45,1,1,0,0,4,3,0,38,0,1,4,1,2,55,2,2,2,1,0,0,0,4,1,0,0,99,99,6,15,0,0,0,0,0,0,1,7,0,10648,0,51,2007,SR-130,0,0,31470096,85405128,1,1
1,85,8,26,11,0,1,8,0,1,1,1,0,1,0,1,2,2,2,70,1,2,2,1,0,0,0,1,1,0,0,11,1,11,16,99,99,0,0,0,0,1,1,0,10649,0,1445,2007,I-65,0,0,32054195,86281897,1,1
1,43,8,26,12,10,1,1,0,0,4,4,0,1,0,1,4,1,2,45,2,1,2,1,0,0,0,1,1,0,0,12,17,12,20,99,99,0,0,0,0,1,1,0,10650,0,0,2007,1225,0,0,34112846,86585864,1,1
1,87,8,19,21,58,2,4,0,1,9,1,0,12,1,1,1,2,2,70,1,1,2,1,0,0,0,2,1,0,0,99,99,22,10,99,99,0,0,0,0,1,1,0,10651,0,236,2007,I-85,1E+20,0,32250639,85562617,2,1
1,93,8,26,20,50,1,2,1,0,4,3,0,8,0,1,1,1,2,55,1,2,2,1,0,0,0,2,1,0,0,99,99,21,11,0,0,0,0,0,0,1,1,1,10652,0,180,2007,SR-19,0,0,34151543,88033849,1,1
1,61,8,20,19,10,1,1,0,0,6,4,0,38,0,1,4,1,2,35,1,2,5,1,0,0,0,1,1,0,0,99,99,9,31,0,0,0,20,0,0,1,2,0,10653,0,0,2007,1187,1E+20,0,30595920,85503912,1,1
1,71,8,20,22,46,1,1,0,0,6,4,0,1,0,1,1,1,2,45,2,2,2,1,0,0,0,2,1,0,0,99,99,22,58,0,0,0,0,0,0,1,2,0,10654,0,0,2007,1283,1E+20,0,34402767,85460527,1,1
1,103,8,20,9,50,1,1,0,1,2,3,0,1,0,1,1,2,2,65,1,1,2,1,0,0,0,1,1,0,1,99,99,10,0,0,0,0,0,0,0,1,2,0,10655,0,624,2007,SR-20,1E+20,0,34373599,87051850,1,1
1,97,8,21,18,30,1,1,0,0,6,4,0,27,0,1,4,1,2,25,1,1,2,1,20,3,0,1,1,0,0,99,99,18,59,0,0,0,0,0,0,1,3,0,10656,0,0,2007,2677,1E+20,0,30510411,88233667,1,1
1,53,8,28,22,30,1,4,1,0,2,2,0,8,0,1,1,1,2,55,1,2,2,1,0,0,0,2,1,0,0,22,32,22,39,99,99,0,0,0,0,1,3,0,10657,0,745,2007,US-SR3,0,0,31094917,87033825,1,1
1,89,8,21,12,42,3,3,0,0,15,6,0,12,4,1,1,1,3,45,1,1,2,1,0,0,0,1,1,0,0,99,99,12,48,99,99,0,0,0,0,1,3,0,10658,1730,0,2007,1032,1E+20,0,34464738,86380134,3,1
1,97,8,28,21,55,2,2,0,1,12,4,0,12,5,4,1,1,2,45,1,1,2,1,0,0,1,2,1,0,0,22,0,22,10,99,99,0,0,0,0,1,3,1,10659,0,0,2007,1346,0,0,30401953,88154574,2,1
1,21,8,22,10,35,1,2,0,1,11,1,0,24,0,1,3,2,2,70,1,1,2,1,0,0,0,1,1,0,0,99,99,10,35,0,0,0,0,0,0,2,4,0,10660,0,2078,2007,I-65,1E+20,0,32501531,86353564,1,1
1,89,8,29,2,15,1,1,0,1,2,2,0,24,0,1,2,3,4,50,2,2,2,1,0,0,0,2,1,0,0,99,99,2,45,0,0,0,0,0,0,1,4,0,10661,0,3450,2007,US-SR1,0,0,34524994,86340439,1,1
1,125,8,29,1,50,2,3,1,1,1,1,0,14,1,1,2,2,2,70,1,1,2,1,0,0,0,2,1,0,0,1,53,2,14,0,0,0,0,0,0,1,4,0,10662,0,653,2007,I-20,0,0,33092508,87350020,1,1
1,3,8,22,13,0,1,1,0,0,2,2,0,34,0,1,4,1,2,55,1,1,2,1,0,0,0,1,1,0,0,99,99,13,20,99,99,0,0,0,0,1,4,0,10663,0,591,2007,US-SR 42,1E+20,0,30242362,87465236,1,1
1,49,8,30,16,35,2,2,0,0,3,3,0,12,8,1,1,1,2,55,2,1,2,2,0,0,0,1,2,0,0,99,99,16,50,0,0,0,0,0,0,1,5,0,10664,0,151,2007,SR-117,0,0,34375990,85382406,2,2
1,95,8,23,2,0,1,1,0,0,3,3,0,34,0,1,4,2,2,65,2,2,2,1,0,0,0,2,1,0,0,99,99,7,19,0,0,0,0,0,0,1,5,0,10665,0,2734,2007,SR-69,1E+20,0,34212359,86260267,1,1
1,85,8,31,7,45,2,5,0,0,4,4,0,12,2,1,1,1,2,45,1,2,2,1,0,0,0,1,1,0,0,99,99,8,35,99,99,0,0,0,0,2,6,0,10666,0,0,2007,1068,1E+20,0,32104142,86435661,2,1
1,125,8,31,15,20,1,2,0,1,1,1,0,27,0,1,2,2,2,70,1,2,2,2,0,0,0,1,2,0,0,99,99,16,12,99,99,0,0,0,0,1,6,0,10667,0,803,2007,I-20,0,0,33103542,87232864,1,2
1,95,9,8,14,55,1,2,0,0,4,3,0,1,0,1,1,2,2,65,1,2,2,1,20,3,0,1,1,0,0,15,3,15,13,99,99,0,99,99,99,1,7,0,10668,0,18,2007,SR-62,0,0,34260519,86124000,1,1
1,13,9,1,2,30,2,2,0,0,14,2,0,12,1,8,1,1,2,55,1,1,2,1,0,0,0,2,1,0,0,2,30,2,37,0,0,0,0,0,0,1,7,0,10669,1460,0,2007,US-SR3,0,0,31500338,86353833,2,1
1,99,1,5,7,31,1,1,0,0,3,3,0,42,0,1,4,1,2,55,2,2,2,2,0,0,0,1,2,0,0,99,99,7,50,99,99,0,0,0,0,1,6,0,10670,0,551,2007,SR-41,1E+20,0,31383430,87142335,1,2
1,3,9,2,18,55,2,3,0,0,15,4,0,1,0,8,2,1,2,45,1,1,2,1,0,0,0,5,1,0,0,0,0,0,0,0,0,0,0,0,0,1,1,1,10671,0,0,2007,1124,0,0,30221309,87374058,2,1
1,71,9,2,15,50,1,2,1,0,6,4,0,9,0,2,1,1,2,45,1,3,2,1,20,3,0,1,1,0,0,99,99,15,54,99,99,0,0,0,0,1,1,0,10672,0,0,2007,1262,7411,0,34381872,85481508,1,1
1,3,9,3,8,30,1,4,2,0,6,4,0,9,0,1,1,1,2,45,2,2,2,1,0,0,0,1,1,0,0,8,43,8,52,99,99,0,0,0,0,2,2,1,10673,0,0,2007,1654,0,0,30434235,87485294,1,1
1,49,6,5,9,42,2,3,0,0,3,3,0,12,5,2,1,1,2,50,1,1,2,1,20,1,0,1,1,0,0,99,99,9,47,99,99,0,0,0,0,1,3,0,10674,0,1000,2007,SR-75,9018,0,34401705,85412198,2,1
1,79,8,29,17,0,2,3,0,1,2,3,0,12,5,1,1,2,4,65,1,1,2,1,0,0,0,1,1,0,0,99,99,17,14,99,99,0,0,0,0,1,4,0,10675,0,478,2007,SR-20,1E+20,0,34385639,87100529,2,1
1,83,9,4,17,40,2,4,0,0,4,4,0,12,5,2,1,1,2,50,1,2,2,1,20,3,0,1,1,0,0,17,46,17,50,99,99,0,0,0,0,1,3,0,10676,0,0,2007,1017,7986,0,34463815,87072982,2,1
1,119,9,1,20,14,2,2,1,0,4,3,0,8,0,1,2,1,2,55,1,2,2,1,0,0,0,2,1,0,0,99,99,21,13,99,99,0,0,0,0,1,7,1,10677,0,12,2007,SR-28,1E+20,0,32383121,88165950,1,1
1,69,9,6,20,10,2,5,0,0,5,3,0,12,2,1,1,1,2,55,2,2,2,1,0,0,0,2,1,0,0,20,20,20,25,99,99,0,0,0,0,1,5,0,10678,0,10,2007,SR-109,0,0,99999999,999999999,2,1
1,115,9,6,14,30,2,2,0,0,15,6,0,12,2,1,1,1,2,35,1,2,2,1,0,0,0,1,1,0,0,99,99,14,45,0,0,0,0,0,0,1,5,0,10679,2410,0,2007,5152,0,0,33360496,86152906,2,1
1,129,9,6,14,15,2,2,0,0,3,3,0,12,2,1,1,1,2,55,2,1,2,1,0,0,0,1,1,0,0,14,28,14,39,0,0,0,0,0,0,1,5,0,10680,0,247,2007,SR-56,0,0,31273123,88063631,2,1
1,87,9,7,9,45,1,3,0,0,4,4,0,1,0,1,4,1,2,45,2,2,2,1,0,0,0,1,1,0,0,99,99,10,21,99,99,0,0,0,0,1,6,0,10681,0,0,2007,1104,0,0,32200406,85533478,1,1
1,77,9,8,17,10,2,3,0,0,6,4,0,12,5,8,1,1,2,30,1,1,2,1,0,0,0,1,1,0,0,17,10,17,15,99,99,0,0,0,0,1,7,0,10682,0,0,2007,1266,0,0,34501927,87274565,2,1
1,95,9,10,18,10,1,3,0,0,4,4,0,34,0,1,4,1,2,40,2,2,2,1,0,0,0,1,1,0,0,99,99,18,31,99,99,0,0,0,0,1,2,1,10683,0,0,2007,1073,1E+20,0,34140458,86213680,1,1
1,129,9,11,14,15,2,2,0,0,3,3,0,12,2,1,1,1,2,55,1,1,1,1,0,0,0,1,1,0,0,99,99,14,30,99,99,0,0,0,0,1,3,0,10684,0,27,2007,SR-56,1E+20,0,31274483,88242918,2,1
1,115,9,12,2,30,1,1,0,0,6,4,0,40,0,1,4,1,2,35,2,1,2,2,0,0,0,2,1,0,0,99,99,6,30,0,0,0,0,0,0,1,4,0,10685,0,0,2007,1213,1E+20,0,33480799,86294767,1,1
1,87,9,13,6,30,1,1,0,0,6,4,0,34,0,2,4,1,2,35,1,1,5,1,20,3,0,1,1,0,0,99,99,7,1,0,0,0,0,0,0,1,5,0,10686,0,0,2007,1370,7865,0,32313836,85433529,1,1
1,113,9,13,19,57,2,3,0,1,12,2,0,13,2,1,1,2,4,45,1,2,2,2,0,0,0,2,1,0,1,99,99,20,11,99,99,0,0,0,0,1,5,0,10687,2440,0,2007,US-SR 8,1058,0,32300051,85005341,2,1