STATE,COUNTY,MONTH,DAY,HOUR,MINUTE,VE_TOTAL,PERSONS,PEDS,NHS,ROAD_FNC,ROUTE,SP_JUR,HARM_EV,MAN_COLL,REL_JUNC,REL_ROAD,TRAF_FLO,NO_LANES,SP_LIMIT,ALIGNMNT,PROFILE,PAVE_TYP,SUR_COND,TRA_CONT,T_CONT_F,HIT_RUN,LGT_COND,WEATHER1,WEATHER2,C_M_ZONE,NOT_HOUR,NOT_MIN,ARR_HOUR,ARR_MIN,HOSP_HR,HOSP_MN,SCH_BUS,CF1,CF2,CF3,FATALS,DAY_WEEK,DRUNK_DR,ST_CASE,CITY,MILEPT,YEAR,TWAY_ID,TWAY_ID2,RAIL,LATITUDE,LONGITUD,VE_FORMS,WEATHER
1,79,9,14,9,35,2,2,0,0,4,3,0,12,3,1,1,1,2,45,1,2,2,2,0,0,0,1,1,0,0,99,99,10,0,99,99,0,0,0,0,1,6,0,10688,0,70,2007,SR-101,1E+20,0,34334253,87245381,2,1
1,53,9,15,2,30,1,1,0,0,6,4,0,30,0,1,4,1,2,45,1,1,2,1,0,0,0,2,1,0,0,99,99,5,5,0,0,0,0,0,0,1,7,0,10689,0,0,2007,1244,1E+20,0,31091520,87274954,1,1
1,91,9,15,1,0,1,1,0,1,2,2,0,37,0,1,4,1,2,55,2,2,2,1,0,0,0,2,1,0,0,99,99,1,29,0,0,0,0,0,0,1,7,1,10690,0,1308,2007,US-SR 13,1E+20,0,32271009,87471887,1,1
1,97,9,15,13,50,2,3,0,1,11,1,0,12,4,1,1,2,4,70,1,1,2,1,0,0,0,1,1,0,0,99,99,14,5,99,99,0,0,0,0,1,7,0,10691,0,152,2007,I-10,1E+20,0,30350124,88095575,2,1
1,123,9,15,17,0,1,2,0,1,2,2,0,34,0,1,3,2,2,65,2,2,2,1,0,0,0,1,1,0,0,99,99,17,10,99,99,0,0,0,0,1,7,0,10692,840,0,2007,US-SR 38,1E+20,0,32514474,85474569,1,1
1,81,9,16,22,59,3,5,0,0,5,4,0,11,0,1,1,1,2,45,2,2,2,1,0,0,0,2,1,0,0,99,99,23,20,99,99,0,14,0,0,2,1,0,10693,0,0,2007,1390,1E+20,0,32402583,85170548,3,1
1,117,9,17,12,35,2,2,0,0,3,3,0,12,4,1,1,1,2,45,1,2,2,1,0,0,0,1,1,0,0,99,99,12,45,0,0,0,0,0,0,1,2,0,10694,0,240,2007,SR-145,0,0,33092538,86314739,2,1
1,117,9,16,1,50,1,1,0,0,14,4,0,27,0,1,4,1,2,45,1,1,2,1,0,0,0,2,1,0,0,99,99,2,10,99,99,0,0,0,0,1,1,0,10695,0,0,2007,1303,1E+20,0,33192360,86423708,1,1
1,89,9,16,1,45,1,1,0,0,14,6,0,30,0,1,4,1,5,40,1,1,2,1,0,0,0,3,1,0,0,99,99,1,46,0,0,0,0,0,0,1,1,0,10696,1730,0,2007,1028,1E+20,0,34472353,86365905,1,1
1,47,9,18,15,50,1,5,0,0,4,4,0,30,0,1,4,1,2,45,2,2,2,1,0,0,0,1,1,0,0,15,53,16,1,99,99,0,0,0,0,1,3,0,10697,0,0,2007,1298,0,0,32324146,86573375,1,1
1,81,9,18,21,30,1,3,0,0,14,2,0,33,0,1,2,1,4,55,1,3,2,1,0,0,0,2,1,0,0,21,38,21,45,99,99,0,0,0,0,1,3,0,10698,0,1783,2007,US-SR15,0,0,32322652,85305864,1,1
1,1,9,6,17,20,1,3,0,1,1,1,0,1,0,1,4,2,2,70,1,1,2,1,0,0,0,1,1,0,0,99,99,17,58,99,99,0,0,0,0,1,5,0,10699,0,0,2007,I-65,1E+20,0,32314059,86263443,1,1
1,89,9,19,15,10,2,2,0,0,4,4,0,12,4,3,1,1,2,45,1,2,2,1,21,3,0,1,1,0,0,15,12,15,20,0,0,0,0,0,0,1,4,0,10700,0,0,2007,1138,7292,0,34523743,86383414,2,1
1,121,9,21,9,39,3,4,0,0,15,6,0,12,1,1,1,1,4,35,1,1,2,1,0,0,0,1,1,0,0,99,99,9,50,99,99,0,0,0,0,1,6,0,10701,2900,0,2007,1034,1E+20,0,33100039,86160862,3,1
1,73,9,22,22,45,1,2,1,1,11,1,0,8,0,13,1,6,1,70,2,2,2,1,0,0,0,2,1,0,0,99,99,22,45,0,0,0,0,0,0,1,7,0,10702,0,1367,2007,I-20,1E+20,0,33324815,86380483,1,1
1,119,9,19,1,50,1,2,0,0,3,3,0,52,0,1,4,1,2,55,1,1,2,1,0,0,0,2,1,0,0,0,0,0,0,0,0,0,0,0,0,2,4,0,10703,0,1646,2007,SR-17,0,0,32501163,88183226,1,1
1,83,9,22,1,45,1,1,0,0,6,4,0,32,0,1,4,1,2,25,2,1,2,1,0,0,0,2,1,0,0,99,99,2,0,99,99,0,0,0,0,1,7,1,10704,0,0,2007,1727,1E+20,0,34444006,86472653,1,1
1,103,9,22,16,45,1,2,0,0,6,4,0,34,0,1,4,1,2,45,2,1,2,1,0,0,0,1,1,0,0,99,99,17,10,99,99,0,0,0,0,1,7,0,10705,0,0,2007,1381,1E+20,0,34305533,86464365,1,1
1,49,9,20,22,10,1,1,0,0,3,3,0,34,0,1,4,1,2,55,1,1,2,1,0,0,0,2,1,0,0,22,22,22,28,0,0,0,0,0,0,1,5,1,10706,0,191,2007,SR-40,0,0,34361503,85413830,1,1
1,55,9,23,19,48,2,6,0,1,2,2,0,12,2,1,1,1,2,55,2,1,2,1,0,0,0,2,1,0,0,99,99,19,53,99,99,0,0,0,0,3,1,0,10707,3170,0,2007,US-SR 74,1E+20,0,34041915,86185468,2,1
1,101,9,21,2,1,1,1,0,0,14,6,0,33,0,1,3,2,2,35,1,1,2,1,0,0,0,3,1,0,0,2,1,2,4,0,0,0,0,0,0,1,6,0,10708,2130,0,2007,1287,0,0,32252660,86170246,1,1
1,115,9,20,5,30,2,2,0,0,3,2,0,12,5,3,1,1,2,45,1,1,2,1,0,0,0,4,1,0,0,5,50,6,2,99,99,0,0,0,0,1,5,0,10709,0,1919,2007,US-SR25,8500,0,33462571,86173034,2,1
1,43,9,21,20,36,1,1,0,0,5,4,0,34,0,1,4,1,2,45,1,1,2,1,0,0,0,2,1,0,0,20,37,20,47,0,0,0,0,0,0,1,6,1,10710,0,0,2007,1354,0,0,34101720,86570029,1,1
1,97,9,21,17,5,2,4,0,9,99,4,0,12,5,13,1,1,2,45,1,2,2,1,3,3,0,1,1,0,0,17,10,17,15,0,0,0,0,0,0,1,6,0,10711,0,0,2007,1344,0,0,30294308,88200941,2,1
1,65,9,23,20,0,2,3,0,0,4,3,0,12,2,1,1,1,2,55,2,1,2,1,0,0,0,2,1,0,0,99,99,20,20,99,99,0,0,0,0,1,1,1,10712,0,411,2007,SR-25,1E+20,0,32323741,87355961,2,1
1,129,9,23,17,25,1,3,0,0,6,4,0,34,0,1,4,1,2,35,2,1,5,2,0,0,0,1,1,0,0,99,99,17,50,0,0,0,0,0,0,1,1,1,10713,0,0,2007,1226,1E+20,0,31380771,88223036,1,1
1,21,9,24,14,55,2,4,0,1,1,1,0,12,5,1,1,2,4,70,1,1,2,1,0,0,0,1,1,0,0,15,5,15,10,99,99,0,0,0,0,1,2,0,10714,0,2129,2007,I-65,0,0,32542530,86381223,2,1
1,43,9,24,9,29,2,2,0,0,5,4,0,12,2,1,1,1,2,45,2,1,2,1,0,0,0,1,1,0,0,99,99,9,47,99,99,0,0,0,0,1,2,0,10715,0,0,2007,1049,0,0,34013274,86561657,2,1
1,47,9,24,22,10,1,2,1,1,2,2,0,8,0,1,1,2,2,65,1,1,2,1,0,0,0,2,1,0,0,22,20,22,35,99,99,0,0,0,0,1,2,0,10716,0,602,2007,US-SR80,0,0,32264398,87251510,1,1
1,29,9,25,11,12,1,1,0,0,4,4,0,42,0,1,4,1,2,40,1,2,2,1,0,0,0,1,1,0,0,11,16,11,40,99,99,0,0,0,0,1,3,0,10717,0,0,2007,1165,0,0,33424667,85230098,1,1
1,15,9,26,15,55,2,3,0,0,9,2,0,12,2,1,1,1,2,55,1,1,2,1,0,0,0,1,1,0,0,15,59,16,7,99,99,0,0,0,0,1,4,0,10718,0,1675,2007,US-SR4,0,0,33373166,85422787,2,1
1,71,9,26,13,45,1,1,0,0,4,4,0,10,0,6,1,1,2,45,1,2,2,1,71,3,0,1,1,0,0,99,99,13,53,0,0,0,0,0,0,1,4,0,10719,0,0,2007,1022,1E+20,731747V,34403279,86030569,1,1
1,93,9,27,21,30,1,1,0,0,6,4,0,18,0,1,4,1,2,45,1,1,2,1,0,0,0,2,1,0,0,99,99,21,46,99,99,0,0,0,0,1,5,0,10720,0,0,2007,1256,1E+20,0,34123512,88024763,1,1
1,57,9,26,18,30,1,1,0,0,6,4,0,42,0,1,4,1,2,35,2,2,5,1,0,0,0,5,1,0,0,18,37,18,50,0,0,0,0,0,0,1,4,0,10721,0,0,2007,1298,0,0,33505594,87491332,1,1
1,19,10,7,21,30,1,1,0,1,2,3,0,35,0,1,4,1,2,55,2,2,2,1,0,0,0,2,1,0,0,21,47,22,2,99,99,0,0,0,0,1,1,1,10722,0,44,2007,SR-35,0,0,34171294,85344579,1,1
1,59,10,7,19,27,1,1,0,0,4,4,0,1,0,1,4,1,2,45,1,1,2,1,0,0,0,2,1,0,0,19,30,19,38,0,0,0,0,0,0,1,1,0,10723,0,0,2007,1065,0,0,34274348,88081521,1,1
1,125,10,7,21,40,1,2,1,1,1,1,0,8,0,1,1,3,3,70,1,2,2,1,0,0,0,2,1,0,0,99,99,22,0,0,0,0,0,0,0,1,1,0,10724,0,912,2007,I-20,0,0,33122433,87133053,1,1
1,49,9,28,16,13,2,2,0,0,6,4,0,12,2,1,1,1,2,45,2,1,2,1,20,3,0,1,1,0,0,99,99,16,31,99,99,0,0,0,0,1,6,0,10725,0,0,2007,1150,1E+20,0,34190637,86041609,2,1
1,17,10,7,2,30,2,2,0,0,3,3,0,12,2,1,1,1,2,55,1,3,2,1,0,0,0,2,1,0,0,99,99,2,38,99,99,0,0,0,0,1,1,1,10726,0,446,2007,SR-50,0,0,32524932,85200950,2,1
1,59,9,30,13,40,1,1,0,0,6,4,0,1,0,1,1,1,2,40,2,1,2,1,0,0,0,1,1,0,0,99,99,13,50,0,0,0,0,0,0,1,1,0,10727,0,0,2007,1279,1E+20,0,34280117,87415186,1,1
1,101,10,7,2,11,1,1,0,0,16,6,0,1,0,1,2,1,2,25,2,1,2,1,0,0,0,3,1,0,0,99,99,2,18,99,99,0,0,0,0,1,1,1,10728,2130,0,2007,6151,0,0,32224388,86141630,1,1
1,15,10,8,13,18,2,3,0,0,3,3,0,12,2,1,1,1,2,55,1,1,2,1,0,0,0,1,1,0,0,99,99,13,38,99,99,0,0,0,0,1,2,0,10729,0,2268,2007,SR-9,0,0,33444655,85412112,2,1
1,15,10,4,9,15,1,1,0,0,6,4,0,34,0,1,4,1,2,30,1,1,2,1,0,0,0,1,1,0,0,99,99,9,25,0,0,0,0,0,0,1,5,0,10730,0,0,2007,1175,1E+20,0,33462903,85582948,1,1
1,49,10,5,14,15,1,1,0,0,4,4,0,42,0,1,4,1,2,45,2,1,2,1,0,0,0,1,1,0,0,99,99,14,25,99,99,0,0,0,0,1,6,0,10731,0,0,2007,1137,1E+20,0,34213620,85575849,1,1
1,3,10,8,13,5,1,2,0,1,1,1,0,1,0,1,3,2,2,70,1,1,2,1,0,0,0,1,1,0,0,13,15,13,20,99,99,0,0,0,0,1,2,0,10732,0,352,2007,I-65,0,0,30572561,87482803,1,1
1,59,10,5,19,55,2,4,0,1,2,2,0,12,5,2,1,1,2,55,1,2,2,1,20,3,0,2,1,0,0,99,99,20,5,99,99,0,0,0,0,1,6,0,10733,0,2888,2007,US-SR 13,7405,0,34241478,87451919,2,1
1,97,10,9,6,35,2,5,0,0,4,4,0,12,2,1,1,1,2,45,1,1,2,1,0,0,0,1,1,0,0,6,36,6,39,99,99,1,0,0,0,1,3,0,10734,0,0,2007,1145,0,0,30311951,88180981,2,1
1,61,10,9,20,45,2,2,0,0,4,4,0,12,2,1,1,1,2,45,1,1,2,1,0,0,0,2,1,0,0,99,99,21,0,99,99,0,0,0,0,1,3,0,10735,0,0,2007,1200,1E+20,0,31012841,85482649,2,1
1,69,10,14,11,35,2,5,0,1,2,2,0,12,2,1,1,2,4,65,1,1,2,1,0,0,0,1,1,0,0,11,36,11,46,99,99,0,0,0,0,2,1,0,10736,0,1979,2007,US-SR12,0,0,31143233,85370031,2,1
1,99,10,13,16,25,1,2,0,1,6,4,0,1,0,1,1,1,2,35,2,1,5,1,0,0,0,1,1,0,0,99,99,16,30,99,99,0,0,0,0,1,7,1,10737,0,0,2007,1419,0,0,31400863,87282905,1,1
1,127,10,15,14,0,1,1,0,0,5,4,0,42,0,1,4,1,2,45,2,2,2,1,0,0,0,1,1,0,0,0,0,0,0,0,0,0,0,0,0,1,2,0,10738,0,0,2007,1577,0,0,33571815,87112995,1,1
1,81,10,14,3,15,1,2,0,0,6,4,0,42,0,1,4,1,2,45,2,1,2,1,0,0,0,2,1,0,0,99,99,3,25,99,99,0,0,0,0,1,1,0,10739,0,0,2007,1268,0,0,32440712,85155817,1,1
1,133,10,11,19,55,1,1,0,0,6,4,0,42,0,1,4,1,2,35,1,1,8,1,0,0,0,2,1,0,0,99,99,20,35,99,99,0,0,0,0,1,5,0,10740,0,0,2007,1301,1E+20,0,34035851,87105710,1,1
1,55,10,12,8,5,2,2,0,1,12,2,0,12,5,2,1,2,4,55,1,1,2,1,3,3,0,1,1,0,1,99,99,8,12,0,0,0,0,0,0,1,6,0,10741,0,2688,2007,US-SR 1,SR 77,0,34023567,86064138,2,1
1,93,10,14,20,30,1,1,0,0,4,4,0,1,0,1,4,1,2,45,2,1,2,1,0,0,0,2,1,0,0,99,99,20,46,0,0,0,0,0,0,1,1,0,10742,0,0,2007,1193,0,0,34111080,87582130,1,1
1,55,10,14,15,40,2,3,0,1,2,2,0,12,2,1,1,1,2,55,2,2,2,1,0,0,0,1,1,0,0,99,99,15,50,0,0,0,0,0,0,1,1,0,10743,3170,0,2007,US-SR74,0,0,34040846,86184176,2,1
1,121,10,18,14,10,2,2,0,0,3,3,0,12,11,1,1,2,4,65,1,2,2,1,0,0,0,1,1,0,0,14,14,14,25,99,99,0,0,0,0,1,5,0,10744,0,2435,2007,SR-21,0,0,33323743,85542499,2,1
1,113,10,21,20,30,1,2,1,0,2,2,0,8,0,1,1,1,2,55,1,2,2,1,0,0,0,2,1,0,0,99,99,20,40,0,0,0,19,0,0,1,1,0,10745,0,936,2007,US-SR 1,1E+20,0,32151619,85094657,1,1
1,97,10,22,5,0,2,2,1,0,6,4,0,8,0,1,1,1,2,35,1,2,2,2,0,0,0,2,2,0,0,99,99,5,10,99,99,0,0,0,0,1,2,0,10746,0,0,2007,1200,0,0,30282123,88204815,1,2
1,69,10,26,18,40,1,2,1,1,3,3,0,8,0,1,1,1,2,55,1,1,2,1,0,0,0,2,1,0,0,0,0,0,0,0,0,0,0,0,0,1,6,0,10747,0,750,2007,SR-52,0,0,31154108,85125203,1,1
1,21,10,28,5,42,1,2,0,1,1,1,0,42,0,1,4,2,2,70,1,1,2,1,0,0,0,2,1,0,0,99,99,5,55,99,99,0,0,0,0,1,1,0,10748,0,2230,2007,I-65,0,0,32593039,86414400,1,1
1,21,10,22,7,20,1,1,0,0,5,4,0,53,0,1,4,1,2,45,2,1,2,2,0,0,0,1,2,0,0,99,99,7,32,99,99,0,0,0,0,1,2,0,10749,0,0,2007,1426,1E+20,0,32584721,86404230,1,2
1,119,10,7,3,0,1,1,0,1,2,2,0,37,0,1,4,1,2,55,2,2,2,1,0,0,0,2,1,0,1,99,99,3,55,0,0,0,99,99,99,1,1,1,10750,0,161,2007,US-SR 8,1E+20,0,32272862,88074172,1,1
1,83,10,13,14,54,1,2,0,0,4,3,0,1,0,1,1,1,2,55,2,2,2,1,0,0,0,1,1,0,0,99,99,15,10,99,99,0,0,0,0,1,7,1,10751,0,52,2007,SR-251,0,0,34504540,86522304,1,1
1,77,10,13,15,25,1,1,0,0,9,4,0,1,0,1,2,1,2,45,2,1,2,1,0,0,0,1,1,0,0,99,99,15,50,0,0,0,0,0,0,1,7,0,10752,0,0,2007,1374,0,0,34570344,87410534,1,1
1,43,10,9,7,55,1,1,0,0,4,4,0,35,0,1,4,1,2,45,2,1,2,2,0,0,0,1,2,0,0,99,99,8,5,99,99,0,0,0,0,1,3,0,10753,0,0,2007,1325,1E+20,0,34024872,86510509,1,2
1,57,10,9,19,0,1,1,0,1,2,3,0,42,0,1,4,1,2,55,1,2,2,1,0,0,0,2,1,0,0,99,99,19,30,0,0,0,0,0,0,1,3,0,10754,0,2390,2007,SR-13,1E+20,0,33475788,87400291,1,1
1,97,10,18,6,30,4,4,0,0,14,4,0,1,0,1,1,1,2,40,1,3,2,2,0,0,1,4,1,0,0,99,99,6,45,0,0,0,19,14,0,1,5,0,10755,0,99999,2007,1359,1E+20,0,30382416,88141403,4,1
1,45,10,10,6,20,1,1,0,0,14,3,0,10,0,6,2,1,2,25,1,2,2,1,60,3,0,4,1,0,0,99,99,6,27,0,0,0,0,0,0,1,4,0,10756,2380,0,2007,SR-105,702,636542T,31273154,85374155,1,1
1,25,10,18,16,12,2,4,0,1,2,2,0,12,2,1,1,1,2,55,1,1,2,2,0,0,0,1,1,0,0,99,99,16,27,99,99,0,0,0,0,3,5,1,10757,0,283,2007,US-SR12,0,0,31443905,88010999,2,1
1,43,10,12,17,5,2,3,0,0,2,2,0,33,0,1,5,1,2,45,1,1,2,1,0,0,0,1,1,0,0,99,99,17,12,99,99,0,0,0,0,1,6,0,10758,1680,0,2007,US-SR 74,1E+20,0,34102787,86370834,1,1
1,119,10,20,11,35,4,7,0,1,2,2,0,12,4,1,1,1,2,55,1,1,2,1,0,0,0,1,1,0,1,99,99,12,10,99,99,0,0,0,0,1,7,0,10759,0,225,2007,US-SR 8,1E+20,0,32273073,88023005,4,1
1,33,10,19,14,40,1,1,0,0,6,4,0,34,0,1,4,1,2,40,2,2,2,1,0,0,0,1,1,0,0,14,54,15,20,0,0,0,0,0,0,1,6,0,10760,0,0,2007,1301,0,0,34485792,87312821,1,1
1,99,10,19,14,35,1,1,0,0,4,4,0,1,0,1,2,1,2,40,2,1,2,1,0,0,0,1,1,0,0,14,42,15,3,0,0,0,0,0,0,1,6,0,10761,0,0,2007,1352,0,0,31271095,87134924,1,1
1,79,10,20,9,10,1,3,0,1,2,3,0,1,0,1,4,2,2,65,1,2,2,1,0,0,0,1,1,0,0,99,99,9,20,99,99,0,0,0,0,1,7,1,10762,0,469,2007,SR-157,1E+20,0,34341503,87230476,1,1
1,11,10,26,22,0,1,1,0,0,3,3,0,34,0,1,4,1,2,45,2,1,2,1,0,0,0,2,1,0,0,99,99,22,20,99,99,0,0,0,0,1,6,1,10763,0,226,2007,SR-110,0,0,32124166,85531851,1,1
1,81,10,21,18,26,2,4,0,0,4,2,0,12,5,1,1,1,2,55,2,2,2,1,0,0,0,5,1,0,0,99,99,18,47,99,99,0,0,0,0,2,1,1,10764,0,1969,2007,US-SR15,0,0,32414570,85161217,2,1
1,63,10,23,6,50,1,1,0,0,5,4,0,42,0,1,4,1,2,45,1,2,2,2,0,0,0,1,2,0,0,7,1,7,7,0,0,1,0,0,0,1,3,0,10765,0,0,2007,1129,0,0,32521861,88015135,1,2
1,115,10,27,22,30,1,2,0,0,5,4,0,34,0,1,4,1,2,45,2,1,2,1,0,0,0,2,1,0,0,22,44,22,50,99,99,0,0,0,0,1,7,1,10766,0,0,2007,1296,0,0,33435640,86064559,1,1
1,43,10,28,4,0,1,1,0,1,2,2,0,1,0,1,4,1,2,55,1,2,2,1,0,0,0,2,1,0,0,99,99,4,21,99,99,0,0,0,0,1,1,0,10767,0,947,2007,US-SR74,0,0,34102621,86342820,1,1
1,85,10,28,15,45,1,1,0,0,6,4,0,34,0,1,2,1,2,45,2,1,2,1,0,0,0,1,1,0,0,99,99,16,15,0,0,0,0,0,0,1,1,1,10768,0,0,2007,1103,0,0,32194597,86320701,1,1
1,69,10,28,18,50,1,1,0,0,6,4,0,1,0,1,1,1,2,45,2,2,2,1,0,0,0,2,1,0,0,19,10,19,22,99,99,0,0,0,0,1,1,1,10769,0,0,2007,1285,0,0,31153506,85360540,1,1
1,121,10,29,8,5,1,1,0,0,6,4,0,1,0,1,4,1,2,45,2,2,2,1,0,0,0,1,1,0,0,8,13,8,20,0,0,0,0,0,0,1,2,0,10770,0,0,2007,1332,0,0,33294270,86101590,1,1
1,49,10,21,10,40,2,4,0,0,4,6,0,12,5,2,1,1,2,45,1,3,2,1,20,3,0,1,1,0,0,99,99,10,51,99,99,0,0,0,0,1,1,0,10771,2523,0,2007,1528,29,0,34320182,85531801,2,1
1,43,10,29,21,40,1,1,0,0,6,4,0,18,0,1,4,1,2,45,2,3,2,1,0,0,0,2,1,0,0,21,55,22,4,0,0,0,0,0,0,1,2,1,10772,0,0,2007,1772,0,0,34142955,86330810,1,1
1,55,10,29,15,34,2,2,0,1,12,3,0,12,5,8,1,1,4,45,1,2,2,1,0,0,0,1,1,0,0,99,99,15,39,0,0,0,0,0,0,1,2,0,10773,2562,0,2007,SR-77,0,0,33570601,86020815,2,1
1,109,10,31,17,5,2,2,0,0,4,4,0,12,2,2,1,1,2,45,2,1,2,1,0,0,0,1,1,0,0,99,99,17,20,99,99,0,0,0,0,1,4,0,10774,0,0,2007,1017,7189,0,31442181,86073616,2,1
1,85,10,30,9,35,2,2,0,0,4,4,0,12,5,1,1,1,2,35,1,1,2,1,0,0,0,1,1,0,0,9,45,10,5,0,0,0,0,0,0,1,3,0,10775,0,0,2007,1097,0,0,32120241,86255787,2,1
1,103,10,31,9,0,2,2,0,0,2,3,0,12,5,2,1,1,2,55,1,2,2,1,20,3,0,1,1,0,0,99,99,9,10,0,0,0,0,0,0,1,4,0,10776,0,109,2007,SR-67,7243,0,34184459,86355702,2,1
1,83,3,14,4,49,2,5,0,0,6,3,0,12,2,1,1,1,2,40,2,1,2,1,0,0,0,2,1,0,0,99,99,4,59,99,99,0,0,0,0,3,4,1,10777,0,0,2007,SR-20,0,0,34462512,86324681,2,1
1,101,10,4,21,45,3,3,0,0,12,2,0,12,5,2,1,1,2,55,1,1,2,1,3,3,0,3,1,0,0,99,99,21,48,99,99,0,0,0,0,1,5,2,10778,2130,0,2007,US-SR 3,5380,0,32181982,86205914,3,1
1,69,10,4,21,0,1,2,0,0,14,6,0,30,0,1,4,1,2,40,2,1,2,2,0,0,0,3,1,0,0,99,99,21,9,0,0,0,0,0,0,2,5,0,10779,930,0,2007,1263,0,0,31153839,85214615,1,1
1,97,11,10,20,58,2,3,0,0,12,3,0,12,5,2,1,3,2,45,1,1,2,1,3,3,0,3,1,0,0,99,99,21,4,99,99,0,0,0,0,1,7,1,10780,2713,0,2007,SR-158,SHELTON BEACH  R45D.,0,30480735,88062532,2,1
1,81,10,6,0,21,1,3,0,0,16,6,0,33,0,1,4,1,2,30,1,2,2,1,0,0,5,3,1,0,0,99,99,0,31,99,99,0,0,0,0,1,7,0,10781,2340,0,2007,5293,1E+20,0,32393447,85220328,1,1
1,69,10,8,23,50,1,1,0,1,12,2,0,1,0,2,1,1,2,65,1,2,2,1,0,0,0,2,1,0,0,99,99,23,56,0,0,0,99,99,99,1,2,0,10782,930,0,2007,US-SR 53,2364,0,31164773,85273427,1,1
1,125,11,13,18,17,2,4,0,0,12,6,0,12,2,1,1,2,4,45,1,2,2,1,0,0,0,2,1,0,0,18,18,18,21,99,99,0,0,0,0,1,3,1,10783,3050,0,2007,5168,0,0,33114811,87290113,2,1
1,31,11,14,10,41,1,1,0,0,14,3,0,42,0,1,4,1,4,55,2,2,2,1,0,0,0,1,1,0,0,99,99,16,32,0,0,0,0,0,0,1,4,0,10784,1030,0,2007,SR-27,0,0,31214477,85495116,1,1
1,97,11,18,18,30,3,4,0,1,12,2,0,12,5,2,1,1,2,50,1,1,2,1,20,3,0,5,1,0,0,99,99,18,50,99,99,0,0,0,0,1,1,0,10785,0,109,2007,US-SR13,0,0,30521630,88024581,3,1
1,13,10,27,13,8,2,2,0,1,3,3,0,23,0,1,2,1,2,35,1,2,1,1,0,0,0,1,1,0,0,99,99,13,4,99,99,0,0,0,0,1,7,0,10786,1350,0,2007,SR-106,1E+20,0,31384231,86444360,2,1
1,69,11,30,3,20,1,1,0,0,14,6,0,53,0,1,2,1,2,40,1,1,2,1,0,0,0,3,1,0,0,3,24,3,30,99,99,0,0,0,0,1,6,1,10787,930,0,2007,5728,0,0,31152285,85233776,1,1
1,73,10,27,6,15,2,2,0,0,12,3,0,12,5,2,1,1,2,25,1,1,2,1,3,3,0,2,1,0,0,99,99,6,23,99,99,0,0,0,0,1,7,1,10788,1710,0,2007,SR-149,329,0,33280019,86465578,2,1
1,33,10,28,19,40,1,2,1,0,16,3,0,8,0,2,1,2,2,55,1,1,2,1,0,0,0,3,1,0,0,99,99,19,46,99,99,0,0,0,0,1,1,0,10789,3060,0,2007,SR-2,891,0,34415272,87380446,1,1
1,51,11,4,19,35,1,2,1,0,14,3,0,8,0,1,1,1,2,45,1,1,2,1,0,0,0,2,1,0,0,99,99,19,37,0,0,0,0,0,0,1,1,0,10790,2063,0,2007,SR-143,1E+20,0,32303131,86222833,1,1
1,115,1,20,21,24,1,2,0,0,3,2,0,42,0,1,4,1,2,55,2,2,2,1,0,0,0,2,1,0,0,99,99,21,31,0,0,0,0,0,0,1,7,1,10791,0,1209,2007,US-SR4,0,0,33342908,86271814,1,1
1,95,11,8,14,0,2,3,0,0,14,3,0,12,5,1,1,1,2,45,1,1,2,1,0,0,0,1,1,0,0,99,99,14,11,99,99,0,0,0,0,1,5,0,10792,400,0,2007,SR-205,1E+20,0,34122703,86100067,2,1
1,95,11,24,9,25,2,2,0,0,14,3,0,12,2,1,1,1,3,40,2,2,2,1,0,0,0,1,1,0,0,9,30,9,40,0,0,0,0,0,0,1,7,0,10793,1500,0,2007,SR-227,0,0,34210164,86154402,2,1
1,125,10,27,19,30,1,2,1,0,19,4,0,9,0,2,1,2,4,55,2,1,2,1,0,0,2,2,1,0,0,99,99,22,6,0,0,0,0,0,0,1,7,1,10794,0,0,2007,2911,0,0,33110273,87365150,1,1
1,97,11,9,12,49,2,3,0,0,14,6,0,12,2,1,1,1,2,40,1,2,2,1,7,3,0,1,1,0,0,99,99,13,3,99,99,0,0,0,0,2,6,0,10795,2100,0,2007,6051,1E+20,0,30432894,88094096,2,1
1,73,11,10,2,45,1,3,0,0,4,4,0,1,0,1,4,1,2,40,1,2,2,1,0,0,0,3,1,0,0,99,99,3,5,99,99,0,0,0,0,1,7,0,10796,0,0,2007,1636,1E+20,0,33285135,87122378,1,1
1,51,11,1,6,20,1,2,1,1,12,3,0,8,0,2,1,2,2,55,1,1,2,1,0,0,0,2,1,0,0,99,99,6,33,99,99,0,0,0,0,1,5,1,10797,0,1574,2007,SR-14,1177,0,32292205,86242896,1,1
1,91,11,1,17,25,2,2,0,0,3,3,0,12,5,2,1,1,2,55,2,2,2,1,0,0,0,1,1,0,0,17,34,17,41,99,99,0,0,0,0,1,5,1,10798,0,872,2007,SR-69,7058,0,32264044,87424754,2,1
1,83,11,1,14,12,2,4,0,0,15,4,0,12,5,2,1,1,2,45,1,1,2,1,20,3,0,1,1,0,0,14,16,14,25,99,99,0,0,0,0,1,5,0,10799,0,0,2007,1333,9144,0,34504659,86563448,2,1
1,55,11,2,21,35,1,2,0,0,6,4,0,42,0,1,4,1,2,35,1,1,2,1,0,0,0,2,1,0,0,99,99,21,40,99,99,0,0,0,0,1,6,1,10800,0,0,2007,1163,0,0,34045340,86101495,1,1
1,123,11,2,2,15,2,2,0,0,3,3,0,12,5,1,1,1,2,55,2,2,2,1,0,0,0,2,1,0,0,2,49,2,56,0,0,0,0,0,0,1,6,0,10801,0,176,2007,SR-49,0,0,32395866,85474267,2,1