STATE,COUNTY,MONTH,DAY,HOUR,MINUTE,VE_TOTAL,PERSONS,PEDS,NHS,ROAD_FNC,ROUTE,SP_JUR,HARM_EV,MAN_COLL,REL_JUNC,REL_ROAD,TRAF_FLO,NO_LANES,SP_LIMIT,ALIGNMNT,PROFILE,PAVE_TYP,SUR_COND,TRA_CONT,T_CONT_F,HIT_RUN,LGT_COND,WEATHER1,WEATHER2,C_M_ZONE,NOT_HOUR,NOT_MIN,ARR_HOUR,ARR_MIN,HOSP_HR,HOSP_MN,SCH_BUS,CF1,CF2,CF3,FATALS,DAY_WEEK,DRUNK_DR,ST_CASE,CITY,MILEPT,YEAR,TWAY_ID,TWAY_ID2,RAIL,LATITUDE,LONGITUD,VE_FORMS,WEATHER
1,121,11,10,14,10,1,1,0,0,6,4,0,34,0,1,4,1,2,40,1,2,2,1,0,0,0,1,1,0,0,99,99,14,25,0,0,0,0,0,0,1,7,1,10802,0,0,2007,1192,1E+20,0,33245675,86174122,1,1
1,95,11,11,2,12,1,1,0,0,4,4,0,42,0,1,4,1,2,45,2,2,2,1,0,0,0,2,1,0,0,99,99,2,21,0,0,0,20,0,0,1,1,0,10803,0,0,2007,1847,1E+20,0,34231370,86320155,1,1
1,127,11,3,6,45,1,3,0,0,15,4,0,53,0,1,2,1,2,35,2,1,2,1,0,0,0,4,1,0,0,99,99,7,15,99,99,0,0,0,0,1,7,0,10804,0,0,2007,1423,0,0,33485969,87123102,1,1
1,29,11,4,13,30,2,2,0,1,1,1,0,12,5,1,1,2,4,70,1,2,2,1,0,0,0,1,1,0,0,99,99,13,37,0,0,0,0,0,0,1,1,0,10805,0,2034,2007,I-20,0,0,33382731,85310601,2,1
1,121,11,11,20,10,1,1,0,0,15,4,0,42,0,2,4,1,2,40,2,1,2,1,0,0,0,2,1,0,0,99,99,20,18,0,0,0,0,0,0,1,1,0,10806,0,0,2007,1045,8050,0,33111089,86162807,1,1
1,43,11,12,19,0,1,3,0,0,5,4,0,37,0,1,4,1,2,45,2,2,2,1,0,0,0,2,1,0,0,99,99,19,25,99,99,0,0,0,0,1,2,1,10807,0,0,2007,1331,1E+20,0,34051393,86495638,1,1
1,21,11,16,2,40,2,2,0,1,1,1,0,12,1,1,1,2,2,70,1,1,2,1,0,0,0,2,1,0,0,99,99,2,55,0,0,0,0,0,0,1,6,0,10808,0,2155,2007,I-65,1E+20,0,32562730,86395037,2,1
1,71,11,16,7,30,2,4,0,0,4,4,0,12,2,1,1,1,2,40,2,2,2,1,0,0,0,1,1,0,0,99,99,7,37,99,99,0,0,0,0,2,6,0,10809,0,0,2007,1251,1E+20,0,34390686,85462643,2,1
1,125,11,16,11,45,1,3,0,0,9,4,0,35,0,1,4,1,2,40,2,1,2,1,0,0,0,1,1,0,0,99,99,12,14,99,99,0,0,0,0,1,6,0,10810,0,0,2007,1217,1E+20,0,33064347,87265677,1,1
1,35,11,5,13,30,2,3,0,1,1,1,0,14,5,1,2,2,2,70,1,2,2,1,0,0,0,1,1,0,0,13,37,13,45,99,99,0,0,0,0,1,2,0,10811,0,830,2007,I-65,0,0,31180622,87102226,1,1
1,97,11,7,14,50,1,2,0,0,14,4,0,1,0,1,4,1,2,45,1,2,2,1,0,0,0,1,1,0,0,15,0,15,15,99,99,0,0,0,0,1,4,0,10812,0,0,2007,1552,0,0,30424342,88163439,1,1
1,127,11,16,12,33,1,2,0,0,14,6,0,33,0,1,4,5,2,35,2,1,2,1,0,0,0,1,1,0,0,99,99,12,36,99,99,0,0,0,0,1,6,0,10813,1780,0,2007,5069,1E+20,0,33501109,87172028,1,1
1,7,11,17,0,5,1,1,0,0,4,4,0,30,0,1,4,1,2,50,1,2,2,1,0,0,0,2,1,0,0,99,99,0,13,0,0,0,0,0,0,1,7,1,10814,0,0,2007,1159,1E+20,0,32561200,87132161,1,1
1,43,11,17,20,47,1,1,0,0,6,4,0,1,0,1,1,1,2,45,1,2,2,1,0,0,0,2,1,0,0,99,99,20,56,99,99,0,0,0,0,1,7,0,10815,0,0,2007,1380,1E+20,0,34113165,86582842,1,1
1,51,11,17,13,27,1,1,0,0,16,6,0,1,0,1,1,1,2,25,1,1,2,1,0,0,0,1,1,0,0,99,99,13,34,0,0,0,0,0,0,1,7,0,10816,2063,0,2007,1025,1E+20,0,32281580,86205623,1,1
1,83,11,17,22,30,2,5,0,1,12,2,0,34,0,1,3,2,4,60,1,2,2,1,0,0,0,2,1,0,0,99,99,22,35,99,99,0,0,0,0,1,7,1,10817,0,844,2007,US-SR 2,1E+20,0,34445778,86482611,2,1
1,119,11,17,3,30,1,2,1,1,1,1,0,8,0,1,4,2,2,70,1,2,2,1,0,0,2,2,1,0,0,0,0,0,0,0,0,0,18,0,0,1,7,0,10818,0,125,2007,I-59,1E+20,0,32342456,88143699,1,1
1,71,11,8,14,45,1,1,0,0,6,4,0,32,0,1,4,1,2,45,2,2,2,1,0,0,0,1,1,0,0,14,48,14,51,0,0,0,0,0,0,1,5,0,10819,0,0,2007,1459,0,0,34481766,85441515,1,1
1,51,11,8,17,35,1,1,0,0,4,4,0,43,0,1,2,1,2,55,2,1,2,1,0,0,0,2,1,0,0,99,99,17,45,99,99,0,0,0,0,1,5,1,10820,0,0,2007,1282,0,0,32411156,86220189,1,1
1,89,11,17,12,52,2,4,0,0,14,6,0,12,2,1,1,1,5,40,2,1,2,1,0,0,0,1,1,0,0,99,99,12,59,99,99,0,0,0,0,1,7,0,10821,1730,0,2007,5706,1E+20,0,34424583,86364984,2,1
1,87,11,8,18,5,1,1,0,0,4,4,0,34,0,1,2,1,2,45,2,2,2,1,0,0,0,2,1,0,0,18,9,18,15,0,0,0,0,0,0,1,5,1,10822,0,0,2007,1214,0,0,32325639,85452002,1,1
1,69,11,19,23,5,2,8,0,1,2,2,0,12,5,2,1,2,2,65,1,1,2,1,3,3,0,2,1,0,0,99,99,11,24,99,99,0,0,0,0,6,2,1,10823,0,1950,2007,US-SR 12,SR-123,0,31143263,85374684,2,1
1,125,11,9,7,55,1,2,1,0,4,4,0,8,0,8,1,1,2,45,1,1,2,1,0,0,0,1,1,0,0,99,99,8,15,0,0,0,0,0,0,1,6,0,10824,0,0,2007,1081,0,0,33073955,87442909,1,1
1,83,11,19,2,0,1,1,0,0,5,4,0,53,0,1,4,1,2,45,1,1,2,1,0,0,0,2,1,0,0,99,99,3,35,0,0,0,0,0,0,1,2,0,10825,0,0,2007,1263,1E+20,0,34555992,86475974,1,1
1,49,11,9,3,41,2,2,0,0,4,3,0,12,5,2,1,1,2,55,1,1,2,1,20,3,0,2,1,0,0,3,48,4,0,0,0,0,0,0,0,1,6,0,10826,0,160,2007,SR-168,7531,0,34154104,86050801,2,1
1,87,12,3,4,45,1,1,0,0,14,3,0,35,0,1,4,1,4,35,2,2,9,2,0,0,0,3,9,0,0,99,99,5,19,99,99,0,0,0,0,1,2,0,10827,3070,0,2007,SR-81,1E+20,0,32261031,85413334,1,9
1,131,11,9,12,5,1,1,0,0,3,3,0,34,0,1,4,1,2,55,1,2,2,1,0,0,0,1,1,0,0,99,99,12,8,0,0,0,0,0,0,1,6,0,10828,0,884,2007,SR-10,0,0,31561020,87072259,1,1
1,73,12,7,4,35,1,1,0,1,11,1,0,35,0,1,3,2,4,60,2,1,1,1,0,0,0,3,1,0,0,4,40,4,46,0,0,0,0,0,0,1,6,1,10829,350,1330,2007,I-59,0,0,33343310,86425477,1,1
1,73,12,7,22,55,1,5,0,0,15,6,0,35,0,1,4,1,2,40,2,2,2,1,0,0,0,2,1,0,0,23,5,23,9,99,99,0,0,0,0,2,6,1,10830,1750,0,2007,1147,0,0,33300349,86413768,1,1
1,1,11,19,15,45,2,2,0,0,6,4,0,12,5,1,1,1,2,45,2,2,2,1,0,0,0,1,1,0,0,99,99,15,52,99,99,0,0,0,0,1,2,0,10831,0,0,2007,1144,1E+20,0,32320467,86280471,2,1
1,23,12,12,15,20,1,2,0,0,3,3,0,35,0,1,4,1,2,55,1,1,2,1,0,0,0,1,1,0,0,99,99,15,26,0,0,0,0,0,0,1,4,0,10832,0,928,2007,SR-17,0,0,31530108,88191683,1,1
1,89,12,16,13,56,1,2,0,0,15,6,0,33,0,1,2,2,2,40,2,2,2,1,0,0,0,1,1,0,0,13,56,14,2,99,99,0,0,0,0,1,1,0,10833,1730,0,2007,1018,0,0,34454069,86413991,1,1
1,61,11,19,14,36,2,2,0,0,14,3,0,12,1,1,1,1,2,55,1,1,2,1,0,0,0,1,1,0,0,99,99,14,42,99,99,0,0,0,0,1,2,1,10834,0,43,2007,SR-167,1E+20,0,31021529,85404642,2,1
1,55,11,9,20,50,1,1,0,0,5,4,0,42,0,1,4,1,2,35,2,2,2,1,0,0,0,2,1,0,0,99,99,20,57,0,0,0,0,0,0,1,6,1,10835,0,0,2007,1019,0,0,34003973,86154121,1,1
1,117,11,19,6,45,2,5,0,0,14,4,0,12,1,1,1,1,2,45,1,1,2,1,0,0,0,1,1,0,0,99,99,7,5,99,99,0,0,0,0,1,2,0,10836,0,0,2007,1247,1E+20,0,33221647,86453274,2,1
1,9,11,10,14,20,1,2,0,0,4,4,0,34,0,1,4,1,2,45,1,1,2,1,0,0,0,1,1,0,0,99,99,14,29,99,99,0,0,0,0,1,7,0,10837,0,0,2007,1315,0,0,34035460,86373302,1,1
1,1,11,10,22,0,1,1,0,0,5,4,0,42,0,1,4,1,2,45,1,1,2,1,0,0,0,2,1,0,0,22,17,22,25,0,0,0,0,0,0,1,7,1,10838,0,0,2007,1193,0,0,32403358,86261734,1,1
1,97,11,20,8,0,2,3,0,0,16,4,0,12,2,1,1,1,2,45,1,2,2,1,0,0,0,1,1,0,0,99,99,8,25,99,99,0,0,0,0,1,3,0,10839,0,0,2007,1461,1E+20,0,30381873,88135853,2,1
1,35,11,10,22,0,1,2,0,1,2,2,0,32,0,1,4,1,2,55,2,1,2,1,0,0,0,2,1,0,0,22,56,23,39,99,99,0,0,0,0,1,7,1,10840,0,1005,2007,US-SR15,0,0,31261937,86523678,1,1
1,91,11,21,11,50,2,3,0,0,6,4,0,12,2,1,1,1,2,35,2,2,5,1,0,0,0,1,1,0,0,99,99,12,46,99,99,0,0,0,0,1,4,1,10841,0,0,2007,1269,1E+20,0,32042606,87484057,2,1
1,115,11,21,21,30,1,1,0,0,4,4,0,34,0,1,4,1,2,45,2,2,2,2,0,0,0,2,1,0,0,99,99,21,45,0,0,0,0,0,0,1,4,1,10842,0,0,2007,1218,1E+20,0,33471387,86193709,1,1
1,11,11,22,14,0,1,1,0,0,4,4,0,23,0,1,2,1,2,45,1,1,2,1,0,0,0,1,1,0,0,99,99,14,25,0,0,0,0,0,0,1,5,0,10843,0,0,2007,1099,1E+20,0,32110670,85594073,1,1
1,89,11,23,1,50,1,1,0,0,4,4,0,38,0,1,4,1,2,35,2,2,2,1,0,0,0,2,1,0,0,2,19,2,33,0,0,0,0,0,0,1,6,0,10844,0,0,2007,1282,0,0,34555071,86412767,1,1
1,101,11,24,14,10,2,3,0,0,3,2,0,12,2,1,1,1,2,45,2,1,2,1,0,0,0,1,1,0,1,14,18,14,28,99,99,0,0,0,0,1,7,0,10845,0,1723,2007,US-SR3,0,0,32143872,86204088,2,1
1,87,11,23,16,0,1,1,0,1,1,1,0,1,0,1,3,2,2,70,1,1,2,1,0,0,0,1,1,0,0,0,0,0,0,0,0,0,0,0,0,1,6,0,10846,0,0,2007,I-85,1E+20,0,32242904,85572378,1,1
1,115,11,24,18,45,1,2,0,0,4,4,0,34,0,1,4,1,2,40,2,2,2,2,0,0,0,2,2,0,0,99,99,18,50,99,99,0,0,0,0,1,7,0,10847,0,0,2007,1121,0,0,33430852,86265061,1,2
1,43,11,26,10,30,1,1,0,0,4,4,0,42,0,1,4,1,2,35,2,2,2,2,0,0,0,1,5,0,0,99,99,10,40,0,0,0,0,0,0,1,2,0,10848,0,0,2007,1056,1E+20,0,33522777,86553822,1,5
1,117,11,26,5,50,2,2,0,0,3,3,0,12,5,2,1,1,2,50,1,1,2,2,20,3,0,2,2,0,0,99,99,6,1,0,0,0,0,0,0,1,2,0,10849,0,238,2007,SR-145,7166,0,33093878,86314327,2,2
1,81,11,27,6,5,3,3,0,0,3,2,0,12,5,2,1,2,4,55,1,1,2,1,20,3,0,4,1,0,0,99,99,6,17,0,0,0,0,0,0,1,3,0,10850,200,0,2007,US-SR 15,1563,0,32324290,85304962,3,1
1,51,11,27,16,15,2,2,0,0,14,4,0,12,5,4,1,1,2,45,1,1,2,1,0,0,0,1,1,0,0,99,99,16,22,99,99,0,0,0,0,1,3,0,10851,2063,0,2007,1008,1E+20,0,32291294,86225133,2,1
1,97,11,28,18,6,1,1,0,0,4,4,0,34,0,1,4,1,2,45,2,2,2,1,0,0,0,2,1,0,0,99,99,18,20,0,0,0,0,0,0,1,4,0,10852,0,0,2007,1679,1E+20,0,30554551,88141123,1,1
1,9,11,29,21,10,1,7,0,0,5,3,0,42,0,1,4,1,2,55,2,2,2,1,0,0,0,2,1,0,0,99,99,21,30,99,99,0,0,0,0,3,5,0,10853,2203,0,2007,SR-160,1E+20,0,33575500,86374897,1,1
1,127,11,30,3,10,1,1,0,0,3,3,0,1,0,1,4,1,2,45,1,2,2,1,0,0,0,2,1,0,0,99,99,3,30,99,99,0,0,0,0,1,6,1,10854,0,1025,2007,SR-69,1E+20,0,33445259,87223584,1,1
1,9,11,25,2,45,1,1,0,0,5,4,0,34,0,1,4,1,2,45,1,2,2,2,0,0,0,2,2,0,0,3,5,3,10,0,0,0,0,0,0,1,1,1,10855,0,0,2007,1348,0,0,33535689,86223885,1,2
1,127,11,25,0,35,2,2,0,1,2,1,0,12,2,1,1,2,3,65,1,1,2,2,0,0,0,2,1,0,0,99,99,0,37,99,99,0,0,0,0,1,1,1,10856,0,686,2007,I-22,0,0,33443377,87160631,2,1
1,35,11,30,4,45,1,1,0,1,1,1,0,42,0,1,4,2,4,70,1,2,2,1,0,0,0,2,1,0,0,99,99,5,6,0,0,0,0,0,0,1,6,0,10857,0,960,2007,I-65,1E+20,0,31270433,86581536,1,1
1,125,11,25,18,35,2,3,0,0,3,3,0,12,4,1,1,1,2,55,2,3,2,2,0,0,0,2,2,0,0,18,40,19,5,99,99,0,0,0,0,1,1,0,10858,0,53,2007,SR-171,0,0,33191090,87391100,2,2
1,109,12,2,0,15,1,1,0,0,4,4,0,38,0,1,4,1,2,45,2,2,2,1,0,0,0,2,1,0,0,0,0,0,0,0,0,0,0,0,0,1,1,1,10859,0,0,2007,1056,0,0,31381101,85442964,1,1
1,117,11,30,0,17,1,1,0,0,5,4,0,34,0,1,4,1,2,45,2,2,2,2,0,0,0,2,2,0,0,99,99,0,40,0,0,0,20,0,0,1,6,1,10860,0,0,2007,1624,1E+20,0,33212487,86354969,1,2
1,1,12,2,22,43,1,4,0,0,4,4,0,35,0,1,4,1,2,45,2,2,2,1,0,0,0,2,1,0,0,22,46,22,57,99,99,0,0,0,0,1,1,1,10861,0,0,2007,1098,0,0,32343736,86352319,1,1
1,23,12,2,21,0,1,1,0,0,3,3,0,32,0,1,2,1,2,55,2,2,2,2,0,0,0,2,2,0,0,21,7,21,15,0,0,0,0,0,0,1,1,0,10862,0,1037,2007,SR-17,0,0,32015882,88154447,1,2
1,19,11,17,23,40,1,2,0,1,2,2,0,42,0,1,4,1,2,55,2,2,2,1,0,0,0,2,1,0,0,99,99,0,1,99,99,0,0,0,0,1,7,1,10863,0,1663,2007,US-SR 74,1E+20,0,33584672,85311597,1,1
1,97,12,3,14,35,3,3,0,1,2,2,0,12,4,1,1,1,2,55,1,1,2,1,0,0,0,1,1,0,0,14,40,14,50,99,99,0,0,0,0,1,2,0,10864,0,34,2007,US-SR42,0,0,30494349,88225734,3,1
1,65,12,4,22,45,1,1,0,0,4,4,0,42,0,1,4,1,2,45,1,1,2,1,0,0,0,2,1,0,0,99,99,3,50,0,0,0,0,0,0,1,3,0,10865,0,0,2007,1194,0,0,32521462,87430746,1,1
1,133,12,4,18,30,1,1,0,0,6,4,0,42,0,1,4,1,2,35,2,2,2,1,0,0,0,2,1,0,0,18,43,18,55,0,0,0,0,0,0,1,3,0,10866,0,0,2007,1364,0,0,34044915,87110299,1,1
1,55,11,21,15,59,1,1,0,1,1,1,0,34,0,1,4,2,2,70,2,2,1,2,0,0,0,1,2,0,0,99,99,16,18,99,99,0,0,0,0,1,4,0,10867,0,1939,2007,I-59,1E+20,0,34015999,86042832,1,2
1,31,12,7,7,35,1,1,0,0,5,4,0,1,0,1,1,1,2,40,2,2,2,1,0,0,0,1,1,0,0,7,36,7,54,0,0,0,0,0,0,1,6,0,10868,0,0,2007,1257,0,0,31312666,85502477,1,1
1,93,11,28,20,20,2,6,0,1,2,2,0,12,5,2,1,1,2,50,1,1,2,1,20,3,0,2,1,0,0,99,99,20,25,99,99,0,0,0,0,1,4,0,10869,0,115,2007,US-SR 74,7571,0,34080199,87523002,2,1
1,47,11,28,11,43,3,5,0,1,12,2,0,12,5,2,1,2,2,60,1,1,2,1,3,3,0,1,1,0,0,99,99,11,54,99,99,0,0,0,0,1,4,0,10870,0,799,2007,US-SR 8,7217,0,32260834,87050055,3,1
1,21,12,8,9,0,1,1,0,0,6,4,0,27,0,1,2,1,2,30,2,2,2,2,0,0,0,1,5,0,0,9,3,9,10,99,99,0,0,0,0,1,7,0,10871,0,0,2007,1325,0,0,32494568,86410868,1,5
1,87,12,8,21,45,1,3,1,0,14,2,0,8,0,1,1,1,4,45,1,2,2,2,0,0,0,3,5,0,0,99,99,22,14,0,0,0,0,0,0,1,7,1,10872,3070,0,2007,US-SR8,1E+20,0,32241708,85432343,1,5
1,107,12,8,16,5,1,1,0,0,4,4,0,42,0,1,4,1,2,45,2,2,2,1,0,0,0,1,1,0,0,99,99,16,25,0,0,0,0,0,0,1,7,0,10873,0,0,2007,1131,0,0,33190779,88112942,1,1
1,49,12,1,2,20,1,1,0,1,9,1,0,1,0,1,4,2,2,70,1,1,1,1,0,0,0,2,1,0,0,99,99,2,28,0,0,0,0,0,0,1,7,1,10874,0,2080,2007,I-59,1E+20,0,34185304,85510127,1,1
1,125,12,9,2,0,1,1,0,0,4,4,0,1,0,1,4,1,2,45,2,2,2,1,0,0,0,2,1,0,0,3,0,3,10,0,0,0,0,0,0,1,1,1,10875,0,0,2007,1455,0,0,33251356,87354757,1,1
1,39,12,1,5,10,1,1,0,0,5,4,0,42,0,1,4,1,2,45,2,1,2,1,0,0,0,2,1,0,0,99,99,5,47,0,0,0,0,0,0,1,7,0,10876,0,0,2007,1511,1E+20,0,31284739,86395848,1,1
1,37,12,10,13,30,1,1,0,0,3,3,0,1,0,1,4,1,2,55,2,2,2,1,0,0,0,1,1,0,0,99,99,13,40,99,99,0,0,0,0,1,2,0,10877,2660,0,2007,SR-22,0,0,32532961,86114579,1,1
1,1,12,1,15,5,1,1,0,0,3,2,0,42,0,1,4,1,2,55,2,1,2,1,0,0,0,1,1,0,0,99,99,15,15,0,0,0,0,0,0,1,7,1,10878,0,2045,2007,US-SR 3,1E+20,0,32384638,86291469,1,1
1,97,12,2,1,20,3,9,0,0,15,3,0,12,2,1,1,1,2,55,1,1,2,1,0,0,0,2,1,0,0,99,99,1,45,99,99,0,0,0,0,1,1,1,10879,0,159,2007,SR-193,1E+20,0,30290234,88064564,3,1
1,127,12,11,17,30,2,4,0,0,4,3,0,12,2,1,1,1,2,55,1,1,2,1,0,0,0,2,1,0,0,99,99,17,36,99,99,0,0,0,0,1,3,0,10880,0,112,2007,SR-195,0,0,33585420,87210106,2,1
1,67,12,23,2,10,1,6,0,0,6,4,0,1,0,1,4,1,2,45,2,1,2,2,0,0,0,2,1,0,0,99,99,2,22,99,99,0,0,0,0,1,1,1,10881,0,0,2007,1024,1E+20,0,31224443,85144254,1,1
1,21,12,11,10,50,2,2,0,1,1,1,0,12,5,1,1,2,4,70,1,1,2,1,0,0,0,1,1,0,0,10,52,11,0,0,0,0,0,0,0,1,3,0,10882,0,2148,2007,I-65,0,0,32555695,86393254,2,1
1,31,12,26,19,50,1,2,1,0,4,4,0,8,0,1,1,2,2,45,1,1,2,1,0,0,0,2,1,0,0,99,99,20,10,0,0,0,0,0,0,1,4,1,10883,0,0,2007,1073,1E+20,0,31193730,85533429,1,1
1,125,12,17,16,7,1,1,0,0,3,3,0,42,0,1,4,2,2,65,1,1,2,1,0,0,0,1,1,0,0,99,99,16,24,0,0,0,0,0,0,1,2,0,10884,0,1353,2007,SR-69,0,0,33033348,87343743,1,1
1,127,12,18,21,0,1,1,0,0,5,4,0,34,0,1,4,1,2,35,1,2,2,1,0,0,0,2,1,0,0,99,99,21,7,0,0,0,0,0,0,1,3,0,10885,0,0,2007,1250,0,0,33400262,87045650,1,1
1,11,12,27,16,50,2,3,0,0,5,4,0,12,5,1,1,1,2,45,2,1,2,2,0,0,0,2,5,0,0,99,99,17,20,99,99,0,0,0,0,2,5,0,10886,0,0,2007,1233,1E+20,0,32053684,85284912,2,5
1,1,12,23,4,55,1,1,0,1,1,1,0,1,0,1,4,2,2,70,1,2,2,2,0,0,0,2,1,0,0,4,59,5,8,0,0,0,0,0,0,1,1,0,10887,0,1844,2007,I-65,0,0,32305542,86254871,1,1
1,49,12,4,19,15,2,4,0,0,4,4,0,12,5,2,1,1,2,45,1,1,2,1,20,3,0,2,1,0,0,99,99,19,25,99,99,0,0,0,0,1,3,0,10888,0,0,2007,1069,8288,0,34291580,85561381,2,1
1,61,12,9,15,50,2,2,0,0,4,3,0,12,5,8,1,1,2,55,1,1,2,1,0,0,0,1,1,0,0,99,99,16,0,99,99,0,0,0,0,1,1,0,10889,0,109,2007,SR-103,1E+20,0,31080207,85352765,2,1
1,61,12,11,20,3,2,6,0,0,6,4,0,12,3,1,1,1,2,40,1,2,2,1,0,0,0,2,1,0,0,99,99,20,24,99,99,0,0,0,0,1,3,0,10890,0,0,2007,1066,1E+20,0,31065698,85555327,2,1
1,43,12,13,10,50,1,1,0,0,5,4,0,34,0,1,4,1,2,45,2,2,2,2,0,0,0,1,2,0,0,99,99,11,0,99,99,0,0,0,0,1,5,0,10891,0,0,2007,1495,1E+20,0,34031847,86434343,1,2
1,83,12,14,17,15,1,2,1,0,6,4,0,8,0,1,1,1,2,45,1,1,2,1,0,0,0,2,1,0,0,99,99,17,30,0,0,0,0,0,0,1,6,0,10892,0,0,2007,1350,1E+20,0,34500813,86495431,1,1
1,13,12,15,21,5,1,3,0,0,4,4,0,32,0,1,4,1,2,45,2,2,2,1,0,0,0,2,1,0,0,99,99,21,35,99,99,0,0,0,0,1,7,1,10893,0,0,2007,1119,1E+20,0,31491902,86453171,1,1
1,53,12,15,0,39,2,3,0,1,11,1,0,12,1,1,1,2,3,70,1,1,2,1,0,0,0,2,1,0,0,99,99,0,55,99,99,0,0,0,0,1,7,0,10894,0,551,2007,I-65,1E+20,0,31055337,87304911,2,1
1,101,12,15,12,2,2,2,0,0,14,6,0,12,5,1,1,1,2,35,1,1,2,2,0,0,1,1,2,0,0,99,99,12,7,99,99,0,0,0,0,1,7,0,10895,2130,0,2007,8017,1E+20,0,32195371,86175753,2,2
1,57,12,17,12,55,1,1,0,1,4,3,0,42,0,1,4,1,2,55,1,2,2,1,0,0,0,1,1,0,0,0,0,0,0,0,0,0,0,0,0,1,2,0,10896,0,40,2007,SR-107,0,0,33464560,87535337,1,1
1,49,12,19,7,35,1,1,0,0,4,4,0,42,0,1,4,1,2,45,2,1,2,2,0,0,0,1,2,0,0,7,40,7,42,99,99,0,0,0,0,1,4,0,10897,0,0,2007,1315,0,0,34291836,85452029,1,2
1,117,12,21,14,20,1,1,0,0,3,3,0,42,0,1,4,1,2,55,1,1,2,1,0,0,0,1,1,0,0,14,22,14,25,0,0,0,0,0,0,1,6,0,10898,530,0,2007,SR-25,0,0,33080338,86413254,1,1
1,13,12,23,13,20,1,3,0,1,1,1,0,1,0,1,3,2,4,70,1,2,2,1,0,0,0,1,1,0,0,13,21,13,25,99,99,0,0,0,0,2,1,0,10899,0,1132,2007,I-65,0,0,31382046,86471489,1,1
1,119,12,29,15,5,1,3,0,0,4,3,0,1,0,1,4,1,2,55,2,2,2,1,0,0,0,1,1,0,0,99,99,15,45,99,99,0,0,0,0,1,7,1,10900,0,97,2007,SR-39,0,0,32472022,88095374,1,1
1,97,12,16,19,0,1,1,0,0,6,4,0,34,0,1,4,1,2,45,1,2,2,1,0,0,0,2,1,0,0,99,99,21,0,0,0,0,0,0,0,1,1,0,10901,0,0,2007,2690,1E+20,0,30593659,88160685,1,1
1,131,12,29,5,45,1,1,0,1,2,3,0,32,0,1,4,1,2,55,1,1,2,1,0,0,0,4,5,0,0,0,0,0,0,0,0,0,0,0,0,1,7,0,10902,0,260,2007,SR-5,0,0,32100964,87293107,1,5
1,103,12,31,14,21,1,5,2,0,12,2,0,8,0,1,1,2,2,50,1,1,2,1,0,0,0,1,1,0,0,99,99,14,25,99,99,0,0,0,0,1,2,0,10903,890,0,2007,US-SR 3,1E+20,0,34322590,86582594,1,1
1,129,12,30,5,0,1,1,0,1,2,2,0,42,0,1,4,1,2,55,1,1,2,2,0,0,0,2,2,0,0,5,18,5,42,0,0,0,0,0,0,1,1,1,10904,0,389,2007,US-SR57,0,0,31130557,88183002,1,2
1,73,12,11,9,10,1,1,0,1,11,1,0,1,0,13,1,6,2,70,2,1,2,1,0,0,0,1,1,0,0,99,99,9,15,0,0,0,0,0,0,1,3,0,10905,330,1060,2007,I-20,1E+20,0,33202122,87015220,1,1
1,121,12,30,5,0,1,5,0,1,12,2,0,27,0,1,2,2,2,55,2,2,2,2,0,0,0,2,2,0,0,6,40,6,47,99,99,0,0,0,0,2,1,0,10906,2275,0,2007,US-SR53,0,0,33105310,86175928,1,2
1,81,12,21,17,5,2,2,0,0,15,6,0,12,2,1,1,1,2,45,1,1,2,1,0,0,0,3,1,0,0,99,99,17,18,99,99,0,0,0,0,1,6,0,10907,200,0,2007,1159,1E+20,0,32334790,85283226,2,1
1,47,12,30,4,0,1,2,0,0,5,4,0,42,0,1,4,1,2,35,1,1,2,2,0,0,0,2,2,0,0,0,0,0,0,0,0,0,0,0,0,1,1,0,10908,0,0,2007,1167,0,0,32224037,87180394,1,2
1,53,12,25,14,35,2,2,0,1,1,1,0,12,3,1,1,2,3,70,1,2,2,2,0,0,0,1,1,0,0,99,99,14,50,0,0,0,0,0,0,1,3,0,10909,0,574,2007,I-65,1E+20,0,31063489,87284136,2,1
1,73,12,29,18,27,2,3,0,1,11,1,0,12,5,1,1,2,2,70,1,1,2,1,0,0,0,2,1,0,0,18,27,18,32,99,99,0,0,0,0,1,7,0,10910,330,1104,2007,I-20,0,0,33231838,86591307,2,1
1,97,2,8,5,30,2,3,0,0,14,4,0,12,5,2,1,1,2,45,1,1,2,1,20,3,0,2,1,0,0,99,99,5,57,99,99,0,0,0,0,1,5,0,10911,0,0,2007,1145,10943,0,30333379,88133157,2,1
1,71,2,25,14,9,1,2,0,0,3,3,0,42,0,1,4,1,2,55,1,2,2,1,0,0,0,1,1,0,0,99,99,14,14,99,99,0,0,0,0,1,1,0,10912,0,1,2007,SR-40,1E+20,0,34380413,85580389,1,1
1,121,3,14,15,0,2,4,0,0,15,4,0,12,2,2,1,1,2,45,1,1,2,1,0,0,0,1,1,0,0,15,1,15,15,99,99,0,0,0,0,1,4,0,10913,0,0,2007,1135,7869,0,33341468,85475966,2,1
1,15,11,27,14,47,3,4,0,0,14,2,0,12,1,2,1,1,2,55,1,1,2,1,0,0,0,1,1,0,0,14,48,14,52,99,99,0,0,0,0,1,3,0,10914,2370,0,2007,US-SR4,659,0,33352982,85532783,3,1
1,125,12,7,22,20,1,1,0,0,15,6,0,32,0,1,2,1,2,45,2,1,2,1,0,0,0,2,1,0,0,99,99,22,32,99,99,0,0,0,0,1,6,0,10915,3050,0,2007,5208,0,0,33101647,87334365,1,1