STATE,COUNTY,MONTH,DAY,HOUR,MINUTE,VE_TOTAL,PERSONS,PEDS,NHS,ROAD_FNC,ROUTE,SP_JUR,HARM_EV,MAN_COLL,REL_JUNC,REL_ROAD,TRAF_FLO,NO_LANES,SP_LIMIT,ALIGNMNT,PROFILE,PAVE_TYP,SUR_COND,TRA_CONT,T_CONT_F,HIT_RUN,LGT_COND,WEATHER1,WEATHER2,C_M_ZONE,NOT_HOUR,NOT_MIN,ARR_HOUR,ARR_MIN,HOSP_HR,HOSP_MN,SCH_BUS,CF1,CF2,CF3,FATALS,DAY_WEEK,DRUNK_DR,ST_CASE,CITY,MILEPT,YEAR,TWAY_ID,TWAY_ID2,RAIL,LATITUDE,LONGITUD,VE_FORMS,WEATHER
1,9,5,7,17,0,2,3,0,0,4,4,0,12,2,1,1,1,2,45,1,1,1,1,0,0,0,1,1,0,0,99,99,17,10,99,99,0,0,0,0,1,2,0,10916,0,0,2007,1197,1E+20,0,33542968,86355710,2,1
1,125,12,7,17,33,2,4,0,0,15,6,0,12,1,1,1,1,2,25,1,1,2,1,0,0,0,3,1,0,0,17,34,17,38,99,99,0,0,0,0,1,6,0,10917,3050,0,2007,5059,0,0,33111641,87350222,2,1
1,1,12,7,8,43,3,3,0,0,15,6,0,12,5,2,1,1,2,45,1,1,2,1,5,3,0,1,1,0,0,8,45,8,48,99,99,0,14,0,0,1,6,1,10918,2540,0,2007,1075,35,0,32260934,86275358,3,1
1,117,8,5,17,28,2,2,0,0,15,4,0,12,4,2,1,1,2,40,1,1,2,1,20,3,0,1,1,0,0,99,99,17,33,99,99,0,0,0,0,1,1,0,10919,47,0,2007,1124,7700,0,33144621,86511303,2,1
1,69,11,20,19,50,1,1,0,0,6,4,0,1,0,1,1,1,2,45,1,1,2,1,0,0,0,2,1,0,0,99,99,20,7,99,99,0,0,0,0,1,3,1,10920,0,0,2007,1020,1E+20,0,31041675,85215194,1,1
1,117,9,15,23,30,1,3,0,0,3,3,0,42,0,1,4,1,2,55,1,2,2,1,0,0,0,2,1,0,0,99,99,0,10,99,99,0,0,0,0,3,7,1,10921,0,1608,2007,SR-25,1E+20,0,33283564,86305458,1,1
1,43,10,19,17,30,1,4,0,0,6,4,0,34,0,1,4,1,2,45,2,2,2,1,0,0,0,1,1,0,0,99,99,17,35,99,99,0,0,0,0,3,6,1,10922,9997,0,2007,1432,1E+20,0,34142117,86562272,1,1
1,101,12,13,22,31,1,1,0,0,15,6,0,42,0,1,4,1,2,55,2,1,2,1,0,0,0,2,1,0,0,22,35,22,45,0,0,0,0,0,0,1,5,0,10923,2130,0,2007,1137,0,0,32224633,86240709,1,1
1,103,12,24,11,16,2,2,0,0,12,2,0,12,1,3,1,2,2,50,1,1,2,1,3,3,0,1,1,0,0,11,18,11,22,0,0,0,0,0,0,1,2,0,10924,890,0,2007,US-SR3,0,0,34331949,86582445,2,1
1,93,12,28,16,34,1,1,0,0,4,3,0,1,0,1,4,1,2,45,1,2,2,1,0,0,0,1,1,0,0,99,99,16,39,0,0,0,0,0,0,1,6,1,10925,270,0,2007,SR-241,1E+20,0,34151295,87435213,1,1
1,115,11,29,0,1,2,2,0,0,3,2,0,12,5,2,1,1,2,55,1,1,2,1,0,0,0,2,1,0,0,0,4,0,7,99,99,0,0,0,0,1,5,0,10926,9997,0,2007,US-SR7,8928,0,33442545,86295777,2,1
1,89,12,22,17,10,3,8,1,1,11,1,0,8,0,1,1,3,3,70,1,1,2,1,0,0,0,3,1,0,0,99,99,17,21,0,0,0,0,0,0,1,7,1,10927,1730,170,2007,I-65,1E+20,0,34431012,86373902,3,1
1,79,12,24,16,0,1,1,0,0,5,6,0,52,0,1,2,1,2,45,2,1,2,1,0,0,0,1,1,0,1,99,99,16,2,0,0,0,0,0,0,1,2,0,10928,800,0,2007,1461,1E+20,0,34400864,87185321,1,1
1,71,12,20,14,48,2,3,0,1,12,2,0,12,5,2,1,2,2,60,1,1,2,2,20,3,0,1,2,0,0,14,49,14,56,99,99,0,0,0,0,1,5,0,10929,2720,0,2007,US-SR2,AL HWY 79,0,34371666,86054637,2,2
1,89,10,12,11,50,2,2,0,1,12,2,0,12,4,1,1,2,4,50,1,1,2,1,0,0,0,1,1,0,0,99,99,99,99,99,99,0,0,0,0,1,6,0,10930,1730,0,2007,US-SR 2,1E+20,0,34445502,86460910,2,1
1,97,8,24,19,50,1,5,2,0,14,6,0,8,0,1,1,1,2,40,1,1,2,1,0,0,0,5,1,0,0,19,52,19,55,99,99,0,0,0,0,1,6,0,10931,2100,0,2007,5002,0,0,30392267,88060563,1,1
1,89,12,20,1,30,1,2,1,1,12,2,0,8,0,1,1,2,3,99,1,1,2,1,0,0,0,2,1,0,0,99,99,1,33,99,99,0,0,0,0,1,5,0,10932,1730,0,2007,US-SR 53,1E+20,0,34354557,86334331,1,1
1,97,9,9,18,35,2,2,0,0,12,6,0,12,2,2,1,2,2,40,1,2,2,1,3,3,0,5,1,0,0,99,99,19,1,99,99,0,0,0,0,1,1,0,10933,2100,0,2007,6051,2340,0,30412197,88102516,2,1
1,83,12,8,4,55,1,1,0,0,2,2,0,1,0,1,1,2,2,65,1,1,2,1,0,0,0,2,1,0,0,99,99,5,15,99,99,0,0,0,0,1,7,1,10934,0,3440,2007,US-SR 3,1E+20,0,34410445,86570463,1,1
1,61,6,10,1,30,1,1,0,0,3,3,0,42,0,1,4,1,2,55,1,2,2,1,0,0,0,2,1,0,0,7,27,7,40,99,99,0,0,0,0,1,1,0,10935,0,38,2007,SR-153,0,0,31021933,86061103,1,1
1,3,12,11,8,0,2,5,0,1,2,2,0,12,1,1,1,2,2,55,1,1,2,1,0,0,0,1,1,0,0,99,99,8,18,99,99,0,0,0,0,1,3,0,10936,0,159,2007,US-SR 3,1E+20,0,30484492,87461702,2,1
1,97,10,19,12,10,3,3,0,1,2,2,0,12,5,8,1,1,2,55,1,3,2,1,0,0,0,1,1,0,0,12,45,13,15,0,0,0,0,0,0,1,6,0,10937,0,250,2007,US-SR17,0,0,31003181,88135924,3,1
1,71,10,29,8,16,2,2,0,0,14,3,0,12,5,2,1,1,2,55,1,1,2,1,20,3,0,1,1,0,0,99,99,8,25,99,99,0,0,0,0,1,2,0,10938,2720,0,2007,SR-35,893,0,34411009,86071898,2,1
1,73,12,15,7,35,3,3,0,1,11,1,0,12,2,1,1,2,3,70,1,1,2,1,0,0,0,1,1,0,0,99,99,7,45,99,99,0,0,0,0,2,7,1,10939,0,177,2007,I-459,1E+20,0,33245759,86452179,3,1
1,103,12,20,20,15,1,2,0,0,3,4,0,42,0,1,4,1,2,45,2,2,2,2,0,0,0,2,2,0,0,99,99,20,30,99,99,0,0,0,0,2,5,0,10940,0,0,2007,1356,1E+20,0,34324054,86505084,1,2
1,89,11,26,18,9,2,2,0,0,3,4,0,12,2,3,1,1,2,45,1,1,2,1,0,0,0,1,1,0,0,99,99,18,11,99,99,0,0,0,0,1,2,1,10941,0,0,2007,1305,7670,0,34482400,86310397,2,1
1,65,12,22,3,30,2,1,0,0,6,6,0,12,1,1,1,1,2,25,1,2,2,1,0,0,0,3,1,0,0,99,99,3,15,0,0,0,0,0,0,1,7,1,10942,1450,0,2007,5069,1E+20,0,32421091,87351561,1,1
1,97,12,23,15,45,1,2,1,0,15,4,0,8,0,1,2,1,2,45,1,1,2,1,0,0,0,1,1,0,0,99,99,16,1,0,0,0,0,0,0,1,1,1,10943,0,0,2007,1597,1E+20,0,30480275,88153448,1,1
1,125,11,26,23,55,1,1,0,0,4,3,0,42,0,1,4,1,2,55,2,1,2,1,0,0,0,2,1,0,0,0,0,0,0,0,0,0,0,0,0,1,2,0,10944,0,194,2007,SR-216,0,0,33163439,87124023,1,1
1,3,12,2,2,27,2,3,0,0,15,6,0,12,5,8,1,1,2,45,1,1,2,1,0,0,0,3,1,0,0,99,99,2,32,99,99,0,0,0,0,1,1,0,10945,1210,0,2007,1124,0,0,30221270,87410913,2,1
1,59,12,3,10,30,2,2,0,1,2,3,0,12,5,2,1,2,2,55,1,2,2,1,20,3,0,1,1,0,0,10,35,10,38,0,0,0,0,0,0,1,2,0,10946,0,311,2007,SR-24,8288,0,34292184,87391289,2,1
1,83,12,24,18,30,2,3,0,1,2,2,0,12,5,1,1,1,4,60,1,1,2,1,0,0,0,2,1,0,0,99,99,18,37,99,99,0,0,0,0,1,2,0,10947,0,608,2007,US-SR 2,1E+20,0,34480552,87124064,2,1
1,97,12,25,4,15,1,1,0,1,4,4,0,42,0,1,4,1,2,25,1,1,9,2,0,0,0,2,1,0,0,99,99,5,40,0,0,0,0,0,0,1,3,1,10948,0,0,2007,1707,1E+20,0,31032211,88173584,1,1
1,89,1,4,2,7,1,2,0,0,15,6,0,39,0,1,2,1,2,35,1,2,2,1,0,0,0,3,1,0,0,2,7,2,15,99,99,0,20,0,0,1,5,0,10949,1730,0,2007,6991,0,0,34455296,86375764,1,1
1,89,8,1,9,59,1,4,1,0,14,6,0,8,0,2,1,1,3,35,1,1,2,1,28,3,0,1,1,0,0,99,99,10,1,99,99,0,0,0,0,1,4,0,10950,1730,0,2007,6008,4596,0,34431626,86344737,1,1
1,97,4,21,0,1,1,1,0,1,11,1,0,25,0,1,2,3,4,65,2,2,2,1,0,0,0,3,1,0,0,99,99,0,4,0,0,0,0,0,0,1,7,0,10951,2100,240,2007,I-10,0,0,30395496,88030736,1,1
1,97,5,5,17,58,1,1,0,0,14,6,0,33,0,1,2,1,2,40,2,2,2,1,0,0,0,5,1,0,0,99,99,18,20,0,0,0,0,0,0,1,7,1,10952,2100,0,2007,5874,0,0,30372410,88102447,1,1
1,97,6,10,3,50,1,2,0,1,12,2,0,33,0,1,2,1,2,40,1,1,2,1,0,0,0,3,1,0,0,3,55,3,59,99,99,0,0,0,0,1,1,0,10953,2100,0,2007,US-SR42,0,0,30435654,88103005,1,1
1,97,8,23,20,40,2,3,0,0,14,6,0,12,5,2,1,2,4,40,1,1,2,1,1,3,0,3,1,0,0,99,99,20,45,99,99,0,0,0,0,1,5,0,10954,2100,0,2007,7061,6978,0,30424033,88101262,2,1
1,97,6,12,18,44,1,4,1,0,12,2,0,9,0,1,1,1,4,35,1,1,2,2,0,0,0,1,2,1,0,18,44,18,49,99,99,0,0,0,0,1,3,0,10955,2100,0,2007,US-SR42,0,0,30415240,88062349,1,2
1,123,11,5,9,16,2,2,0,1,12,2,0,12,5,2,1,2,2,65,1,1,2,1,20,3,0,1,1,0,0,99,99,9,19,99,99,0,0,0,0,1,2,0,10956,60,0,2007,US-SR 38,927,0,32542529,85553821,2,1
1,97,12,2,4,24,1,5,1,1,12,6,0,8,0,1,1,2,2,45,1,1,2,1,0,0,0,2,1,0,0,99,99,4,25,0,0,0,0,0,0,1,1,0,10957,2100,0,2007,1346,1E+20,0,30411422,88124711,1,1
1,97,12,18,23,15,1,2,1,0,12,2,0,8,0,1,1,2,2,50,1,2,2,1,0,0,0,2,1,0,0,99,99,23,19,0,0,0,0,0,0,1,3,0,10958,2100,0,2007,US-SR 16,1E+20,0,30363747,88094176,1,1
1,123,11,18,13,28,2,2,0,1,12,2,0,12,5,2,1,2,2,65,1,3,2,1,5,3,0,1,1,0,0,13,29,13,30,99,99,0,0,0,0,1,1,0,10959,60,0,2007,US-SR38,927,0,32542459,85553862,2,1
1,43,12,1,4,40,1,1,0,1,2,2,0,1,0,1,4,1,2,55,1,2,2,1,0,0,0,2,1,0,0,4,45,5,5,0,0,0,0,0,0,1,7,0,10960,0,908,2007,US-SR74,0,0,34102944,86390292,1,1
1,55,10,25,13,13,2,6,0,0,3,6,0,12,5,2,1,1,2,25,1,2,2,1,20,3,0,1,1,0,0,99,99,13,14,99,99,0,0,0,0,1,5,0,10961,1280,0,2007,5595,1886,0,34010879,86012584,2,1
1,43,12,3,15,35,2,2,0,1,2,2,0,12,5,2,1,1,2,55,1,1,2,1,5,3,0,1,1,0,0,99,99,15,50,99,99,0,0,0,0,1,2,0,10962,0,854,2007,US-SR 74,8160,0,34104243,86443318,2,1
1,101,12,22,4,30,1,1,0,0,16,6,0,34,0,1,4,1,2,55,2,1,2,2,0,0,0,2,1,0,0,99,99,4,7,99,99,0,0,0,0,1,7,0,10963,2130,0,2007,1137,0,0,32231541,86235220,1,1
1,109,12,19,6,0,2,2,0,1,19,2,0,12,1,1,1,2,2,65,1,2,2,1,0,0,0,4,1,0,0,99,99,6,5,99,99,0,0,0,0,1,4,0,10964,3040,800,2007,US-SR 10,1E+20,0,99999999,999999999,2,1
1,101,12,10,18,20,1,2,1,0,16,6,0,8,0,1,1,1,2,30,1,1,2,1,0,0,0,3,1,0,0,99,99,18,24,99,99,0,0,0,0,1,2,0,10965,2130,0,2007,5090,1E+20,0,99999999,999999999,1,1
1,117,11,18,13,35,1,2,0,0,15,4,0,34,0,1,4,1,2,45,2,2,2,1,0,0,0,1,1,0,0,99,99,13,41,99,99,0,0,0,0,1,1,1,10966,47,0,2007,5067,1E+20,0,99999999,999999999,1,1
1,127,11,30,17,30,1,1,0,0,14,3,0,34,0,1,4,1,2,45,2,2,2,1,0,0,0,2,1,0,0,99,99,17,40,99,99,0,0,0,0,1,6,0,10967,1780,0,2007,SR-69,1E+20,0,99999999,999999999,1,1
1,83,11,3,10,56,2,2,1,1,12,2,0,24,0,1,2,2,2,55,1,1,2,1,0,0,0,1,1,0,0,99,99,10,59,99,99,0,0,0,0,1,7,0,10968,9997,0,2007,US-SR 3,1E+20,0,99999999,999999999,1,1
1,73,1,28,11,44,2,2,0,0,14,2,0,12,2,1,1,1,3,50,2,2,2,1,0,0,0,1,1,0,0,99,99,11,50,0,0,0,0,0,0,1,1,0,10969,1850,0,2007,US-SR4,0,0,99999999,999999999,2,1
1,39,3,3,12,54,2,2,0,1,12,2,0,12,5,4,1,2,4,45,1,2,2,1,0,0,0,1,1,0,0,99,99,12,56,99,99,0,0,0,0,1,7,1,10970,90,0,2007,US-SR12,0,0,99999999,999999999,2,1
1,55,4,21,18,15,1,1,0,0,4,6,0,42,0,1,4,1,2,35,2,1,2,1,0,0,0,1,1,0,0,18,20,18,25,0,0,0,0,0,0,1,7,0,10971,2562,0,2007,1053,0,0,99999999,999999999,1,1
1,101,5,6,1,34,1,1,0,1,12,2,0,23,0,1,2,2,3,55,1,2,2,1,0,0,0,3,1,0,0,99,99,1,40,99,99,0,0,0,0,1,1,1,10972,2130,0,2007,US-SR 8,1E+20,0,99999999,999999999,1,1
1,15,5,16,14,56,2,6,0,1,12,2,0,12,2,2,1,2,4,50,1,1,2,2,3,3,0,1,2,0,0,14,58,15,3,99,99,0,0,0,0,1,4,0,10973,2460,0,2007,US-SR74,SR-9,0,99999999,999999999,2,2
1,11,6,12,11,20,1,2,0,0,3,3,0,34,0,1,4,1,2,55,1,1,2,1,0,0,0,1,1,0,0,99,99,12,5,0,0,0,0,0,0,2,3,0,10974,0,237,2007,SR-110,1E+20,0,99999999,999999999,1,1
1,15,8,11,18,18,2,4,0,0,14,6,0,12,5,1,1,1,2,45,1,1,2,1,7,3,0,1,1,0,0,99,99,18,22,99,99,0,0,0,0,1,7,0,10975,2370,0,2007,1065,1E+20,0,99999999,999999999,2,1
1,7,11,9,21,5,1,3,0,0,4,4,0,42,0,1,4,1,2,35,2,2,2,1,0,0,0,3,1,0,0,99,99,21,26,99,99,0,0,0,0,1,6,0,10976,3240,0,2007,1064,1E+20,0,99999999,999999999,1,1
1,87,8,21,18,18,1,1,0,0,15,6,0,38,0,1,4,1,2,25,1,1,2,1,0,0,0,1,1,0,0,99,99,18,23,99,99,0,0,0,0,1,3,0,10977,3070,0,2007,1135,1E+20,0,99999999,999999999,1,1
1,87,5,5,1,24,1,2,1,0,15,3,0,8,0,2,1,1,2,45,1,1,2,1,0,0,0,3,1,0,0,99,99,2,14,0,0,0,0,0,0,1,7,0,10978,3070,0,2007,SR-8,551,0,99999999,999999999,1,1
1,73,9,7,9,36,1,4,0,1,11,1,0,1,0,1,1,2,3,60,1,1,1,1,0,0,0,1,1,0,0,9,37,9,46,99,99,0,0,0,0,1,6,0,10979,0,2495,2007,I-65,0,0,99999999,999999999,1,1
1,109,2,4,3,25,1,2,0,0,15,4,0,34,0,1,4,1,2,45,1,2,2,1,0,0,0,2,1,0,0,99,99,3,36,99,99,0,0,0,0,1,1,1,10980,3040,0,2007,1092,0,0,99999999,999999999,1,1
1,125,8,14,7,35,3,4,0,0,14,6,0,12,5,2,1,1,2,35,1,2,2,1,20,3,0,1,1,0,0,99,99,7,40,99,99,0,0,0,0,1,3,0,10981,3050,0,2007,5558,550,0,99999999,999999999,3,1
1,73,11,24,4,50,1,3,1,9,99,2,0,8,0,1,1,1,3,65,1,1,2,1,0,0,0,2,1,0,0,99,99,5,32,99,99,0,0,0,0,1,7,0,10982,0,920,2007,US-SR4,0,0,99999999,999999999,1,1
1,49,12,12,21,53,4,4,0,9,99,3,0,12,2,1,1,1,2,55,2,2,2,1,0,0,0,2,5,0,0,99,99,22,0,99,99,0,0,0,0,1,4,0,10983,1230,0,2007,SR-35,0,0,99999999,999999999,4,5
1,97,12,24,19,30,2,4,0,9,99,6,0,12,1,2,1,1,2,45,1,2,1,1,20,3,0,3,1,0,0,99,99,19,40,99,99,0,0,0,0,1,2,1,10984,2100,0,2007,1171,5899,0,99999999,999999999,2,1
1,115,11,12,17,9,2,3,0,9,99,3,0,12,2,1,1,1,2,35,1,1,2,1,0,0,0,2,1,0,0,17,11,17,13,99,99,0,0,0,0,1,2,1,10985,2410,0,2007,SR-34,0,0,99999999,999999999,2,1
1,73,11,16,2,12,1,1,0,9,99,4,0,42,0,1,4,1,2,40,1,1,2,1,0,0,0,3,1,0,0,99,99,2,24,0,0,0,0,0,0,1,6,0,10986,0,0,2007,1027,0,0,99999999,999999999,1,1
1,87,6,30,6,45,1,1,0,9,99,6,0,33,0,1,2,1,2,15,1,2,2,1,0,0,0,1,1,0,0,99,99,7,25,0,0,0,0,0,0,1,7,1,10987,3070,0,2007,5121,0,0,99999999,999999999,1,1
1,73,11,30,2,30,1,1,0,9,99,4,0,42,0,1,4,1,2,30,2,2,2,1,0,0,0,2,1,0,0,99,99,2,40,0,0,0,0,0,0,1,6,0,10988,0,0,2007,1463,1E+20,0,99999999,999999999,1,1
1,73,4,19,14,8,2,2,0,9,99,4,0,12,8,1,1,1,2,50,2,1,2,1,0,0,0,1,1,0,0,99,99,14,13,99,99,0,0,0,0,1,5,0,10989,0,0,2007,1583,1E+20,0,99999999,999999999,2,1
1,73,4,26,6,0,3,4,0,9,99,3,0,12,8,1,1,1,2,55,2,2,2,2,0,0,0,4,2,0,0,99,99,6,10,99,99,0,0,0,0,1,5,0,10990,0,221,2007,SR-269,1E+20,0,99999999,999999999,3,2
1,73,1,14,6,33,2,2,0,0,14,3,0,12,2,1,1,1,2,55,2,1,2,1,0,0,0,4,1,0,0,99,99,6,48,0,0,0,0,0,0,2,1,0,10991,330,0,2007,SR-150,0,0,99999999,999999999,2,1
1,73,1,19,14,26,3,5,0,1,12,1,0,12,2,1,1,2,4,70,1,1,2,1,0,0,0,1,1,0,0,99,99,14,38,99,99,0,0,0,0,1,6,0,10992,330,1067,2007,I-20,0,0,99999999,999999999,3,1
1,125,12,23,18,13,1,1,0,9,99,6,0,33,0,1,2,2,2,55,1,1,2,1,0,0,0,2,1,0,0,99,99,18,23,0,0,0,0,0,0,1,1,0,10993,3050,0,2007,1185,0,0,99999999,999999999,1,1
1,73,10,12,20,30,1,5,0,9,99,2,0,18,0,1,3,2,4,65,1,2,2,1,0,0,0,2,1,0,1,99,99,20,43,99,99,0,0,0,0,1,6,0,10994,20,0,2007,US-SR 5,1E+20,0,99999999,999999999,1,1
1,73,8,20,15,17,1,1,0,9,99,4,0,10,0,6,1,1,2,99,1,2,2,1,70,3,0,1,1,0,0,99,99,14,22,99,99,0,0,0,0,1,2,0,10995,0,0,2007,5079,23,843931T,99999999,999999999,1,1
1,73,10,9,6,3,2,2,0,9,99,4,0,12,2,1,1,1,2,40,2,3,2,1,0,0,0,2,1,0,0,99,99,6,8,99,99,0,0,0,0,1,3,0,10996,0,0,2007,1111,0,0,99999999,999999999,2,1
1,73,10,15,14,30,2,3,1,1,99,1,0,8,0,1,1,3,4,60,1,1,2,1,0,0,0,1,1,0,0,99,99,14,46,99,99,0,0,0,0,1,2,0,10997,350,1220,2007,I-59,1E+20,0,99999999,999999999,2,1
1,73,2,21,6,10,1,1,0,9,99,3,0,30,0,1,4,2,2,45,1,2,2,2,0,0,0,4,2,0,0,99,99,99,99,99,99,0,0,0,0,1,4,0,10998,350,0,2007,SR-269,0,0,99999999,999999999,1,2
1,73,7,21,1,15,2,5,0,1,99,1,0,12,1,1,1,3,3,50,1,1,2,1,0,0,0,3,1,0,0,99,99,1,25,99,99,0,0,0,0,1,7,1,10999,350,1250,2007,I-59,1E+20,0,99999999,999999999,2,1
1,73,6,23,4,26,2,4,0,1,99,1,0,12,3,1,1,3,3,60,2,3,1,1,0,0,0,2,1,0,0,99,99,99,99,99,99,0,0,0,0,1,7,0,11000,350,1280,2007,I-59,0,0,99999999,999999999,2,1
1,125,11,11,3,5,2,2,0,9,99,2,0,12,2,1,1,2,4,50,1,1,2,1,0,0,0,2,1,0,0,99,99,3,10,99,99,0,0,0,0,1,1,0,11001,3050,0,2007,US-SR 6,1E+20,0,99999999,999999999,2,1
1,73,11,13,1,50,1,2,0,9,99,6,0,42,0,1,4,1,2,30,2,2,2,1,0,0,0,2,1,0,0,99,99,2,8,99,99,0,0,0,0,1,3,1,11002,350,0,2007,6863,1E+20,0,99999999,999999999,1,1
1,73,7,8,10,15,1,3,0,9,99,6,0,32,0,2,2,1,4,40,1,1,2,1,0,0,0,1,1,0,0,99,99,10,26,99,99,0,0,0,0,1,1,0,11003,350,0,2007,6810,852,0,99999999,999999999,1,1
1,73,7,12,17,30,2,2,0,1,99,1,0,12,1,1,1,2,3,50,1,1,1,1,0,0,0,1,1,0,0,99,99,17,35,99,99,0,0,0,0,1,5,0,11004,350,1235,2007,I-59,0,0,99999999,999999999,2,1
1,73,7,28,23,38,1,3,0,9,99,6,0,30,0,1,4,2,2,35,2,2,2,1,0,0,0,3,1,0,0,99,99,23,49,99,99,0,0,0,0,1,7,0,11005,350,0,2007,8140,0,0,99999999,999999999,1,1
1,73,2,1,6,35,1,2,1,9,99,2,0,8,0,1,1,1,2,35,1,1,2,2,0,0,0,4,2,0,0,99,99,6,42,0,0,0,0,0,0,1,5,0,11006,350,0,2007,US-SR 7,1E+20,0,99999999,999999999,1,2
1,73,6,16,3,50,2,3,1,1,99,1,0,8,0,10,1,3,4,60,1,2,2,1,0,0,2,2,1,0,0,99,99,4,3,0,0,0,0,0,0,1,7,0,11007,350,1230,2007,I-59,1771,0,99999999,999999999,2,1
1,73,4,21,5,35,1,2,1,9,99,9,0,8,0,1,1,3,3,40,1,1,2,1,0,0,0,4,1,0,0,99,99,5,42,99,99,0,0,0,0,1,7,0,11008,350,0,2007,6136,1E+20,0,99999999,999999999,1,1
1,73,11,1,2,32,2,3,0,9,99,2,0,12,5,2,1,2,4,55,2,2,1,1,3,3,0,2,1,0,0,99,99,2,44,99,99,0,0,0,0,2,5,0,11009,20,0,2007,US-SR5,21141,0,99999999,999999999,2,1
1,73,12,17,12,30,1,1,0,9,99,2,0,1,0,1,1,2,2,55,1,1,2,1,0,0,0,1,1,0,0,99,99,12,33,99,99,0,0,0,0,1,2,0,11010,20,1410,2007,US-SR 5,1E+20,0,99999999,999999999,1,1
2,90,1,8,17,45,2,2,0,0,14,6,0,13,4,1,1,1,2,55,2,2,2,4,0,0,0,2,5,0,0,17,45,17,51,18,50,0,0,0,0,1,2,0,20001,770,1,2007,FARMERS LOOP RD.,1E+20,0,64515813,147492374,2,5
2,20,1,18,19,16,1,3,1,1,12,3,0,8,0,1,1,3,2,65,1,1,2,1,0,0,0,2,1,0,0,19,16,19,29,0,0,0,16,0,0,1,5,0,20002,130,1,2007,SR-1 GLENN HIGHWAY,1E+20,0,61130320,149521562,1,1
2,20,1,17,0,3,1,2,1,0,14,6,0,8,0,2,1,1,2,45,1,3,2,4,2,3,0,3,1,0,0,0,4,0,7,0,17,0,16,0,0,1,4,1,20003,130,1,2007,TUDOR ROAD,PIPER STREET,0,61105100,149492372,1,1
2,170,1,8,21,24,2,4,0,0,14,5,0,13,4,1,1,1,2,55,1,1,2,4,0,0,0,2,1,0,0,21,25,21,28,21,50,0,0,0,0,1,2,0,20004,2000,17,2007,PALMER-FISHHOOK ROAD,1E+20,0,62012759,149554891,2,1
2,290,3,9,18,0,2,1,0,0,2,7,0,14,4,1,2,1,2,0,1,1,9,3,0,0,0,1,1,0,0,18,5,18,47,19,7,0,0,0,0,1,6,1,20005,1040,1,2007,HUD HOUSING ROAD,1E+20,0,66032495,154153029,2,1
2,170,1,15,10,5,2,3,0,1,2,3,0,12,2,1,1,1,2,55,2,1,2,4,0,0,0,1,1,0,0,10,5,10,15,10,37,0,0,0,0,2,2,0,20006,2790,500,2007,SR-3 PARKS HWY.,1E+20,0,61344917,149295088,2,1
2,90,2,4,3,0,1,3,1,0,14,6,0,8,0,2,1,1,4,30,1,1,2,3,2,3,2,3,1,0,0,9,30,9,45,0,0,0,16,0,0,1,1,2,20007,770,1,2007,GILLAM WAY,16TH AVE.,0,64495909,147434066,1,1
2,20,2,6,20,34,1,2,1,0,14,6,0,8,0,2,1,1,2,25,1,1,2,4,1,3,0,3,1,0,0,20,35,20,37,20,51,0,16,0,0,1,3,1,20008,130,1,2007,6TH AVE.,INGRA ST.,0,61125944,149520094,1,1
2,20,2,17,7,21,1,1,0,0,12,3,0,29,0,1,4,3,3,65,2,2,2,4,0,0,0,3,1,0,0,7,22,7,28,7,52,0,0,0,0,1,7,0,20009,130,10,2007,SR-1 GLENN HIGHWAY,MULDOON,0,61133703,149440059,1,1
2,20,3,9,20,1,1,2,1,0,14,6,0,8,0,2,1,1,4,25,1,1,2,4,2,3,0,3,1,0,0,20,3,20,8,20,19,0,0,0,0,1,6,1,20010,130,1,2007,FIREWEED LANE,ARCTIC BLVD.,0,61115526,149535269,1,1
2,20,4,22,22,19,2,3,0,0,12,3,0,13,2,1,1,3,3,65,1,2,2,1,0,0,0,3,1,0,0,22,26,22,31,22,53,1,0,0,0,1,1,0,20011,130,4,2007,SR-9 NEW SEWARD HWY.,HUFFMAN RD.,0,61063090,149510154,2,1
2,20,4,28,23,26,1,2,1,0,14,6,0,8,0,2,1,3,6,40,1,2,2,1,2,3,2,3,1,0,0,23,27,23,30,23,40,0,16,0,0,1,7,1,20012,130,1,2007,TUDOR ROAD,LAKE OTIS PARKWAY,0,61105094,149501745,1,1
2,20,4,30,21,27,2,4,0,0,15,6,0,12,4,2,1,3,4,45,2,1,2,1,2,3,0,3,1,0,0,21,29,21,32,21,42,0,0,0,0,1,2,2,20013,130,1,2007,36TH AVE.,A STREET,0,61111715,149525922,2,1
2,20,3,1,9,6,1,2,1,0,14,6,0,8,0,2,1,3,5,40,1,1,2,1,2,3,0,1,1,0,0,9,7,9,12,9,25,0,0,0,0,1,5,1,20014,130,1,2007,INTER. AIRPORT ROAD,ARCTIC BLVD.,0,61102508,149535262,1,1
2,290,1,11,9,5,2,2,0,0,6,5,0,12,3,2,1,1,2,25,1,1,4,3,0,0,0,1,4,0,0,9,7,9,18,0,0,0,0,0,0,1,5,2,20015,1544,1,2007,CHINANA STREET,G STREET,0,62573486,155353719,2,4
2,20,4,5,7,53,2,3,0,0,16,6,0,13,2,1,1,1,4,45,1,1,2,4,0,0,0,1,1,0,0,7,54,8,0,8,28,0,0,0,0,1,5,0,20016,130,2,2007,EAST DOWLING ROAD,QUINHAGAK STREET,0,61095905,149503598,2,1