STATE,COUNTY,MONTH,DAY,HOUR,MINUTE,VE_TOTAL,PERSONS,PEDS,NHS,ROAD_FNC,ROUTE,SP_JUR,HARM_EV,MAN_COLL,REL_JUNC,REL_ROAD,TRAF_FLO,NO_LANES,SP_LIMIT,ALIGNMNT,PROFILE,PAVE_TYP,SUR_COND,TRA_CONT,T_CONT_F,HIT_RUN,LGT_COND,WEATHER1,WEATHER2,C_M_ZONE,NOT_HOUR,NOT_MIN,ARR_HOUR,ARR_MIN,HOSP_HR,HOSP_MN,SCH_BUS,CF1,CF2,CF3,FATALS,DAY_WEEK,DRUNK_DR,ST_CASE,CITY,MILEPT,YEAR,TWAY_ID,TWAY_ID2,RAIL,LATITUDE,LONGITUD,VE_FORMS,WEATHER
2,20,5,5,14,37,2,3,0,0,14,6,0,12,3,2,1,3,4,50,1,1,2,1,2,3,0,1,1,0,0,14,39,14,46,15,9,0,0,0,0,1,7,0,20017,130,1,2007,TUDOR ROAD,PATTERSON,0,61105081,149445426,2,1
2,90,5,11,7,10,2,2,0,0,14,3,0,12,3,2,1,3,4,55,1,1,2,1,2,3,0,1,1,0,0,7,10,7,22,7,49,0,0,0,0,1,6,0,20018,770,1,2007,SR-4 RICHARDSON HWY,DAWSON ROAD,0,64443519,147182951,2,1
2,90,4,16,99,99,1,1,0,0,4,3,0,24,0,1,2,1,2,65,1,1,2,1,0,0,0,1,1,0,0,18,9,18,29,0,0,0,0,0,0,1,2,1,20019,770,3167,2007,SR-4 RICHARDSON HWY,1E+20,0,64481604,147340763,1,1
2,122,5,19,5,15,2,2,0,0,4,3,0,12,2,1,1,3,4,55,1,1,2,1,0,0,0,1,1,0,0,5,15,5,28,5,55,0,0,0,0,1,7,1,20020,480,596,2007,SR-1 STERLING HWY,1E+20,0,60292240,149592727,2,1
2,90,6,7,18,34,3,4,0,0,14,3,0,12,4,2,1,2,4,55,1,1,2,1,20,3,0,1,1,0,0,18,37,18,41,19,2,0,0,0,0,1,5,0,20021,1895,1,2007,SR-4 RICHARDSON HWY.,LAWERENCE ROAD,0,64440228,147165144,3,1
2,240,2,28,22,5,1,1,0,1,2,3,0,32,0,1,4,1,2,0,1,1,4,3,0,0,0,2,4,0,0,22,9,22,38,0,0,0,2,22,0,1,4,1,20022,565,14065,2007,SR-3 ALASKA HWY.,1E+20,0,63564692,145270956,1,4
2,170,6,20,17,56,3,3,0,0,4,3,0,12,4,1,1,1,2,65,1,1,2,1,0,0,0,1,1,0,0,17,56,18,8,18,49,0,0,0,0,2,4,0,20023,2823,937,2007,SR-3 Parks Highway,1E+20,0,61565749,150032053,3,1
2,20,6,4,21,33,3,3,0,0,14,3,0,12,3,5,1,6,1,45,2,1,2,1,2,3,0,1,1,0,0,21,35,21,39,21,54,0,0,0,0,1,2,0,20024,130,1,2007,SR-1 OLD SEWARD HWY.,RABBIT CREEK OFFRAMP,0,61045479,149492389,3,1
2,20,6,25,19,35,1,1,0,0,16,6,0,42,0,1,4,1,2,45,2,2,2,1,0,0,0,1,1,0,0,19,36,19,41,0,0,0,0,0,0,1,2,1,20025,130,1,2007,DEARMOUN ROAD,VON SCHEBEN,0,61060504,149451796,1,1
2,122,6,26,15,40,1,7,0,0,5,3,0,34,0,1,5,1,4,55,2,2,2,1,0,0,0,1,1,0,0,15,40,16,2,99,99,0,0,0,0,2,3,0,20026,1620,245,2007,SR-1 Seward Highway,1E+20,0,60261778,149223180,1,1
2,90,6,29,13,30,1,1,0,0,14,3,0,24,0,1,4,1,2,55,2,2,2,1,0,0,0,1,1,0,0,13,31,13,56,14,15,0,0,0,0,1,6,0,20027,770,188,2007,SR-2 STEESE HIGHWAY,1E+20,0,64513333,147403396,1,1
2,90,7,1,7,3,1,4,0,0,16,6,0,1,0,1,5,1,2,55,2,1,2,1,0,0,0,1,1,0,0,99,99,99,99,99,99,0,0,0,0,1,1,1,20028,770,130,2007,CHENA HOT SPRINGS RD,1E+20,0,64531821,147171355,1,1
2,170,7,6,16,13,2,3,0,0,4,3,0,12,2,1,1,1,4,55,2,2,2,1,0,0,0,1,1,0,0,16,13,16,21,99,99,0,0,0,0,1,6,1,20029,2000,662,2007,SR-1 GLENN HIGHWAY,1E+20,0,61404715,149030016,2,1
2,20,7,13,1,4,1,1,0,0,16,6,0,11,0,1,1,1,2,45,1,2,2,1,0,0,0,2,1,0,0,1,5,1,8,0,0,0,0,0,0,1,6,0,20030,130,1,2007,BIRCH ROAD,ORTH STREET,0,61045664,149462741,1,1
2,122,7,14,17,18,2,4,0,0,13,3,0,12,2,1,1,2,4,65,1,1,2,1,0,0,0,1,1,0,0,17,18,17,23,17,43,0,0,0,0,1,7,0,20031,1020,612,2007,SR-1 SEWARD HIGHWAY,1E+20,0,60320873,149322361,2,1
2,20,7,17,11,59,2,2,0,0,14,3,0,12,1,1,1,3,4,45,1,2,2,1,40,3,0,1,1,0,1,12,0,12,11,13,11,0,0,0,0,1,3,0,20032,130,10,2007,SR-1 GLENN HIGHWAY,1E+20,0,61130285,149515532,1,1
2,261,7,7,19,26,1,3,0,0,4,3,0,1,0,1,1,1,2,65,1,1,2,1,0,0,0,1,1,0,0,19,26,20,2,21,35,0,0,0,0,1,7,0,20033,500,160,2007,SR-10 COPPER RIVER H,1E+20,0,60291893,145265021,1,1
2,110,7,14,5,56,1,1,0,0,14,3,0,1,0,1,1,1,2,55,2,1,2,1,0,0,0,1,1,0,0,5,56,6,13,0,0,0,0,0,0,1,7,0,20034,1130,190,2007,SR-7 GLACIER HIGHWAY,1E+20,0,58382631,134563901,1,1
2,122,7,26,3,46,2,2,0,0,3,3,0,12,2,1,1,1,2,45,2,1,2,1,0,0,0,3,1,0,0,3,46,3,50,99,99,0,0,0,0,1,5,1,20035,480,535,2007,SR-1 STERLING HWY,1E+20,0,60292978,149583161,2,1
2,270,6,5,21,16,1,2,1,0,6,5,0,8,0,1,1,1,2,15,1,1,4,5,0,0,0,1,2,7,0,0,0,0,0,0,0,0,0,0,0,1,3,1,20036,70,1,2007,ANDERSON STREET,1E+20,0,62413361,164403262,1,2
2,20,7,21,18,49,2,4,0,0,12,3,0,12,2,1,1,1,2,55,2,1,2,1,0,0,0,1,1,0,0,18,49,19,2,0,0,0,0,0,0,1,7,0,20037,130,1110,2007,SR-1 SEWARD HIGHWAY,1E+20,0,61011142,149452193,2,1
2,90,3,17,20,19,2,3,0,0,15,6,0,12,2,2,1,1,2,50,2,1,2,1,1,3,0,2,1,0,0,20,19,20,24,20,41,0,0,0,0,1,7,1,20038,770,1,2007,BADGER ROAD,PERIDOT,0,64464363,147223499,2,1
2,261,7,20,17,41,2,6,0,0,5,3,0,12,2,1,1,1,2,55,1,3,2,1,0,0,0,1,1,0,0,17,41,17,51,18,9,0,0,0,0,1,6,0,20039,870,1555,2007,SR-1 GLENN HIGHWAY,1E+20,0,62072397,145282622,2,1
2,122,7,31,21,17,1,2,0,0,5,3,0,42,0,1,6,1,2,45,2,1,2,1,0,0,0,1,1,0,0,21,17,21,28,0,0,0,0,0,0,2,3,2,20040,2455,810,2007,SR-1 STERLING HWY.,1E+20,0,60300498,150583642,1,1
2,240,7,1,17,58,1,5,0,0,4,3,0,11,0,1,1,1,2,65,1,1,2,1,0,0,0,1,1,0,0,18,1,18,14,19,7,0,0,0,0,2,1,0,20041,565,2693,2007,SR-4 RICHARDSON HWY.,1E+20,0,64103253,145523582,1,1
2,90,7,10,20,39,2,2,0,0,16,6,0,12,7,2,1,1,2,35,1,1,2,1,2,3,0,1,1,0,0,20,39,20,50,21,7,0,0,0,0,1,3,0,20042,770,0,2007,UNIVERSITY AVE.,JOHANSEN EXPRESSWAY,0,64505635,147484543,2,1
2,90,7,22,22,47,2,3,0,0,16,6,0,12,4,2,1,1,2,40,1,1,2,2,20,3,0,3,2,1,0,22,47,22,55,23,16,0,0,0,0,1,1,1,20043,810,0,2007,GOLD STREAM ROAD,SR-2 OLD STEESE HWY.,0,64563502,147391453,2,2
2,90,8,1,22,49,1,2,1,0,16,6,0,9,0,2,1,1,2,40,1,1,2,1,2,3,0,3,1,0,0,22,50,23,2,0,0,0,0,0,0,1,4,1,20044,770,0,2007,GEIST ROAD,UNIVERSITY AVE.,0,64505691,147484519,1,1
2,270,6,28,23,20,1,5,0,0,6,5,0,1,0,1,4,1,2,40,2,2,4,5,0,0,0,3,7,6,0,99,99,99,99,99,99,0,0,0,0,2,5,1,20045,2217,1,2007,ST. MARYS AIRPORT RD,1E+20,0,62024586,163150950,1,6
2,20,7,6,22,55,2,2,0,0,16,6,0,12,3,2,1,1,4,45,1,1,2,1,2,3,0,3,1,0,0,22,59,23,2,23,25,0,20,0,0,1,6,1,20046,130,0,2007,MINNESOTA DRIVE,NORTHERN LIGHTS BLVD,0,61114299,149544710,2,1
2,20,7,23,14,41,2,3,0,0,16,6,0,12,4,1,1,1,4,45,1,2,2,1,20,3,0,1,1,0,0,14,41,14,45,14,59,0,0,0,0,1,2,0,20047,130,1,2007,LAKE OTIS PARKWAY,1E+20,0,61064483,149500300,2,1
2,122,8,23,17,44,2,3,0,0,5,3,0,12,2,1,1,1,2,55,2,1,2,1,0,0,0,1,1,0,0,17,44,17,57,18,25,0,0,0,0,1,5,0,20048,1230,1067,2007,SR-1 Sterling Hwy.,1E+20,0,60210928,151125017,2,1
2,90,8,29,14,30,1,2,0,0,4,3,0,11,0,1,1,1,2,65,1,1,2,1,0,0,0,1,1,0,0,14,30,14,57,15,40,0,0,0,0,1,4,0,20049,770,3245,2007,SR-2 RICHARDSON HWY.,1E+20,0,64361313,147035498,1,1
2,170,9,18,22,12,1,1,0,1,1,3,0,1,0,1,1,1,2,65,1,2,2,2,0,0,0,2,2,1,0,22,12,22,31,0,0,0,0,0,0,1,3,0,20050,2500,939,2007,SR-3 PARKS HIGHWAY,1E+20,0,62075420,150022147,1,2
2,170,9,26,19,55,1,1,0,0,16,6,0,42,0,3,6,1,2,30,2,1,2,2,0,0,0,3,1,0,0,19,55,19,59,20,33,0,0,0,0,1,4,0,20051,2790,6,2007,BEVERLY LAKE ROAD,PITTMAN ROAD,0,61360865,149375291,1,1
2,240,10,6,11,37,1,1,0,0,4,3,0,1,0,1,1,1,2,55,2,2,2,4,0,0,0,1,1,0,0,11,37,11,45,0,0,0,0,0,0,1,7,0,20052,565,1922,2007,SR-4 RICHARDSON HWY.,1E+20,0,64095672,145521889,1,1
2,20,9,13,0,9,1,2,1,0,16,6,0,8,0,2,1,3,6,45,1,1,2,2,0,0,2,3,1,0,0,0,10,0,11,0,20,0,0,0,0,1,5,0,20053,130,1,2007,LAKE OTIS PARKWAY,36TH AVE.,0,61111654,149501753,1,1
2,20,9,8,2,6,1,3,0,0,16,6,0,1,0,2,1,1,2,45,2,3,2,2,20,3,4,3,2,0,0,2,7,2,8,2,26,0,0,0,0,1,7,1,20054,130,1,2007,NORTHERN LIGHTS BLVD,LOIS DRIVE,0,61114289,149551350,1,2
2,90,10,6,18,42,1,4,0,0,16,6,0,1,0,2,1,1,2,25,2,3,2,3,20,3,0,5,1,0,0,18,42,18,50,19,5,0,0,0,0,1,7,1,20055,770,1,2007,Helios Ave.,Solar Ave.,0,64550318,147522567,1,1
2,90,10,10,17,20,3,4,0,0,12,6,0,13,2,5,1,6,4,55,1,2,2,4,0,0,0,1,1,0,0,17,20,17,31,99,99,0,0,0,0,2,4,1,20056,770,1,2007,MITCHELL EXPRESSWAY,AIRPORT BLVD.,0,64501291,147484537,3,1
2,16,10,15,0,10,1,3,0,0,6,5,0,34,0,1,6,1,2,0,2,1,4,5,0,0,0,2,7,1,0,1,30,1,42,99,99,0,0,0,0,1,2,1,20057,1758,2,2007,AIRPORT ROAD,1E+20,0,54182436,165295960,1,7
2,130,9,17,12,29,1,2,1,0,19,8,0,8,0,1,5,1,2,0,1,1,8,2,0,0,0,1,2,1,0,12,29,12,36,0,0,0,0,0,0,1,2,0,20058,1250,1,2007,BERTH 2,1E+20,0,55213868,131424637,1,2
2,170,10,19,4,51,2,2,0,0,13,3,0,12,2,2,1,1,4,55,2,2,2,1,0,0,0,3,1,0,0,4,51,5,0,5,17,0,0,0,0,1,6,1,20059,2790,1,2007,SR-10 PALMER/WASHWY.,NORTH PLYMOTH CIRCLE,0,61344698,149254377,2,1
2,170,8,28,22,5,1,1,0,0,4,3,0,32,0,1,4,1,2,65,1,2,2,1,0,0,0,2,1,0,0,22,45,22,45,0,0,0,0,0,0,1,3,1,20060,1030,539,2007,SR-3 PARKS HIGHWAY,1E+20,0,61344546,149435705,1,1
2,90,10,14,21,18,2,3,0,0,13,3,0,12,1,1,1,2,4,55,1,1,2,1,0,0,0,3,1,0,0,21,18,21,21,99,99,0,0,0,0,1,1,0,20061,770,3583,2007,SR-2 RICHARDSON HWY.,1E+20,0,64490192,147392805,2,1
2,20,11,10,8,38,1,2,1,0,16,6,0,8,0,2,1,1,4,25,1,1,2,3,2,3,0,3,1,0,0,8,39,8,42,0,0,0,0,0,0,1,7,0,20062,130,1,2007,A STREET,6TH AVE.,0,61125968,149525990,1,1
2,90,11,17,18,25,1,1,0,0,5,6,0,11,0,1,1,1,2,55,1,1,2,4,0,0,0,2,1,0,0,18,38,18,38,0,0,0,0,0,0,1,7,0,20063,2668,395,2007,CHENA HOT SPRINGS RD,1E+20,0,64520712,147024359,1,1
2,20,11,18,12,41,4,4,0,0,13,3,0,12,3,1,1,1,4,65,1,2,2,4,0,0,0,1,4,0,0,12,43,12,45,13,9,0,0,0,0,1,1,0,20064,130,1,2007,SR-9 NEW SEWARD HWY.,DIMOND BLVD.,0,61084093,149512388,4,4
2,90,11,29,18,29,2,2,0,0,12,3,0,12,2,1,1,1,2,50,2,2,2,4,0,0,0,2,4,0,0,18,29,18,36,0,0,0,0,0,0,1,5,0,20065,770,20,2007,SR-11 DALTON HWY.,1E+20,0,64525299,147504723,2,4
2,170,11,30,22,26,1,1,0,0,16,6,0,48,0,1,6,1,2,30,2,2,2,3,0,0,0,2,1,0,0,22,26,22,35,0,0,0,0,0,0,1,6,1,20066,2640,105,2007,PETERSVILLE ROAD,1E+20,0,62190522,150140938,1,1
2,170,12,9,10,3,2,3,0,0,16,6,0,12,4,2,1,1,2,55,1,1,2,4,0,0,0,1,1,0,0,10,5,10,9,10,50,0,0,0,0,1,1,0,20067,2790,1,2007,knik goose bay road,careyshea street,0,61325581,149323462,2,1
2,20,12,2,21,54,1,1,0,0,13,3,0,11,0,1,1,2,4,65,1,3,2,1,0,0,0,3,1,0,0,21,55,22,0,22,10,0,0,0,0,1,1,0,20068,130,1,2007,SR-9 NEW SEWARD HWY.,1E+20,0,61095891,149512272,1,1
2,201,11,30,15,30,1,1,0,0,5,5,0,34,0,1,6,1,2,35,1,2,2,4,0,0,0,5,1,0,0,15,30,15,40,0,0,0,0,0,0,1,6,1,20069,1060,13,2007,HYDABURG HWY.,1E+20,0,55124901,132492135,1,1
2,90,11,6,6,58,2,2,0,0,12,6,0,12,3,10,1,1,4,55,1,1,2,4,2,3,0,3,1,0,0,6,58,7,10,7,22,0,0,0,0,1,3,0,20070,770,1,2007,MITCHELL EXPRESSWAY,UNIVERSITY AVE.,0,64500229,147484679,2,1
2,164,11,19,21,50,1,2,1,0,16,5,0,8,0,1,1,1,2,0,1,2,4,3,0,0,0,2,4,6,0,22,2,22,7,0,0,0,0,0,0,1,2,1,20071,1880,3,2007,2ND ROAD,1E+20,0,59580448,154511012,1,4
2,90,12,16,21,0,1,2,1,0,16,6,0,8,0,2,1,1,2,55,2,2,2,4,2,3,0,2,1,0,0,21,0,21,6,0,0,0,0,0,0,1,1,1,20072,1895,1,2007,BADGER ROAD,LIONS DRIVE,0,64470279,147231952,1,1
2,122,12,24,15,29,1,1,0,0,4,3,0,42,0,1,6,1,2,55,2,2,2,4,0,0,0,2,4,0,0,15,52,15,52,0,0,0,0,0,0,1,2,0,20073,2407,1040,2007,SR-1 STERLING HWY.,1E+20,0,60281476,151051691,1,4
2,20,11,30,23,47,2,3,0,0,16,6,0,12,3,2,1,1,4,40,1,1,2,1,2,3,0,3,1,0,0,23,55,0,1,0,25,0,0,0,0,1,6,1,20074,130,1,2007,36TH AVE.,A STREET,0,61111715,149525922,2,1
2,20,12,12,23,40,1,3,1,0,16,6,0,8,0,1,1,1,2,35,2,1,2,3,0,0,0,2,1,0,0,23,44,23,49,0,0,0,0,0,0,1,4,1,20075,130,1,2007,OLD INT. AIRPORT RD.,1E+20,0,61102043,149562935,1,1
2,130,12,29,3,20,2,3,0,0,5,3,0,12,2,1,1,1,2,50,1,2,2,3,0,0,0,3,4,1,0,3,22,3,26,3,39,0,0,0,0,1,7,1,20076,1250,104,2007,SR-7 N. TONGASS HWY.,1E+20,0,55214353,131423076,2,4
2,170,12,30,12,42,2,9,0,0,14,6,0,13,2,3,1,1,2,55,2,1,2,4,0,0,0,1,1,0,0,12,42,12,46,99,99,0,0,0,0,1,1,0,20077,2790,1,2007,KNIK-GOOSE BAY ROAD,FERN STREET,0,99999999,999999999,2,1
4,13,1,2,20,40,4,4,0,0,14,6,0,12,5,2,1,1,4,35,1,1,2,1,20,3,1,3,1,0,0,20,41,20,46,99,99,0,0,0,0,1,3,0,40001,370,0,2007,15TH AVE,COLTER,0,33304713,112052837,4,1
4,13,1,4,14,25,1,3,2,0,16,6,0,8,0,1,6,5,2,25,1,1,2,1,0,0,0,1,1,0,0,14,26,14,31,99,99,0,0,0,0,1,5,0,40002,490,0,2007,MILL AVE,1E+20,0,33205240,111561369,1,1
4,19,1,5,19,57,2,3,0,1,11,1,0,13,11,15,1,2,2,65,1,2,2,2,0,0,0,2,1,0,0,20,4,20,15,99,99,0,0,0,0,1,6,1,40003,219,396,2007,I-19,1E+20,0,31504814,110594266,2,1
4,21,1,5,21,10,1,3,0,0,4,3,0,27,0,1,6,1,2,40,2,1,2,2,0,0,0,2,1,0,0,21,16,21,26,22,19,0,0,0,0,1,6,2,40004,22,2000,2007,SR-88,1E+20,0,33271093,111294033,1,1
4,13,1,6,7,7,1,2,1,0,13,6,0,8,0,1,1,5,4,35,1,1,2,1,40,3,0,3,1,0,0,7,7,7,10,99,99,0,0,0,0,1,7,0,40005,370,0,2007,7TH AVE,1E+20,0,33260651,112045705,1,1
4,17,1,7,3,41,1,7,0,0,6,9,0,1,0,1,1,1,2,99,2,1,5,1,0,0,0,2,1,0,0,3,41,4,6,99,99,0,0,0,0,2,1,1,40006,0,0,2007,TERRITORIAL RD,1E+20,0,34542576,110301056,1,1
4,13,1,7,9,13,1,2,1,0,3,3,9,9,0,1,1,1,2,65,1,1,2,1,0,0,2,1,1,0,0,9,13,9,20,10,3,0,0,0,0,1,1,0,40007,0,1594,2007,SR-87,1E+20,0,33120757,111501305,1,1
4,13,1,7,13,15,1,3,1,0,13,6,0,8,0,1,1,9,9,40,1,1,2,1,0,0,0,1,1,0,0,99,99,99,99,99,99,0,0,0,0,1,1,0,40008,200,0,2007,67TH AVE,1E+20,0,33341745,112121038,1,1
4,13,1,9,21,51,2,2,0,0,13,6,0,12,3,2,1,3,3,40,1,1,2,1,2,3,0,3,1,0,0,21,51,21,55,99,99,0,0,0,0,1,3,1,40009,370,0,2007,BELL RD,35TH AVE,0,33382293,112080364,2,1
4,27,1,11,12,56,1,3,1,0,13,3,0,8,0,3,1,5,4,35,1,1,2,1,20,3,0,1,1,0,0,12,56,13,0,99,99,0,0,0,0,1,5,0,40010,620,24,2007,SR-8B,18TH ST,0,32414100,114372850,1,1
4,15,1,12,18,11,1,2,0,1,1,1,0,1,0,1,3,2,2,75,2,2,2,4,0,0,0,5,1,0,0,18,11,99,99,99,99,0,0,0,0,1,6,0,40011,0,849,2007,I-40,1E+20,0,35103625,113283687,1,1
4,5,1,12,18,35,1,3,0,1,1,1,0,1,0,1,4,2,2,75,2,2,2,3,0,0,0,2,4,0,0,18,43,18,59,99,99,0,0,0,0,2,6,1,40012,0,2182,2007,I-40,1E+20,0,35092811,111173858,1,4
4,13,1,14,16,44,1,5,0,1,11,1,0,1,0,1,4,3,6,55,1,1,2,1,0,0,0,1,1,0,0,16,44,16,47,99,99,0,0,0,0,1,1,0,40013,370,1467,2007,I-10,1E+20,0,33274277,112030763,1,1
4,13,1,16,20,19,3,8,0,0,14,6,0,33,0,1,3,3,3,45,2,1,2,1,0,0,0,3,1,0,0,20,19,20,25,99,99,0,0,0,0,1,3,0,40014,290,0,2007,DOBSON RD,1E+20,0,33222468,111524827,3,1
4,23,1,17,15,10,1,2,1,1,11,1,0,8,0,13,1,6,1,40,1,1,2,1,2,3,2,1,1,0,0,15,14,15,24,0,0,0,0,0,0,1,4,0,40015,330,0,2007,I-19 OFF RAMP,MARIPOSA RD,0,31215413,110564145,1,1
4,25,1,17,23,40,1,1,0,1,1,1,0,1,0,1,4,2,2,75,1,1,2,1,0,0,0,2,1,0,0,23,40,23,50,0,0,0,0,0,0,1,4,1,40016,0,2945,2007,I-17,1E+20,0,34390133,111475889,1,1
4,21,1,19,17,45,4,6,0,0,3,3,0,12,1,1,1,1,2,55,1,1,2,2,0,0,0,5,2,0,0,17,45,18,13,99,99,0,0,0,0,1,6,2,40017,70,1185,2007,SR-287,1E+20,0,32524690,111382778,4,2
4,15,1,21,1,16,1,2,0,0,3,4,0,1,0,1,6,1,2,35,2,1,2,1,40,3,0,2,1,0,0,1,16,1,31,99,99,0,0,0,0,1,1,1,40018,0,0,2007,MOHAVE COUNTY ROUTE1,1E+20,0,34452325,114284532,1,1
4,13,1,21,2,39,1,3,0,1,1,1,0,33,0,13,8,6,1,55,2,2,2,1,40,3,0,3,1,0,0,2,39,2,40,3,2,0,0,0,0,1,1,2,40019,370,1450,2007,I-10 Ramp,1E+20,0,33274578,112040968,1,1
4,12,1,24,13,33,3,6,0,1,2,3,0,12,1,1,1,1,2,55,1,2,2,1,40,3,0,1,1,0,0,99,99,99,99,99,99,0,0,0,0,1,4,0,40020,387,1108,2007,SR-95,1E+20,0,33413131,114130151,3,1
4,13,1,25,15,52,1,1,0,0,14,6,0,33,0,3,4,5,4,45,1,1,2,1,20,3,0,1,1,0,0,15,53,15,57,0,0,0,0,0,0,1,5,0,40021,370,0,2007,35TH AVE,PARKSIDE LN,0,33413928,112080526,1,1
4,19,1,28,0,19,3,4,0,1,13,6,0,12,1,1,1,3,3,40,1,1,2,1,0,0,0,3,1,0,0,99,99,99,99,99,98,0,0,0,0,1,1,1,40023,530,0,2007,BROADWAY RD,1E+20,0,32131746,110521431,3,1
4,13,1,31,21,44,3,3,0,0,14,6,0,12,5,2,1,9,9,40,1,1,2,1,3,3,1,3,1,0,0,21,44,21,52,99,99,0,0,0,0,1,4,1,40024,200,0,2007,UNION HILLS DR,67TH AVE,0,33390996,112121056,3,1
4,13,2,2,2,26,2,3,0,0,13,3,0,12,5,2,1,9,9,45,1,1,2,1,2,3,1,3,1,0,0,2,33,2,44,99,99,0,20,0,0,1,6,0,40025,290,1727,2007,SR-87,SOUTHERN AVE,0,33233582,111502426,2,1
4,13,2,2,7,14,1,2,1,0,13,6,0,8,0,1,1,5,5,40,1,1,2,1,0,0,0,4,1,0,0,7,14,7,16,0,0,0,0,0,0,1,6,0,40026,370,0,2007,THOMAS RD,1E+20,0,33284825,111581380,1,1
4,3,2,2,14,55,2,2,0,1,1,1,0,12,7,1,1,2,2,75,1,1,2,1,0,0,0,1,1,0,0,15,0,15,20,0,0,0,0,0,0,1,6,0,40027,0,3114,2007,I-10,1E+20,0,31590682,110115249,2,1
4,13,2,2,22,37,1,2,1,0,15,6,0,8,0,2,1,9,9,35,1,2,2,1,3,3,2,3,1,0,0,22,39,22,43,0,0,0,0,0,0,1,6,0,40028,420,0,2007,DRINKWATER BLVD,2ND ST,0,33292869,111551810,1,1
4,13,2,2,22,38,1,2,0,1,11,1,0,1,0,13,8,6,2,65,2,2,1,1,0,0,0,3,1,0,0,22,38,22,44,99,99,0,0,0,0,1,6,1,40029,370,2120,2007,I-17 RAMP,1E+20,0,33381587,112065504,1,1
4,27,2,4,5,10,2,2,0,1,13,2,0,12,4,1,1,1,2,55,1,1,2,1,0,0,0,2,1,0,0,5,18,5,25,99,99,0,0,0,0,1,1,0,40030,620,329,2007,US-95,1E+20,0,32415829,114273812,2,1
4,15,2,4,9,52,1,1,0,1,1,1,0,1,0,1,4,2,2,75,1,1,2,1,0,0,0,1,1,0,0,99,99,99,99,0,0,0,0,0,0,1,1,0,40031,0,380,2007,I-40,1E+20,0,35025920,114073749,1,1
4,21,2,4,12,7,2,2,0,0,15,6,0,12,4,1,1,1,2,45,1,1,2,1,0,0,0,1,1,0,0,12,7,12,13,99,99,0,0,0,0,1,1,1,40032,22,0,2007,MCKELLIPS RD,1E+20,0,33270474,111332717,2,1
4,5,2,4,21,55,1,1,0,0,3,3,0,24,0,1,4,1,2,20,2,2,2,1,40,3,0,2,1,0,0,21,55,22,15,0,0,0,0,0,0,1,1,1,40033,0,3895,2007,SR-89A,1E+20,0,35014900,111442775,1,1
4,13,2,5,3,42,1,1,0,1,12,3,0,26,0,1,3,3,3,65,2,1,2,1,0,0,0,3,1,0,0,3,45,3,59,99,99,0,0,0,0,1,2,0,40034,80,506,2007,SR-202,1E+20,0,33173062,111532991,1,1
4,17,2,5,8,40,1,1,0,0,6,6,0,34,0,1,6,1,2,35,9,2,4,1,0,0,0,1,1,0,0,99,99,99,99,0,0,0,0,0,0,1,2,1,40035,489,0,2007,PINEDALE RD,1E+20,0,34251324,110072190,1,1
4,13,2,5,11,99,1,2,1,0,13,6,0,9,0,3,1,5,9,40,1,1,2,1,3,3,0,1,1,0,0,99,99,99,99,0,0,0,0,0,0,1,2,0,40036,290,0,2007,GILBERT RD,MAIN ST,0,33245552,111471768,1,1
4,19,2,6,9,12,1,2,1,0,16,6,0,8,0,3,1,1,2,25,1,1,2,1,20,3,0,1,1,0,0,99,99,99,99,99,99,0,0,0,0,1,3,0,40037,530,0,2007,15TH ST,NORRIS AVE,0,32125779,110563283,1,1
4,5,2,7,9,36,2,4,0,1,1,1,0,12,1,1,1,2,2,75,1,2,2,1,0,0,0,1,1,0,0,9,36,9,45,99,99,0,0,0,0,1,4,0,40038,0,3160,2007,I-17,1E+20,0,34514010,111365782,2,1
4,19,2,8,12,25,2,2,0,0,15,6,0,12,4,8,1,2,1,25,2,2,2,1,0,0,0,1,1,0,0,99,99,99,99,0,0,0,0,0,0,1,5,0,40039,530,0,2007,PANTANO RD,1E+20,0,32115745,110493347,2,1
4,21,2,10,1,56,1,4,0,0,16,6,0,1,0,1,6,1,2,45,1,1,5,5,0,0,0,2,1,0,0,2,8,2,9,99,99,0,6,0,0,1,7,2,40040,110,0,2007,BARTLETT RD,1E+20,0,32563896,111332677,1,1
4,3,2,10,13,43,1,3,0,1,1,1,0,1,0,1,3,2,2,75,1,1,2,1,0,0,0,1,1,0,0,13,43,14,0,99,99,0,0,0,0,1,7,0,40041,0,2987,2007,I-10,1E+20,0,31574632,110243104,1,1
4,25,2,12,0,24,2,3,0,1,2,2,0,12,2,1,1,1,2,65,1,1,2,1,0,0,0,2,1,0,0,0,28,0,42,99,99,0,0,0,0,1,2,0,40042,0,1782,2007,US-93,1E+20,0,34100210,113004915,2,1
4,15,2,13,14,2,2,3,0,0,4,3,0,12,2,1,1,1,2,65,9,1,2,1,0,0,0,1,1,0,0,14,2,14,30,99,99,0,0,0,0,1,3,0,40043,0,765,2007,SR-66,1E+20,0,35244080,113464767,2,1