STATE,COUNTY,MONTH,DAY,HOUR,MINUTE,VE_TOTAL,PERSONS,PEDS,NHS,ROAD_FNC,ROUTE,SP_JUR,HARM_EV,MAN_COLL,REL_JUNC,REL_ROAD,TRAF_FLO,NO_LANES,SP_LIMIT,ALIGNMNT,PROFILE,PAVE_TYP,SUR_COND,TRA_CONT,T_CONT_F,HIT_RUN,LGT_COND,WEATHER1,WEATHER2,C_M_ZONE,NOT_HOUR,NOT_MIN,ARR_HOUR,ARR_MIN,HOSP_HR,HOSP_MN,SCH_BUS,CF1,CF2,CF3,FATALS,DAY_WEEK,DRUNK_DR,ST_CASE,CITY,MILEPT,YEAR,TWAY_ID,TWAY_ID2,RAIL,LATITUDE,LONGITUD,VE_FORMS,WEATHER
4,13,2,14,23,37,2,2,0,0,14,6,0,12,5,2,1,5,4,45,1,1,2,1,2,3,0,3,1,0,0,99,99,99,99,99,99,0,0,0,0,1,4,0,40044,290,0,2007,BROWN RD,RECKER RD,0,33261443,111420614,2,1
4,25,2,16,21,6,1,1,0,1,2,3,0,1,0,1,6,2,2,65,1,1,2,1,0,0,0,2,1,0,0,21,7,21,12,99,99,0,0,0,0,1,6,1,40045,0,2790,2007,SR-69,1E+20,0,34300527,112144245,1,1
4,25,2,17,2,30,1,3,0,1,2,2,0,42,0,1,5,1,2,65,1,1,2,1,0,0,0,2,1,0,0,3,40,4,9,0,0,0,0,0,0,1,7,0,40046,0,1832,2007,US-93,1E+20,0,34071473,112564814,1,1
4,21,2,17,9,34,4,6,0,1,1,1,3,12,1,1,1,2,2,75,1,1,2,1,0,0,0,1,1,0,0,9,34,99,99,99,99,0,0,0,0,1,7,0,40047,0,1791,2007,I-10,1E+20,0,33044110,111484158,4,1
4,13,2,18,1,45,2,4,1,1,11,1,0,12,1,15,3,3,4,65,1,1,2,1,0,0,0,3,1,0,0,1,46,1,51,99,99,0,0,0,0,1,1,0,40048,370,2125,2007,I-17,1E+20,0,33375533,112065798,2,1
4,5,2,19,18,34,1,2,0,0,4,2,0,1,0,1,6,1,2,65,1,1,2,2,0,0,0,2,9,0,0,18,34,19,17,99,99,0,0,0,0,1,2,0,40049,0,2558,2007,US-180,1E+20,0,35352113,111591486,1,9
4,27,2,20,22,4,1,2,0,0,16,6,0,27,0,1,6,1,2,25,2,2,2,9,0,0,0,3,1,0,0,22,5,22,16,99,99,0,0,0,0,1,3,0,40050,620,0,2007,RIDGEWAY DR,1E+20,0,32412897,114381912,1,1
4,15,2,20,23,40,2,2,0,0,3,3,0,12,2,1,1,5,4,55,1,1,2,1,0,0,0,2,1,0,0,99,99,23,44,0,0,0,0,0,0,2,3,0,40051,0,242,2007,SR-68,Higley rd,0,35131229,114103512,2,1
4,13,2,21,2,99,1,3,1,1,12,2,0,8,0,1,1,3,6,65,1,1,2,1,0,0,0,3,1,0,0,2,51,2,58,0,0,0,0,0,0,1,4,0,40052,290,1801,2007,US-60,1E+20,0,33231024,111493937,1,1
4,25,2,21,14,56,1,2,0,1,1,1,0,1,0,1,3,2,2,65,2,2,2,1,0,0,0,1,1,0,0,14,57,15,3,16,16,0,0,0,0,1,4,0,40053,53,2449,2007,I-17,1E+20,0,34053309,112083621,1,1
4,13,2,22,13,0,1,1,0,0,4,3,0,1,0,1,6,1,2,25,2,2,2,1,0,0,0,1,1,0,0,13,23,13,45,0,0,0,0,0,0,1,5,0,40054,0,2058,2007,SR-88,1E+20,0,33311162,111272144,1,1
4,3,2,22,20,2,2,2,0,1,1,1,0,12,1,1,1,2,2,75,2,1,2,1,0,0,0,2,1,0,0,20,2,20,16,0,0,0,0,0,0,1,5,0,40055,0,3159,2007,I-10,1E+20,0,32003630,110074480,2,1
4,13,2,24,16,13,2,5,0,0,14,6,0,12,5,2,1,9,9,45,1,1,2,1,20,3,0,1,1,0,0,16,13,16,18,99,99,0,0,0,0,1,7,0,40056,290,0,2007,MCKELLIPS RD,TERRIPIN,0,33270505,111403171,2,1
4,5,2,25,19,41,1,2,0,1,1,1,0,11,0,1,1,2,2,65,1,2,2,1,0,0,0,2,1,0,0,19,41,19,52,99,99,0,0,0,0,1,1,0,40057,0,1921,2007,I-40,1E+20,0,35111559,111430297,1,1
4,13,3,3,6,15,2,2,0,1,2,2,0,12,8,1,1,1,4,45,2,1,2,1,0,0,0,2,1,0,0,6,15,6,21,99,99,0,0,0,0,1,7,0,40058,570,1116,2007,US-60,1E+20,0,33574504,112425588,2,1
4,3,3,6,1,32,1,1,0,1,1,1,0,1,0,1,3,2,2,75,1,1,2,1,0,0,0,2,1,0,0,1,32,2,5,0,0,0,0,0,0,1,3,0,40059,0,3731,2007,I-10,1E+20,0,32174266,109204336,1,1
4,25,3,7,8,49,1,1,0,0,6,9,0,1,0,1,2,1,2,25,1,1,5,1,0,0,0,1,1,0,0,8,49,9,0,0,0,0,0,0,0,1,4,0,40060,299,0,2007,COPPER RD,1E+20,0,34243507,112131022,1,1
4,15,3,10,19,36,1,2,1,0,13,3,0,8,0,1,1,5,4,45,1,2,2,1,0,0,0,3,1,0,0,19,36,19,41,99,99,0,0,0,0,1,7,1,40061,59,2490,2007,SR-95,1E+20,0,35093885,114340018,1,1
4,3,3,10,19,99,1,1,0,0,4,9,0,42,0,9,6,1,2,45,9,2,2,1,0,0,0,2,1,0,0,99,99,99,99,0,0,0,0,0,0,1,7,1,40062,137,0,2007,DRAGOON RD,JOHNSON RD,0,32014246,110022065,1,1
4,25,3,12,15,12,2,3,0,0,4,3,0,12,2,1,1,1,3,65,1,1,2,1,0,0,0,1,1,0,0,15,12,99,97,99,97,0,0,0,0,1,2,0,40063,0,3240,2007,SR-89,1E+20,0,34415895,112265569,2,1
4,19,3,15,0,99,1,1,0,0,15,9,0,1,0,1,6,1,2,45,2,1,2,1,0,0,0,2,1,0,0,0,32,0,48,0,0,0,0,0,0,1,5,1,40064,0,0,2007,OLD SPANISH TRL,1E+20,0,32104402,110441688,1,1
4,13,3,18,6,30,2,2,0,0,14,6,0,12,5,2,1,5,4,45,1,1,2,1,2,3,0,4,1,0,0,99,99,99,99,99,99,0,0,0,0,1,1,0,40065,290,0,2007,BROWN RD,VAL VISTA DR,0,33261433,111451282,2,1
4,13,3,22,14,2,1,3,1,0,14,6,0,8,0,2,1,3,3,45,1,1,2,2,3,3,0,1,2,0,0,14,2,14,2,0,0,0,0,0,0,1,5,0,40066,290,0,2007,POWER RD,JENSEN,0,33265502,111410284,1,2
4,13,1,18,20,46,1,1,0,0,13,6,0,33,0,1,3,3,3,45,1,1,2,1,0,0,0,3,1,0,0,20,47,20,51,0,0,0,0,0,0,1,5,1,40067,370,0,2007,TATUM BLVD,1E+20,0,33375691,111584047,1,1
4,13,1,3,11,31,2,2,0,0,13,6,0,33,0,1,2,5,5,40,1,1,2,1,0,0,0,1,1,0,0,99,99,99,99,0,0,0,0,0,0,1,4,0,40068,370,0,2007,19TH AVE,1E+20,0,33361298,112055868,2,1
4,13,1,5,11,46,2,5,2,0,13,6,0,12,5,2,1,5,2,25,1,1,2,1,2,3,0,1,1,0,1,11,47,11,52,99,99,0,0,0,0,1,6,0,40069,370,0,2007,CENTRAL AVE,OSBORN RD,0,33291508,112042560,2,1
4,13,1,11,23,37,1,2,1,0,13,6,0,8,0,1,1,3,3,45,1,1,2,1,0,0,0,3,1,0,0,23,39,23,43,0,0,0,0,0,0,1,5,1,40070,370,0,2007,BELL RD,1E+20,0,33382276,112081095,1,1
4,13,1,17,17,21,2,2,0,0,13,6,0,12,4,8,1,5,6,40,1,1,2,1,0,0,0,1,1,0,0,17,22,17,26,99,99,0,0,0,0,1,4,0,40071,370,0,2007,35TH AVE,1E+20,0,33391485,112080398,2,1
4,13,1,19,6,54,2,2,0,0,15,6,0,12,5,2,1,5,3,45,1,1,2,1,20,3,0,3,1,0,0,6,57,7,2,99,99,0,0,0,0,1,6,1,40072,370,0,2007,LOWER BUCKEYE RD,81ST AVE,0,33252271,112140069,2,1
4,13,1,20,2,7,1,2,0,0,13,6,0,33,0,1,2,5,9,35,1,1,2,2,0,0,0,3,1,0,1,2,7,99,99,99,99,0,0,0,0,1,7,2,40073,370,0,2007,35TH AVE,1E+20,0,33292087,112080335,1,1
4,13,1,21,11,48,1,2,0,0,13,6,0,33,0,3,3,3,3,35,1,2,1,2,0,0,0,1,2,0,0,11,49,11,53,99,99,0,0,0,0,2,1,0,40074,370,0,2007,7TH ST,LINCOLN ST,0,33263467,112035550,1,2
4,13,1,29,18,26,2,2,0,0,15,6,0,12,99,8,1,5,4,45,1,1,2,1,0,0,0,3,1,0,0,99,99,99,99,0,0,0,0,0,0,1,2,0,40075,370,0,2007,DEER VALLEY RD,1E+20,0,33410162,112071769,2,1
4,19,2,2,14,12,4,4,0,1,13,6,0,12,1,3,1,5,2,45,1,1,2,1,3,3,0,1,1,0,0,99,99,99,99,99,99,0,0,0,0,1,6,0,40076,530,0,2007,HOUGHTON RD,BILBY RD,0,32082700,110462150,4,1
4,13,2,2,19,35,1,2,1,0,14,6,0,9,0,1,1,3,3,45,1,1,2,1,0,0,0,3,1,0,0,19,36,19,41,99,99,0,0,0,0,1,6,0,40077,370,0,2007,GREENWAY PKWY,1E+20,0,33373421,111583415,1,1
4,23,2,8,12,30,1,1,0,1,1,7,0,35,0,1,4,1,2,45,2,1,2,1,0,0,0,1,1,0,0,12,39,12,45,13,54,0,0,0,0,1,5,1,40078,0,248,2007,I-19 FRONTAGE RD,1E+20,0,31391230,111034261,1,1
4,13,2,10,2,10,1,1,0,0,13,6,0,33,0,1,2,5,5,40,2,1,2,1,0,0,0,3,1,0,0,2,11,2,15,99,99,0,0,0,0,1,7,1,40079,370,0,2007,19TH AVE,1E+20,0,33355415,112055912,1,1
4,13,2,11,18,40,2,3,0,0,13,6,0,12,2,3,1,5,4,45,1,1,2,1,0,0,1,3,1,0,0,99,99,99,99,99,99,0,0,0,0,1,1,0,40080,370,0,2007,19TH AVE,BURGESS LANE,0,33232226,112055680,2,1
4,13,2,14,22,18,1,1,0,0,13,6,0,33,0,1,2,5,5,40,1,1,2,1,0,0,0,3,1,0,0,99,99,99,99,0,0,0,0,0,0,1,4,0,40081,370,0,2007,GLENDALE AVE,1E+20,0,33321803,112043865,1,1
4,19,2,14,23,2,1,5,0,1,1,1,0,1,0,1,3,2,2,75,1,1,2,1,0,0,0,2,1,0,0,23,2,23,9,99,99,0,0,0,0,3,4,0,40082,0,2392,2007,I-10,1E+20,0,32261205,111104909,1,1
4,13,2,16,11,59,2,3,0,0,14,6,0,12,2,1,1,5,6,45,1,1,2,1,0,0,0,1,1,0,0,12,1,12,6,99,99,0,0,0,0,1,6,1,40083,370,0,2007,43RD AVE,1E+20,0,33363054,112090468,2,1
4,13,2,18,6,99,1,2,1,0,15,6,0,9,0,1,1,1,2,50,1,1,2,1,0,0,2,2,1,0,0,6,21,6,28,0,0,0,0,0,0,1,1,0,40084,370,0,2007,PINNACLE PEAK RD,1E+20,0,33415551,111584772,1,1
4,13,2,18,15,49,2,3,0,0,14,6,0,12,1,3,1,5,5,40,1,1,2,1,2,3,0,1,1,0,0,15,50,15,55,99,99,0,0,0,0,1,1,0,40085,370,0,2007,BROADWAY RD,7TH AVE,0,33242409,112045519,2,1
4,13,2,20,1,55,1,2,0,0,14,6,0,33,0,2,2,5,4,35,1,1,2,2,0,0,0,3,2,0,0,99,99,99,99,99,99,0,0,0,0,1,3,1,40086,370,0,2007,7TH ST,SUNLAND AVE,0,33234511,112035274,1,2
4,19,2,22,2,10,1,2,0,1,1,1,0,42,0,1,3,2,2,75,1,1,2,1,0,0,0,2,1,0,0,2,11,2,20,0,0,0,0,0,0,1,5,0,40087,0,2331,2007,I-10,1E+20,0,32294183,111154325,1,1
4,13,2,14,14,99,2,2,0,0,15,6,0,12,2,1,1,9,9,55,2,1,2,1,0,0,0,1,1,0,0,14,40,14,50,99,99,0,0,0,0,1,4,1,40088,420,0,2007,PIMA RD,1E+20,0,33433986,111532675,2,1
4,13,2,23,20,32,1,3,1,0,14,6,0,8,0,1,1,5,5,30,1,1,2,1,0,0,0,3,1,0,0,99,99,99,99,99,99,0,0,0,0,1,6,0,40089,370,0,2007,BETHANY HOME RD,1E+20,0,33312630,112053055,1,1
4,13,2,28,23,4,1,10,0,1,1,1,0,1,0,1,3,2,2,75,1,1,2,1,0,0,0,2,1,0,0,23,4,23,15,99,99,0,0,0,0,1,4,0,40090,0,2249,2007,I-17,1E+20,0,33484819,112082013,1,1
4,13,3,2,22,13,1,1,0,0,14,6,0,33,0,1,2,5,4,50,1,1,2,1,0,0,0,3,1,0,0,22,15,22,15,0,0,0,0,0,0,1,6,1,40091,370,0,2007,7TH AVE,1E+20,0,33234648,112045501,1,1
4,19,3,3,12,32,2,3,0,0,13,6,0,12,4,2,1,5,4,45,1,1,2,1,3,3,0,1,1,0,0,12,32,99,99,99,99,0,0,0,0,1,7,0,40092,530,0,2007,6TH AVE,IRVINGTON RD,0,32094728,110580523,2,1
4,13,3,4,2,11,3,5,0,0,14,6,0,12,5,2,1,9,9,40,1,1,2,1,3,3,0,3,1,0,0,2,16,2,21,2,51,0,0,0,0,1,1,2,40093,368,0,2007,75TH AVE,CHOLLA ST,0,33351924,112131281,3,1
4,13,3,4,18,59,1,3,0,0,15,6,0,31,0,1,6,5,4,35,1,1,2,1,0,0,0,3,1,0,0,19,0,19,10,0,0,0,0,0,0,3,1,0,40094,30,0,2007,107TH AVE,1E+20,0,33291019,112172394,1,1
4,19,3,5,11,25,3,5,0,1,1,1,0,12,1,15,1,2,2,75,1,1,2,1,0,0,0,1,1,0,0,11,30,99,99,99,99,0,0,0,0,1,2,0,40095,530,2755,2007,I-10,1E+20,0,32034198,110462473,3,1
4,3,3,5,13,99,1,1,0,0,6,9,0,48,0,1,6,1,2,45,2,2,2,1,0,0,0,1,1,0,0,13,24,13,37,0,0,0,0,0,0,1,2,0,40096,0,0,2007,OCOTILLO RD,1E+20,0,32023999,110193531,1,1
4,13,3,6,21,14,1,3,1,0,13,6,0,8,0,3,4,5,4,35,1,1,2,1,0,0,0,3,1,0,0,21,14,21,16,99,99,0,0,0,0,1,3,0,40097,370,0,2007,19TH AVE,GRANT St,0,33262758,112060016,1,1
4,19,3,7,15,55,1,2,1,0,13,6,0,8,0,3,1,3,3,40,1,1,2,1,3,3,0,1,1,0,0,15,55,15,55,99,99,0,0,0,0,1,4,0,40098,530,0,2007,BROADWAY BLVD,SARNOFF DR,0,32131582,110485539,1,1
4,13,3,9,3,7,1,4,0,1,13,3,9,29,0,3,4,3,2,45,2,1,2,1,40,3,0,3,1,0,0,3,7,3,15,4,5,0,0,0,0,1,6,2,40099,420,1780,2007,SR-87,MCDOWELL RD,0,33280500,111503479,1,1
4,13,3,9,3,57,3,6,0,1,12,3,0,12,2,1,1,3,4,65,2,1,2,1,0,0,0,3,1,0,0,99,99,99,99,0,0,0,0,0,0,1,6,1,40100,490,43,2007,SR-202,1E+20,0,33271399,111581388,3,1
4,17,3,9,12,44,1,1,0,0,4,3,9,1,0,1,6,1,2,65,1,3,2,1,0,0,0,1,1,0,0,12,44,12,54,0,0,0,0,0,0,1,6,0,40101,0,295,2007,SR-377,1E+20,0,34485261,110115983,1,1
4,19,3,10,6,10,3,3,0,0,13,6,0,12,5,2,1,3,3,35,1,1,2,1,3,3,0,3,1,0,0,99,99,99,99,99,99,0,20,0,0,1,7,1,40102,530,0,2007,SPEEDWAY BLVD,ALVERNON WAY,0,32140990,110543440,3,1
4,13,3,12,21,19,1,2,1,1,13,2,0,8,0,1,1,3,2,45,1,1,2,1,0,0,0,2,1,0,0,99,99,99,99,0,0,0,0,0,0,1,2,1,40103,158,99999,2007,US-60,1E+20,0,33370827,112193027,1,1
4,13,3,13,3,15,1,3,0,0,15,6,0,33,0,1,2,5,2,45,1,1,2,1,0,0,0,3,1,0,0,99,99,3,24,99,99,0,0,0,0,1,3,2,40104,30,0,2007,107TH AVE,1E+20,0,33270504,112172331,1,1
4,13,3,13,14,7,1,1,0,1,11,1,0,1,0,1,3,2,2,75,1,1,2,1,0,0,0,1,1,0,0,14,8,14,15,99,99,0,0,0,0,1,3,0,40105,0,1035,2007,I-10,1E+20,0,33274533,112465047,1,1
4,19,3,8,14,29,1,1,0,0,16,6,0,27,0,1,4,1,2,25,2,1,2,1,0,0,0,1,1,0,0,99,99,99,99,0,0,0,0,0,0,1,5,1,40106,0,0,2007,VIA MADRE,1E+20,0,32171936,110445681,1,1
4,13,3,11,2,2,1,2,1,0,14,6,0,8,0,3,1,5,9,40,1,1,2,1,2,3,2,3,1,0,0,99,99,99,99,99,99,0,0,0,0,1,1,0,40107,200,0,2007,BETHANY HOME RD,51ST AVE,0,33312622,112100622,1,1
4,17,3,16,18,24,2,3,0,1,2,2,9,12,2,1,1,1,2,65,1,1,2,1,0,0,0,5,1,0,0,18,25,18,33,99,99,0,0,0,0,1,6,0,40108,0,3480,2007,US-60,1E+20,0,34161654,109551437,2,1
4,13,3,17,7,55,1,2,1,0,13,6,0,9,0,8,1,5,5,40,1,1,2,1,0,0,0,1,1,0,0,7,55,8,0,99,99,0,0,0,0,1,7,2,40109,370,0,2007,35TH AVE,BUCKEYE RD,0,33261488,112080453,1,1
4,3,3,17,15,40,1,1,0,1,2,3,0,1,0,1,3,2,2,65,2,2,2,1,0,0,0,1,1,0,0,15,40,15,42,0,0,0,20,0,0,1,7,0,40110,0,3108,2007,SR-90,1E+20,0,31392730,110205330,1,1
4,13,3,16,20,25,1,3,1,0,13,6,0,8,0,2,1,3,3,40,1,1,2,1,0,0,2,3,1,0,0,20,26,20,30,99,99,0,0,0,0,1,6,1,40111,370,0,2007,INDIAN SCHOOL RD,31ST DR,0,33294208,112073616,1,1
4,13,3,17,1,17,1,4,0,0,6,8,0,5,0,1,1,1,2,99,1,1,2,1,0,0,0,3,1,0,0,1,17,99,99,99,99,0,0,0,0,1,7,1,40112,368,0,2007,PLEASANT DR,1E+20,0,33505475,112150273,1,1
4,13,3,18,17,54,1,2,0,1,1,1,0,1,0,1,3,2,2,75,1,1,2,1,0,0,0,1,1,0,0,17,56,18,3,99,99,0,0,0,0,1,1,0,40113,60,1122,2007,I-10,1E+20,0,33254654,112380691,1,1
4,13,3,18,18,26,2,4,0,0,16,6,0,44,0,1,1,1,2,25,1,1,2,1,0,0,0,5,1,0,0,99,99,99,99,99,99,0,0,0,0,1,1,0,40114,200,0,2007,MYRTLE AVE,1E+20,0,33323144,112114361,2,1
4,13,3,18,20,6,2,2,0,0,16,6,0,12,2,8,1,1,2,35,2,1,2,1,0,0,1,3,1,0,0,20,6,20,14,20,38,0,0,0,0,1,1,2,40115,368,0,2007,103RD AVE,1E+20,0,33332084,112165166,2,1
4,19,3,20,13,27,2,3,0,0,14,6,0,12,5,2,1,5,4,35,1,1,2,1,20,3,0,1,1,0,0,99,99,99,99,99,99,0,0,0,0,1,3,0,40116,530,0,2007,FORT LOWELL RD,SYCAMORE AVE,0,32155446,110542248,2,1
4,15,3,22,18,22,1,1,0,1,1,1,0,31,0,1,2,3,2,55,2,1,2,1,0,0,0,1,1,0,0,18,25,18,35,0,0,0,0,0,0,1,5,1,40117,0,148,2007,I-15,1E+20,0,36581844,113425484,1,1
4,21,3,22,19,28,1,2,0,1,1,1,1,1,0,1,3,2,2,75,1,1,2,2,0,0,0,2,2,0,0,19,31,99,99,99,99,0,0,0,0,1,5,0,40118,0,1755,2007,I-10,1E+20,0,33072007,111504246,1,2
4,15,3,24,10,37,1,1,0,1,2,2,0,1,0,1,3,2,2,65,1,1,2,1,0,0,0,1,1,0,0,10,39,10,56,0,0,0,0,0,0,1,7,0,40119,0,538,2007,US-93,1E+20,0,35230109,114145985,1,1
4,17,3,25,5,48,2,13,0,1,1,1,0,12,2,1,1,2,2,75,1,2,2,1,0,0,0,2,1,0,0,5,57,6,5,99,99,0,0,0,0,1,1,1,40120,0,2974,2007,I-40,1E+20,0,34593457,109563889,2,1
4,27,3,25,10,53,1,1,0,1,2,2,0,35,0,1,6,1,2,65,1,1,2,1,0,0,0,1,1,0,0,11,2,11,31,99,99,0,0,0,0,1,1,0,40121,0,605,2007,US-95,1E+20,0,33022777,114172353,1,1
4,25,3,25,17,35,1,1,0,0,4,3,0,32,0,1,6,1,2,35,2,2,2,1,40,3,0,1,1,0,0,17,35,17,43,99,99,0,0,0,0,1,1,0,40122,0,3059,2007,SR-89,1E+20,0,34285867,112301390,1,1
4,15,3,29,14,41,1,2,1,0,16,6,0,15,0,8,1,1,2,25,1,2,2,1,0,0,0,1,1,0,0,14,43,14,54,15,13,0,0,0,0,1,5,0,40123,268,0,2007,SILVER SADDLE DR,1E+20,0,34290505,114172165,1,1
4,5,3,29,22,45,1,1,0,0,16,9,0,1,0,1,6,1,2,55,2,1,2,1,0,0,0,2,1,0,0,22,45,22,52,0,0,0,0,0,0,1,5,1,40124,0,0,2007,LAKESHORE DR,1E+20,0,36572014,111293457,1,1
4,21,3,31,2,5,1,3,0,0,6,6,0,27,0,3,2,1,2,35,1,1,5,1,0,0,0,9,1,0,0,2,5,2,13,99,99,0,0,0,0,1,7,1,40126,160,0,2007,ALSDORF RD,CURRY RD,0,32445556,111360983,1,1
4,13,3,31,2,32,2,2,0,1,11,1,0,25,0,19,4,3,4,55,1,1,2,1,0,0,0,3,1,0,0,99,99,99,99,99,99,0,0,0,0,2,7,2,40127,370,1426,2007,I-10,1E+20,0,33274359,112065903,1,1
4,13,3,31,15,4,4,8,0,1,12,2,0,12,1,1,1,3,4,45,1,1,2,1,0,0,0,1,1,0,1,15,13,15,29,99,99,0,0,0,0,1,7,0,40128,290,1866,2007,US-60,1E+20,0,33231219,111425654,4,1
4,7,3,31,18,16,1,2,0,0,6,9,0,1,0,3,1,1,2,25,1,2,2,1,0,0,0,1,1,0,0,99,99,99,99,99,99,0,0,0,0,1,7,1,40129,0,0,2007,MARROW AVE,VAN WINKLE Cany,0,33242196,110510209,1,1
4,13,3,31,20,56,2,2,0,1,11,1,0,12,1,19,1,2,2,65,1,1,2,1,0,0,0,2,1,0,0,20,56,21,3,0,0,0,0,0,0,1,7,0,40130,0,1295,2007,I-10,1E+20,0,33272775,112204064,2,1
4,7,4,1,11,15,1,4,1,0,6,8,0,8,0,1,1,1,2,15,9,2,2,1,20,3,0,1,1,0,0,99,98,99,98,99,98,0,0,0,0,1,1,0,40131,0,0,2007,FOREST HWY 159,1E+20,0,34183619,111021561,1,1
4,7,4,1,20,99,1,2,0,0,5,3,0,17,0,1,4,1,2,25,2,2,2,1,40,3,0,2,1,0,0,20,16,21,15,99,99,0,0,0,0,1,1,1,40132,0,2624,2007,SR-288,1E+20,0,33370781,110552060,1,1
4,13,4,2,10,37,1,2,0,1,1,1,0,1,0,1,3,2,2,75,1,1,2,1,0,0,0,1,1,0,0,10,37,11,20,99,99,0,0,0,0,1,2,0,40133,0,906,2007,I-8,1E+20,0,32520031,113091279,1,1
4,15,4,2,11,45,1,1,0,0,4,3,0,1,0,3,1,1,2,65,1,1,2,1,0,0,0,1,1,0,0,11,47,12,0,0,0,0,0,0,0,1,2,0,40134,0,706,2007,SR-66,IRONWOOD DR,0,35223661,113512835,1,1
4,5,4,4,11,18,1,2,0,0,6,9,0,44,0,1,1,1,2,0,2,2,5,5,0,0,0,1,1,0,0,11,18,11,24,99,99,0,3,0,0,1,4,1,40135,590,0,2007,SANTE FE DAM ACCESS,1E+20,0,35143473,112111261,1,1
4,21,4,5,4,50,2,3,0,0,4,6,0,12,5,2,1,9,9,50,1,1,2,1,20,3,1,2,1,0,0,4,50,5,2,0,0,0,0,0,0,1,5,0,40136,160,0,2007,SUNLAND GIN RD,HAUSER RD,0,32463950,111401588,2,1
4,25,4,5,20,56,1,1,0,1,1,1,0,1,0,1,3,2,2,75,2,1,2,1,0,0,0,2,1,0,0,21,5,21,15,0,0,0,0,0,0,1,5,1,40137,65,2898,2007,I-17,1E+20,0,34411370,111443906,1,1
4,19,1,22,14,25,3,6,0,1,13,3,0,12,4,2,1,3,2,40,1,1,2,1,2,3,0,1,1,0,0,99,99,99,99,99,99,0,0,0,0,1,2,0,40138,530,99999,2007,SR-77,FLOWING WELLS R,0,32154049,110594199,3,1
4,19,2,4,15,28,2,3,0,0,14,6,0,12,5,8,1,5,2,50,1,1,2,1,0,0,0,1,1,0,0,99,99,99,99,99,99,0,0,0,0,1,1,0,40139,530,0,2007,VALENCIA RD,1E+20,0,32070859,110475339,2,1
4,21,2,6,14,58,1,3,0,0,6,8,3,32,0,1,6,1,2,45,2,1,2,1,0,0,0,1,1,0,0,15,0,15,5,99,99,0,0,0,0,1,3,2,40140,0,0,2007,RIVER RD,1E+20,0,33040609,111410715,1,1
4,13,2,14,18,11,1,3,0,0,16,6,0,5,0,1,1,1,2,35,1,1,2,2,0,0,0,5,1,0,0,18,11,18,17,0,0,0,0,0,0,1,4,0,40141,370,0,2007,WELDON AVE,1E+20,0,33292748,112071409,1,1
4,13,2,22,6,0,1,2,1,0,16,6,0,8,0,1,1,1,2,0,1,1,5,1,0,0,0,2,1,0,0,0,0,0,0,0,0,0,0,0,0,1,5,1,40142,370,0,2007,Glendale Ave,1E+20,0,33321853,112081351,1,1
4,13,2,17,18,42,2,3,0,0,15,6,0,33,0,3,3,3,2,45,1,1,2,1,0,0,0,3,1,0,0,18,42,99,99,99,99,0,0,0,0,1,7,1,40143,370,0,2007,CAVE CREEK RD,ASHLER HILLS DR,0,33463866,111583833,2,1
4,13,2,24,4,9,1,2,0,0,15,6,0,44,0,1,1,1,2,30,1,1,2,1,0,0,0,3,1,0,0,4,19,4,24,99,99,0,0,0,0,1,7,2,40144,370,0,2007,CAMPBELL AVE,1E+20,0,33300853,112061135,1,1
4,13,3,28,19,53,2,3,0,1,12,3,0,25,0,1,2,3,5,65,1,1,2,1,0,0,0,3,1,0,0,19,54,19,58,20,30,0,0,0,0,2,4,1,40145,490,70,2007,SR-202,1E+20,0,33260734,111561974,1,1
4,15,4,6,8,55,1,8,0,1,1,1,0,1,0,1,1,2,2,75,2,1,2,1,0,0,0,1,1,0,0,8,55,9,10,99,99,0,0,0,0,1,6,0,40146,0,261,2007,I-40,1E+20,0,34523908,114085363,1,1
4,13,4,6,15,42,3,5,0,1,11,1,0,12,1,15,1,2,2,75,1,1,2,1,0,0,0,1,1,0,0,15,42,16,0,16,24,0,0,0,0,2,6,0,40147,220,1247,2007,I-10,1E+20,0,33274074,112252724,3,1
4,19,4,6,18,18,2,4,0,0,3,3,3,12,2,1,1,1,2,65,1,1,2,1,0,0,0,5,1,0,0,18,18,18,18,99,99,0,0,0,0,3,6,1,40149,0,1330,2007,SR-86,1E+20,0,32012056,111360132,2,1
4,21,4,6,20,20,2,5,0,0,3,3,0,1,0,1,1,1,2,65,1,1,2,1,40,3,0,2,1,0,0,20,28,20,40,0,0,0,0,0,0,1,6,1,40150,180,1214,2007,SR-79,1E+20,0,32531571,111155842,2,1
4,27,4,7,5,29,2,2,0,1,11,1,0,12,7,1,1,2,2,65,1,1,2,1,0,0,0,2,1,0,0,5,31,5,40,6,6,0,0,0,0,1,7,0,40151,0,106,2007,I-8,1E+20,0,32401454,114281700,2,1
4,13,4,7,21,24,1,4,0,1,12,3,3,35,0,1,3,2,2,65,1,1,2,1,0,0,0,2,1,0,0,21,24,21,30,99,99,0,0,0,0,1,7,0,40152,0,1895,2007,SR-87,1E+20,0,33341704,111415557,1,1
4,13,4,8,14,23,1,4,0,1,1,1,0,1,0,1,1,2,2,75,2,1,2,1,0,0,0,1,6,0,0,14,27,14,59,99,99,0,0,0,0,1,1,0,40153,0,1098,2007,I-8,1E+20,0,32560964,112463579,1,6
4,1,4,8,16,37,1,1,0,1,2,2,0,1,0,1,6,1,2,65,1,1,2,1,0,0,0,1,1,0,0,16,44,17,2,99,99,0,0,0,0,1,1,1,40154,0,3572,2007,US-60,1E+20,0,34162522,109454954,1,1