STATE,COUNTY,MONTH,DAY,HOUR,MINUTE,VE_TOTAL,PERSONS,PEDS,NHS,ROAD_FNC,ROUTE,SP_JUR,HARM_EV,MAN_COLL,REL_JUNC,REL_ROAD,TRAF_FLO,NO_LANES,SP_LIMIT,ALIGNMNT,PROFILE,PAVE_TYP,SUR_COND,TRA_CONT,T_CONT_F,HIT_RUN,LGT_COND,WEATHER1,WEATHER2,C_M_ZONE,NOT_HOUR,NOT_MIN,ARR_HOUR,ARR_MIN,HOSP_HR,HOSP_MN,SCH_BUS,CF1,CF2,CF3,FATALS,DAY_WEEK,DRUNK_DR,ST_CASE,CITY,MILEPT,YEAR,TWAY_ID,TWAY_ID2,RAIL,LATITUDE,LONGITUD,VE_FORMS,WEATHER
4,27,4,10,1,99,1,1,0,0,15,6,0,35,0,1,4,1,2,45,1,1,2,1,0,0,0,2,1,0,0,1,33,1,39,99,99,0,0,0,0,1,3,1,40155,620,0,2007,AVENUE A,1E+20,0,32390568,114375868,1,1
4,17,4,12,22,36,1,2,0,0,14,3,0,33,0,1,2,9,9,45,1,1,2,1,0,0,0,2,1,0,0,22,36,22,42,99,99,0,0,0,0,1,5,1,40156,429,99999,2007,SR-260,1E+20,0,34121044,110011116,1,1
4,19,4,13,5,25,2,2,0,0,14,6,0,12,5,2,1,1,4,35,1,2,2,2,3,3,0,3,2,0,0,99,99,99,99,99,99,0,0,0,0,1,6,0,40157,530,0,2007,COUNTRY CLUB RD,PIMA ST,0,32143552,110553635,2,2
4,25,4,13,10,30,1,1,0,1,1,1,0,24,0,1,4,3,2,75,1,2,2,1,0,0,0,1,1,0,0,99,99,99,99,99,99,0,0,0,0,1,6,0,40158,0,2598,2007,I-17,1E+20,0,34172163,112072719,1,1
4,19,4,13,14,18,2,3,0,1,1,1,0,13,2,1,1,2,2,75,1,1,2,1,0,0,0,1,1,0,0,14,20,14,27,99,99,0,0,0,0,1,6,0,40159,0,2332,2007,I-10,1E+20,0,32292733,111152537,2,1
4,1,4,13,16,9,1,2,0,1,1,1,3,1,0,1,1,2,2,75,1,2,2,1,0,0,0,1,6,0,0,16,11,16,55,99,99,0,0,0,0,1,6,0,40160,0,3314,2007,I-40,1E+20,0,35103817,109280030,1,6
4,13,4,14,0,99,2,3,0,0,14,6,0,12,1,1,1,5,5,40,1,1,2,1,41,3,0,3,1,0,2,0,46,0,51,99,99,0,0,0,0,1,7,1,40161,370,0,2007,40TH ST,1E+20,0,33271969,111594281,2,1
4,21,4,14,20,32,2,6,0,0,13,6,0,12,7,1,1,2,3,40,1,1,2,1,0,0,0,2,1,0,0,20,32,20,39,99,99,0,0,0,0,1,7,2,40162,22,0,2007,APACHE TRAIL,1E+20,0,33245511,111340350,2,1
4,5,4,16,2,29,1,2,0,1,1,1,0,1,0,1,1,2,2,75,1,1,2,1,0,0,0,2,1,0,0,2,33,2,50,99,99,0,0,0,0,2,2,0,40163,0,2423,2007,I-40,1E+20,0,35045626,110530789,1,1
4,1,4,3,10,35,1,1,0,0,5,3,0,1,0,1,6,1,2,50,2,1,2,1,0,0,0,1,1,0,0,99,99,99,99,99,99,0,0,0,0,1,3,1,40164,0,3869,2007,SR-373,1E+20,0,34033594,109274498,1,1
4,13,4,4,8,50,1,1,0,1,12,3,0,42,0,15,4,3,3,65,2,2,2,1,0,0,0,1,1,0,0,8,50,8,56,0,0,0,0,0,0,1,4,1,40165,368,112,2007,SR-101,1E+20,0,33353689,112153817,1,1
4,13,4,7,9,20,1,2,1,0,15,6,0,9,0,1,1,1,2,50,1,1,2,1,0,0,2,1,1,0,0,9,20,99,99,99,99,0,0,0,0,1,7,0,40166,0,0,2007,99TH AVE,1E+20,0,33234731,112161955,1,1
4,21,4,17,14,21,1,1,0,1,1,1,0,1,0,13,2,6,1,99,2,1,2,1,0,0,0,1,1,0,0,14,21,14,26,0,0,0,0,0,0,1,3,0,40167,0,1990,2007,I-10 RAMP,1E+20,0,32490701,111404903,1,1
4,17,4,17,15,24,1,2,0,1,2,2,3,1,0,1,1,1,2,65,1,1,2,1,0,0,0,1,1,0,0,15,25,15,43,99,99,0,0,0,0,1,3,0,40168,0,3676,2007,US-160,1E+20,0,36303444,110361564,1,1
4,19,4,18,9,46,1,1,0,0,4,6,0,35,0,1,4,1,2,35,1,9,5,9,0,0,0,1,1,0,0,9,46,9,52,99,99,0,0,0,0,1,4,0,40169,530,0,2007,WILMOT RD,1E+20,0,32004547,110513179,1,1
4,15,4,21,23,7,1,1,0,1,1,1,0,1,0,1,6,2,2,75,1,1,2,1,0,0,0,2,1,0,0,23,11,23,35,0,0,0,0,0,0,1,7,0,40170,0,344,2007,I-40,1E+20,0,34592283,114081794,1,1
4,25,4,22,11,0,3,3,0,0,4,3,0,12,4,1,1,1,2,65,1,1,2,1,0,0,0,1,1,0,0,11,9,11,23,99,99,0,0,0,0,1,1,0,40171,105,2672,2007,SR-89,1E+20,0,34090509,112503643,3,1
4,19,4,22,19,45,1,1,0,0,4,8,3,1,0,1,2,1,2,55,1,1,2,1,0,0,0,2,1,0,0,19,45,19,52,0,0,0,0,0,0,1,1,1,40172,9997,0,2007,INDIAN ROUTE 15,1E+20,0,32232570,112023061,1,1
4,19,4,23,11,38,2,3,1,0,13,6,0,12,1,2,1,3,3,40,1,1,2,1,3,3,0,1,1,0,0,99,99,99,99,99,99,0,0,0,0,1,2,0,40173,530,0,2007,22ND ST,COUNTRY CLUB RD,0,32122464,110553615,2,1
4,21,4,26,17,7,2,2,0,0,3,3,3,27,0,1,4,1,2,65,1,1,2,1,0,0,0,1,1,0,0,17,9,17,13,99,99,0,0,0,0,1,5,0,40174,0,1435,2007,SR-87,1E+20,0,33022622,111394101,2,1
4,13,4,27,5,13,1,4,1,0,14,6,0,8,0,3,1,5,5,40,1,1,2,1,0,0,0,3,1,0,0,5,13,5,18,99,99,0,0,0,0,1,6,0,40175,370,0,2007,43RD AVE,CULVER ST,0,33275039,112090658,1,1
4,15,4,27,16,21,1,1,0,0,4,3,0,42,0,1,6,1,3,65,2,1,2,1,0,0,0,1,1,0,0,16,21,16,40,0,0,0,0,0,0,1,6,0,40176,0,883,2007,SR-66,1E+20,0,35254035,113385831,1,1
4,17,4,28,11,22,3,4,0,0,4,3,0,12,2,1,1,1,2,65,2,2,2,1,0,0,0,1,1,0,2,11,27,11,40,0,0,0,4,14,0,2,7,0,40177,0,145,2007,SR-377,1E+20,0,34383527,110211725,3,1
4,13,1,7,4,42,1,2,0,0,16,6,0,33,0,1,2,5,2,25,2,1,2,1,0,0,0,3,1,0,0,99,99,99,99,99,99,0,0,0,0,1,1,1,40178,80,0,2007,DESERT JEWEL BLVD,1E+20,0,33134750,111463737,1,1
4,15,1,14,19,45,1,3,0,1,1,1,0,1,0,1,3,2,2,75,1,1,2,1,0,0,0,9,1,0,0,99,99,99,99,99,99,0,0,0,0,1,1,0,40179,0,63,2007,I-15,1E+20,0,36521338,113574492,1,1
4,13,1,25,12,5,2,4,0,0,13,6,0,12,5,2,1,3,9,45,1,2,2,1,20,3,0,1,1,0,0,99,99,99,99,99,99,0,0,0,0,1,5,0,40180,220,0,2007,COTTON LN,I-10 RAMP,0,33274375,112253648,2,1
4,13,2,10,21,25,2,7,0,0,15,6,0,12,3,2,2,5,4,40,1,1,2,1,0,0,0,3,1,0,0,99,99,99,99,99,99,0,0,0,0,1,7,0,40181,370,0,2007,56TH ST,HILLERY DR,0,33371912,111573733,2,1
4,13,3,14,17,9,2,4,0,0,14,6,0,12,4,2,1,5,5,40,1,1,2,1,0,0,0,1,1,0,0,17,10,17,15,99,99,0,0,0,0,2,4,0,40182,370,0,2007,27TH AVE,MONTEBELLO AVE,0,33311334,112070094,2,1
4,13,4,1,2,52,1,1,0,0,13,6,0,33,0,1,3,3,3,45,1,1,2,1,0,0,0,3,1,0,0,2,54,2,58,0,0,0,0,0,0,1,1,1,40183,370,0,2007,BASELINE RD,1E+20,0,33224101,111595929,1,1
4,13,4,8,2,22,2,3,0,0,13,6,0,12,5,2,1,5,5,35,1,1,2,1,2,3,0,3,1,0,0,2,23,2,27,99,99,0,0,0,0,1,1,1,40184,370,0,2007,THOMAS RD,24TH ST,0,33284914,112014855,2,1
4,19,4,17,21,15,3,4,0,1,13,6,0,12,99,3,1,1,2,35,2,2,2,1,0,0,0,2,1,0,0,99,99,99,99,99,99,0,0,0,0,1,3,0,40185,0,0,2007,KOLB RD,CLAYRIDGE DR,0,32170309,110501330,3,1
4,13,4,22,21,45,2,4,1,0,13,6,0,33,0,11,3,3,2,35,1,1,2,1,3,3,0,3,1,0,0,21,46,21,51,0,0,0,0,0,0,1,1,2,40186,370,0,2007,35TH AVE,I-10 RAMP,0,33274405,112080425,2,1
4,13,4,23,10,42,2,2,0,0,14,6,0,12,2,1,1,5,5,45,1,1,2,1,0,0,0,1,1,0,0,99,99,99,99,99,99,0,0,0,0,1,2,0,40187,290,0,2007,GREENFIELD RD,1E+20,0,33244589,111441114,2,1
4,13,4,23,14,48,4,4,0,0,14,6,0,12,5,2,1,1,2,40,1,1,2,1,0,0,0,1,1,0,0,99,99,99,99,99,99,0,0,0,0,1,2,0,40188,370,0,2007,32ND ST,ROESER DR,0,33235880,112004555,4,1
4,13,4,28,21,42,2,5,0,0,13,6,0,12,4,2,1,9,9,40,1,1,2,1,2,3,0,3,1,0,0,99,99,99,99,99,99,0,0,0,0,1,7,0,40189,200,0,2007,51ST AVE,CAMELBACK RD,0,33303398,112100755,2,1
4,21,4,29,5,40,1,1,0,1,12,2,0,26,0,1,3,3,2,65,1,1,1,1,0,0,0,1,1,0,0,5,43,5,52,0,0,0,0,0,0,1,1,1,40190,22,1969,2007,US-60,1E+20,0,33231224,111321544,1,1
4,12,4,29,15,20,4,8,0,9,2,3,3,12,4,2,1,1,2,55,1,1,2,1,3,3,0,1,1,0,0,15,25,15,29,99,99,0,0,0,0,2,1,0,40191,0,1454,2007,SR-95,BLUEWATER DR,0,34093505,114160003,4,1
4,27,4,30,5,15,1,3,0,1,1,1,0,1,0,1,1,2,2,75,1,1,2,1,0,0,0,2,1,0,0,5,18,5,55,99,99,0,0,0,0,2,2,0,40192,0,719,2007,I-8,1E+20,0,32491693,113280738,1,1
4,13,3,14,4,57,2,2,0,0,13,6,0,12,1,2,1,3,2,40,1,1,2,1,0,0,0,3,1,0,0,99,99,99,99,99,99,0,0,0,0,1,4,0,40194,370,0,2007,51ST AVE,LATHAM ST,0,33273761,112100887,2,1
4,17,3,16,2,30,1,2,1,1,1,7,0,8,0,1,1,1,2,45,1,1,2,1,0,0,2,2,1,0,0,6,15,6,19,0,0,0,0,0,0,1,6,1,40195,0,2571,2007,I-40 FRONTAGE RD,1E+20,0,35003619,110382062,1,1
4,13,4,20,12,53,1,1,0,1,2,3,3,35,0,1,4,2,2,65,2,1,2,1,0,0,0,1,1,0,0,99,99,99,99,99,99,0,0,0,0,1,6,0,40196,0,1975,2007,SR-87,1E+20,0,33363346,111343295,1,1
4,13,4,24,10,36,1,2,1,0,16,6,0,33,0,3,4,1,2,30,1,1,2,1,20,3,0,1,1,0,0,99,99,99,99,0,0,0,0,0,0,1,3,0,40197,370,0,2007,17TH AVE,MOUNTAINVIEW RD,0,33342930,112054401,1,1
4,15,4,26,1,12,1,3,0,1,2,2,0,1,0,1,1,2,2,65,1,1,2,1,0,0,0,2,1,0,0,1,40,1,58,99,99,0,0,0,0,2,5,1,40198,0,364,2007,US-93,1E+20,0,35360974,114241163,1,1
4,13,4,27,20,2,1,4,1,0,16,6,0,8,0,1,1,1,2,25,1,1,2,1,0,0,0,3,1,0,0,0,0,0,0,0,0,0,0,0,0,1,6,0,40199,370,0,2007,FREEWAY LN,1E+20,0,33334247,112063697,1,1
4,13,5,1,13,49,1,2,1,0,14,6,0,8,0,1,1,5,5,40,1,1,2,1,0,0,0,1,1,0,0,99,99,99,99,99,99,0,0,0,0,1,3,0,40200,370,0,2007,BETHANY HOME RD,1E+20,0,33312604,112050993,1,1
4,21,5,1,20,3,1,2,1,0,4,6,0,8,0,1,1,1,2,45,1,1,1,1,0,0,0,2,1,0,0,20,3,20,10,99,99,0,0,0,0,1,3,1,40201,70,0,2007,MCCARTNEY RD,1E+20,0,32561835,111441589,1,1
4,19,5,2,19,99,2,4,0,0,13,6,0,12,4,2,1,9,9,40,1,1,2,1,3,3,0,3,1,0,0,19,34,99,99,99,99,0,0,0,0,1,4,0,40202,530,0,2007,SPEEDWAY BLVD,KOLB RD,0,32140773,110502715,2,1
4,13,5,2,20,57,1,4,1,0,16,6,0,8,0,1,1,1,2,25,1,1,2,1,0,0,2,3,1,0,0,20,58,21,1,99,99,0,0,0,0,1,4,1,40203,370,0,2007,12TH AVE,1E+20,0,33264422,112051712,1,1
4,13,5,3,12,9,1,2,1,0,13,6,0,8,0,10,1,3,3,40,1,1,2,1,3,3,0,1,1,0,0,12,9,12,11,99,99,0,0,0,0,1,5,1,40204,370,0,2007,51ST AVE,I-10 RAMP,0,33274879,112100855,1,1
4,21,5,4,1,29,2,2,0,1,1,1,0,12,1,1,1,2,2,75,2,1,2,1,0,0,0,3,1,0,0,1,30,1,42,0,0,0,0,0,0,1,6,1,40205,0,1924,2007,I-10,1E+20,0,32544593,111411312,2,1
4,19,5,4,20,28,2,7,1,0,13,6,0,9,0,4,4,5,4,35,1,1,2,1,3,3,0,3,1,0,0,99,99,99,99,99,99,0,14,0,0,1,6,0,40206,530,0,2007,SPEEDWAY BLVD,1E+20,0,32140911,110573562,2,1
4,5,5,6,8,24,1,1,0,1,1,1,0,1,0,15,8,2,2,75,1,1,2,1,0,0,0,1,1,0,0,8,26,8,33,99,99,0,0,0,0,1,1,0,40207,0,1904,2007,I-40,1E+20,0,35115307,111444074,1,1
4,15,5,7,10,51,1,2,1,1,2,2,0,9,0,1,1,2,2,65,1,1,2,1,0,0,0,1,1,0,0,10,52,11,2,0,0,0,0,0,0,1,2,0,40208,0,467,2007,US-93,1E+20,0,35282132,114184742,1,1
4,13,2,5,18,10,2,3,0,0,15,6,0,12,5,1,1,5,4,45,1,1,2,1,0,0,0,5,1,0,0,99,99,99,99,99,99,0,0,0,0,1,2,0,40209,370,0,2007,HAPPY VALLEY RD,1E+20,0,33424451,112110482,2,1
4,13,3,27,15,22,2,6,0,0,14,6,0,12,4,2,1,5,4,35,1,1,2,1,2,3,0,1,1,0,0,15,23,15,26,99,99,0,0,0,0,1,3,0,40210,370,0,2007,VAN BUREN ST,15TH AVE,0,33270486,112052887,2,1
4,13,3,28,13,54,2,2,0,0,16,6,0,12,5,2,1,1,2,25,1,1,2,1,20,3,0,1,1,0,0,13,54,13,59,99,99,0,0,0,0,1,4,0,40211,490,0,2007,FREMONT DR,RIVER DR,0,33225858,111534700,2,1
4,13,4,3,14,3,1,6,1,0,14,6,0,8,0,1,1,4,4,40,1,1,2,1,0,0,0,1,1,0,0,99,99,99,99,99,99,0,0,0,0,1,3,0,40212,368,0,2007,NORTHERN AVE,1E+20,0,33330832,112133055,1,1
4,13,4,5,15,28,2,4,1,0,13,6,0,12,4,2,1,5,5,40,1,1,2,1,2,3,0,1,1,0,0,15,28,15,30,0,0,0,0,0,0,1,5,0,40213,370,0,2007,51ST AVE,ENCANTO BLVD,0,33282392,112100849,2,1
4,13,5,3,23,55,2,2,0,0,13,4,0,12,1,1,1,1,4,55,1,1,2,1,0,0,0,2,1,0,0,23,55,0,1,0,0,0,0,0,0,1,5,1,40214,0,0,2007,MC 85,1E+20,0,33261272,112142985,2,1
4,19,5,5,1,28,1,2,0,0,6,6,0,5,0,1,1,1,2,45,1,1,5,5,0,0,0,2,1,0,0,99,99,99,99,99,99,0,0,0,0,1,7,1,40215,530,0,2007,PUMP STATION RD,1E+20,0,32253637,111221786,1,1
4,13,5,12,15,24,1,3,0,0,16,6,0,38,0,2,6,1,2,25,2,1,2,1,0,0,0,1,1,0,0,99,99,99,99,99,99,0,0,0,0,1,7,0,40216,290,0,2007,NORWALK CIRCLE,QUENTON,0,33282560,111443130,1,1
4,5,5,16,11,18,1,1,0,0,4,2,0,1,0,1,1,1,2,65,2,2,2,1,40,3,0,1,1,0,0,11,18,11,41,0,0,0,0,0,0,1,4,0,40217,0,5426,2007,US-89A,1E+20,0,36464715,111413178,1,1
4,13,5,16,19,42,1,3,1,0,14,6,0,8,0,1,1,9,9,40,1,1,2,1,0,0,0,3,1,0,0,99,99,99,99,0,0,0,0,0,0,1,4,0,40218,200,0,2007,75TH AVE,1E+20,0,33305146,112131368,1,1
4,13,5,16,21,47,1,1,0,0,16,6,0,33,0,1,6,9,9,25,2,1,2,1,0,0,0,3,1,0,0,99,99,99,99,99,99,0,0,0,0,1,4,0,40219,420,0,2007,87TH PLACE,ARABIAN TRAIL,0,33344869,111533582,1,1
4,19,5,17,5,99,2,2,0,1,13,6,0,12,5,3,1,1,4,35,1,1,2,1,3,3,0,1,1,0,0,5,59,6,3,99,99,0,0,0,0,1,5,0,40220,530,0,2007,AJO WAY,12TH AVE,0,32103978,110583906,2,1
4,13,5,17,16,30,2,2,0,0,14,6,0,12,2,8,1,3,3,45,1,2,2,1,20,3,0,1,1,0,0,16,30,16,34,99,99,0,0,0,0,1,5,0,40221,290,0,2007,POWER RD,1E+20,0,33275285,111410282,2,1
4,13,5,17,14,29,1,5,1,0,13,6,0,8,0,2,1,5,4,35,1,1,2,1,0,0,0,1,1,0,0,14,31,14,35,99,99,0,0,0,0,1,5,0,40222,370,0,2007,INDIAN SCHOOL RD,31ST ST,0,33294249,112005865,1,1
4,15,5,18,14,37,2,4,0,0,6,6,0,12,5,2,1,1,2,25,1,1,2,1,20,3,0,1,1,0,0,14,37,14,45,99,99,0,0,0,0,1,6,0,40223,178,0,2007,LA RIQUEZA RD,AZTEC RD,0,35010787,114350477,2,1
4,19,5,19,2,41,3,5,0,1,13,6,0,12,2,3,1,5,4,99,1,1,2,1,0,0,0,3,1,0,0,99,99,99,99,99,99,0,0,0,0,2,7,1,40224,530,0,2007,GRANT RD,SPARKMAN BLVD,0,32150161,110551333,3,1
4,1,5,19,3,45,1,1,0,0,5,3,3,1,0,1,4,1,2,45,1,2,2,1,0,0,0,2,1,0,0,3,47,4,10,0,0,0,0,0,0,1,7,1,40225,0,3702,2007,SR-61,1E+20,0,34271219,109373639,1,1
4,15,5,20,5,99,1,1,0,0,4,4,0,1,0,1,4,1,2,55,1,1,2,1,0,0,0,4,1,0,0,5,10,5,35,0,0,0,0,0,0,1,1,1,40226,0,0,2007,HWY 91,1E+20,0,36551750,113553415,1,1
4,19,5,22,16,54,2,3,0,1,13,6,0,12,4,1,1,3,3,40,1,1,2,1,0,0,0,1,1,0,0,99,99,99,99,99,99,0,0,0,0,1,3,1,40227,530,0,2007,GOLF LINKS RD,1E+20,0,32113120,110501990,2,1
4,13,5,26,4,20,2,4,0,1,11,1,0,26,0,15,3,3,6,65,1,1,2,1,0,0,0,3,1,0,0,4,23,4,35,0,0,0,0,0,0,1,7,1,40228,370,1359,2007,I-10,1E+20,0,33274373,112140231,2,1
4,13,5,26,20,43,1,4,1,1,13,6,0,8,0,1,1,3,3,45,1,1,2,1,0,0,0,3,1,0,0,20,43,20,47,0,0,0,0,0,0,1,7,1,40229,370,0,2007,GRAND AVE,1E+20,0,33300885,112083599,1,1
4,21,3,30,19,51,1,5,1,0,4,8,3,8,0,1,1,1,2,55,1,1,2,1,0,0,0,2,1,0,0,19,52,20,6,99,99,0,0,0,0,1,6,1,40230,34,0,2007,CASA BLANCA RD,1E+20,0,33070392,111541071,1,1
4,13,4,6,2,12,1,1,0,0,16,6,0,33,0,1,2,4,3,35,2,1,2,1,0,0,0,3,1,0,0,99,99,99,99,0,0,0,0,0,0,1,6,1,40231,370,0,2007,ADAMS ST,15TH AVE,0,33265579,112053640,1,1
4,9,4,6,20,3,1,7,0,0,4,6,0,1,0,1,1,1,9,45,2,1,2,1,0,0,0,2,1,0,0,20,3,20,23,99,99,0,0,0,0,1,6,1,40232,0,0,2007,BRYCE EDEN RD,1E+20,0,32560818,109494162,1,1
4,13,4,11,19,50,1,1,0,0,14,6,0,33,0,1,2,5,5,35,1,1,2,1,0,0,0,3,1,0,0,19,50,19,56,99,99,0,0,0,0,1,4,0,40233,370,0,2007,16TH ST,1E+20,0,33295152,112025141,1,1
4,19,5,6,19,3,2,4,0,1,1,1,0,12,7,1,1,2,2,75,1,1,2,1,0,0,0,2,1,0,0,19,3,19,13,99,99,0,0,0,0,2,1,1,40234,0,2345,2007,I-10,1E+20,0,32285163,111143478,2,1
4,13,5,7,11,21,1,3,0,1,1,1,0,1,0,1,3,2,2,75,1,1,2,1,0,0,0,1,1,0,0,11,21,11,30,99,99,0,0,0,0,1,2,0,40235,60,1106,2007,I-10,1E+20,0,33260821,112394358,1,1
4,17,5,9,17,14,1,1,0,0,6,6,0,1,0,1,6,1,2,50,2,2,2,1,40,3,0,1,1,0,1,99,99,99,99,0,0,0,0,0,0,1,4,1,40236,0,0,2007,PULPMILL RD,1E+20,0,34284753,110123547,1,1
4,1,5,11,6,99,1,1,0,1,1,1,3,1,0,1,4,2,2,75,1,1,2,1,0,0,0,1,1,0,0,6,35,6,47,99,99,0,0,0,0,1,6,0,40237,0,3389,2007,I-40,1E+20,0,35124059,109203362,1,1
4,13,5,12,14,20,2,2,0,0,13,6,0,1,0,2,1,5,5,45,1,1,2,1,20,3,0,1,1,0,0,14,20,14,23,0,0,0,14,0,0,1,7,0,40238,370,0,2007,51ST AVE,ORAIBI DR,0,33395169,112100889,2,1
4,5,5,12,18,12,1,2,0,0,6,8,0,34,0,1,4,1,2,0,2,2,5,1,0,0,0,1,1,0,0,18,20,18,48,99,99,0,0,0,0,1,7,1,40239,0,0,2007,F H 229,1E+20,0,34454051,111322580,1,1
4,19,5,12,23,29,1,2,1,1,13,6,0,8,0,1,1,5,4,35,1,2,2,1,20,3,0,2,1,0,0,99,99,99,99,0,0,0,0,0,0,1,7,0,40240,530,0,2007,22ND ST,1E+20,0,32122414,110581486,1,1
4,15,5,13,0,41,1,1,0,1,2,2,0,52,0,1,4,1,2,65,2,2,2,1,0,0,0,2,1,0,0,0,43,1,24,0,0,0,0,0,0,1,1,1,40241,0,117,2007,US-93,1E+20,0,35534386,114373122,1,1
4,7,5,13,14,31,2,4,0,1,2,3,9,12,2,1,1,1,2,55,2,2,2,1,0,0,0,1,1,0,0,14,31,14,55,99,99,0,0,0,0,1,1,0,40242,0,2716,2007,SR-260,1E+20,0,34184486,111030393,2,1
4,13,5,13,16,13,1,2,0,1,2,3,0,1,0,1,6,1,2,65,1,1,2,1,0,0,0,1,1,0,0,16,13,16,31,99,99,0,0,0,0,1,1,1,40243,0,1327,2007,SR-85,1E+20,0,33065225,112385826,1,1
4,13,5,14,2,40,2,2,0,1,11,1,0,12,1,1,1,2,2,65,1,1,2,1,0,0,0,2,1,0,0,2,40,2,44,0,0,0,0,0,0,1,2,0,40244,220,1272,2007,I-10,1E+20,0,33274110,112230228,2,1
4,27,5,14,6,43,1,3,1,0,15,6,0,8,0,3,1,3,2,35,1,1,2,1,0,0,0,1,1,0,0,99,99,99,99,99,99,0,0,0,0,1,2,0,40245,620,0,2007,AVENUE A,DESERT LAKES DR,0,32393203,114375892,1,1
4,15,5,15,10,28,3,7,0,1,2,2,0,12,4,1,1,1,3,55,1,1,2,1,0,0,0,1,1,0,0,10,28,11,8,99,99,0,0,0,0,2,3,0,40246,0,29,2007,US-93,1E+20,0,35592470,114425829,3,1
4,5,5,15,16,0,1,1,0,0,4,3,0,7,0,1,6,1,2,50,2,2,2,1,0,0,0,1,1,0,0,16,25,16,54,0,0,0,0,0,0,1,3,0,40247,0,5979,2007,SR-67,1E+20,0,36301134,112082239,1,1
4,25,5,16,0,99,2,2,0,0,4,3,0,12,2,1,1,1,2,65,1,2,2,1,0,0,0,2,1,0,0,0,23,0,30,0,0,0,0,0,0,2,4,0,40248,0,3234,2007,SR-89,1E+20,0,34413087,112264734,2,1
4,13,5,16,1,32,1,1,0,1,11,1,0,1,0,13,1,6,1,65,2,2,2,1,0,0,0,3,1,0,0,1,35,1,45,0,0,0,0,0,0,1,4,1,40249,370,2150,2007,I-17 RAMP,1E+20,0,33410841,112064716,1,1
4,19,6,2,4,10,3,3,0,1,12,9,0,33,0,1,3,3,4,40,2,1,2,1,0,0,0,3,1,0,0,99,99,99,99,99,99,0,0,0,0,1,7,1,40250,530,0,2007,GOLF LINKS RD,SWAN RD,0,32114187,110534899,3,1
4,19,6,2,12,1,1,3,0,1,11,1,0,38,0,1,10,2,2,75,1,1,2,1,0,0,0,1,1,0,0,12,1,12,15,99,99,0,0,0,0,1,7,2,40251,0,2713,2007,I-10,1E+20,0,32054970,110494989,1,1
4,15,6,4,2,57,1,3,0,1,1,1,0,32,0,1,4,2,2,75,1,1,2,1,0,0,0,3,1,0,0,3,3,3,32,99,99,0,0,0,0,2,2,0,40252,0,80,2007,I-40,1E+20,0,34434190,114204937,1,1
4,23,6,5,3,38,1,4,0,0,4,3,0,1,0,1,6,1,2,65,1,1,2,1,0,0,0,2,1,0,0,3,39,4,0,99,99,0,0,0,0,1,3,0,40253,0,449,2007,SR-82,1E+20,0,31424594,110272649,1,1
4,25,6,6,0,49,1,1,0,0,16,6,0,31,0,1,3,2,2,55,2,2,2,1,0,0,0,3,1,0,0,0,49,0,55,0,0,0,0,0,0,1,4,1,40254,0,0,2007,PIONEER PKWY,1E+20,0,34374908,112260692,1,1
4,17,6,7,2,4,1,2,1,1,11,1,0,8,0,15,1,2,2,75,1,1,2,1,0,0,0,3,1,0,0,2,4,2,10,0,0,0,0,0,0,1,5,1,40255,610,2519,2007,I-40,1E+20,0,35021725,110434077,1,1
4,13,6,7,17,11,6,10,0,1,11,1,0,25,0,1,3,3,5,55,2,2,2,1,0,0,0,1,1,0,0,99,99,99,99,99,99,0,14,0,0,1,5,0,40256,370,2075,2007,I-17,1E+20,0,33333585,112065237,6,1
4,5,6,8,13,27,2,8,0,1,2,2,0,12,3,1,1,1,2,65,1,2,2,1,0,0,0,1,1,0,0,13,27,13,51,99,99,0,0,0,0,1,6,0,40257,0,4671,2007,US-89,1E+20,0,35524728,111243845,2,1
4,13,6,9,17,50,1,4,0,1,2,3,0,1,0,1,1,2,2,65,1,2,2,1,0,0,0,1,1,0,0,17,53,18,0,99,99,0,0,0,0,1,7,0,40258,0,1985,2007,SR-87,1E+20,0,33371682,111335942,1,1
4,13,6,9,18,12,2,7,0,0,14,6,0,12,1,3,1,5,5,45,1,1,2,1,0,0,0,1,1,0,0,18,12,18,16,99,99,0,0,0,0,1,7,0,40259,290,0,2007,VAL VISTA DR,INDIGO CIR,0,33264402,111451242,2,1
4,19,6,10,1,20,2,3,0,1,13,6,0,33,0,3,3,3,3,30,2,2,2,9,3,3,0,3,1,0,0,99,99,99,99,99,99,0,0,0,0,1,1,0,40260,530,0,2007,BROADWAY BLVD,AVIATION PKWY,0,32131461,110574374,2,1
4,13,6,10,13,45,1,3,0,1,12,2,0,25,0,1,3,3,6,65,1,1,2,1,0,0,0,1,1,0,0,99,99,99,99,99,99,0,0,0,0,1,1,0,40261,290,1794,2007,US-60,1E+20,0,33230943,111502545,1,1
4,13,6,10,17,30,2,6,0,1,11,1,0,12,7,15,1,3,5,55,1,1,2,1,0,0,0,1,1,0,0,17,30,17,35,18,1,0,0,0,0,1,1,0,40262,370,1446,2007,I-10,1E+20,0,33273884,112050083,2,1
4,13,6,10,23,0,1,2,1,1,1,1,0,8,0,1,1,2,2,75,1,1,2,1,0,0,0,3,1,0,0,0,0,0,0,0,0,0,0,0,0,1,1,0,40263,0,819,2007,I-10,1E+20,0,33320568,113084005,1,1