STATE,COUNTY,MONTH,DAY,HOUR,MINUTE,VE_TOTAL,PERSONS,PEDS,NHS,ROAD_FNC,ROUTE,SP_JUR,HARM_EV,MAN_COLL,REL_JUNC,REL_ROAD,TRAF_FLO,NO_LANES,SP_LIMIT,ALIGNMNT,PROFILE,PAVE_TYP,SUR_COND,TRA_CONT,T_CONT_F,HIT_RUN,LGT_COND,WEATHER1,WEATHER2,C_M_ZONE,NOT_HOUR,NOT_MIN,ARR_HOUR,ARR_MIN,HOSP_HR,HOSP_MN,SCH_BUS,CF1,CF2,CF3,FATALS,DAY_WEEK,DRUNK_DR,ST_CASE,CITY,MILEPT,YEAR,TWAY_ID,TWAY_ID2,RAIL,LATITUDE,LONGITUD,VE_FORMS,WEATHER
4,19,8,14,7,10,1,1,0,1,1,1,0,41,0,1,3,2,2,75,1,2,2,1,0,0,0,1,1,0,0,7,21,7,55,0,0,0,0,0,0,1,3,0,40484,0,2920,2007,I-10,1E+20,0,31584579,110311283,1,1
4,13,5,6,5,46,1,1,0,0,15,6,0,29,0,1,4,5,4,40,2,1,2,1,0,0,0,1,1,0,0,5,46,5,52,0,0,0,0,0,0,1,1,1,40485,370,0,2007,48TH ST,1E+20,0,33204829,111584933,1,1
4,13,6,25,7,57,1,2,1,0,16,6,0,8,0,1,1,5,2,25,1,1,2,1,0,0,0,1,1,0,0,99,99,99,99,99,99,0,0,0,0,1,2,0,40486,370,0,2007,RIVERPOINT PKWY,1E+20,0,33244311,112005239,1,1
4,13,7,20,1,50,2,2,0,0,13,6,0,12,5,2,1,3,4,35,1,1,2,1,2,3,0,3,1,0,0,1,50,1,51,99,99,0,0,0,0,1,6,1,40487,370,0,2007,INDIAN SCHOOL RD,27TH AVE,0,33294214,112070142,2,1
4,13,7,22,13,35,1,1,0,0,13,6,0,18,0,1,4,3,3,40,1,1,2,6,0,0,0,1,1,0,0,13,36,13,42,99,99,0,5,0,0,1,1,1,40488,370,0,2007,INDIAN SCHOOL RD,1E+20,0,33294214,112071305,1,1
4,13,8,4,0,24,1,1,0,0,16,6,0,33,0,1,2,1,2,25,2,1,2,1,0,0,0,3,1,0,0,0,24,0,28,99,99,0,0,0,0,1,7,1,40489,370,0,2007,APACHE ST,1E+20,0,33255247,112142305,1,1
4,15,8,16,1,56,1,1,0,0,6,9,0,1,0,1,6,1,2,55,1,1,2,1,0,0,0,2,1,0,0,1,56,2,21,0,0,0,0,0,0,1,5,1,40490,318,0,2007,COURTRIGHT,1E+20,0,34515841,114353303,1,1
4,19,8,16,13,24,2,3,0,0,14,6,0,12,2,1,1,1,2,50,2,1,2,1,0,0,0,1,1,0,0,99,99,99,99,99,99,0,0,0,0,1,5,0,40491,530,0,2007,VALENCIA RD,1E+20,0,32071467,110490660,2,1
4,21,8,16,20,35,2,2,1,0,3,3,0,12,1,1,1,1,2,65,1,2,2,1,40,3,0,2,1,0,0,20,35,20,52,99,99,0,0,0,0,1,5,1,40492,0,947,2007,SR-79,1E+20,0,32354130,110582476,2,1
4,27,8,17,19,36,2,2,0,1,13,2,0,12,4,2,1,5,4,45,1,1,2,1,20,3,0,5,1,0,0,19,37,19,43,99,99,0,0,0,0,1,6,0,40493,620,251,2007,US-95,PATE DT,0,32415507,114354383,2,1
4,13,8,17,23,36,2,2,0,0,14,6,0,12,4,2,1,5,4,45,1,1,2,1,0,0,0,3,1,0,0,23,37,23,39,99,99,0,0,0,0,1,6,1,40494,370,0,2007,35TH AVE,POTTER DR,0,33403528,112080488,2,1
4,13,8,18,3,99,2,2,0,1,11,1,0,12,2,15,1,3,3,55,1,1,2,1,0,0,0,3,1,0,1,3,24,3,39,4,38,0,0,0,0,1,7,2,40495,370,1986,2007,I-17,1E+20,0,33255936,112062806,2,1
4,25,8,19,11,4,2,5,0,1,2,3,0,1,0,3,1,5,4,55,2,1,2,1,3,3,0,1,1,0,0,11,4,11,9,99,99,0,0,0,0,1,1,0,40496,373,2835,2007,SR-69,FAIN RD,0,34334235,112153394,2,1
4,21,8,19,14,51,3,5,0,1,1,1,3,13,9,1,1,2,2,75,1,1,2,1,0,0,0,1,1,0,0,14,51,99,99,99,99,0,0,0,0,2,1,0,40497,0,1713,2007,I-10,1E+20,0,33101488,111525864,3,1
4,13,8,19,19,14,2,6,0,0,13,6,0,12,4,8,1,5,4,45,1,1,2,1,0,0,0,1,1,0,0,99,99,99,99,99,99,0,0,0,0,1,1,0,40498,290,0,2007,GILBERT RD,1E+20,0,33261222,111471626,2,1
4,3,8,21,5,20,1,1,0,1,1,1,0,1,0,1,3,2,2,75,2,1,2,1,40,3,0,2,1,0,0,5,20,5,25,0,0,0,0,0,0,1,3,0,40499,0,3015,2007,I-10,1E+20,0,31574526,110213997,1,1
4,13,8,24,7,15,2,2,0,1,11,1,0,12,1,15,1,3,5,65,1,1,2,1,0,0,0,1,1,0,0,99,99,7,25,0,0,0,0,0,0,1,6,0,40501,80,1599,2007,I-10,1E+20,0,33185865,111581943,2,1
4,25,8,15,5,32,1,2,1,1,13,3,0,8,0,2,1,1,4,55,1,2,2,1,0,0,0,2,1,0,0,5,32,99,99,99,99,0,0,0,0,1,4,0,40502,373,2910,2007,SR-69,ONYX DR,0,34335618,112222487,1,1
4,17,8,15,19,31,1,1,0,1,11,1,0,1,0,1,1,2,2,75,1,2,2,1,0,0,0,2,1,0,0,19,31,19,38,0,0,0,0,0,0,1,4,1,40503,240,2877,2007,I-40,1E+20,0,34550428,110083873,1,1
4,27,3,19,11,14,1,3,1,0,16,6,0,8,0,3,1,1,2,25,1,1,2,1,0,0,0,1,1,0,0,99,99,99,99,0,0,0,0,0,0,1,2,0,40504,417,0,2007,URTUZUASTEGUI ST,CESAR CHAVEZ ST,0,32293172,114464208,1,1
4,12,3,21,13,31,1,2,0,0,6,8,3,1,0,1,1,1,2,99,1,9,5,9,0,0,0,1,9,0,0,99,99,99,99,0,0,0,0,0,0,1,4,2,40505,340,0,2007,OLD COUNTY RD,1E+20,0,34094170,114161109,1,9
4,13,6,4,20,24,2,2,0,0,4,9,0,12,5,1,1,1,2,50,1,1,2,1,0,0,0,2,1,0,0,20,24,20,36,21,12,0,0,0,0,1,2,0,40506,388,0,2007,OCOTILLO RD,1E+20,0,33145485,111352167,2,1
4,13,6,24,21,7,1,1,0,0,15,6,0,11,0,1,1,1,2,45,1,1,2,1,0,0,0,2,1,0,0,21,7,21,19,99,99,0,0,0,0,1,1,1,40507,0,0,2007,SOUTHERN AVE,1E+20,0,33233045,112180370,1,1
4,13,8,12,19,8,1,2,0,0,16,6,0,1,0,1,6,1,2,25,1,2,2,1,0,0,0,2,1,0,0,19,8,19,14,19,50,0,0,0,0,2,1,1,40508,0,0,2007,WATKINS ST,1E+20,0,33252509,112324639,1,1
4,3,8,25,0,46,2,2,0,0,6,6,0,12,2,1,1,1,2,25,1,1,2,2,0,0,0,2,2,0,0,0,49,0,55,0,0,0,0,0,0,2,7,2,40509,0,0,2007,BEVERS RD,1E+20,0,31292084,110143241,2,2
4,19,8,25,5,46,2,2,0,0,14,6,0,12,2,1,1,1,2,40,2,1,2,2,0,0,0,4,1,0,0,99,99,99,99,99,99,0,0,0,0,1,7,1,40510,530,0,2007,SILVERBELL RD,1E+20,0,32161326,111013091,2,1
4,19,8,25,20,13,1,3,1,0,14,6,0,8,0,3,1,1,4,45,1,1,2,1,0,0,0,2,1,0,0,99,99,99,99,0,0,0,0,0,0,1,7,0,40511,0,0,2007,PALO VERDE RD,corporate dr,0,32092713,110550360,1,1
4,7,8,25,20,15,2,3,0,0,3,2,9,12,2,1,1,1,2,65,2,2,2,1,0,0,0,2,1,0,0,20,21,20,27,99,99,0,0,0,0,1,7,1,40512,0,2587,2007,US-60,1E+20,0,33282903,110432452,2,1
4,13,8,25,23,46,1,1,0,1,2,3,0,60,0,1,1,3,2,65,2,2,2,1,0,0,0,2,1,0,0,23,46,0,20,0,0,0,0,0,0,1,7,0,40513,0,2207,2007,SR-87,1E+20,0,33534712,111272855,1,1
4,25,8,26,1,0,1,2,0,0,4,4,0,24,0,1,4,1,2,50,1,1,2,1,0,0,0,2,1,0,0,1,2,1,9,2,24,0,0,0,0,1,1,0,40514,0,0,2007,WILLIAMSON VALLEY RD,1E+20,0,34375136,112295347,1,1
4,3,8,27,2,15,1,2,1,0,14,3,0,8,0,1,1,5,4,55,1,1,2,1,0,0,0,2,1,0,0,2,20,2,22,0,0,0,0,0,0,1,2,1,40515,0,3261,2007,SR-92,1E+20,0,31290114,110152685,1,1
4,19,8,27,3,8,1,1,0,1,13,6,0,33,0,1,3,3,3,40,2,1,2,1,0,0,0,3,1,0,0,99,99,99,99,0,0,0,0,0,0,1,2,1,40516,530,0,2007,GRANT RD,1E+20,0,32150211,110512036,1,1
4,13,8,27,6,24,1,1,0,1,11,7,0,24,0,1,4,3,2,65,1,1,1,1,0,0,0,1,1,0,0,6,28,6,30,0,0,0,0,0,0,1,2,0,40517,30,1330,2007,I-10 FRONTAGE RD,1E+20,0,33274355,112163016,1,1
4,13,8,28,12,30,4,6,0,1,11,1,0,1,0,15,1,2,2,75,1,1,2,1,0,0,0,1,1,0,0,12,30,12,35,99,99,0,0,0,0,1,3,0,40519,60,1204,2007,I-10,1E+20,0,33274279,112300184,4,1
4,13,8,28,17,9,2,2,0,1,12,3,0,12,1,1,1,3,4,65,2,1,2,1,0,0,0,1,1,0,0,17,11,17,18,99,99,0,0,0,0,1,3,0,40520,290,571,2007,SR-101,1E+20,0,33212096,111533945,2,1
4,19,8,31,18,8,1,2,1,1,13,6,0,9,0,3,1,3,3,35,1,1,2,1,2,3,2,1,1,0,0,99,99,99,99,99,99,0,0,0,0,1,6,0,40522,530,0,2007,VALENCIA RD,6th Ave,0,32080276,110580455,1,1
4,13,4,11,12,25,6,11,0,1,13,3,0,12,5,2,1,1,2,45,1,1,2,1,2,3,0,1,1,0,0,12,25,12,35,13,0,0,0,0,0,1,4,0,40523,486,162,2007,SR-303,BELL RD,0,33381951,112250613,6,1
4,13,2,8,12,49,2,3,0,0,16,6,0,12,2,3,1,1,2,35,1,1,2,1,9,3,0,1,1,0,0,12,49,13,0,99,99,1,0,0,0,1,5,0,40524,486,0,2007,COTTON LANE,SURPRISE FARMS,0,33380629,112253608,2,1
4,7,3,25,99,99,1,1,0,0,3,3,3,99,99,9,99,9,9,99,9,9,9,9,99,9,0,9,9,0,0,99,99,99,99,99,99,0,0,0,0,1,1,1,40526,0,2630,2007,SR-70,1E+20,0,33201598,110353037,1,9
4,13,7,9,7,59,1,2,1,0,14,6,0,8,0,3,1,5,5,45,1,1,2,1,0,0,0,1,1,0,0,99,99,99,99,99,99,0,0,0,0,1,2,0,40527,370,0,2007,83RD AVE,WESTVIEW DR,0,33294688,112141585,1,1
4,12,7,30,11,25,1,3,0,1,1,1,0,1,0,1,1,2,2,75,1,1,2,1,0,0,0,1,1,0,0,99,99,99,99,99,99,0,0,0,0,1,2,0,40528,0,465,2007,I-10,1E+20,0,33374010,113445268,1,1
4,13,8,13,15,31,2,2,0,0,15,9,0,12,2,1,1,1,2,50,1,2,2,1,0,0,0,1,1,0,0,99,99,99,99,99,99,0,0,0,0,2,2,0,40529,368,0,2007,LAKE PLEASANT RD,1E+20,0,33443710,112153281,2,1
4,5,9,1,11,53,2,6,0,1,2,2,3,12,2,1,1,1,2,65,1,1,2,1,0,0,0,1,1,0,0,11,57,12,35,99,99,0,0,0,0,1,7,2,40530,0,5227,2007,US-89,1E+20,0,36365838,111391644,2,1
4,5,9,1,13,30,1,4,0,1,1,1,0,1,0,1,3,2,2,75,2,2,2,6,0,0,0,1,2,0,0,13,30,13,43,99,99,0,5,0,0,1,7,0,40531,0,1535,2007,I-40,1E+20,0,35130032,112210054,1,2
4,13,9,3,2,57,1,1,0,1,11,1,0,18,0,1,2,3,3,55,1,1,2,1,41,9,0,3,1,0,1,2,57,3,8,99,99,0,0,0,0,1,2,1,40532,370,1986,2007,I-17,1E+20,0,33255938,112062811,1,1
4,7,9,3,99,99,1,2,0,1,2,3,0,42,0,1,6,3,2,55,2,2,2,1,40,3,0,2,1,0,0,8,50,9,0,0,0,0,0,0,0,2,2,0,40533,0,2470,2007,SR-87,1E+20,0,34095610,111195835,1,1
4,12,9,3,17,49,1,4,0,1,1,1,0,1,0,1,4,2,2,75,1,1,2,1,0,0,0,1,1,0,0,17,55,18,20,99,99,0,0,0,0,1,2,0,40534,0,665,2007,I-10,1E+20,0,33343798,113241949,1,1
4,13,9,4,0,34,1,1,0,0,14,6,0,33,0,3,3,3,2,45,1,1,2,1,28,3,0,3,1,0,0,99,99,99,99,0,0,0,0,0,0,1,3,1,40535,190,0,2007,ELLIOT RD,PORT ST,0,33205942,111483481,1,1
4,5,9,5,22,25,1,1,0,1,1,1,0,34,0,1,4,2,2,75,2,2,2,1,0,0,0,2,1,0,0,22,26,22,36,0,0,0,0,0,0,1,4,0,40536,0,1562,2007,I-40,1E+20,0,35131137,112180837,1,1
4,5,9,7,10,45,1,4,0,1,1,1,0,1,0,1,4,2,2,75,1,2,2,1,0,0,0,1,1,0,0,10,50,11,2,99,99,0,0,0,0,1,6,0,40537,0,1733,2007,I-40,1E+20,0,35152869,112012258,1,1
4,15,9,7,10,52,2,4,0,0,15,3,0,12,5,2,1,2,2,55,1,1,2,1,0,0,0,1,1,0,0,10,50,11,0,11,9,0,0,0,0,1,6,0,40538,0,602,2007,SR-66,THOMPSON AVE,0,35152912,113581795,2,1
4,25,9,7,16,59,1,4,0,0,4,3,0,1,0,1,6,1,2,45,1,2,2,1,0,0,0,5,1,0,0,17,1,17,25,99,99,0,0,0,0,1,6,2,40539,0,1563,2007,SR-97,1E+20,0,34261626,113142566,1,1
4,13,9,7,20,6,2,4,0,1,11,1,0,26,0,15,3,3,3,65,1,1,2,1,0,0,0,3,1,0,0,20,6,20,13,99,99,0,0,0,0,1,6,0,40540,370,1316,2007,I-10,1E+20,0,33273485,112181851,2,1
4,19,9,7,20,50,1,1,0,0,16,6,0,1,0,1,2,1,2,45,2,2,2,1,0,0,0,2,1,0,0,20,50,20,59,0,0,0,0,0,0,1,6,1,40541,0,0,2007,CAMINO DE OESTE,1E+20,0,32152585,111034169,1,1
4,13,9,8,11,99,1,1,0,1,12,3,0,25,0,13,4,6,1,45,2,2,2,1,40,3,0,1,1,0,0,11,12,11,17,11,39,0,0,0,0,1,7,0,40542,370,10,2007,SR-202 RAMP,1E+20,0,33274304,112021609,1,1
4,13,9,9,0,19,1,1,0,0,16,6,0,33,0,2,2,1,2,25,1,1,2,1,20,3,0,3,1,0,0,99,99,99,99,99,99,0,0,0,0,1,1,0,40543,290,0,2007,OLIVE,MARILYN AVE,0,33241172,111490141,1,1
4,15,9,9,0,47,1,1,0,0,6,6,0,43,0,3,4,1,2,25,1,4,5,1,0,0,0,2,1,0,0,0,47,0,58,99,99,0,0,0,0,1,1,1,40544,0,0,2007,LA RIQUEZA RD,PANADERO RD,0,35005398,114350499,1,1
4,13,9,9,12,19,3,5,0,0,15,6,0,12,2,1,1,1,9,45,1,1,2,1,0,0,0,1,1,0,0,12,19,99,99,0,0,0,0,0,0,3,1,0,40545,190,0,2007,POWER RD,1E+20,0,33175056,111411189,3,1
4,5,9,10,22,19,1,6,0,0,4,6,0,1,0,1,6,1,2,40,2,1,2,1,0,0,0,2,1,0,0,22,19,22,25,99,99,0,0,0,0,5,2,6,40546,590,0,2007,PERKINSVILLE RD,1E+20,0,35134694,112105148,1,1
4,21,9,11,7,8,2,3,0,0,3,3,3,12,5,2,1,2,2,65,1,1,2,1,20,3,0,1,1,0,1,7,8,7,21,99,99,0,0,0,0,1,3,0,40547,0,1785,2007,SR-347,CASA BLANCA RD,0,33072416,112010282,2,1
4,13,9,11,19,18,2,2,0,0,14,6,0,12,1,1,1,5,4,45,1,1,2,1,0,0,0,3,1,0,0,19,18,19,25,19,55,0,0,0,0,1,3,0,40548,290,0,2007,UNIVERSITY DR,1E+20,0,33252027,111351583,2,1
4,13,9,12,7,33,1,2,1,0,13,6,0,9,0,3,1,3,3,45,1,1,2,1,2,3,0,1,1,0,0,99,99,99,99,0,0,0,0,0,0,1,4,0,40549,290,0,2007,BASELINE RD,DOBSON RD,0,33224310,111524017,1,1
4,19,9,14,0,4,1,2,1,0,3,3,0,8,0,1,1,1,2,65,2,1,2,1,0,0,2,2,1,0,0,0,4,99,98,0,0,0,0,0,0,1,6,1,40550,0,779,2007,SR-85,1E+20,0,31545824,112482155,1,1
4,5,9,14,20,5,1,2,1,1,2,2,3,8,0,1,1,1,2,65,1,1,2,1,0,0,0,2,1,0,0,20,5,20,55,0,0,0,0,0,0,1,6,1,40551,0,5174,2007,US-89,1E+20,0,36325125,111372413,1,1
4,11,9,15,0,45,1,2,0,0,3,2,0,1,0,1,6,1,2,65,2,2,2,1,0,0,0,2,1,0,0,0,54,1,6,99,99,0,0,0,0,1,7,2,40552,0,3742,2007,US-70,1E+20,0,32432252,109100453,1,1
4,13,9,15,14,3,2,3,0,0,15,6,0,12,2,1,1,1,2,45,1,1,2,1,0,0,0,1,1,0,0,14,3,14,8,14,27,0,0,0,0,1,7,0,40553,0,0,2007,59TH AVE,1E+20,0,33261030,112111150,2,1
4,19,9,15,10,13,1,5,0,0,3,3,0,42,0,1,6,1,2,65,1,1,2,1,0,0,0,1,1,0,0,10,21,10,43,99,99,0,0,0,0,1,7,1,40554,0,782,2007,SR-85,1E+20,0,31544316,112483237,1,1
4,7,9,15,18,54,2,2,0,0,13,2,0,12,2,2,1,5,4,45,1,3,2,1,0,0,0,3,1,0,0,18,54,18,58,99,99,0,0,0,0,1,7,0,40555,210,2529,2007,US-70,HUNTER DR,0,33230277,110452296,2,1
4,15,9,15,17,55,2,3,0,1,11,1,0,13,2,1,1,2,2,75,2,2,2,1,0,0,0,1,1,0,0,17,56,18,0,0,0,0,0,0,0,3,7,0,40556,260,508,2007,I-40,1E+20,0,35124899,114025926,2,1
4,5,9,16,15,0,1,2,0,0,3,3,0,1,0,1,1,1,2,45,1,2,2,1,0,0,0,1,1,0,0,15,5,15,20,0,0,0,0,0,0,1,1,0,40557,0,3914,2007,SR-89A,1E+20,0,35030414,111435855,1,1
4,25,9,17,8,5,2,2,0,1,2,3,0,12,1,1,1,2,2,65,2,3,2,1,0,0,0,1,1,0,0,8,5,8,19,8,49,0,0,0,0,1,2,0,40558,0,2669,2007,SR-69,1E+20,0,34220170,112104329,2,1
4,13,9,18,7,18,1,2,1,1,2,2,0,9,0,1,1,2,2,65,1,1,2,1,0,0,0,1,1,0,0,99,99,99,99,0,0,0,0,0,0,1,3,0,40560,0,1139,2007,US-60,1E+20,0,33560803,112413368,1,1
4,13,9,18,14,16,3,6,2,1,12,2,0,14,1,1,3,3,6,65,1,1,2,1,0,0,0,1,1,0,0,14,18,99,99,99,99,0,15,0,0,1,3,0,40561,290,1844,2007,US-60,1E+20,0,33231161,111451364,1,1
4,19,9,18,21,49,2,2,0,0,15,6,0,12,2,8,1,5,2,30,1,1,2,1,0,0,0,2,1,0,0,99,99,99,99,99,99,0,0,0,0,1,3,1,40563,530,0,2007,COLUMBUS BLVD,1E+20,0,32121880,110540315,2,1
4,19,9,19,0,57,1,1,0,0,4,9,0,1,0,1,6,1,3,50,1,1,2,1,0,0,0,3,1,0,0,99,98,99,98,0,0,0,0,0,0,1,4,1,40564,0,0,2007,HOUGHTON RD,1E+20,0,32025964,110462563,1,1
4,19,9,20,8,21,1,3,1,1,13,9,0,8,0,1,4,1,2,45,1,1,2,1,0,0,0,1,1,0,0,8,22,8,27,99,99,0,0,0,0,1,5,2,40565,530,0,2007,SABINO CANYON,1E+20,0,32180875,110492635,1,1
4,5,9,20,15,23,1,1,0,1,1,1,0,1,0,1,2,2,2,75,1,1,2,1,0,0,0,1,1,0,0,15,23,15,36,99,99,0,0,0,0,1,5,0,40566,0,2464,2007,I-40,1E+20,0,35034585,110490747,1,1
4,19,9,20,19,21,1,3,1,1,13,6,0,8,0,1,1,1,2,45,1,2,2,1,0,0,0,2,1,0,0,19,21,99,99,99,99,0,0,0,0,1,5,0,40567,0,0,2007,ORANGE GROVE RD,1E+20,0,32192337,111005208,1,1
4,27,9,21,14,27,1,1,0,1,11,1,0,21,0,1,3,2,2,65,2,1,2,1,0,0,0,1,1,0,0,14,29,14,33,0,0,0,0,0,0,1,6,0,40568,620,142,2007,I-8,1E+20,0,32401215,114243552,1,1
4,13,9,22,7,53,2,7,0,0,14,6,0,12,2,1,1,1,2,45,2,1,2,1,0,0,0,1,1,0,0,7,57,8,4,8,57,0,0,0,0,1,7,0,40569,190,0,2007,LINDSAY RD,1E+20,0,33171456,111462748,2,1
4,19,9,22,22,38,2,5,0,0,15,6,0,12,5,2,1,1,2,45,1,1,2,1,20,3,0,2,1,0,0,22,39,22,42,99,99,0,0,0,0,1,7,0,40570,0,0,2007,THORNYDALE RD,LAMBERT RD,0,32234307,111024871,2,1
4,13,9,23,1,1,2,3,0,0,13,6,0,12,5,2,1,3,3,45,1,1,2,1,2,3,0,3,1,0,0,99,99,99,99,99,99,0,20,0,0,1,1,2,40571,0,0,2007,BELL RD,99TH AVE,0,33381669,112162653,2,1
4,7,9,23,11,25,1,1,0,1,2,3,0,1,0,1,1,3,2,55,2,2,2,1,40,3,0,1,1,0,0,11,28,12,0,0,0,0,0,0,0,1,1,0,40572,0,2280,2007,SR-87,1E+20,0,33572608,111243072,1,1
4,13,9,24,13,12,2,3,0,1,13,2,0,12,7,3,1,3,2,45,1,1,2,1,3,3,0,1,1,0,0,13,14,13,16,99,99,0,0,0,0,1,2,0,40573,486,1409,2007,US-60,MEEKER BLVD,0,33392512,112222603,2,1
4,17,9,29,4,7,1,1,0,0,4,3,0,1,0,1,1,1,2,65,1,1,2,1,0,0,0,2,1,0,0,4,9,99,98,0,0,0,0,0,0,1,7,1,40574,0,3588,2007,SR-87,1E+20,0,35082837,110285965,1,1
4,25,9,29,8,45,1,1,0,0,4,3,0,1,0,1,6,3,2,45,2,2,2,1,0,0,0,1,1,0,0,9,1,9,9,0,0,0,0,0,0,1,7,0,40575,0,2729,2007,SR-89,1E+20,0,34121233,112471589,1,1
4,13,9,29,19,49,2,2,0,1,12,3,0,1,0,15,1,3,3,55,1,2,1,1,0,0,1,3,1,0,0,19,51,20,1,99,99,0,14,0,0,1,7,1,40576,370,22,2007,SR-143,1E+20,0,33263017,111584834,2,1
4,13,9,30,10,23,1,2,0,1,1,1,0,1,0,1,4,2,2,75,1,1,2,1,0,0,0,1,1,0,0,10,23,10,30,99,99,0,0,0,0,1,1,0,40577,60,1115,2007,I-10,1E+20,0,33255363,112384914,1,1
4,19,4,3,18,21,2,4,0,1,13,6,0,12,5,2,1,1,2,45,1,1,2,1,2,3,0,1,1,0,0,99,99,99,99,99,99,0,0,0,0,1,3,0,40578,0,0,2007,Orange Grove Rd,Shannon Dr,0,32192322,111014423,2,1
4,3,7,22,16,59,1,2,0,0,13,3,0,37,0,1,6,1,2,45,2,1,2,1,0,0,0,1,1,0,0,16,59,99,99,99,99,0,0,0,0,1,1,1,40580,50,3532,2007,SR-92,1E+20,0,31241838,109543026,1,1
4,13,8,11,15,31,1,4,0,1,12,3,0,42,0,15,4,3,3,65,1,2,2,1,40,3,0,1,1,0,0,15,32,15,36,16,12,0,0,0,0,1,7,0,40581,370,315,2007,SR-101,1E+20,0,33395696,111572238,1,1
4,3,8,13,14,49,2,2,0,0,14,3,0,12,1,3,1,9,9,99,9,1,9,1,0,0,1,1,1,0,0,99,99,99,99,99,99,0,0,0,0,1,2,0,40582,50,3525,2007,SR-92,Naco Hwy,0,31240579,109550921,2,1
4,21,8,25,5,55,1,1,0,0,6,8,3,1,0,1,99,1,2,45,1,2,1,9,0,0,0,2,9,0,0,5,55,6,5,0,0,0,0,0,0,1,7,1,40583,0,0,2007,SEEDFARM RD,1E+20,0,33042688,111483051,1,9
4,1,9,4,13,59,2,4,0,0,4,8,3,12,1,1,1,1,2,55,1,1,2,1,0,0,5,1,1,0,1,14,4,14,7,99,99,0,0,0,0,1,3,2,40584,183,0,2007,INDIAN ROUTE 12,1E+20,0,35432129,109032516,2,1
4,1,9,8,16,30,1,2,0,0,6,8,3,37,0,1,6,1,2,99,1,9,2,1,0,0,0,1,1,0,0,16,30,16,48,99,99,0,0,0,0,1,7,1,40585,0,0,2007,Transwestern Plant R,1E+20,0,35321606,109304312,1,1
4,1,9,13,20,20,3,6,0,0,4,8,3,12,2,1,1,5,4,55,1,2,2,1,0,0,0,2,1,0,0,99,99,99,99,99,99,0,0,0,0,1,5,1,40587,0,0,2007,INDIAN ROUTE 12,1E+20,0,35401497,109033334,3,1
4,19,9,18,5,39,1,2,0,1,1,1,0,42,0,1,4,2,2,75,1,1,2,1,0,0,0,4,1,0,0,5,39,6,3,99,99,0,0,0,0,1,3,0,40588,0,515,2007,I-19,1E+20,0,32015969,110593388,1,1
4,21,9,23,21,48,1,13,0,1,1,1,3,27,0,13,4,6,1,25,2,1,2,1,0,0,0,3,1,0,0,21,49,22,9,22,36,0,20,0,0,1,1,0,40589,0,1750,2007,I-10 RAMP,1E+20,0,33071175,111503477,1,1
4,19,9,25,12,50,1,4,0,1,1,1,0,38,0,13,6,6,1,75,2,1,2,1,0,0,0,1,1,0,0,12,55,13,4,99,99,0,0,0,0,1,3,0,40590,407,460,2007,I-19 RAMP,1E+20,0,31572424,110590905,1,1
4,13,9,26,10,7,2,3,0,1,1,1,0,38,0,15,4,2,2,75,1,1,2,1,0,0,0,1,1,0,0,10,10,10,38,11,52,0,0,0,0,2,4,0,40591,0,866,2007,I-10,1E+20,0,33311301,113035730,1,1
4,13,10,2,6,15,1,2,1,1,2,3,3,8,0,1,1,2,2,65,1,1,2,1,0,0,0,4,1,0,0,6,17,6,28,0,0,0,0,0,0,1,3,0,40592,0,1842,2007,SR-87,1E+20,0,33303968,111454090,1,1
4,13,10,2,18,99,2,3,2,0,13,6,0,33,0,1,3,3,2,35,1,1,2,1,0,0,2,3,1,0,0,18,51,18,57,0,0,0,0,0,0,1,3,0,40593,290,0,2007,MAIN ST,1E+20,0,33245459,111485253,1,1
4,17,10,4,14,27,2,3,0,1,1,1,0,12,2,1,1,2,2,75,2,2,2,1,0,0,0,1,6,0,0,14,30,14,40,99,99,0,0,0,0,1,5,1,40594,240,2871,2007,I-40,1E+20,0,34544857,110091147,2,6
4,13,10,6,7,47,2,2,0,0,13,6,0,12,1,1,1,3,3,45,1,1,2,1,0,0,0,1,1,0,0,7,48,7,53,8,8,0,0,0,0,1,7,0,40595,420,0,2007,SCOTTSDALE RD,1E+20,0,33334691,111553401,2,1
4,5,10,6,8,57,1,2,0,1,2,2,3,36,0,1,6,1,2,99,1,9,2,1,0,0,0,1,7,0,0,8,59,9,9,99,99,0,0,0,0,2,7,2,40596,0,3158,2007,US-160,1E+20,0,36055932,111193718,1,7
4,7,10,6,17,37,1,1,0,1,2,3,0,24,0,1,4,3,2,65,2,2,2,1,0,0,0,1,1,0,0,17,40,18,0,99,99,0,0,0,0,1,7,0,40597,0,2308,2007,SR-87,1E+20,0,33590502,111225783,1,1
4,5,10,7,19,11,2,2,0,1,2,2,3,12,2,1,1,1,2,65,1,2,2,1,0,0,0,2,1,0,0,19,18,99,99,99,99,0,0,0,0,1,1,0,40598,0,4839,2007,US-89,1E+20,0,36071570,111234082,2,1
4,17,10,7,19,41,1,3,1,0,4,6,0,8,0,1,1,5,4,45,1,1,2,1,0,0,2,3,1,0,0,99,99,99,99,99,99,0,0,0,0,1,1,2,40599,240,0,2007,NAVAJO BLVD,1E+20,0,34554199,110082864,1,1
4,5,10,9,6,59,1,2,1,0,6,9,3,8,0,1,1,1,4,99,1,1,2,1,0,0,0,3,1,0,0,6,59,7,5,99,99,0,0,0,0,1,3,1,40600,0,0,2007,MAIN ST,1E+20,0,36071030,111134595,1,1