STATE,COUNTY,MONTH,DAY,HOUR,MINUTE,VE_TOTAL,PERSONS,PEDS,NHS,ROAD_FNC,ROUTE,SP_JUR,HARM_EV,MAN_COLL,REL_JUNC,REL_ROAD,TRAF_FLO,NO_LANES,SP_LIMIT,ALIGNMNT,PROFILE,PAVE_TYP,SUR_COND,TRA_CONT,T_CONT_F,HIT_RUN,LGT_COND,WEATHER1,WEATHER2,C_M_ZONE,NOT_HOUR,NOT_MIN,ARR_HOUR,ARR_MIN,HOSP_HR,HOSP_MN,SCH_BUS,CF1,CF2,CF3,FATALS,DAY_WEEK,DRUNK_DR,ST_CASE,CITY,MILEPT,YEAR,TWAY_ID,TWAY_ID2,RAIL,LATITUDE,LONGITUD,VE_FORMS,WEATHER
4,13,10,11,99,99,1,1,0,0,14,6,0,1,0,2,5,1,9,35,2,1,2,1,0,0,0,3,1,0,0,0,0,0,0,0,0,0,0,0,0,1,5,0,40601,30,0,2007,THOMAS RD,119TH AVE,0,33284292,112185418,1,1
4,13,5,14,3,21,1,2,1,0,15,6,0,9,0,1,6,1,2,35,1,1,2,1,20,3,2,3,1,0,0,3,22,3,25,0,0,0,0,0,0,1,2,0,40602,80,0,2007,FRYE ST,1E+20,0,33175607,111494216,1,1
4,19,6,27,21,1,1,5,1,0,16,6,0,8,0,1,1,1,2,45,1,1,2,1,0,0,2,2,1,0,0,99,99,99,99,0,0,0,0,0,0,1,4,2,40603,0,0,2007,TETAKUSIM RD,1E+20,0,32065591,111030331,1,1
4,13,6,29,21,13,1,2,1,0,13,6,0,8,0,1,1,5,5,40,1,1,2,1,0,0,0,3,1,0,0,99,99,99,99,99,99,0,0,0,0,1,6,1,40604,370,0,2007,35TH AVE,1E+20,0,33295311,112080321,1,1
4,13,7,22,5,5,2,3,0,0,13,6,0,12,1,3,1,3,3,45,1,1,2,1,2,3,0,3,1,0,0,5,8,5,12,99,99,0,0,0,0,1,1,1,40605,370,0,2007,BASELINE RD,48TH ST,0,33224125,111584334,2,1
4,13,7,31,16,45,2,5,0,0,13,6,0,12,4,2,1,3,3,40,1,1,2,1,2,3,0,1,1,0,0,16,47,16,50,99,99,0,0,0,0,1,3,0,40606,370,0,2007,7TH ST,CORAL GABLES DR,0,33373276,112035586,2,1
4,13,8,1,10,48,2,2,0,0,13,6,0,12,11,8,1,5,2,40,1,1,2,1,0,0,0,1,1,0,0,10,49,10,58,0,0,0,0,0,0,1,4,0,40607,370,0,2007,19TH AVE,1E+20,0,33231577,112055685,2,1
4,13,8,1,13,50,2,4,0,0,14,6,0,12,5,1,1,5,5,40,1,1,2,1,0,0,0,1,1,0,0,99,99,99,99,99,99,0,0,0,0,1,4,0,40608,370,0,2007,16TH ST,1E+20,0,33321038,112025101,2,1
4,13,9,7,2,31,1,1,0,0,13,6,0,33,0,1,4,5,4,45,1,1,2,1,0,0,0,2,1,0,0,2,32,2,39,99,99,0,0,0,0,1,6,1,40609,370,0,2007,BASELINE RD,1E+20,0,33223940,112075160,1,1
4,13,9,16,3,15,1,2,1,0,14,6,0,8,0,3,1,3,3,45,1,1,2,1,0,0,0,3,1,0,0,3,16,3,20,0,0,0,0,0,0,1,1,1,40610,370,0,2007,BASELINE RD,43RD AVE,0,33223921,112090338,1,1
4,19,9,20,14,5,1,1,0,0,5,3,0,1,0,1,1,1,2,55,1,1,2,1,0,0,0,1,1,0,0,14,6,14,10,0,0,0,0,0,0,1,5,0,40611,0,445,2007,SR-286,1E+20,0,32034985,111190922,1,1
4,13,9,22,0,99,2,4,0,0,13,6,0,12,5,8,1,5,6,45,1,1,2,1,0,0,0,3,1,0,0,1,0,1,8,99,99,0,0,0,0,1,7,2,40612,370,0,2007,CAVE CREEK RD,1E+20,0,33382099,112015096,2,1
4,23,9,26,14,99,3,5,0,1,11,1,0,12,99,1,1,2,2,75,2,1,2,1,0,0,0,1,1,0,0,14,17,14,21,99,99,0,0,0,0,1,4,0,40613,392,97,2007,I-19,1E+20,0,31270882,110584317,3,1
4,13,9,28,22,40,1,2,1,0,13,6,0,8,0,1,1,5,5,40,1,1,2,1,0,0,2,3,1,0,0,22,40,22,45,99,99,0,0,0,0,1,6,2,40614,370,0,2007,51ST AVE,1E+20,0,33280834,112100881,1,1
4,7,10,6,19,42,1,3,0,1,2,3,0,42,0,1,3,3,2,65,2,2,2,1,0,0,0,2,1,0,0,19,44,20,5,99,99,0,0,0,0,2,7,0,40615,0,2438,2007,SR-87,1E+20,0,34082903,111193301,1,1
4,15,10,9,19,2,1,3,1,0,14,3,0,8,0,1,1,2,2,55,1,1,2,1,0,0,2,2,1,0,0,99,99,99,99,0,0,0,0,0,0,1,3,1,40616,260,591,2007,SR-66,1E+20,0,35144339,113590051,1,1
4,19,10,11,10,0,2,3,0,1,1,1,0,12,1,1,1,2,2,75,1,1,2,1,0,0,0,1,1,0,0,10,5,10,24,99,99,0,0,0,0,1,5,0,40617,530,2800,2007,I-10,1E+20,0,32012059,110424343,2,1
4,13,10,12,0,40,1,1,0,1,11,1,0,1,0,1,99,3,4,55,2,1,2,1,0,0,0,3,1,0,0,0,46,1,1,0,0,0,0,0,0,1,6,1,40618,370,1476,2007,I-10,1E+20,0,33272678,112021317,1,1
4,27,10,13,5,35,2,2,0,1,2,2,0,12,2,1,1,5,4,55,1,1,2,1,0,0,0,4,1,0,0,5,37,5,51,99,99,0,0,0,0,1,7,1,40619,0,107,2007,US-95,1E+20,0,32354781,114435854,2,1
4,17,10,13,12,12,1,2,0,0,5,3,0,1,0,1,6,1,2,65,1,1,2,1,0,0,0,1,1,0,0,12,13,12,30,99,99,0,0,0,0,1,7,0,40620,0,3226,2007,SR-277,1E+20,0,34285829,110185233,1,1
4,13,10,15,18,38,1,2,1,1,13,2,0,8,0,2,1,3,2,45,1,1,2,1,20,3,0,3,1,0,0,18,38,18,43,99,99,0,0,0,0,1,2,1,40621,368,1499,2007,US-60,87th Ave,0,33351661,112144360,1,1
4,17,10,17,3,6,1,1,0,0,4,3,0,1,0,1,6,1,2,65,1,1,2,2,0,0,0,2,1,0,0,4,38,4,48,0,0,0,0,0,0,1,4,1,40622,0,3508,2007,SR-87,1E+20,0,35034018,110350148,1,1
4,19,10,18,18,32,1,2,1,1,13,6,0,8,0,3,1,5,4,30,1,1,2,1,0,0,0,2,1,0,0,99,99,99,99,99,99,0,0,0,0,1,5,2,40623,530,0,2007,22ND ST,3rd Ave,0,32122462,110574995,1,1
4,13,10,19,18,36,2,2,0,1,11,1,0,12,1,15,1,3,5,65,1,1,1,1,0,0,0,3,1,0,0,99,99,99,99,0,0,0,0,0,0,1,6,0,40624,370,1589,2007,I-10,1E+20,0,33190907,111582056,2,1
4,21,10,20,8,6,2,2,0,0,5,3,0,12,8,1,1,1,2,55,1,1,2,1,0,0,0,1,1,0,0,8,14,8,19,0,0,0,0,0,0,1,7,0,40625,0,413,2007,SR-238,1E+20,0,33043699,112053987,2,1
4,5,10,20,22,47,1,1,0,1,1,1,0,1,0,1,3,2,2,75,2,1,2,1,0,0,0,3,1,0,0,22,47,22,53,0,0,0,0,0,0,1,7,0,40626,590,1615,2007,I-40,1E+20,0,35142097,112130989,1,1
4,13,10,21,3,30,2,2,1,1,12,3,0,12,2,13,1,6,1,50,2,3,2,1,0,0,0,2,1,0,0,3,35,99,99,99,99,0,0,0,0,1,1,1,40627,490,510,2007,SR-101 RAMP,1E+20,0,33260537,111532845,2,1
4,19,10,21,4,10,2,2,0,1,13,6,0,12,1,1,1,3,2,50,1,1,2,1,0,0,0,3,1,0,0,4,10,4,15,99,99,0,0,0,0,1,1,2,40628,0,0,2007,VALENCIA RD,1E+20,0,32080319,110541857,2,1
4,25,10,19,99,99,1,1,0,0,4,4,0,42,0,1,4,1,2,50,2,2,2,1,0,0,0,2,1,0,0,99,99,99,99,0,0,0,18,0,0,1,6,1,40629,0,0,2007,IRON SPRINGS RD,1E+20,0,34351074,112335883,1,1
4,13,10,24,19,53,2,2,0,0,14,6,0,12,4,2,1,9,9,40,1,1,2,1,0,0,0,3,1,0,0,99,99,99,99,99,99,0,0,0,0,1,4,1,40630,200,0,2007,PEORIA AVE,65TH AVE,0,33345412,112115672,2,1
4,13,10,27,8,38,1,2,1,1,2,3,3,9,0,1,1,2,2,65,1,1,2,1,0,0,0,1,1,0,0,8,38,8,45,0,0,0,0,0,0,1,7,0,40631,0,1824,2007,SR-87,1E+20,0,33301997,111465837,1,1
4,13,10,27,20,13,2,3,0,0,13,6,0,12,4,2,1,5,6,45,1,1,2,1,2,3,0,3,1,0,0,20,19,20,23,99,99,0,0,0,0,1,7,1,40632,490,0,2007,BASELINE RD,HARDY DR,0,33224157,111570893,2,1
4,13,10,28,2,99,2,4,1,1,1,1,0,8,0,1,2,2,2,55,1,1,2,1,0,0,2,2,1,0,0,2,39,2,46,0,0,0,0,0,0,1,1,0,40633,0,2225,2007,I-17,1E+20,0,33462441,112074927,1,1
4,13,10,28,18,57,1,3,1,0,15,6,3,8,0,1,1,1,9,40,1,1,2,1,0,0,0,2,1,0,0,99,99,99,99,99,99,0,0,0,0,1,1,0,40634,0,0,2007,ALMA SCHOOL RD,1E+20,0,33283846,111512404,1,1
4,1,10,28,21,20,2,3,0,1,2,2,3,12,5,2,1,1,2,65,1,1,2,1,20,3,0,2,1,0,0,21,21,21,42,99,99,0,0,0,0,1,1,0,40635,0,4371,2007,US-160,us-191,0,36554955,109342847,2,1
4,19,10,29,18,47,1,2,1,1,13,6,0,8,0,1,1,3,3,99,1,1,2,1,0,0,0,3,1,0,0,99,99,99,99,99,99,0,0,0,0,1,2,0,40636,530,0,2007,KOLB RD,1E+20,0,32122081,110502709,1,1
4,25,10,29,20,99,1,2,0,0,5,4,0,35,0,1,4,1,2,99,2,2,5,1,0,0,0,2,1,0,0,20,10,20,44,99,99,0,0,0,0,1,2,1,40637,0,0,2007,CROWN KING RD,1E+20,0,34163442,112153066,1,1
4,13,10,30,7,53,3,3,0,0,14,6,0,12,1,3,1,5,4,45,1,1,2,1,0,0,0,1,1,0,0,7,54,7,58,99,99,0,0,0,0,1,3,0,40638,290,0,2007,UNIVERSITY Dr,88th St,0,33252054,111382868,3,1
4,13,10,31,9,48,1,2,1,0,13,6,0,8,0,3,1,3,3,40,1,1,2,1,2,3,0,1,1,0,0,9,48,9,50,10,10,0,0,0,0,1,4,0,40639,420,0,2007,SCOTTSDALE RD,FRANK LLOYD WRI,0,33381708,111553172,1,1
4,27,10,31,17,0,2,3,0,0,4,9,0,12,2,1,1,1,2,50,1,1,2,1,0,0,0,1,1,0,0,17,9,17,20,99,99,0,0,0,0,2,4,1,40640,0,0,2007,AVENUE B,1E+20,0,32313523,114385630,2,1
4,5,11,2,5,49,1,2,0,1,2,2,3,1,0,1,1,1,2,45,1,2,2,1,0,0,5,4,1,0,0,99,99,99,99,99,99,0,0,0,0,1,6,1,40641,0,3435,2007,US-160,1E+20,0,36191014,110564665,1,1
4,13,11,2,15,48,2,2,0,0,14,6,0,12,7,1,1,9,9,40,1,1,2,1,0,0,0,1,1,0,0,99,98,99,98,99,98,0,0,0,0,1,6,0,40642,200,0,2007,59TH AVE,1E+20,0,33410167,112111215,2,1
4,13,11,7,20,38,1,4,0,0,16,6,3,1,0,1,99,1,2,35,1,1,2,1,0,0,0,2,1,0,0,99,99,99,99,99,99,0,20,0,0,1,4,1,40643,0,0,2007,COUNTRY CLUB DR,1E+20,0,33290552,111502178,1,1
4,21,11,9,14,9,2,2,0,0,6,6,0,12,3,3,1,1,2,50,1,1,2,1,0,0,0,1,1,0,0,99,99,99,99,99,99,0,0,0,0,1,6,0,40644,0,0,2007,Sunshine Blvd,Ellis Rd,0,32375543,111330461,2,1
4,25,11,11,10,14,2,3,0,0,15,3,0,12,5,2,1,1,4,45,1,1,2,1,20,3,0,1,1,0,0,10,16,10,18,99,99,0,0,0,0,1,1,0,40645,82,3277,2007,SR-89,ROAD 1 NORTH,0,34451028,112271508,2,1
4,7,11,11,16,58,2,3,0,1,2,3,0,12,2,1,1,1,2,55,9,2,2,1,0,0,0,5,1,0,0,99,99,99,99,99,99,0,0,0,0,2,1,0,40646,0,2655,2007,SR-260,1E+20,0,34180185,111065089,2,1
4,13,7,13,23,52,1,2,1,0,13,6,0,8,0,3,1,5,5,35,1,1,2,1,2,3,0,3,1,0,0,99,99,99,99,99,99,0,0,0,0,1,6,1,40647,370,0,2007,7TH ST,INDIAN SCHOOL R,0,33294112,112035412,1,1
4,13,7,15,16,56,2,4,0,0,14,6,0,12,2,1,1,5,3,45,1,1,2,1,0,0,0,1,1,0,0,99,99,99,99,99,99,0,0,0,0,2,1,1,40648,370,0,2007,SOUTHERN AVE,1E+20,0,33233210,112060136,2,1
4,13,8,10,15,5,4,3,2,1,11,1,0,8,0,15,2,3,5,65,1,1,2,1,0,0,0,1,1,0,0,15,8,15,14,99,99,0,0,0,0,2,6,0,40649,370,1355,2007,I-10,1E+20,0,33274538,112140086,1,1
4,13,9,4,7,5,2,2,0,0,15,6,0,12,4,2,1,5,6,45,1,1,2,1,2,3,0,1,1,0,0,7,6,7,11,99,99,0,0,0,0,1,3,0,40650,370,0,2007,HAPPY VALLEY RD,39TH AVE,0,33424604,112083720,2,1
4,13,9,9,11,14,2,7,0,0,13,6,0,33,0,1,3,3,2,40,2,2,2,1,0,0,0,1,1,0,0,11,20,11,31,99,99,0,0,0,0,2,1,0,40651,370,0,2007,INDIAN SCHOOL RD,1E+20,0,33294279,112075834,2,1
4,13,9,15,20,99,2,4,0,0,13,6,0,12,4,2,1,5,6,45,1,1,2,1,2,3,0,3,1,0,0,20,24,20,28,99,99,0,0,0,0,1,7,2,40652,370,0,2007,INDIAN SCHOOL RD,67TH AVE,0,33294138,112121163,2,1
4,13,9,23,12,39,1,2,0,1,1,1,0,1,0,1,6,3,2,75,1,2,2,1,0,0,0,1,1,0,0,12,39,12,47,13,37,0,0,0,0,1,1,0,40653,0,2329,2007,I-17,1E+20,0,33553199,112083814,1,1
4,13,10,2,20,45,1,2,1,0,14,6,0,8,0,1,1,5,5,40,1,1,2,1,0,0,0,3,1,0,0,20,45,20,50,99,99,0,0,0,0,1,3,0,40654,370,0,2007,NORTHERN AVE,1E+20,0,33331113,112073217,1,1
4,13,10,11,10,0,2,2,0,0,13,6,0,12,2,8,1,5,5,35,1,1,2,1,0,0,0,1,1,0,0,99,99,99,99,99,99,0,0,0,0,1,5,0,40655,370,0,2007,INDIAN SCHOOL RD,1E+20,0,33294077,111584597,2,1
4,13,10,13,0,99,1,3,2,0,14,6,0,8,0,1,1,5,4,35,1,1,2,1,0,0,2,3,1,0,0,0,41,0,46,99,99,0,0,0,0,1,7,3,40656,370,0,2007,VAN BUREN ST,1E+20,0,33270480,112012665,1,1
4,21,11,1,6,5,2,2,0,0,13,3,0,12,1,3,1,1,4,45,1,1,2,1,2,3,0,4,1,0,0,6,7,6,9,99,99,0,0,0,0,1,5,0,40657,70,21,2007,SR-387,Korsten Rd,0,32543173,111452630,2,1
4,13,11,2,11,8,1,7,0,1,1,1,0,1,0,1,3,2,2,75,1,1,2,1,0,0,0,1,1,0,0,11,8,11,45,99,99,0,0,0,0,1,6,0,40658,0,723,2007,I-10,1E+20,0,33334275,113182755,1,1
4,19,11,2,21,53,1,2,1,0,13,6,0,8,0,3,1,3,3,35,1,1,2,1,0,0,0,2,1,0,0,99,99,99,99,99,99,0,0,0,0,1,6,1,40659,530,0,2007,SPEEDWAY BLVD,Richey Blvd,0,32141053,110545792,1,1
4,19,11,3,22,39,12,25,0,0,13,6,0,12,7,3,1,3,3,35,1,1,2,1,2,3,0,3,1,0,0,99,99,99,99,99,99,0,0,0,0,2,7,4,40660,530,0,2007,SPEEDWAY BLVD,CAMPBELL AVE,0,32141016,110563641,12,1
4,27,11,5,15,20,1,2,0,0,6,4,0,1,0,1,1,1,2,65,1,1,4,1,0,0,0,1,1,0,0,15,29,15,33,99,99,0,0,0,0,1,2,0,40661,0,0,2007,COUNTY 18TH ST,1E+20,0,32340303,114370871,1,1
4,9,11,5,18,0,1,1,0,0,3,2,0,1,0,1,4,1,2,65,1,1,2,1,40,3,0,2,1,0,0,18,0,18,22,99,99,0,0,0,0,1,2,0,40662,0,3699,2007,US-70,1E+20,0,32450155,109140415,1,1
4,19,11,5,19,30,1,4,1,0,13,6,0,8,0,1,1,3,3,99,1,1,2,1,0,0,0,3,1,0,0,99,99,99,99,99,99,0,0,0,0,1,2,1,40663,530,0,2007,SPEEDWAY BLVD,1E+20,0,32141048,110520834,1,1
4,13,11,5,23,22,2,2,0,0,13,6,0,12,1,3,1,5,6,45,1,1,2,1,2,3,1,3,1,0,0,23,26,23,30,0,0,0,0,0,0,1,2,0,40664,486,0,2007,BELL RD,US-60,0,33381953,112205826,2,1
4,13,11,7,9,0,1,2,1,0,15,6,0,8,0,3,1,5,2,35,1,1,2,1,0,0,0,1,1,0,0,9,1,9,4,0,0,0,0,0,0,1,4,0,40665,420,0,2007,GRANITE REEF RD,Vista Dr,0,33304660,111540069,1,1
4,25,11,7,20,53,3,4,1,1,11,1,0,8,0,1,1,3,2,75,2,2,2,1,40,3,0,2,1,0,0,20,53,21,10,0,0,0,19,14,0,1,4,0,40666,0,2994,2007,I-17,1E+20,0,34415025,111443793,3,1
4,12,11,8,15,47,2,4,0,0,4,2,0,12,2,1,1,1,2,65,1,1,2,1,0,0,0,1,1,0,0,15,57,16,10,99,99,0,0,0,0,2,5,0,40667,0,596,2007,US-60,1E+20,0,33482610,113340693,2,1
4,13,11,10,14,36,2,3,0,1,13,3,0,12,5,2,1,1,2,50,1,1,2,1,20,3,0,1,1,0,0,99,99,99,99,99,99,0,0,0,0,1,7,0,40668,220,72,2007,SR-303,CAMELBACK RD,0,33302931,112250698,2,1
4,27,11,10,18,49,1,3,1,1,13,2,0,8,0,1,1,5,4,35,1,1,2,1,0,0,0,3,1,0,0,18,49,18,52,99,99,0,0,0,0,1,7,0,40669,620,241,2007,US-95,1E+20,0,32415491,114364472,1,1
4,15,11,11,17,20,1,1,0,0,6,4,0,1,0,1,2,1,2,35,1,1,5,1,40,3,0,1,1,0,0,99,98,99,98,0,0,0,0,0,0,1,1,0,40670,0,0,2007,SHINARUMP DR,1E+20,0,35092246,114114168,1,1
4,21,11,11,17,34,1,1,0,0,6,6,0,33,0,1,2,5,2,35,2,1,2,1,0,0,0,1,1,0,0,17,36,17,40,0,0,0,0,0,0,1,1,1,40671,297,0,2007,EDWARDS,1E+20,0,33032226,112030151,1,1
4,27,11,11,23,99,1,3,1,1,2,2,0,8,0,1,1,5,4,55,1,1,2,1,0,0,0,2,1,0,0,23,0,23,9,99,99,0,0,0,0,1,1,0,40672,0,45,2007,US-95,1E+20,0,32325842,114470687,1,1
4,12,11,12,16,7,2,3,0,0,4,2,0,12,2,1,1,1,2,55,2,1,2,1,0,0,0,1,1,0,0,16,17,16,29,99,99,0,0,0,0,3,2,1,40673,0,622,2007,US-60,1E+20,0,33492387,113314881,2,1
4,13,11,12,19,40,2,2,0,0,13,6,0,12,2,3,1,5,6,45,1,1,2,1,2,3,0,3,1,0,0,99,99,99,99,99,99,0,0,0,0,1,2,0,40674,370,0,2007,CAVE CREEK RD,SWEETWATER AVE,0,33361505,112021206,2,1
4,27,11,15,17,57,2,2,0,0,15,4,0,12,4,1,1,1,2,50,1,1,2,1,0,0,0,5,1,0,0,17,58,18,6,99,99,0,0,0,0,1,5,0,40675,620,0,2007,COUNTY 14TH ST,1E+20,0,32373325,114355065,2,1
4,19,11,17,0,5,1,8,0,0,6,9,0,1,0,1,6,1,2,45,2,1,2,1,0,0,0,2,1,0,0,0,11,0,15,99,99,0,0,0,0,2,7,0,40676,0,0,2007,SILVERBELL RD,1E+20,0,32255699,111163856,1,1
4,27,11,17,99,99,1,1,0,0,4,9,0,36,0,1,4,1,2,50,2,2,2,1,0,0,0,2,1,0,0,8,55,9,44,0,0,0,0,0,0,1,7,1,40677,0,0,2007,HYDER RD,1E+20,0,32585315,113252799,1,1
4,13,11,17,8,6,3,5,0,0,14,6,0,12,5,2,1,1,2,40,1,1,2,1,2,3,0,1,1,0,0,8,6,8,16,8,44,0,0,0,0,1,7,1,40678,368,0,2007,99TH AVE,NORTHERN AVE,0,33330492,112162101,3,1
4,12,11,17,17,9,1,1,0,0,4,9,0,35,0,1,4,1,2,45,2,1,2,1,21,3,0,5,1,0,0,17,11,17,28,0,0,0,0,0,0,1,7,0,40679,413,0,2007,SALOME RD,1E+20,0,33440758,113314047,1,1
4,13,11,18,1,44,1,1,0,0,14,6,0,33,0,1,2,5,4,40,1,1,2,9,0,0,0,3,1,0,0,1,44,1,48,2,19,0,0,0,0,1,1,1,40680,368,0,2007,91ST AVE,1E+20,0,33354103,112151838,1,1
4,19,11,19,18,59,1,1,0,0,6,6,0,1,0,1,6,1,2,45,2,2,2,1,0,0,0,2,1,0,0,19,4,19,14,0,0,0,0,0,0,1,2,1,40682,0,0,2007,CAMINO DE LA CANOA,1E+20,0,31502683,110583883,1,1
4,3,11,20,20,58,1,2,0,1,1,1,0,1,0,15,3,2,2,75,1,1,2,1,0,0,0,2,1,0,0,20,58,21,13,99,99,0,0,0,0,1,3,2,40683,0,3062,2007,I-10,1E+20,0,31575469,110155936,1,1
4,1,11,20,22,99,3,6,3,1,1,1,3,12,5,1,1,2,2,75,1,1,2,1,0,0,0,2,1,0,0,22,40,23,3,99,99,0,19,14,0,1,3,0,40684,0,3188,2007,I-40,1E+20,0,35054659,109394141,3,1
4,13,11,21,18,11,2,2,0,1,12,3,0,12,1,13,1,6,1,99,1,1,2,1,1,3,0,3,1,0,0,18,11,18,15,0,0,0,0,0,0,1,4,0,40685,290,490,2007,SR-101 Ramp,1E+20,0,33280730,111531603,2,1
4,21,11,21,19,14,2,2,0,0,3,2,0,12,2,1,1,2,2,65,1,1,2,1,0,0,0,5,1,0,0,19,14,19,21,99,99,0,0,0,0,2,4,1,40686,0,2069,2007,US-60,1E+20,0,33182863,111242667,2,1
4,13,11,23,6,28,1,2,0,1,1,1,0,1,0,15,2,2,2,75,1,1,2,1,0,0,0,2,1,0,0,6,28,6,53,0,0,0,0,0,0,1,6,0,40687,0,945,2007,I-10,1E+20,0,33294530,112555210,1,1
4,23,11,22,99,99,1,2,0,0,6,8,0,1,0,1,2,1,2,99,2,2,5,1,0,0,0,1,1,0,0,7,49,8,15,99,99,0,6,18,0,1,5,1,40688,0,0,2007,FOREST ROAD 39,1E+20,0,31244302,111093654,1,1
4,15,11,27,16,30,3,6,0,0,2,3,0,12,2,1,1,1,4,55,1,1,2,1,0,0,0,1,1,0,0,16,30,16,35,99,99,0,0,0,0,1,3,0,40689,0,2320,2007,SR-95,1E+20,0,34560204,114355265,3,1
4,13,11,27,21,99,3,3,0,0,15,6,0,12,8,1,1,1,2,45,2,1,2,1,0,0,0,2,1,0,0,99,99,99,99,0,0,0,20,0,0,1,3,0,40690,190,0,2007,POWER RD,1E+20,0,33181380,111411887,3,1
4,13,11,28,12,6,2,2,0,1,12,3,0,12,1,1,1,3,4,65,1,1,2,1,0,0,0,1,1,0,0,12,7,12,13,99,99,0,0,0,0,1,4,0,40691,370,308,2007,SR-101,1E+20,0,33402285,111591181,2,1
4,9,12,7,1,56,1,1,0,0,3,2,0,42,0,1,6,1,2,65,1,1,2,1,0,0,0,2,1,0,0,1,58,2,23,0,0,0,0,0,0,1,6,0,40692,0,966,2007,US-191,1E+20,0,32290810,109402433,1,1
4,19,12,8,7,26,1,1,0,0,15,6,0,27,0,3,3,3,1,25,2,1,2,2,20,3,0,1,2,0,0,7,26,99,99,99,99,0,0,0,0,1,7,1,40693,530,0,2007,CAMPBELL AVE,SILVERLAKE RD,0,32120403,110563802,1,2
4,19,12,9,18,13,3,13,0,1,13,6,0,12,4,2,1,5,4,40,1,1,2,1,2,3,0,3,1,0,0,18,13,99,99,99,99,0,0,0,0,1,1,1,40694,530,0,2007,GRANT RD,MOUNTAIN AVE,0,32145959,110570907,3,1
4,15,12,12,20,54,1,2,1,0,16,6,0,9,0,3,1,1,2,99,1,1,2,1,0,0,2,2,1,0,0,20,54,20,56,99,99,0,0,0,0,1,4,0,40695,0,0,2007,MELODY ST,JOHN L AVE,0,35152581,114002804,1,1
4,27,12,13,22,39,2,7,0,0,14,3,0,12,5,2,1,1,4,55,1,1,2,1,20,3,0,2,1,0,0,22,40,22,45,99,99,0,0,0,0,1,5,1,40696,620,100,2007,SR-8B,AVENUE 6E,0,32401204,114314836,2,1
4,19,12,14,21,16,2,4,0,1,12,6,0,33,0,1,3,3,3,40,1,1,2,1,0,0,0,3,1,0,0,99,99,99,99,99,99,0,14,0,0,1,6,2,40697,530,0,2007,GOLFLINKS RD,1E+20,0,32113244,110520299,2,1
4,13,12,18,16,32,2,3,0,0,14,6,0,12,7,3,1,9,9,40,1,1,2,1,3,3,0,1,1,0,0,99,99,99,99,99,99,0,0,0,0,2,3,0,40698,200,0,2007,BETHANY HOME RD,55TH AVE,0,33312667,112103847,2,1
4,15,12,23,5,50,1,1,0,1,13,3,0,33,0,1,2,5,4,55,2,1,2,1,0,0,0,2,1,0,0,5,50,99,99,0,0,0,0,0,0,1,1,1,40699,268,1810,2007,SR-95,1E+20,0,34272735,114194829,1,1
4,3,6,23,14,25,1,2,0,0,15,6,0,5,0,1,1,1,2,35,1,1,2,1,0,0,0,1,1,0,0,14,26,14,28,16,0,0,0,0,0,1,7,0,40700,130,0,2007,WASHINGTON AVE,1E+20,0,31221509,109314188,1,1
4,25,9,17,16,58,2,2,0,0,14,6,0,12,5,2,1,5,4,35,2,1,2,1,20,3,0,1,1,0,0,16,58,17,4,99,99,0,0,0,0,1,2,0,40701,386,0,2007,WILLOW CREEK RD,COMMERCE DR,0,34361218,112272066,2,1
4,12,10,11,10,99,2,3,0,1,1,1,0,12,3,1,1,2,2,75,1,1,2,1,0,0,0,1,1,0,0,10,21,10,29,99,99,0,0,0,0,1,5,0,40702,387,171,2007,I-10,1E+20,0,33393256,114144979,2,1
4,13,10,12,10,24,2,2,0,0,13,6,0,12,1,3,1,3,3,45,1,1,2,1,2,3,0,1,1,0,0,99,99,99,99,99,99,0,0,0,0,1,6,0,40703,420,0,2007,MCDOWELL RD,68TH ST,0,33275600,111560597,2,1
4,15,10,30,0,35,1,1,0,0,6,6,0,1,0,1,6,9,9,55,1,1,2,1,0,0,0,9,1,0,0,99,98,99,98,0,0,0,0,0,0,1,3,1,40704,318,0,2007,COURTWRIGHT RD,1E+20,0,34515837,114322023,1,1
4,7,11,13,15,99,2,2,0,0,3,2,0,12,2,1,1,1,3,55,1,2,2,1,0,0,0,1,1,0,0,15,22,15,28,99,99,0,0,0,0,1,3,0,40705,0,2408,2007,US-60,1E+20,0,33222721,110545959,2,1
4,13,11,17,17,0,4,9,0,0,3,3,3,12,5,2,1,2,2,55,2,1,2,1,20,3,0,5,1,0,0,17,0,17,4,18,0,0,0,0,0,1,7,0,40706,0,1875,2007,SR-347,MARICOPA RD,0,33145994,111583886,4,1
4,19,11,18,4,99,1,5,0,0,14,6,0,30,0,1,6,1,2,99,1,2,2,1,0,0,3,9,1,0,0,4,34,99,99,99,99,0,0,0,0,1,1,1,40707,530,0,2007,GRANDE AVE,1E+20,0,32125287,110591718,1,1
4,19,11,18,19,24,3,5,0,0,13,6,0,12,7,1,1,3,3,40,1,1,2,1,0,0,0,9,1,0,0,19,24,99,99,99,99,0,0,0,0,1,1,1,40708,530,0,2007,22ND ST,1E+20,0,32122471,110532429,3,1