STATE,COUNTY,MONTH,DAY,HOUR,MINUTE,VE_TOTAL,PERSONS,PEDS,NHS,ROAD_FNC,ROUTE,SP_JUR,HARM_EV,MAN_COLL,REL_JUNC,REL_ROAD,TRAF_FLO,NO_LANES,SP_LIMIT,ALIGNMNT,PROFILE,PAVE_TYP,SUR_COND,TRA_CONT,T_CONT_F,HIT_RUN,LGT_COND,WEATHER1,WEATHER2,C_M_ZONE,NOT_HOUR,NOT_MIN,ARR_HOUR,ARR_MIN,HOSP_HR,HOSP_MN,SCH_BUS,CF1,CF2,CF3,FATALS,DAY_WEEK,DRUNK_DR,ST_CASE,CITY,MILEPT,YEAR,TWAY_ID,TWAY_ID2,RAIL,LATITUDE,LONGITUD,VE_FORMS,WEATHER
4,19,11,20,18,56,2,2,0,1,13,6,0,12,1,1,1,3,3,40,1,1,2,1,0,0,0,3,1,0,0,99,99,99,99,99,99,0,0,0,0,1,3,0,40709,530,0,2007,BROADWAY BLVD,1E+20,0,32131532,110503139,2,1
4,19,11,24,20,10,1,3,0,0,4,6,0,35,0,1,4,1,9,50,1,1,2,1,0,0,0,2,1,0,0,99,99,99,99,99,99,0,0,0,0,1,7,1,40710,0,0,2007,SILVERBELL RD,1E+20,0,32254875,111161802,1,1
4,5,11,26,12,51,1,1,0,1,1,1,0,1,0,1,3,2,2,75,1,1,2,1,0,0,0,1,1,0,0,12,52,13,11,0,0,0,0,0,0,1,2,0,40711,0,2402,2007,I-40,1E+20,0,35053477,110551775,1,1
4,19,2,21,23,30,2,5,1,0,13,3,0,18,0,1,1,3,3,50,1,1,2,1,0,0,0,2,1,0,0,23,30,23,33,0,0,0,0,0,0,1,4,0,40712,355,759,2007,SR-77,1E+20,0,32210639,110582989,2,1
4,13,4,28,4,57,2,2,0,0,13,6,0,12,1,1,1,3,9,40,1,1,2,1,0,0,0,9,1,0,0,99,99,99,99,99,99,0,0,0,0,1,7,0,40713,80,0,2007,ALMA SCHOOL RD,1E+20,0,33200260,111513314,2,1
4,21,5,28,13,55,1,4,0,0,6,9,0,35,0,1,6,1,2,35,1,1,5,5,0,0,0,1,1,0,0,14,2,14,35,99,99,0,0,0,0,1,2,1,40716,297,0,2007,FARRELL RD,1E+20,0,33014587,112081230,1,1
4,21,5,28,21,18,1,1,0,0,6,9,0,18,0,1,1,1,2,25,2,1,4,5,0,0,0,2,1,0,1,21,28,99,99,99,99,0,0,0,0,1,2,0,40717,0,0,2007,NAMAKA DR,1E+20,0,32481617,111405582,1,1
4,21,6,14,12,99,1,1,0,0,6,9,0,17,0,1,6,1,2,99,1,1,5,1,0,0,0,1,1,0,0,12,11,12,20,0,0,0,0,0,0,1,5,0,40718,0,0,2007,ACCESS RD,1E+20,0,33022098,112070247,1,1
4,13,6,18,2,36,2,2,0,0,13,6,0,12,7,2,1,1,4,45,1,1,2,1,0,0,0,3,1,0,0,99,99,99,99,99,99,0,0,0,0,2,2,2,40719,80,0,2007,ALMA SCHOOL RD,PALOMINO DR,0,33202615,111513235,2,1
4,21,7,9,15,50,1,2,0,0,6,9,0,1,0,1,2,1,2,35,1,1,5,1,0,0,0,1,1,0,0,99,99,99,99,99,99,0,0,0,0,1,2,1,40720,0,0,2007,COWTOWN RD,1E+20,0,32534469,111471830,1,1
4,21,8,13,14,57,2,5,0,0,4,9,0,12,5,2,1,1,2,50,1,1,2,1,20,3,0,1,1,0,0,14,58,15,9,99,99,0,0,0,0,1,2,0,40721,0,0,2007,OVERFIELD RD,MCCARTNEY RD,0,32561784,111391076,2,1
4,5,8,25,17,28,2,2,0,0,6,8,3,12,2,1,1,1,2,99,1,1,8,5,0,0,0,1,1,0,0,17,28,17,44,99,99,0,0,0,0,1,7,0,40722,336,0,2007,POWERLINE RD,1E+20,0,36531814,111273927,2,1
4,13,11,18,18,7,1,2,1,1,13,2,0,8,0,1,1,2,2,45,1,1,2,1,0,0,0,2,1,0,0,18,8,18,11,18,46,0,0,0,0,1,1,1,40723,158,1445,2007,US-60,1E+20,0,33371719,112194174,1,1
4,27,11,20,7,15,2,2,0,1,13,2,0,12,4,2,1,5,4,55,1,1,2,1,3,3,0,1,1,0,0,7,15,7,17,99,99,0,0,0,0,1,3,0,40724,0,294,2007,US-95,ARABY RD,0,32415710,114311759,2,1
4,1,11,25,1,4,1,4,0,1,1,1,3,1,0,1,3,2,2,75,1,1,2,1,0,0,0,2,1,0,0,1,4,1,30,99,99,0,0,0,0,1,1,0,40725,0,3531,2007,I-40,1E+20,0,35180054,109074938,1,1
4,21,12,13,17,7,2,2,0,0,14,3,0,12,5,2,1,4,1,45,2,1,2,1,20,3,0,5,1,0,0,17,7,17,7,99,99,0,0,0,0,1,5,0,40726,180,1324,2007,SR-79,SR-79B,0,33005083,111224808,2,1
4,13,12,15,2,53,2,2,0,1,1,1,0,12,2,15,1,2,2,75,1,1,2,1,0,0,0,2,1,0,0,2,55,3,9,99,99,0,0,0,0,1,7,0,40727,370,2252,2007,I-17,1E+20,0,33485665,112082308,2,1
4,19,12,20,12,20,3,3,0,0,2,9,0,12,1,1,1,1,2,50,1,1,2,1,0,0,0,1,1,0,0,12,22,12,30,99,99,0,0,0,0,1,5,0,40728,0,0,2007,SAHUARITA RD,1E+20,0,31574744,110483952,3,1
4,21,12,23,14,23,1,3,0,1,1,1,0,1,0,1,3,2,2,75,1,1,2,1,0,0,0,1,1,0,0,14,26,14,49,99,99,0,0,0,0,3,1,0,40729,0,2203,2007,I-10,1E+20,0,32383450,111231186,1,1
4,13,12,31,18,49,1,1,0,1,12,3,0,26,0,1,3,3,3,65,1,1,2,1,0,0,0,3,1,0,0,18,51,18,59,99,99,0,0,0,0,1,2,1,40730,420,355,2007,SR-101,1E+20,0,33391753,111543167,1,1
4,13,5,4,5,17,2,2,0,0,14,6,0,12,1,1,1,1,2,45,1,1,2,1,0,0,0,2,1,0,0,99,99,99,99,99,99,0,0,0,0,1,6,0,40731,370,0,2007,VAN BUREN ST,1E+20,0,33270640,112135011,2,1
4,13,6,17,4,20,2,3,0,0,13,6,0,12,5,2,1,5,5,45,1,1,2,1,2,3,0,3,1,0,0,4,22,4,24,99,99,0,0,0,0,1,1,1,40732,370,0,2007,VAN BUREN ST,51ST AVE,0,33270443,112100888,2,1
4,13,9,12,21,17,1,1,0,0,13,6,0,33,0,1,2,5,5,35,1,1,2,1,0,0,0,3,1,0,0,99,99,99,99,0,0,0,0,0,0,1,4,1,40733,370,0,2007,INDIAN SCHOOL RD,1E+20,0,33294109,112030268,1,1
4,13,9,14,22,7,1,2,1,0,15,6,0,8,0,1,1,1,4,99,1,1,2,1,0,0,2,3,1,0,0,22,7,22,11,99,99,0,0,0,0,1,6,1,40734,370,0,2007,HATCHER RD,1E+20,0,33341646,112051948,1,1
4,13,9,27,4,52,1,2,1,0,13,6,0,33,0,1,2,3,2,35,1,1,2,1,0,0,2,9,1,0,0,5,12,5,16,0,0,0,0,0,0,1,5,0,40735,370,0,2007,CENTRAL AVE,1E+20,0,33232724,112042396,1,1
4,13,10,6,0,18,2,7,0,0,13,6,0,12,5,2,1,5,5,40,1,1,2,1,2,3,0,3,1,0,0,0,19,0,24,99,99,0,0,0,0,1,7,1,40736,370,0,2007,7TH AVE,NORTHERN AVE,0,33331045,112045717,2,1
4,13,10,12,18,3,2,2,0,0,13,6,0,12,2,8,1,5,6,40,1,1,2,1,0,0,0,5,1,0,0,18,3,18,5,99,99,0,0,0,0,1,6,0,40737,370,0,2007,35TH AVE,1E+20,0,33382622,112080375,2,1
4,13,10,21,1,14,1,2,0,0,15,6,0,33,0,1,2,5,2,30,1,1,2,1,0,0,0,3,1,0,0,99,99,99,99,0,0,0,0,0,0,2,1,1,40738,370,0,2007,ROOSEVELT ST,1E+20,0,33273130,112045258,1,1
4,13,10,21,12,18,2,6,0,0,14,6,0,12,4,2,1,5,4,40,1,1,2,1,2,3,1,1,1,0,0,12,19,12,23,99,99,0,0,0,0,1,1,1,40739,370,0,2007,7TH AVE,ROESER RD,0,33235740,112045501,2,1
4,13,11,1,18,25,1,2,1,0,14,6,0,9,0,1,1,5,5,35,1,1,2,1,0,0,2,3,1,0,0,18,25,18,33,99,99,0,0,0,0,1,5,0,40740,370,0,2007,27TH AVE,1E+20,0,33264220,112070298,1,1
4,13,11,9,23,36,1,1,0,1,11,7,0,33,0,10,2,4,2,50,1,1,1,1,2,3,0,3,1,0,0,23,36,23,41,99,99,0,0,0,0,1,6,1,40741,370,2140,2007,I-17 FRONTAGE RD,YORKSHIRE DR,0,33394281,112064751,1,1
4,13,11,11,21,10,1,3,1,0,14,6,0,8,0,1,1,5,4,40,1,1,2,1,0,0,0,3,1,0,0,21,11,21,19,99,99,0,0,0,0,1,1,2,40742,370,0,2007,16TH ST,1E+20,0,33242269,112024956,1,1
4,13,11,25,3,26,1,2,1,0,14,6,0,8,0,3,1,5,5,40,1,1,2,1,0,0,2,3,1,0,0,3,26,3,35,0,0,0,0,0,0,1,1,1,40743,370,0,2007,BROADWAY RD,17TH ST,0,33242453,112024198,1,1
4,13,12,1,8,32,1,2,1,1,12,2,0,8,0,1,1,3,6,65,1,2,2,1,0,0,0,1,1,0,0,8,32,8,35,0,0,0,0,0,0,1,7,0,40744,290,1832,2007,US-60,1E+20,0,33231132,111463453,1,1
4,13,12,2,18,30,6,17,1,1,12,2,0,12,1,1,1,3,7,65,1,1,2,1,0,0,0,3,1,0,0,18,30,18,34,99,99,0,19,0,0,1,1,0,40745,290,1859,2007,US-60,1E+20,0,33231195,111434009,6,1
4,12,12,5,12,38,1,2,0,1,1,1,0,1,0,15,3,2,2,75,1,1,2,1,0,0,0,1,1,0,0,12,38,13,12,99,99,0,0,0,0,1,4,0,40746,0,699,2007,I-10,1E+20,0,33340483,113205400,1,1
4,5,12,9,10,53,2,5,0,1,1,1,0,12,1,1,1,2,2,75,1,1,2,1,0,0,0,1,1,0,0,10,53,11,32,99,99,0,0,0,0,1,1,0,40748,0,2173,2007,I-40,1E+20,0,35094451,111183093,2,1
4,25,12,11,15,32,2,3,0,1,2,3,0,12,2,1,1,2,2,65,1,1,2,3,0,0,0,1,3,0,0,15,32,15,41,99,99,0,0,0,0,1,3,0,40749,0,2660,2007,SR-69,1E+20,0,34212612,112100622,2,3
4,19,12,18,20,49,1,2,1,0,13,6,0,8,0,1,1,5,4,40,1,1,2,1,0,0,0,9,1,0,0,99,99,99,99,99,99,0,0,0,0,1,3,1,40750,530,0,2007,BROADWAY BLVD,1E+20,0,32131507,110475227,1,1
4,19,12,19,20,15,2,4,0,0,15,6,0,12,2,1,1,1,2,35,1,3,2,1,0,0,0,2,1,0,0,20,35,20,40,99,99,0,0,0,0,1,4,0,40751,0,0,2007,SUNSET RD,1E+20,0,32183146,111040779,2,1
4,19,12,20,22,8,2,2,0,0,15,6,0,12,5,2,1,1,2,35,1,1,2,1,20,3,0,2,1,0,0,99,99,99,99,99,99,0,0,0,0,1,5,0,40752,0,0,2007,DREXEL RD,COLUMBUS BLVD,0,32085590,110540449,2,1
4,13,12,21,6,26,1,2,1,0,14,6,0,9,0,1,1,5,4,45,1,1,2,1,0,0,0,3,1,0,0,6,26,6,31,0,0,0,0,0,0,1,6,0,40753,290,0,2007,SOUTHERN AVE,1E+20,0,33233600,111493188,1,1
4,19,12,21,9,17,1,2,0,0,14,6,0,42,0,1,6,1,2,45,1,4,2,2,0,0,0,1,2,0,0,9,20,9,30,99,99,0,20,0,0,1,6,1,40754,0,0,2007,MISSION RD,1E+20,0,32081703,111005497,1,2
4,25,12,25,5,45,1,1,0,0,6,6,0,38,0,1,6,1,2,25,2,2,2,1,0,0,0,2,1,0,0,5,45,5,56,0,0,0,0,0,0,1,3,1,40755,0,0,2007,RINCON RD,1E+20,0,34012408,112442981,1,1
4,13,12,28,12,46,3,4,0,0,13,6,0,12,99,2,1,3,3,45,1,1,2,1,2,3,0,1,1,0,0,12,47,12,52,13,20,0,0,0,0,1,6,0,40756,420,0,2007,SCOTTSDALE RD,EASTWOOD LN,0,33333707,111553370,3,1
4,19,12,31,16,11,1,2,0,0,16,6,0,33,0,3,2,1,2,25,1,1,2,1,0,0,0,1,1,0,0,99,99,99,99,99,99,0,20,0,0,1,2,1,40757,530,0,2007,EUCLID AVE,38TH ST,0,32112617,110573296,1,1
4,21,7,21,20,49,1,3,0,0,6,9,0,43,0,1,4,1,2,35,2,1,2,1,0,0,0,2,1,0,0,20,52,21,13,22,19,0,0,0,0,1,7,0,40758,160,0,2007,CAMINO ADALANTE,1E+20,0,32391309,111235670,1,1
4,13,9,14,18,58,1,2,1,0,13,6,0,8,0,1,1,5,5,35,1,1,2,1,0,0,2,5,1,0,0,18,58,19,4,0,0,0,0,0,0,1,6,1,40759,370,0,2007,7TH ST,1E+20,0,33282638,112035438,1,1
4,13,10,14,1,35,4,4,1,0,14,6,0,8,0,1,1,5,2,35,1,1,2,1,0,0,5,3,1,0,0,1,38,1,42,99,99,0,0,0,0,1,1,4,40760,370,0,2007,7TH AVE,1E+20,0,33222113,112045974,1,1
4,13,11,2,13,32,2,2,0,0,13,6,0,12,4,2,1,5,5,40,1,1,2,1,20,3,0,1,1,0,0,99,99,99,99,0,0,0,0,0,0,1,6,1,40761,370,0,2007,35TH AVE,ALICE AVE,0,33335008,112080317,2,1
4,13,11,20,6,38,1,2,1,0,14,6,0,9,0,1,1,5,4,35,1,1,2,1,0,0,0,4,1,0,0,6,38,6,40,0,0,0,0,0,0,1,3,0,40762,370,0,2007,VAN BUREN ST,1E+20,0,33270473,112010318,1,1
4,23,11,23,18,6,2,5,0,1,1,1,0,1,0,1,3,2,2,75,1,1,2,1,0,0,0,5,1,0,0,18,6,18,14,99,99,0,0,0,0,1,6,1,40763,532,197,2007,I-19,1E+20,0,31345875,111031713,2,1
4,13,12,6,10,57,1,1,0,0,16,6,0,34,0,1,6,5,4,40,1,1,2,1,0,0,0,1,1,0,0,10,57,11,4,0,0,0,0,0,0,1,5,0,40764,368,0,2007,107TH AVE,LONE CACTUS DR,0,33404580,112172333,1,1
4,27,12,7,14,56,1,2,0,1,1,1,0,1,0,1,3,2,2,75,1,1,2,1,0,0,0,1,1,0,0,15,2,15,30,99,99,0,0,0,0,1,6,0,40765,0,560,2007,I-8,1E+20,0,32434928,113430799,1,1
4,13,2,10,4,35,1,2,0,0,15,6,0,18,0,1,1,1,2,25,1,1,2,1,0,0,0,2,1,0,1,4,35,4,38,99,99,0,3,0,0,1,7,1,40766,0,0,2007,107TH AVE,1E+20,0,33245527,112172213,1,1
4,13,4,29,5,25,2,2,0,0,13,6,0,12,1,1,1,3,3,25,1,1,2,1,4,3,1,4,1,0,1,5,25,99,99,99,99,0,3,0,0,1,1,0,40767,0,0,2007,APACHE TRL,1E+20,0,33245545,111381313,2,1
4,13,5,5,17,54,2,8,0,0,4,9,0,12,3,1,1,1,2,35,1,2,2,1,0,0,1,1,1,0,0,17,54,17,58,99,99,0,0,0,0,1,7,2,40768,0,0,2007,BUSH HWY,1E+20,0,33331292,111344250,2,1
4,13,5,15,16,0,2,3,0,0,14,6,0,12,4,10,1,3,2,40,1,1,2,1,3,3,0,1,1,0,0,16,1,16,8,16,37,0,0,0,0,1,3,0,40769,368,0,2007,THUNDERBIRD RD,SR-101 RAMP,0,33363586,112143406,2,1
4,13,5,23,99,99,1,1,1,0,16,6,0,8,0,1,1,1,2,25,1,1,5,1,0,0,0,9,9,0,0,99,98,99,98,0,0,0,0,0,0,1,4,0,40770,158,0,2007,ALLEY,1E+20,0,33363263,112185811,1,9
4,13,6,1,20,33,3,8,0,0,14,6,0,12,1,3,1,1,4,45,1,1,2,1,2,3,0,2,1,0,0,20,33,20,38,21,36,0,0,0,0,1,6,1,40771,0,0,2007,BROADWAY RD,96TH ST,0,33242822,111372774,3,1
4,19,6,7,17,20,6,5,0,0,14,6,0,12,5,2,1,1,2,35,1,1,2,1,20,3,0,1,1,0,0,17,50,17,52,99,99,0,20,0,0,3,5,0,40772,0,0,2007,BILBY RD,CARDINAL AVE,0,32082810,111014315,2,1
4,13,6,25,16,35,1,1,0,0,16,6,0,1,0,2,1,1,2,10,2,1,2,1,40,3,0,1,1,0,0,16,35,16,40,16,58,0,0,0,0,1,2,1,40773,0,0,2007,117TH AVE,WILLIAMS DR,0,33412236,112184442,1,1
4,1,7,9,99,99,1,1,0,0,6,9,3,37,0,1,6,1,2,99,2,1,5,5,0,0,0,2,1,0,0,21,24,21,42,0,0,0,0,0,0,1,2,1,40774,0,0,2007,LOGGING RD 9000,1E+20,0,99999999,999999999,1,1
4,13,9,18,16,28,2,2,0,0,6,6,0,12,5,2,1,1,2,50,1,1,2,1,20,3,0,1,1,0,0,16,28,16,30,17,0,1,0,0,0,1,3,0,40775,0,0,2007,JOHNSON RD,BELLVIEW ST,0,33274419,112424405,2,1
4,13,10,7,20,26,1,1,0,1,1,7,0,1,0,1,2,1,2,45,2,1,2,1,0,0,0,2,1,0,0,20,26,20,32,0,0,0,0,0,0,1,1,1,40776,0,99999,2007,I-17 FRONTAGE ROAD,1E+20,0,33540750,112084488,1,1
4,13,10,20,1,27,1,2,1,0,6,6,0,8,0,3,1,3,3,40,1,1,2,1,2,3,2,3,1,0,0,1,27,1,32,2,38,0,0,0,0,1,7,2,40777,0,0,2007,DAISY MOUNTAIN DR,MEMORIAL DR,0,33512350,112065110,1,1
4,13,10,24,5,7,2,2,0,0,14,6,0,12,4,2,1,9,9,40,1,1,2,1,3,3,0,9,1,0,0,5,8,5,18,99,99,0,0,0,0,1,4,0,40778,200,0,2007,DEER VALLEY RD,75TH AVE,0,33405399,112131312,2,1
4,13,10,26,18,27,1,2,1,0,15,6,0,8,0,2,1,5,4,45,1,1,2,1,0,0,0,2,1,0,0,18,27,18,30,18,38,0,0,0,0,1,6,1,40779,0,0,2007,RIGGS RD,PIMA PL,0,33130501,111524115,1,1
4,13,11,1,6,10,2,2,0,0,4,9,0,12,99,2,1,9,9,55,1,1,2,1,3,3,0,4,1,0,0,99,99,99,99,99,99,0,0,0,0,1,5,0,40780,0,0,2007,SALOME HWY,WINTERSBURG RD,0,33252810,112520385,2,1
4,13,12,2,15,40,3,3,0,0,16,6,0,12,5,8,1,9,9,30,1,1,2,1,20,3,0,1,1,0,0,15,44,15,50,99,99,0,0,0,0,1,1,0,40781,200,0,2007,79TH AVE,1E+20,0,33383992,112134991,3,1
4,17,12,7,19,34,2,3,1,0,14,3,0,8,0,1,1,5,4,35,1,2,2,1,0,0,2,3,1,0,0,19,34,19,40,0,0,0,0,0,0,1,6,1,40782,379,3523,2007,SR-260,1E+20,0,34080866,109570056,2,1
4,27,12,16,5,10,1,2,1,0,5,9,0,8,0,1,1,1,2,50,1,1,2,1,0,0,0,2,1,0,0,5,15,5,35,99,99,0,0,0,0,1,1,1,40783,0,0,2007,AVENUE 3E,1E+20,0,32331683,114344852,1,1
4,25,12,17,7,1,2,3,0,0,4,3,0,12,2,1,1,1,2,65,1,1,2,1,0,0,0,4,1,0,0,7,1,7,15,99,99,0,0,0,0,1,2,0,40784,0,3372,2007,SR-89,1E+20,0,34531746,112280351,2,1
4,13,12,18,1,19,4,9,0,1,1,1,0,12,1,1,1,2,2,75,1,1,2,1,0,0,0,2,1,0,0,1,23,1,40,99,99,0,0,0,0,1,3,0,40785,0,825,2007,I-10,1E+20,0,33315728,113080313,4,1
4,27,12,20,15,39,1,3,0,1,11,1,0,1,0,1,3,2,2,65,1,1,2,1,0,0,0,1,1,0,0,15,39,15,42,99,99,0,0,0,0,1,5,0,40786,620,23,2007,I-8,1E+20,0,32415098,114362674,1,1
4,15,12,21,16,44,2,2,0,0,4,6,0,12,2,1,1,1,2,55,1,1,2,1,0,0,0,1,1,0,0,16,45,17,8,99,99,0,0,0,0,1,6,0,40787,0,0,2007,PIERCE FERRY RD,1E+20,0,35493739,114061727,2,1
4,13,12,30,2,1,1,2,0,1,11,1,0,25,0,13,2,6,2,55,2,2,1,1,0,0,0,3,1,0,0,99,99,2,30,99,99,0,0,0,0,1,1,2,40788,370,1610,2007,I-10 RAMP,1E+20,0,33175345,111582805,1,1
4,25,12,31,3,40,1,1,0,1,1,1,0,36,0,1,3,3,2,75,2,2,2,1,40,3,0,2,1,0,0,3,42,4,0,0,0,0,0,0,0,1,2,0,40789,0,3108,2007,I-17,1E+20,0,34480770,111355344,1,1
4,1,5,10,15,28,1,1,0,0,3,2,0,27,0,1,2,1,2,65,2,1,2,1,0,0,0,1,1,0,0,99,99,99,99,99,99,0,0,0,0,1,5,0,40790,0,4105,2007,US-180,1E+20,0,34023975,109111158,1,1
4,17,6,5,3,20,1,1,0,1,2,3,0,11,0,1,1,1,2,65,2,2,2,1,40,3,0,2,1,0,0,5,30,99,99,99,99,0,0,0,0,1,3,0,40791,0,3499,2007,SR-77,1E+20,0,34214984,110030898,1,1
4,19,7,5,12,41,1,1,0,1,1,1,0,1,0,1,1,2,2,65,1,2,2,1,0,0,0,1,1,0,0,99,99,99,99,99,99,0,0,0,0,1,5,0,40792,0,2823,2007,I-10,1E+20,0,32000613,110405185,1,1
4,13,8,5,16,25,1,1,0,1,12,3,0,28,0,1,2,3,4,65,2,1,2,1,0,0,0,1,1,0,0,16,25,99,99,0,0,0,0,0,0,1,1,0,40793,200,73,2007,SR-101,1E+20,0,33323028,112161486,1,1
4,1,8,14,12,99,2,5,0,1,1,7,3,12,1,1,1,1,2,50,1,1,2,1,0,0,0,1,1,0,0,12,12,12,22,99,99,0,0,0,0,2,3,0,40794,0,3362,2007,I-40 FRONTAGE ROAD,1E+20,0,35120366,109231532,2,1
4,1,8,30,11,50,1,2,0,0,4,3,0,1,0,1,4,1,2,55,1,1,2,1,0,0,0,1,1,0,0,11,50,12,0,99,99,0,0,0,0,1,5,0,40795,0,3867,2007,SR-260,1E+20,0,34045695,109265678,1,1
4,25,9,28,18,42,2,3,0,0,4,3,0,1,0,1,1,1,2,35,2,2,2,1,0,0,0,2,1,0,0,18,42,18,56,0,0,0,0,0,0,1,6,0,40796,0,3042,2007,SR-89,1E+20,0,34281894,112305948,2,1
4,5,9,30,16,56,1,1,0,1,1,1,0,38,0,1,3,2,2,75,1,2,2,1,0,0,0,1,1,0,0,16,56,17,5,0,0,0,0,0,0,1,1,0,40797,590,1650,2007,I-40,1E+20,0,35155034,112100373,1,1
4,21,1,5,16,53,2,2,0,0,3,3,0,12,5,2,1,3,2,45,1,1,2,1,3,3,0,1,1,0,0,16,56,17,0,99,99,0,0,0,0,1,6,0,40798,297,99999,2007,SR-347,Cobblestone Far,0,33041478,112024171,2,1
4,1,2,15,0,28,1,2,0,0,4,2,3,1,0,1,6,1,2,99,2,9,9,1,0,0,0,2,1,0,0,99,99,99,99,99,99,0,0,0,0,1,5,2,40799,0,4694,2007,US-191,1E+20,0,36274464,109361049,1,1
4,17,3,15,19,44,1,3,1,0,3,3,3,8,0,1,1,9,9,55,1,1,2,1,0,0,0,2,1,0,0,20,1,99,99,0,0,0,0,0,0,1,5,2,40800,0,3580,2007,SR-260,1E+20,0,34044658,109535342,1,1
4,15,7,2,0,56,1,2,0,0,6,9,3,1,0,1,6,1,2,99,9,9,4,1,0,0,0,2,1,0,0,99,99,99,99,99,99,0,0,0,0,1,2,2,40801,318,0,2007,DIKE RD,1E+20,0,34565125,114374196,1,1
4,9,7,7,11,18,2,3,0,0,3,2,3,12,1,9,1,1,2,99,1,9,2,1,3,3,0,1,1,0,1,99,99,99,99,99,99,0,0,0,0,1,7,0,40802,0,2815,2007,US-70,1E+20,0,33152672,110172937,2,1
4,1,9,9,8,8,1,2,0,0,6,8,3,35,0,1,6,1,2,99,2,9,4,1,0,0,0,1,1,0,0,0,0,0,0,0,0,0,0,0,0,2,1,0,40803,0,0,2007,Greasewood Rd,1E+20,0,35293542,109344258,1,1
4,9,9,24,7,32,2,3,0,0,3,2,3,12,2,2,1,9,9,45,1,9,2,1,20,3,0,1,1,0,0,99,99,99,99,99,99,0,0,0,0,1,2,0,40804,0,2723,2007,US-70,MOONBASE RD,0,33173506,110261584,2,1
4,13,10,15,2,16,1,3,1,0,14,6,0,33,0,2,2,5,5,50,1,1,2,1,0,0,0,3,1,0,0,2,16,99,99,99,99,0,0,0,0,1,2,1,40805,370,0,2007,VAN BUREN ST,33RD AVE,0,33270500,112074940,1,1
4,13,10,16,13,6,2,2,0,0,14,6,0,12,4,2,1,5,5,45,1,1,2,1,2,3,0,1,1,0,0,13,6,13,8,99,99,0,0,0,0,1,3,0,40806,370,0,2007,UNION HILLS DR,34TH ST,0,33391855,112003336,2,1
4,13,10,30,9,55,1,3,1,0,14,6,0,8,0,1,1,1,5,35,1,1,2,1,0,0,0,1,1,0,0,9,55,9,59,99,99,0,0,0,0,1,3,0,40807,370,0,2007,VAN BUREN ST,1E+20,0,33270400,112070634,1,1
4,13,11,2,14,34,1,2,1,0,13,6,0,9,0,3,1,5,5,40,1,1,2,1,2,3,2,1,1,0,0,14,34,14,45,99,99,0,0,0,0,1,6,0,40808,370,0,2007,19TH AVE,HATCHER AVE,0,33342002,112055865,1,1
4,19,11,30,1,15,1,3,0,0,15,6,0,1,0,1,1,1,2,45,1,1,2,2,0,0,4,9,1,0,0,99,99,99,99,99,99,0,0,0,0,1,6,2,40809,295,0,2007,LINDA VISTA BLVD,1E+20,0,32225178,111055652,1,1
4,13,12,8,6,48,1,2,0,0,13,6,0,33,0,1,3,3,2,45,1,2,2,2,0,0,0,2,2,0,0,6,51,6,56,99,99,0,0,0,0,1,7,0,40810,370,0,2007,LINCOLN DR,1E+20,0,33314889,112012021,1,2
4,13,12,23,11,17,3,6,0,0,13,6,0,12,5,2,1,5,5,35,1,1,2,1,2,3,0,1,1,0,0,11,17,99,99,99,99,0,0,0,0,1,1,0,40811,370,0,2007,7TH ST,ALICE RD,0,33335097,112035481,3,1
4,23,9,29,16,51,1,1,0,0,6,9,0,34,0,1,4,1,2,15,2,2,5,1,0,0,0,1,1,0,0,16,55,17,25,0,0,0,0,0,0,1,7,0,40812,0,0,2007,CANELO PASS RD,1E+20,0,31285603,110335634,1,1
4,25,11,13,20,8,1,2,1,1,13,3,0,8,0,3,1,5,4,45,1,1,2,1,2,3,0,2,1,0,0,20,8,20,11,21,42,0,0,0,0,1,3,0,40813,373,2878,2007,SR-69,WINDSONG DR,0,34350899,112193650,1,1
4,13,1,21,9,54,2,2,0,0,14,6,0,12,3,1,1,5,4,45,1,1,2,2,0,0,0,1,2,0,0,99,99,99,99,99,99,0,0,0,0,1,1,0,40815,0,0,2007,UNIVERSITY DR,1E+20,0,33252219,111420790,2,2
4,21,1,28,19,18,1,4,1,0,4,8,3,8,0,1,1,1,2,55,1,1,2,1,0,0,0,2,1,0,0,99,99,99,99,0,0,0,0,0,0,1,1,1,40816,0,0,2007,INDIAN ROUTE 15,1E+20,0,32443774,111470859,1,1
4,13,2,12,12,8,3,5,0,0,16,6,0,12,5,2,1,1,2,30,1,1,2,1,20,3,0,1,1,0,0,12,8,12,15,99,99,0,14,0,0,1,2,0,40817,0,0,2007,ALEPPO DR,SPANISH GARDENS,0,33385939,112210795,3,1
4,19,2,11,0,27,1,1,0,0,3,3,3,1,0,1,6,1,2,65,1,1,2,1,0,0,0,2,1,0,0,99,99,99,99,0,0,0,0,0,0,1,1,1,40818,0,1189,2007,SR-86,1E+20,0,31553496,111475771,1,1
4,17,2,24,3,43,1,1,0,1,2,2,3,1,0,1,6,1,2,65,1,1,2,1,0,0,0,2,1,0,0,99,99,99,99,99,99,0,0,0,0,1,7,1,40819,0,3979,2007,US-160,1E+20,0,36431077,110101245,1,1