STATE,COUNTY,MONTH,DAY,HOUR,MINUTE,VE_TOTAL,PERSONS,PEDS,NHS,ROAD_FNC,ROUTE,SP_JUR,HARM_EV,MAN_COLL,REL_JUNC,REL_ROAD,TRAF_FLO,NO_LANES,SP_LIMIT,ALIGNMNT,PROFILE,PAVE_TYP,SUR_COND,TRA_CONT,T_CONT_F,HIT_RUN,LGT_COND,WEATHER1,WEATHER2,C_M_ZONE,NOT_HOUR,NOT_MIN,ARR_HOUR,ARR_MIN,HOSP_HR,HOSP_MN,SCH_BUS,CF1,CF2,CF3,FATALS,DAY_WEEK,DRUNK_DR,ST_CASE,CITY,MILEPT,YEAR,TWAY_ID,TWAY_ID2,RAIL,LATITUDE,LONGITUD,VE_FORMS,WEATHER
4,13,2,28,21,23,1,4,1,0,13,4,0,8,0,1,1,5,4,40,1,1,2,1,0,0,0,3,1,0,0,21,25,21,28,99,99,0,0,0,0,1,4,1,40820,30,0,2007,MC 85,1E+20,0,33254449,112205908,1,1
4,13,3,21,99,99,1,2,1,0,13,6,3,8,0,9,99,9,9,99,1,9,9,9,99,9,2,9,9,0,0,99,98,99,98,0,0,0,99,99,99,1,4,1,40821,0,0,2007,MCKELLIPS RD,DOBSON RD,0,33270483,111522939,1,9
4,27,3,23,19,41,1,2,0,0,16,6,0,1,0,1,1,1,2,50,2,2,2,1,0,0,0,2,1,0,0,99,99,99,99,99,99,0,0,0,0,1,6,0,40822,620,0,2007,AIRPORT LOOP,1E+20,0,32380158,114381218,1,1
4,13,3,26,15,34,2,3,0,0,13,8,3,99,99,99,99,9,9,99,1,9,9,9,99,9,0,1,9,0,0,99,99,99,99,99,99,0,99,99,99,2,2,1,40823,0,0,2007,MCKELLIPS RD,DOBSON RD,0,33270499,111522428,2,9
4,21,3,29,11,59,1,2,1,0,3,2,0,8,0,3,1,5,2,45,1,1,2,1,20,3,0,1,1,0,0,11,59,12,1,0,0,0,0,0,0,1,5,0,40824,487,2260,2007,US-60,WESTERN AVE,0,33171513,111061674,1,1
4,5,5,12,99,99,1,2,1,0,3,3,3,8,0,99,99,9,9,99,9,9,9,9,99,9,0,9,9,0,0,99,98,99,98,99,98,0,99,99,99,1,7,0,40825,0,3290,2007,SR-264,1E+20,0,36022215,111110766,1,9
4,13,7,28,21,58,1,2,0,0,15,6,0,1,0,1,6,3,2,45,1,1,2,1,0,0,0,2,1,0,0,21,58,22,5,0,0,0,0,0,0,1,7,2,40826,0,0,2007,ELLSWORTH RD,1E+20,0,33180261,111380637,1,1
4,13,8,3,17,99,2,3,0,0,4,9,0,12,4,1,1,1,2,40,2,1,2,1,0,0,0,5,1,0,0,17,51,18,27,18,55,0,0,0,0,1,6,1,40827,0,0,2007,VULTURE MINE RD,1E+20,0,33545919,112480548,2,1
4,13,8,4,1,2,1,1,0,0,14,6,0,1,0,1,6,9,9,40,1,1,2,1,0,0,0,3,1,0,0,99,99,99,99,0,0,0,0,0,0,1,7,1,40828,200,0,2007,67TH AVE,1E+20,0,33311102,112121112,1,1
4,13,8,8,6,40,1,2,1,0,15,6,0,9,0,1,2,1,2,45,1,1,2,1,0,0,0,1,1,0,0,6,40,6,52,0,0,0,0,0,0,1,4,0,40829,0,0,2007,CAMELBACK RD,1E+20,0,33302959,112223773,1,1
4,1,8,23,10,35,1,2,0,0,4,8,3,1,0,1,6,1,2,99,9,9,2,1,0,0,0,1,1,0,0,99,99,99,99,99,99,0,0,0,0,2,5,1,40830,0,0,2007,INDIAN ROUTE 12,1E+20,0,99999999,999999999,1,1
4,13,10,4,16,8,2,2,0,0,13,6,0,12,5,1,1,1,2,50,1,1,2,1,20,3,0,1,1,0,0,16,8,16,11,99,99,1,0,0,0,1,5,0,40831,0,0,2007,51ST AVE,ESTRELLA DR,0,33200204,112100910,2,1
4,13,10,6,16,39,2,2,0,0,13,6,0,12,4,2,1,3,3,45,1,1,2,1,20,3,0,1,1,0,0,99,99,99,99,99,99,0,0,0,0,1,7,0,40832,370,0,2007,BELL RD,31ST AVE,0,33382278,112072979,2,1
4,13,10,8,6,2,1,2,1,1,13,2,0,8,0,1,1,3,3,45,1,1,2,1,0,0,0,3,1,0,0,6,2,6,9,99,99,0,0,0,0,1,2,0,40833,370,1595,2007,US-60,1E+20,0,33292090,112073823,1,1
4,1,10,9,21,5,1,4,0,0,4,8,3,1,0,1,6,1,2,55,1,1,2,1,0,0,0,3,1,0,0,99,99,99,99,99,99,0,0,0,0,2,3,0,40834,0,0,2007,INDIAN ROUTE 15,1E+20,0,99999999,999999999,1,1
4,13,10,11,7,28,2,3,0,0,13,6,0,12,5,8,1,5,6,45,1,1,2,1,0,0,0,1,1,0,0,7,28,7,35,8,1,0,0,0,0,1,5,0,40835,290,0,2007,MCKELLIPS RD,1E+20,0,33270542,111482431,2,1
4,13,10,16,8,57,4,5,0,0,14,6,0,12,1,1,1,3,3,40,1,1,2,1,0,0,0,1,1,0,0,99,99,99,99,99,99,0,0,0,0,1,3,0,40836,290,0,2007,SOUTHERN AVE,1E+20,0,33233529,111515024,4,1
4,25,10,19,19,32,1,2,0,0,15,3,0,1,0,1,6,1,2,55,1,1,2,1,0,0,0,2,1,0,0,19,39,19,45,99,99,0,0,0,0,1,6,0,40837,82,3240,2007,SR-89,1E+20,0,34415907,112265569,1,1
4,21,10,25,16,45,2,3,0,0,4,6,0,12,2,2,1,1,2,50,1,1,2,1,0,0,0,1,1,0,0,16,45,17,2,99,99,0,0,0,0,1,5,0,40838,110,0,2007,COOLIDGE AVE,ATTAWAY RD,0,32582591,111282353,2,1
4,13,10,26,7,45,2,3,0,0,4,8,3,12,2,1,1,1,2,55,1,1,2,1,0,0,0,1,1,0,0,7,51,7,58,99,99,0,0,0,0,2,6,0,40839,0,0,2007,BELTLINE RD,1E+20,0,33150116,112072254,2,1
4,12,11,30,21,4,1,2,1,1,1,1,0,8,0,1,1,2,2,75,1,1,2,2,0,0,0,2,2,0,0,21,4,21,20,0,0,0,0,0,0,1,6,0,40840,0,125,2007,I-10,1E+20,0,33385111,114193834,1,2
4,12,4,1,0,24,1,2,1,0,2,3,3,8,0,3,2,1,3,99,1,9,2,9,3,3,0,9,9,0,0,99,99,99,99,99,99,0,0,0,0,1,1,1,40841,0,99999,2007,SR-95,RESORT DR,0,34143046,114101771,1,9
4,13,4,6,10,7,3,5,0,0,15,6,0,12,2,3,1,5,4,45,1,1,2,1,2,3,0,1,1,0,0,10,7,10,10,99,99,0,0,0,0,1,6,0,40842,370,0,2007,DEER VALLEY RD,31ST AVE,0,33410175,112073288,3,1
4,21,4,13,99,99,1,12,0,0,6,8,3,1,0,1,6,1,2,55,2,9,2,9,0,0,0,9,1,0,0,1,24,1,51,99,99,0,0,0,0,4,6,0,40843,0,0,2007,INDIAN ROUTE 42,1E+20,0,99999999,999999999,1,1
4,13,4,15,21,43,2,2,0,0,16,6,0,12,99,8,1,9,9,45,1,1,9,9,0,0,0,9,9,0,0,21,47,21,54,22,49,0,0,0,0,1,1,1,40844,420,0,2007,DIXILETA DR,1E+20,0,33452041,111555621,2,9
4,17,4,19,15,99,1,4,0,0,4,3,3,99,0,1,99,9,9,99,9,9,2,1,0,0,0,1,1,0,0,99,99,99,99,99,99,0,0,0,0,2,5,1,40845,0,3430,2007,SR-73,1E+20,0,33531904,109565912,1,1
4,13,4,20,16,38,2,2,0,0,13,6,0,12,4,2,1,5,6,45,1,1,2,1,2,3,0,1,1,0,0,99,99,99,99,99,99,0,0,0,0,1,6,0,40846,370,0,2007,CAVE CREEK RD,SHARON DR,0,33364084,112020859,2,1
4,19,4,27,17,44,2,4,0,0,3,3,3,12,5,2,1,1,2,65,1,1,2,1,20,3,1,1,1,0,0,17,46,18,0,99,99,0,0,0,0,1,6,0,40847,0,645,2007,SR-86,INDIAN ROUTE 34,0,32122240,112341904,2,1
4,13,11,18,8,55,1,1,0,0,14,6,0,33,0,1,2,5,2,40,1,1,2,1,20,3,0,1,1,0,0,8,55,9,1,0,0,0,0,0,0,1,1,1,40848,368,0,2007,91ST AVE,1E+20,0,33340863,112151809,1,1
4,13,11,21,20,54,3,4,0,0,14,6,0,12,5,2,1,5,4,45,1,1,2,1,2,3,0,3,1,0,0,20,55,21,1,99,99,0,0,0,0,1,4,1,40849,370,0,2007,MCDOWELL RD,67TH AVE,0,33275700,112121233,3,1
4,13,12,27,20,19,2,5,0,0,13,6,0,12,99,2,1,5,6,40,1,1,2,1,20,3,0,3,1,0,0,20,19,20,22,99,99,0,0,0,0,1,5,0,40850,370,0,2007,35TH AVE,WETHERSFIELD RD,0,33354993,112080208,2,1
4,17,5,2,17,41,1,1,0,0,4,3,3,1,0,1,6,1,2,50,2,9,2,1,0,0,0,1,1,0,0,18,49,99,99,99,99,0,20,0,0,1,4,1,40851,0,3285,2007,SR-73,1E+20,0,33505485,109575026,1,1
4,19,5,9,22,1,1,1,0,0,3,3,3,1,0,1,6,1,2,65,1,1,2,1,0,0,0,2,1,0,0,22,1,22,15,0,0,0,0,0,0,1,4,0,40852,0,717,2007,SR-86,1E+20,0,32114242,112270743,1,1
4,17,5,15,4,59,1,2,0,0,6,8,3,1,0,1,6,1,2,99,2,1,5,1,0,0,0,2,1,0,0,99,99,99,99,99,99,0,0,0,0,1,3,1,40853,0,0,2007,INDIAN ROUTE 6486,1E+20,0,36435349,110200108,1,1
4,19,5,20,18,50,1,8,0,0,3,3,3,1,0,1,6,1,2,65,1,1,2,1,0,0,0,5,1,0,0,99,99,99,99,99,99,0,99,99,99,2,1,0,40854,0,570,2007,SR-86,1E+20,0,32134804,112424197,1,1
4,19,5,20,12,44,1,4,0,0,3,3,3,1,0,1,6,1,2,55,2,1,2,1,0,0,0,1,1,0,0,99,99,99,99,99,99,0,0,0,0,1,1,1,40855,0,920,2007,SR-86,1E+20,0,32094643,112065387,1,1
4,17,5,29,3,16,1,3,0,0,15,3,3,1,0,1,1,9,9,55,1,9,9,9,0,0,0,2,1,0,0,3,16,3,18,99,99,0,0,0,0,1,3,2,40856,565,3416,2007,SR-73,1E+20,0,33521914,109574408,1,1
4,17,5,30,10,24,1,4,0,0,4,3,3,99,0,1,6,9,9,99,9,9,9,9,0,0,0,1,9,0,0,99,99,99,99,99,99,0,99,99,99,1,4,0,40857,0,3570,2007,SR-73,1E+20,0,34041280,109543173,1,9
4,5,5,31,8,0,1,2,0,0,6,8,3,5,0,99,99,9,9,99,9,9,9,9,0,0,0,1,9,0,0,99,99,99,99,99,99,0,99,99,99,1,5,0,40858,0,0,2007,RESERVATION ROAD,1E+20,0,99999999,999999999,1,9
4,19,6,21,6,50,1,2,0,0,3,3,3,42,0,1,6,1,2,65,1,2,2,1,0,0,0,1,1,0,0,99,99,99,99,99,99,0,0,0,0,2,5,0,40859,0,1299,2007,SR-86,1E+20,0,32004414,111390563,1,1
4,19,6,21,6,41,1,1,0,0,6,8,3,1,0,1,6,1,2,55,1,1,2,1,0,0,0,1,1,0,0,6,42,7,4,0,0,0,0,0,0,1,5,1,40860,0,0,2007,INDIAN ROUTE 35,1E+20,0,99999999,999999999,1,1
4,13,6,30,8,99,1,2,1,0,16,6,0,8,0,8,1,1,2,25,1,1,2,1,0,0,0,1,1,0,0,8,39,8,43,99,99,0,0,0,0,1,7,0,40861,490,0,2007,HUNTINGTON DR,1E+20,0,33233809,111542015,1,1
4,13,7,7,99,99,1,1,0,0,15,6,3,99,0,9,99,9,9,99,9,9,9,9,0,0,0,9,9,0,0,99,99,99,99,99,99,0,99,99,99,1,7,0,40862,0,0,2007,GILBERT RD,1E+20,0,33302427,111471884,1,9
4,19,7,6,8,13,1,3,0,0,6,8,3,1,0,1,6,1,2,40,1,1,2,1,0,0,0,1,1,0,0,99,99,99,99,99,99,0,0,0,0,1,6,2,40863,0,0,2007,INDIAN ROUTE 19,1E+20,0,31550495,111532169,1,1
4,1,7,8,12,36,1,1,0,0,5,8,3,1,0,1,1,1,2,99,9,9,2,1,0,0,0,1,1,0,0,0,0,0,0,0,0,0,0,0,0,1,1,1,40864,0,0,2007,INDIAN ROUTE 27,1E+20,0,35442583,109302997,1,1
4,25,7,10,20,21,1,2,1,0,16,6,0,8,0,1,1,1,4,25,1,1,2,1,0,0,2,3,1,0,0,20,21,20,26,99,99,0,0,0,0,1,3,1,40865,386,0,2007,CORTEZ ST,1E+20,0,34322773,112280734,1,1
4,1,7,14,0,20,1,2,0,0,4,2,3,99,99,9,99,9,9,99,9,9,9,9,0,0,0,9,9,0,0,99,99,99,99,99,99,0,99,99,99,1,7,0,40866,0,4450,2007,US-191,1E+20,0,36075202,109370255,1,9
4,17,7,15,99,99,1,2,0,0,6,8,3,99,99,99,99,9,9,99,9,9,9,9,0,0,0,9,9,0,0,99,99,99,99,99,99,0,99,99,99,1,1,0,40867,0,0,2007,RESERVATION RD,1E+20,0,99999999,999999999,1,9
4,13,7,27,2,42,1,3,0,1,2,3,3,99,0,1,99,2,2,99,9,9,9,9,0,0,0,9,9,0,0,99,99,99,99,99,99,0,99,99,99,1,6,1,40868,0,1903,2007,SR-87,1E+20,0,33343931,111411324,1,9
4,12,8,31,5,49,1,2,0,0,4,8,3,1,0,9,6,1,2,55,1,1,2,9,0,0,0,4,9,0,0,5,50,6,5,99,99,0,0,0,0,1,6,0,40869,0,0,2007,MOHAVE RD,1E+20,0,34023344,114232424,1,9
4,13,10,2,16,27,2,5,0,0,15,9,0,12,4,2,1,3,2,50,1,1,2,1,2,3,0,1,1,0,0,16,27,16,55,17,15,0,0,0,0,1,3,0,40870,368,0,2007,LAKE PLEASANT RD,HAPPY VALLEY RD,0,33423918,112162048,2,1
4,19,10,21,6,7,1,2,0,0,4,9,0,1,0,1,6,1,2,55,1,1,2,1,0,0,0,2,1,0,0,99,99,99,99,99,99,0,0,0,0,1,1,0,40871,407,0,2007,NOGALES HWY,1E+20,0,31580674,110571810,1,1
4,13,12,5,14,24,2,2,0,0,13,6,0,12,2,1,1,1,4,50,1,1,2,1,0,0,0,1,1,0,0,99,99,99,99,0,0,0,0,0,0,2,4,0,40872,420,0,2007,MCKELLIPS RD,1E+20,0,33270538,111524044,2,1
4,13,12,8,2,99,3,1,0,0,16,6,0,27,0,1,3,3,1,30,1,1,2,2,0,0,0,3,2,0,0,2,32,2,41,0,0,0,0,0,0,1,7,0,40873,370,0,2007,GROVERS ST,1E+20,0,33385231,112010921,1,2
4,13,12,10,15,22,3,5,0,0,13,6,0,12,1,8,1,5,4,45,1,1,2,1,0,0,0,1,1,0,0,15,23,15,28,99,99,0,0,0,0,1,2,0,40874,370,0,2007,UNION HILLS DR,1E+20,0,33391704,112055411,3,1
4,23,12,22,3,26,1,1,0,1,11,1,0,37,0,1,3,3,2,75,1,1,2,2,0,0,0,2,1,0,0,3,27,3,35,0,0,0,0,0,0,1,7,1,40875,330,52,2007,I-19,1E+20,0,31234052,110573887,1,1
4,15,12,24,5,54,1,1,0,0,13,3,0,33,0,1,2,5,4,45,1,1,2,1,0,0,0,3,1,0,0,5,54,5,59,99,99,0,0,0,0,1,2,1,40876,59,2407,2007,SR-95,1E+20,0,35031439,114352053,1,1
4,13,12,27,6,48,2,2,0,0,14,6,0,12,4,2,1,5,4,35,1,1,2,1,0,0,0,3,1,0,0,6,48,6,54,7,0,0,0,0,0,1,5,0,40877,420,0,2007,CAMELBACK RD,CIVIC CENTER PL,0,33300802,111551563,2,1
4,19,12,29,18,9,1,1,0,0,4,9,0,1,0,1,4,1,2,35,2,2,2,8,0,0,0,5,1,0,0,18,9,18,30,99,99,0,0,0,0,1,7,0,40878,0,0,2007,GENERAL HITCHCOCK HW,1E+20,0,32201595,110415367,1,1
4,21,12,30,18,32,1,7,1,0,3,3,3,8,0,2,1,2,2,55,1,1,2,1,3,1,0,2,1,0,0,18,32,18,45,0,0,0,0,0,0,1,1,1,40879,0,1780,2007,SR-347,CASA BLANCA RD,0,33072460,112010347,1,1
4,13,10,1,20,18,1,4,1,0,13,6,0,8,0,3,1,3,3,45,1,1,2,1,0,0,0,3,1,0,0,20,19,20,23,99,99,0,0,0,0,1,2,1,40880,370,0,2007,THOMAS RD,75TH AVE,0,33284901,112130992,1,1
4,13,11,23,17,27,1,1,0,0,13,6,0,30,0,3,4,5,4,45,2,1,2,1,0,0,0,3,1,0,0,17,28,17,34,0,0,0,0,0,0,1,6,0,40881,370,0,2007,CAVE CREEK RD,16TH ST,0,33352052,112025040,1,1
4,13,11,30,18,30,1,3,2,0,14,6,0,8,0,3,1,5,5,35,1,1,2,2,0,0,2,3,2,0,0,18,32,18,40,99,99,0,0,0,0,1,6,0,40882,370,0,2007,MCDOWELL RD,13TH ST,0,33275673,112031474,1,2
4,13,12,24,23,15,2,5,0,0,16,6,0,12,2,1,1,1,2,50,1,1,2,1,0,0,0,2,1,0,0,23,15,23,23,99,99,0,0,0,0,1,2,1,40883,370,0,2007,PECOS RD,1E+20,0,33172738,112031725,2,1
4,13,12,6,2,42,2,3,0,0,13,6,0,12,5,2,1,5,5,40,1,1,2,1,2,3,0,3,1,0,0,2,42,99,99,99,99,0,0,0,0,2,5,2,40884,370,0,2007,GLENDALE AVE,15TH AVE,0,33321863,112052797,2,1
4,17,8,3,0,35,2,4,0,1,2,2,3,12,4,1,1,1,2,65,1,1,2,1,0,0,0,2,1,0,0,99,99,99,99,99,99,0,99,99,99,1,6,1,40885,0,3729,2007,US-160,1E+20,0,36330577,110312797,2,1
4,13,8,3,10,15,1,1,0,0,13,6,9,99,99,9,99,9,9,99,1,1,2,9,99,9,0,1,9,0,0,99,99,99,99,99,99,0,99,99,99,1,6,0,40886,0,0,2007,PIMA ROAD,CHAPARRAL ROAD,0,33303374,111532978,1,9
4,17,8,16,23,56,1,5,0,1,2,2,3,1,0,1,4,1,2,65,1,1,2,1,0,0,0,2,1,0,0,99,99,99,99,99,99,0,0,0,0,2,5,1,40888,0,3959,2007,US-160,1E+20,0,36424253,110131692,1,1
4,21,8,17,23,54,2,5,0,0,6,8,3,12,5,2,1,1,2,35,1,1,2,1,20,3,5,3,1,0,0,23,54,0,5,99,99,0,0,0,0,2,6,2,40889,0,0,2007,SESAME RD,STOTONIC RD,0,33094020,111475219,2,1
4,19,8,25,18,52,1,3,0,0,3,3,3,1,0,1,1,1,2,65,1,1,2,1,0,0,0,5,1,0,0,18,52,19,0,99,99,0,0,0,0,1,7,2,40890,0,1108,2007,SR-86,1E+20,0,31563606,111553394,1,1
4,19,8,28,99,99,1,1,0,0,4,3,3,1,0,1,6,1,2,65,1,1,1,9,0,0,0,9,9,0,0,0,0,0,0,0,0,0,0,0,0,1,3,0,40891,0,985,2007,SR-86,1E+20,0,32050159,112030877,1,9
4,7,10,27,16,4,2,4,0,0,15,3,3,12,2,1,1,1,2,99,1,2,2,1,0,0,0,1,1,0,0,99,99,99,99,99,99,0,0,0,0,1,7,0,40892,0,3339,2007,SR-73,1E+20,0,33472628,110011635,2,1
4,19,9,2,6,15,1,3,1,0,6,8,3,8,0,1,1,1,2,50,2,1,2,9,40,3,2,2,1,0,0,99,99,99,99,0,0,0,0,0,0,1,1,1,40893,0,0,2007,INDIAN ROUTE 20,1E+20,0,31521541,112001939,1,1
4,17,9,8,99,99,1,2,1,0,6,8,3,8,0,9,99,9,9,99,9,9,9,9,0,0,0,9,9,0,0,99,99,99,99,99,99,0,99,99,99,1,7,0,40894,0,0,2007,RESERVATION RD,1E+20,0,99999999,999999999,1,9
4,1,9,9,22,30,1,2,1,0,4,2,3,8,0,99,99,9,9,99,9,9,9,9,0,0,0,9,9,0,0,99,99,99,99,99,99,0,99,99,99,1,1,1,40895,0,4550,2007,US-191,1E+20,0,36153632,109361064,1,9
4,25,9,15,15,57,1,1,0,0,6,8,0,99,0,9,99,9,9,99,9,9,5,1,0,0,0,1,9,0,0,99,99,99,99,99,99,0,0,0,0,1,7,0,40896,0,0,2007,DIRT ROAD,1E+20,0,35191042,112534352,1,9
4,1,9,16,99,99,1,2,1,1,2,2,3,8,0,9,99,9,9,99,9,9,9,9,0,0,0,9,9,0,0,99,99,99,99,99,99,0,99,99,99,1,1,0,40897,0,4174,2007,US-160,1E+20,0,36500173,109511336,1,9
4,1,9,16,9,0,1,2,0,0,6,8,3,99,99,9,99,9,9,99,9,9,9,9,0,0,0,9,9,0,0,99,99,99,99,99,99,0,0,0,0,1,1,0,40898,0,0,2007,RESERVATION RD,1E+20,0,99999999,999999999,1,9
4,13,6,1,14,24,3,4,0,0,13,6,0,12,5,2,1,3,3,99,1,1,2,1,3,3,0,1,9,0,0,14,24,14,28,14,52,0,0,0,0,2,6,0,40899,420,0,2007,HAYDEN RD,CHAPARRAL RD,0,33303394,111543106,3,9
4,25,6,9,21,0,2,6,0,0,3,3,0,12,1,3,1,1,4,45,1,2,2,1,20,3,1,2,1,0,0,21,0,21,4,21,25,0,0,0,0,1,7,1,40900,120,3512,2007,SR-89A,Verde Heights D,0,34442397,112021462,2,1
4,21,9,26,21,99,1,2,1,0,9,6,0,8,0,1,1,5,4,45,1,1,2,1,0,0,2,3,1,0,0,21,12,21,22,0,0,0,0,0,0,1,4,2,40901,0,0,2007,GARY RD,1E+20,0,33110970,111345255,1,1
4,1,10,4,99,99,1,2,0,0,4,2,3,11,0,1,1,9,9,99,9,9,9,9,0,0,0,9,9,0,0,99,99,99,99,99,99,0,0,0,0,1,5,0,40902,0,4766,2007,US-191,1E+20,0,36294526,109292262,1,9
4,5,10,7,0,37,1,3,0,0,6,8,3,1,0,1,2,1,2,65,2,2,2,1,0,0,0,2,1,0,0,99,99,99,99,99,99,0,0,0,0,1,1,3,40904,0,0,2007,BIA-16,1E+20,0,99999999,999999999,1,1
4,21,10,8,3,51,1,4,2,0,3,3,3,8,0,1,1,1,2,55,1,1,2,1,0,0,0,2,1,0,0,99,99,99,99,99,99,0,0,0,0,1,2,1,40905,0,2220,2007,SR-587,1E+20,0,33085748,111502742,1,1
4,17,10,13,1,2,1,4,0,0,6,8,3,1,0,1,6,1,2,45,2,2,2,1,40,3,5,2,1,0,0,99,99,99,99,99,99,0,0,0,0,1,7,4,40906,0,0,2007,BIA-41,1E+20,0,36324877,110301041,1,1
4,13,10,17,7,54,2,2,0,0,6,6,0,12,4,2,1,1,2,45,1,1,2,1,0,0,0,1,1,0,0,7,54,8,15,8,34,0,0,0,0,1,4,1,40908,486,0,2007,163RD AVE,JOMAX RD,0,33432897,112244444,2,1
4,19,10,23,15,54,1,3,0,0,6,6,0,35,0,1,4,1,2,35,2,1,5,1,0,0,0,1,1,0,0,16,12,99,99,99,99,0,0,0,0,1,3,0,40909,0,0,2007,PISTOL HILL RD,1E+20,0,32050565,110375930,1,1
4,15,11,21,11,30,2,2,0,0,14,3,0,12,1,1,1,2,2,99,1,1,2,9,0,0,1,1,1,0,0,11,30,11,40,99,99,0,0,0,0,1,4,1,40910,260,574,2007,SR-66,1E+20,0,35133143,114001091,2,1
4,13,11,22,22,3,1,1,0,0,4,9,3,35,0,1,6,1,2,55,1,1,2,1,0,0,0,2,1,0,0,99,99,99,99,99,99,0,0,0,0,1,5,1,40911,0,0,2007,BELTLINE RD,1E+20,0,33134568,112051283,1,1
4,1,11,22,22,99,1,2,0,0,6,4,0,1,0,1,6,1,2,99,2,1,9,9,0,0,0,2,9,0,0,22,47,23,0,0,0,0,0,0,0,1,5,1,40912,0,0,2007,COUNTY RD 4225,1E+20,0,34052651,109035142,1,9
4,12,12,9,16,10,2,6,0,1,1,1,0,1,0,1,3,2,2,75,1,1,2,1,0,0,0,1,1,0,0,16,12,16,20,99,99,0,14,0,0,2,1,0,40913,0,245,2007,I-10,1E+20,0,33403573,114071685,2,1
4,9,8,26,99,99,1,2,1,0,3,2,3,8,0,9,99,9,9,99,9,9,9,9,0,0,0,9,9,0,0,99,99,99,99,0,0,0,99,99,99,1,1,0,40915,0,2732,2007,US-70,1E+20,0,33172969,110252938,1,9
4,21,10,29,18,15,2,2,0,0,6,6,0,12,8,1,1,1,2,55,2,1,2,1,0,0,0,2,1,0,0,18,15,99,99,99,99,0,0,0,0,1,2,0,40916,426,0,2007,REDDINGTON RD,1E+20,0,32392575,110405079,2,1
4,19,12,27,21,40,1,2,0,0,3,3,0,1,0,1,1,1,2,65,1,1,2,1,0,0,0,2,1,0,0,21,46,21,56,99,99,0,0,0,0,1,5,2,40917,0,481,2007,SR-85,1E+20,0,32194071,112464654,1,1
4,13,1,1,4,49,2,2,0,0,13,4,0,12,5,2,1,9,9,99,1,1,2,9,3,3,1,9,9,0,0,99,99,99,99,0,0,0,99,99,99,1,2,1,40918,30,0,2007,MC-85,AVONDALE BLVD,0,33260744,112182307,2,9
4,13,1,27,17,3,1,1,0,0,4,8,0,37,0,1,4,1,2,65,1,1,5,1,0,0,0,1,1,0,0,17,3,17,28,0,0,0,3,0,0,1,7,0,40919,0,0,2007,TONOPAH-SALOME HWY,1E+20,0,33283206,112431380,1,1
4,13,3,8,16,0,2,3,0,0,14,6,0,12,5,8,1,5,6,45,1,1,2,1,0,0,0,1,1,0,0,16,0,16,10,16,40,0,0,0,0,1,5,0,40920,0,0,2007,ELLSWORTH RD,1E+20,0,33245637,111375768,2,1
4,13,3,31,17,29,2,6,0,0,6,8,0,12,2,1,1,1,2,35,2,2,2,1,0,0,0,1,1,0,0,17,29,17,38,99,99,0,0,0,0,1,7,0,40921,0,0,2007,BARTLETT DAM RD,1E+20,0,33505113,111480049,2,1
4,13,4,8,12,54,1,2,0,1,2,3,0,42,0,1,4,2,2,65,1,1,2,1,0,0,0,1,1,0,0,12,54,13,1,99,99,0,0,0,0,1,1,0,40922,0,1455,2007,SR-85,1E+20,0,33165934,112374874,1,1
4,21,4,28,20,50,3,5,0,0,3,8,0,12,2,1,1,9,9,99,1,1,2,1,0,0,1,3,1,0,0,99,99,99,99,0,0,0,0,0,0,1,7,1,40923,160,0,2007,FRONTIER ST,ESTRELLA RD,0,32465631,111361378,3,1
4,13,5,5,99,99,1,1,0,0,16,6,0,27,0,2,6,1,2,50,2,1,2,1,0,0,0,2,1,0,0,6,4,6,15,0,0,0,0,0,0,1,7,1,40924,0,0,2007,REEMS RD,GLENDALE AVE,0,33321447,112233330,1,1
4,13,6,10,15,41,1,1,0,0,6,8,0,1,0,9,99,9,9,50,2,1,9,9,0,0,0,1,9,0,0,15,41,15,54,0,0,0,99,99,99,1,1,0,40925,0,0,2007,PERRYVILLE RD,MC-85,0,33223983,112273972,1,9
4,21,6,12,23,40,1,1,0,0,6,9,0,37,0,1,6,1,2,45,1,1,2,1,0,0,0,2,1,0,0,99,99,99,99,0,0,0,0,0,0,1,3,1,40926,0,0,2007,RIVER RD,1E+20,0,32431830,110373483,1,1
4,19,6,13,12,7,1,2,0,0,14,6,0,99,99,9,99,9,9,99,9,9,9,9,0,0,0,9,9,0,0,99,99,99,99,99,99,0,99,99,99,1,4,0,40927,530,0,2007,PARK AVE,FAIR,0,32101411,110572244,1,9
4,1,6,23,19,36,3,3,0,0,4,2,3,12,8,1,1,1,2,99,9,2,9,9,0,0,0,1,9,0,0,99,99,99,99,99,99,0,0,0,0,1,7,0,40928,0,4428,2007,US-191,1E+20,0,36062503,109375864,3,9
4,21,6,18,5,20,1,6,0,0,6,8,0,1,0,1,6,1,2,35,1,1,5,5,0,0,0,4,1,0,0,5,20,5,50,6,30,0,0,0,0,1,2,0,40929,0,0,2007,AMARILLO VALLEY RD,PAPAGO RD,0,32581274,112045695,1,1
4,13,6,19,18,41,2,2,0,0,16,6,0,12,8,1,1,5,3,40,1,1,2,1,0,0,0,1,1,0,0,99,99,99,99,99,99,0,19,0,0,1,3,0,40930,370,0,2007,DURANGO ST,1E+20,0,33254650,112070624,2,1