STATE,COUNTY,MONTH,DAY,HOUR,MINUTE,VE_TOTAL,PERSONS,PEDS,NHS,ROAD_FNC,ROUTE,SP_JUR,HARM_EV,MAN_COLL,REL_JUNC,REL_ROAD,TRAF_FLO,NO_LANES,SP_LIMIT,ALIGNMNT,PROFILE,PAVE_TYP,SUR_COND,TRA_CONT,T_CONT_F,HIT_RUN,LGT_COND,WEATHER1,WEATHER2,C_M_ZONE,NOT_HOUR,NOT_MIN,ARR_HOUR,ARR_MIN,HOSP_HR,HOSP_MN,SCH_BUS,CF1,CF2,CF3,FATALS,DAY_WEEK,DRUNK_DR,ST_CASE,CITY,MILEPT,YEAR,TWAY_ID,TWAY_ID2,RAIL,LATITUDE,LONGITUD,VE_FORMS,WEATHER
4,19,7,16,99,99,1,2,0,0,13,6,0,99,99,9,99,9,9,99,1,9,9,9,0,0,0,9,9,0,0,99,99,99,99,99,99,0,99,99,99,1,2,0,40931,530,0,2007,SPEEDWAY BLVD,1E+20,0,32140997,110522954,1,9
4,1,7,23,15,59,2,3,0,0,3,2,0,12,2,1,1,1,3,55,2,2,2,2,0,0,0,1,2,0,0,16,4,16,8,99,99,0,0,0,0,1,2,1,40932,0,4047,2007,US-180,1E+20,0,34053636,109135550,2,2
4,21,9,4,18,30,2,3,0,0,13,3,0,12,99,2,1,9,9,99,1,1,9,9,99,9,0,1,9,0,0,99,99,99,99,99,99,0,99,99,99,1,3,0,40933,70,1632,2007,SR-347,KORSTEN RD,0,32543000,112025865,2,9
4,13,9,8,8,23,2,2,0,0,6,8,0,12,99,1,1,1,2,99,9,2,5,1,0,0,0,1,1,0,0,99,99,99,99,0,0,0,99,99,99,1,7,0,40934,0,0,2007,FOREST ROAD 401,1E+20,0,33370035,111270012,2,1
4,13,10,7,11,35,1,1,0,0,4,3,0,41,0,1,4,1,2,25,2,2,2,1,0,0,0,1,1,0,0,11,37,11,59,99,99,0,0,0,0,1,1,0,40935,0,2062,2007,SR-88,1E+20,0,33310943,111270429,1,1
4,13,10,12,20,7,1,2,1,0,16,6,0,8,0,1,1,9,9,99,1,1,2,1,0,0,0,3,1,0,0,20,7,20,11,99,99,0,0,0,0,1,6,0,40936,368,0,2007,79TH AVE,1E+20,0,33365088,112134359,1,1
4,1,10,15,20,0,1,2,1,0,4,8,3,8,0,1,1,9,9,99,9,9,9,9,0,0,0,9,9,0,0,99,99,99,99,99,99,0,0,0,0,1,2,0,40937,0,0,2007,INDIAN ROUTE 4,1E+20,0,36041457,109525764,1,9
4,25,10,20,14,37,2,3,0,1,2,2,0,99,99,1,99,9,9,99,9,9,9,9,0,0,0,1,9,0,0,99,99,99,99,99,99,0,99,99,99,1,7,1,40938,0,1740,2007,US-93,1E+20,0,34123022,113035362,2,9
4,13,11,7,17,4,2,7,0,0,16,6,0,12,5,2,1,1,2,25,1,1,2,1,20,3,0,1,1,0,0,17,5,99,99,99,99,0,0,0,0,1,4,1,40939,370,0,2007,25TH AVE,ADAMS ST,0,33265684,112064738,2,1
4,12,11,16,10,3,1,4,1,0,6,8,3,9,0,1,1,1,2,99,1,9,9,9,0,0,0,1,9,0,0,99,99,99,99,99,99,0,99,99,99,1,6,0,40940,340,0,2007,INDIAN ROUTE 3,1E+20,0,34075201,114181035,1,9
4,13,11,24,11,24,3,3,0,0,14,6,0,12,5,2,1,5,4,45,1,1,2,1,3,3,0,1,1,0,0,99,99,99,99,99,99,0,0,0,0,1,7,0,40941,0,0,2007,OLIVE AVE,107TH AVE,0,33335638,112172348,3,1
4,13,12,2,6,7,2,2,0,0,13,6,0,12,5,2,1,5,6,45,1,1,2,1,2,3,0,4,1,0,0,99,99,99,99,0,0,0,0,0,0,1,1,0,40942,370,0,2007,THOMAS RD,67TH AVE,0,33284928,112121178,2,1
4,21,12,7,14,5,1,3,0,0,6,9,0,1,0,1,6,1,2,99,1,1,5,1,0,0,0,1,1,0,0,99,99,99,99,99,99,0,0,0,0,1,6,0,40943,160,0,2007,ALSDORF RD,1E+20,0,32445473,111364071,1,1
4,17,11,27,99,99,1,2,0,0,6,8,3,99,99,9,99,9,9,99,9,9,9,9,0,0,0,9,9,0,0,99,99,99,99,99,99,0,99,99,99,1,3,0,40944,0,0,2007,RESERVATION RD,1E+20,0,99999999,999999999,1,9
4,13,11,5,23,33,1,5,0,1,11,1,0,20,0,13,8,6,2,55,1,1,2,1,0,0,0,3,1,0,0,23,34,23,41,0,3,0,0,0,0,1,2,1,40945,370,2006,2007,I-17 RAMP,1E+20,0,33271648,112062887,1,1
4,15,11,6,17,99,2,9,0,0,4,3,3,12,1,1,1,1,2,99,1,9,2,9,0,0,0,1,9,0,0,99,99,99,99,99,99,0,0,0,0,1,3,0,40946,0,1025,2007,SR-66,1E+20,0,35313011,113262484,2,9
4,13,11,19,22,47,3,3,0,0,15,6,0,12,4,2,1,3,3,45,1,1,2,1,3,3,0,3,1,0,0,99,99,99,99,99,99,0,0,0,0,1,2,1,40947,30,0,2007,DYSART RD,OSBORN RD,0,33290985,112202740,3,1
4,13,11,27,17,0,1,2,0,0,14,6,0,99,99,9,99,9,9,99,9,9,9,9,0,0,0,1,9,0,0,99,99,99,99,99,99,0,99,99,99,1,3,0,40948,290,0,2007,UNIVERSITY DR,1E+20,0,33252211,111420662,1,9
4,1,11,28,22,99,1,2,0,0,4,2,3,1,0,1,4,1,2,45,2,2,2,1,0,0,0,2,1,0,0,22,55,23,5,99,99,0,0,0,0,1,4,2,40949,0,3671,2007,US-191,1E+20,0,35114892,109195810,1,1
4,13,12,1,9,23,1,1,0,0,15,6,0,99,99,9,99,9,9,99,1,1,2,9,0,0,0,1,9,0,0,99,99,99,99,99,99,0,99,99,99,1,7,0,40950,370,0,2007,15TH AVE,1E+20,0,33291648,112052886,1,9
4,7,12,10,17,38,1,1,0,0,3,2,3,42,0,1,6,9,9,65,9,9,2,2,0,0,0,5,2,0,0,99,99,99,99,0,0,0,0,0,0,1,2,0,40951,0,2692,2007,US-70,1E+20,0,33182792,110294013,1,2
4,13,12,12,16,52,1,2,1,0,13,6,0,8,0,1,1,9,9,99,1,9,2,9,0,0,0,1,9,0,0,99,99,99,99,99,99,0,99,99,99,1,4,0,40952,370,0,2007,7TH ST,1E+20,0,33304824,112035404,1,9
4,13,12,13,13,99,2,2,0,0,15,6,0,12,2,1,1,1,3,50,1,1,2,1,40,3,0,1,1,0,0,13,3,13,19,99,99,0,0,0,0,1,5,0,40953,0,0,2007,SOUTHERN AVE,1E+20,0,33233084,112354998,2,1
4,19,12,14,99,99,1,2,0,0,15,6,0,99,99,99,99,9,9,99,9,9,9,9,0,0,0,9,9,0,0,99,99,99,99,99,99,0,99,99,99,1,6,0,40954,0,0,2007,DUVAL MINE RD,1E+20,0,31542159,110590593,1,9
4,13,12,15,14,58,2,5,0,0,13,6,0,12,4,2,1,3,3,45,1,1,2,1,2,3,0,1,1,0,0,99,99,99,99,99,99,0,0,0,0,3,7,0,40955,80,0,2007,CHANDLER BLVD,MCCLINTOCK DR,0,33181940,111544025,2,1
4,13,12,17,0,41,1,2,0,0,13,6,0,99,0,1,99,9,9,99,1,9,9,9,0,0,0,9,9,0,0,99,99,99,99,99,99,0,99,99,99,1,2,0,40956,486,0,2007,BELL RD,1E+20,0,33381972,112214137,1,9
4,13,12,17,18,42,2,2,0,0,15,6,0,12,2,1,1,1,2,35,1,1,2,1,0,0,0,2,1,0,1,99,99,99,99,99,99,0,99,99,99,1,2,1,40957,0,0,2007,RITTENHOUSE RD,1E+20,0,33151656,111375659,2,1
4,13,12,24,4,58,3,4,0,0,14,6,0,12,2,1,1,9,9,99,1,1,2,9,0,0,0,9,9,0,0,99,99,99,99,99,99,0,99,99,99,1,2,1,40958,370,0,2007,7TH AVE,1E+20,0,33245826,112045568,3,9
4,15,12,25,9,36,2,6,0,1,2,2,0,12,2,1,1,1,2,65,2,1,2,1,0,0,0,1,1,0,0,9,36,10,21,99,99,0,0,0,0,2,3,0,40959,0,1157,2007,US-93,1E+20,0,34490961,113373411,2,1
4,19,12,8,17,48,1,3,0,0,5,8,3,1,0,1,6,1,2,55,2,4,2,1,0,0,5,2,1,0,0,17,48,18,10,99,99,0,0,0,0,1,7,1,40960,0,0,2007,INDIAN ROUTE 19,1E+20,0,31393762,111460284,1,1
4,19,10,13,18,36,2,5,0,0,3,3,3,12,2,1,1,1,2,65,1,1,2,1,40,3,0,2,1,0,0,99,99,99,99,99,99,0,0,0,0,2,7,1,40961,0,1090,2007,SR-86,1E+20,0,31573597,111565829,2,1
4,21,12,19,7,51,2,3,0,0,3,3,3,12,2,15,1,1,2,45,1,2,2,1,0,0,0,1,1,0,0,7,51,99,99,99,99,0,0,0,0,2,4,1,40962,0,99999,2007,SR-387,1E+20,0,33000884,111451171,2,1
4,19,9,7,21,99,1,3,0,0,6,6,0,11,0,1,1,1,2,25,1,1,2,1,0,0,0,2,1,0,0,21,17,21,30,99,99,0,0,0,0,1,6,0,40963,0,0,2007,ZORRO RD,1E+20,0,32062848,111072657,1,1
4,13,2,17,20,38,1,4,0,0,9,9,0,99,0,9,99,9,9,99,9,9,5,9,0,0,0,2,9,0,0,99,99,99,99,99,99,0,99,99,99,1,7,0,40964,0,0,2007,DIRT RD,1E+20,0,33585987,112100004,1,9
4,5,11,4,17,11,1,2,1,0,4,3,0,8,0,9,99,9,9,99,9,9,9,9,0,0,0,1,9,0,0,99,99,99,99,0,0,0,99,99,99,1,1,0,40965,0,2450,2007,SR-260,1E+20,0,34311618,111304831,1,9
4,15,11,14,16,20,1,1,0,1,2,2,0,1,0,1,4,2,2,65,2,1,2,1,0,0,0,1,1,0,0,16,20,16,38,99,99,0,0,0,0,1,4,0,40967,0,511,2007,US-93,1E+20,0,35250258,114162776,1,1
4,17,11,29,2,0,1,1,0,1,2,3,0,1,0,1,6,1,3,55,2,1,2,1,0,0,0,2,1,0,0,7,13,7,25,0,0,0,0,0,0,1,5,0,40968,0,2972,2007,SR-260,1E+20,0,34225678,110401727,1,1
4,17,10,20,99,99,1,2,0,0,3,3,3,99,99,9,99,9,9,99,9,9,9,9,0,0,0,9,9,0,0,99,99,99,99,99,99,0,99,99,99,1,7,0,40970,0,3848,2007,SR-264,1E+20,0,35503081,110194161,1,9
4,5,11,30,17,1,1,2,0,1,1,1,0,36,0,1,4,2,2,75,1,1,2,2,0,0,0,2,2,0,0,17,3,99,99,99,99,0,0,0,0,1,6,0,40971,0,1840,2007,I-40,1E+20,0,35144114,111502394,1,2
4,1,12,5,17,99,1,3,1,1,2,2,3,8,0,2,1,1,2,65,1,1,2,1,20,3,0,2,1,0,0,17,50,18,26,0,0,0,0,0,0,1,4,1,40972,0,4185,2007,US-160,BIA SCHOOL RD,0,88888888,888888888,1,1
4,1,2,10,23,6,1,2,1,0,5,8,3,8,0,9,99,9,9,99,9,9,9,9,0,0,0,9,9,0,0,99,98,99,98,0,0,0,99,99,99,1,7,0,40973,0,0,2007,BIA-27,1E+20,0,99999999,999999999,1,9
4,1,9,1,2,29,1,2,0,0,6,8,3,99,99,9,99,9,9,99,9,9,9,9,0,0,0,9,9,0,0,99,98,99,98,0,0,0,99,99,99,1,7,0,40974,0,0,2007,BIA-15A,1E+20,0,35394233,109371028,1,9
4,13,11,17,99,99,1,2,0,0,6,6,3,35,0,1,6,1,2,45,1,2,5,5,0,0,0,2,1,0,0,99,99,99,99,99,99,0,0,0,0,1,7,0,40975,266,0,2007,PECOS RD,1E+20,0,33172562,112082873,1,1
5,89,1,1,0,20,2,4,0,0,4,3,0,12,2,4,1,1,2,55,1,2,2,1,0,0,0,2,1,0,0,0,25,0,33,99,99,0,0,0,0,1,2,1,50001,9999,38,2007,SR-178-01,1E+20,0,36193799,92361382,2,1
5,111,1,1,6,6,1,1,0,0,3,2,0,42,0,1,4,1,2,55,1,1,2,1,0,0,0,2,1,0,0,0,0,0,0,0,0,0,0,0,0,1,2,1,50002,0,44,2007,US-49-05,1E+20,0,35384997,90525742,1,1
5,91,1,2,8,35,1,3,0,1,2,3,0,1,0,1,4,3,2,70,2,1,1,1,0,0,0,1,1,0,0,8,48,9,2,99,99,0,0,0,0,2,3,0,50003,0,59,2007,SR-549-01,1E+20,0,33061250,93535498,1,1
5,69,1,3,12,38,2,3,0,0,15,3,0,12,5,2,1,1,2,35,1,1,2,1,0,0,0,1,1,0,0,12,38,12,41,99,99,0,0,0,0,1,4,1,50004,3150,25,2007,SR-190-05,TAFT,0,34132600,92032031,2,1
5,15,1,4,1,28,1,1,0,0,6,6,0,42,0,1,4,1,2,15,2,2,2,1,40,3,0,2,1,0,0,1,33,1,39,0,0,0,20,0,0,1,5,0,50006,350,0,2007,E. COLLEGE,1E+20,0,36221090,93325672,1,1
5,141,1,4,10,30,1,1,0,1,2,2,0,38,0,1,4,1,2,55,1,3,2,2,0,0,0,1,5,0,0,10,39,10,52,99,99,0,0,0,0,1,5,0,50007,0,60,2007,US-65-07,1E+20,0,35431042,92311629,1,5
5,19,1,4,19,19,1,2,0,0,3,3,0,42,0,1,4,2,2,55,1,1,2,2,0,0,0,2,8,0,0,19,21,19,27,99,99,0,0,0,0,1,5,0,50008,0,271,2007,SR-51-01,1E+20,0,34055393,93075007,1,8
5,131,1,4,19,40,1,2,0,0,4,3,0,1,0,1,2,1,2,55,2,3,2,1,0,0,0,2,1,0,1,19,40,19,53,99,99,0,0,0,0,1,5,1,50009,460,173,2007,SR-45-01,1E+20,0,35132580,94244797,1,1
5,51,1,5,7,33,2,5,0,0,2,2,0,12,5,2,1,2,4,55,2,3,2,2,20,3,0,1,2,0,0,7,42,7,57,99,99,0,0,0,0,2,6,0,50010,1907,83,2007,US-270-06,INDUSTRIAL PARK,0,34274651,92555554,2,2
5,101,1,5,10,18,1,2,1,0,3,3,0,8,0,2,1,1,2,25,1,1,2,1,20,3,0,1,1,0,0,0,0,0,0,0,0,0,0,0,0,1,6,0,50011,2040,145,2007,SR-7-18,CLARK ST.,0,36002607,93111226,1,1
5,45,1,5,11,0,2,3,0,0,4,3,0,12,2,2,1,1,2,55,1,2,2,1,0,0,0,1,1,0,0,11,2,11,14,99,99,0,0,0,0,2,6,0,50012,0,24,2007,SR-89-05,EASTERWOOD PT R,0,34574421,92273073,2,1
5,71,1,5,16,45,1,1,0,0,4,3,0,42,0,2,4,1,2,55,1,1,2,1,20,3,0,1,1,0,0,16,45,16,57,99,99,0,0,0,0,1,6,1,50013,0,0,2007,SR-359-01,US-64,0,35202461,93185890,1,1
5,119,1,6,21,10,1,1,0,0,4,3,0,42,0,1,5,1,2,45,2,2,2,1,28,3,0,2,1,0,0,21,15,21,42,99,99,0,0,0,0,1,7,1,50014,0,59,2007,SR-300-02,1E+20,0,34542914,92330309,1,1
5,53,1,7,21,58,1,2,1,1,2,2,0,8,0,4,1,1,2,40,1,1,2,1,0,0,0,2,1,0,0,0,0,0,0,0,0,0,0,0,0,1,1,0,50015,3550,132,2007,US-167-10,1E+20,0,34180885,92235696,1,1
5,7,1,9,6,20,2,2,0,0,15,3,0,12,5,2,1,1,2,55,1,1,2,1,20,3,0,2,1,0,1,6,22,6,25,0,0,0,0,0,0,1,3,0,50016,3610,217,2007,SR-43-00,SR-59,0,36105303,94314089,2,1
5,115,1,10,21,25,1,3,0,1,1,1,0,42,0,1,3,2,2,65,1,1,2,1,0,0,0,2,1,0,0,21,31,21,40,99,99,0,0,0,0,1,4,1,50017,3450,752,2007,I-40-22,1E+20,0,35200990,93144940,1,1
5,69,1,11,16,12,1,2,1,1,2,2,0,8,0,1,1,1,2,55,1,1,2,1,0,0,2,1,1,0,0,16,13,16,22,0,0,0,0,0,0,1,5,1,50018,3150,79,2007,US-79-09,1E+20,0,34084565,92061155,1,1
5,11,1,12,7,0,1,1,0,0,3,2,0,42,0,1,4,1,2,55,2,1,2,2,0,0,0,1,2,0,0,7,19,7,29,99,99,0,0,0,0,1,6,0,50019,0,57,2007,US-278-12,1E+20,0,33355750,92141958,1,2
5,51,1,13,9,5,1,3,0,0,4,3,0,37,0,1,4,1,2,45,2,1,2,2,0,0,0,1,2,0,0,9,5,9,21,99,99,0,0,0,0,1,7,0,50020,0,0,2007,SR-5-06,1E+20,0,34344223,92585328,1,2
5,1,1,13,21,55,1,1,0,0,4,3,0,27,0,1,4,1,2,55,2,1,2,2,20,3,0,2,2,0,0,21,59,22,10,0,0,0,0,0,0,1,7,1,50021,1100,0,2007,SR-153-02,SR-1,0,34193776,91162125,1,2
5,129,1,14,1,17,1,2,0,0,6,6,0,18,0,1,5,1,2,25,1,1,2,2,0,0,0,3,2,0,0,0,0,0,0,0,0,0,0,0,0,2,1,0,50022,2280,0,2007,WALNUT ST.,1E+20,0,35494198,92333708,1,2
5,7,1,14,14,43,2,3,0,0,13,2,0,12,8,2,1,1,4,45,1,1,2,2,3,3,0,1,2,0,0,14,45,14,45,99,99,0,0,0,0,1,1,0,50023,2380,25,2007,US-71-18B,J.B HUNT CORPOR,0,36145014,94090214,2,2
5,63,1,15,7,3,1,1,0,0,14,3,0,34,0,1,4,1,3,55,2,2,2,2,0,0,0,1,2,0,0,7,15,7,27,99,99,0,0,0,0,1,2,0,50024,250,149,2007,SR-69-02,1E+20,0,35471873,91391571,1,2
5,23,1,15,13,41,2,4,0,0,14,3,0,12,1,1,1,1,2,40,1,1,2,2,0,0,0,1,1,0,0,13,41,13,43,99,99,0,0,0,0,2,2,0,50025,1820,11,2007,SR-110-06,1E+20,0,35294217,92004160,2,1
5,119,1,16,11,25,2,2,1,1,12,2,0,14,7,1,2,3,2,65,1,1,2,1,0,0,0,1,1,0,1,0,0,0,0,0,0,0,0,0,0,1,3,0,50026,2036,80,2007,US-67-10,1E+20,0,34512938,92075544,1,1
5,63,1,16,21,26,2,2,0,0,3,3,0,12,2,1,1,1,2,55,1,2,2,1,0,0,0,2,1,0,0,21,26,21,34,99,99,0,0,0,0,1,3,1,50027,0,123,2007,SR-69-02,1E+20,0,35483158,91413949,2,1
5,31,1,17,13,27,2,3,0,0,6,6,0,12,2,1,1,1,2,25,1,1,2,1,0,0,0,1,1,0,0,13,27,13,38,99,99,0,0,0,0,1,4,0,50028,2070,0,2007,MAIN ST.,WASHINGTON,0,35501815,90421782,2,1
5,69,1,17,17,21,2,2,0,1,12,2,0,12,4,10,1,2,2,45,1,1,1,1,3,3,0,1,1,0,0,17,21,17,28,99,99,0,0,0,0,1,4,0,50029,3150,85,2007,US-65-14B,US 63,0,34134575,92011135,2,1
5,45,1,18,14,49,1,1,0,0,3,3,0,42,0,1,4,1,2,55,2,2,2,1,0,0,0,1,1,0,0,0,0,0,0,0,0,0,0,0,0,1,5,1,50030,0,82,2007,SR-89-04,1E+20,0,34573116,92221702,1,1
5,57,1,20,6,45,1,1,0,0,3,3,0,34,0,1,4,1,2,55,1,1,2,2,0,0,0,1,2,0,0,0,0,0,0,0,0,0,0,0,0,1,7,0,50031,0,7,2007,SR-29-03,1E+20,0,33291666,93374118,1,2
5,17,1,20,9,58,2,3,0,1,2,2,0,12,5,2,1,3,4,65,1,1,2,2,21,3,0,1,1,0,0,9,59,10,4,99,99,0,0,0,0,1,7,0,50032,1070,23,2007,US-65-20,SR-35,0,33315669,91222771,2,1
5,145,1,21,1,43,1,1,0,0,4,3,0,34,0,1,5,1,2,55,2,2,2,2,28,3,0,2,2,0,0,1,50,2,19,99,99,0,0,0,0,1,1,1,50033,0,28,2007,SR-87-01,1E+20,0,35260742,91291359,1,2
5,131,1,21,14,33,1,4,0,0,4,3,0,42,0,1,4,1,2,55,2,2,2,1,0,0,0,1,1,0,0,14,37,14,39,99,99,0,0,0,0,1,1,0,50034,1680,41,2007,SR-10-00,1E+20,0,35114124,94223867,1,1
5,85,1,24,6,20,2,2,0,0,3,3,0,12,1,1,1,1,2,55,1,1,2,1,0,0,0,2,1,0,0,6,22,6,34,0,0,0,0,0,0,1,4,0,50035,0,112,2007,SR-31-03,1E+20,0,34553402,91522768,2,1
5,17,1,24,9,6,1,1,0,1,2,2,0,1,0,1,4,1,2,55,1,1,2,1,0,0,0,1,1,0,0,9,10,9,25,99,99,0,0,0,0,1,4,0,50036,0,36,2007,US-65-22,1E+20,0,33034685,91131480,1,1
5,119,1,25,5,20,1,1,0,1,2,2,0,23,0,1,4,3,4,70,1,1,1,1,0,0,0,2,1,0,0,0,0,0,0,0,0,0,0,0,0,1,5,0,50037,2036,131,2007,US-67-10,1E+20,0,34554180,92045012,1,1
5,125,1,25,15,15,2,1,0,1,1,1,0,14,7,1,2,2,2,70,2,1,2,1,0,0,0,1,1,0,0,15,15,15,23,99,99,0,0,0,0,1,5,0,50038,0,1109,2007,I-30-22,1E+20,0,34320995,92410416,1,1
5,119,1,26,8,0,2,2,1,1,11,1,0,8,0,1,1,2,3,65,1,1,2,1,0,0,0,1,1,0,0,0,0,0,0,0,0,0,0,0,0,1,6,0,50039,2880,117,2007,I-430-21,1E+20,0,34484121,92212107,2,1
5,103,1,26,15,30,2,2,0,0,2,2,0,12,5,8,1,1,2,45,1,1,2,1,0,0,0,1,1,0,0,15,30,15,41,99,99,0,0,0,0,1,6,0,50040,3710,37,2007,US-79-03,1E+20,0,33252438,93035412,2,1
5,91,1,26,16,20,2,3,0,0,4,2,0,12,2,1,1,1,2,55,2,1,2,1,0,0,0,1,1,0,0,16,25,16,40,99,99,0,0,0,0,2,6,0,50041,0,183,2007,US-67-01,1E+20,0,33361593,93491308,2,1
5,119,1,27,3,0,2,3,0,0,13,2,0,12,2,1,1,1,4,35,1,1,2,1,0,0,0,3,1,0,0,3,3,3,10,99,99,0,0,0,0,1,7,1,50042,2320,36,2007,US-70-12,1E+20,0,34431020,92200240,2,1
5,119,1,27,5,0,1,1,0,0,6,6,0,42,0,2,4,1,2,30,1,1,2,2,0,0,0,3,2,0,0,5,0,5,7,0,0,0,0,0,0,1,7,0,50043,2320,0,2007,BOYLE PARK,36TH ST.,0,34431275,92212255,1,2
5,95,1,27,17,47,1,1,0,1,2,2,0,34,0,1,5,1,2,55,2,1,2,2,0,0,0,2,2,0,0,17,48,18,12,0,0,0,0,0,0,1,7,1,50044,0,209,2007,US-49-09,1E+20,0,34365522,91035405,1,2
5,19,1,28,12,4,1,1,0,0,3,3,0,34,0,1,4,1,2,55,2,2,2,1,0,0,0,1,1,0,0,0,0,0,0,0,0,0,0,0,0,1,1,0,50045,0,55,2007,SR-53-01,1E+20,0,33491937,93073921,1,1
5,93,1,31,5,55,1,1,0,0,4,3,0,34,0,1,4,1,2,55,1,1,2,1,0,0,0,2,1,0,0,0,0,0,0,0,0,0,0,0,0,1,4,1,50046,0,34,2007,SR-14-16,1E+20,0,35364337,90134133,1,1
5,93,1,31,14,50,2,2,0,1,1,1,0,13,8,1,1,3,4,70,1,1,1,3,0,0,0,1,4,0,0,14,55,15,5,99,99,0,0,0,0,1,4,0,50047,0,519,2007,I-55-12,1E+20,0,35475970,89585176,2,4
5,17,1,31,15,39,2,2,0,1,2,2,0,12,2,1,1,1,2,55,1,1,2,8,0,0,0,1,1,0,0,0,0,0,0,0,0,0,0,0,0,1,4,0,50048,0,25,2007,US-82-11,1E+20,0,33161038,91124515,2,1
5,119,1,31,21,0,1,1,0,0,3,3,0,34,0,1,4,2,2,55,1,2,2,4,0,0,0,2,4,0,0,0,0,0,0,0,0,0,0,0,0,1,4,0,50049,2320,113,2007,SR-10-08,1E+20,0,34522160,92355339,1,4
5,107,1,21,1,40,2,2,0,0,14,3,0,12,5,2,1,1,2,55,1,1,2,2,0,0,0,3,2,0,0,1,43,1,48,99,99,0,0,0,0,1,1,0,50050,4110,13,2007,SR-185-02,CR 218,0,34340889,90401746,2,2
5,85,2,2,0,5,3,7,0,1,1,1,0,13,5,1,1,3,4,70,2,2,2,4,0,0,0,2,4,0,0,0,8,0,18,99,99,0,0,0,0,2,6,0,50051,660,1809,2007,I-40-41,1E+20,0,34475412,91464180,3,4
5,135,2,3,11,8,1,3,0,1,2,2,0,34,0,1,4,1,2,55,2,2,2,1,0,0,0,1,1,0,0,11,9,11,15,99,99,0,0,0,0,1,7,0,50052,0,162,2007,US-63-02,1E+20,0,36144994,91164396,1,1
5,33,2,4,18,15,2,3,0,0,4,2,0,12,5,2,1,3,4,55,1,1,2,1,20,3,0,2,1,0,0,18,18,18,20,99,99,0,0,0,0,1,1,0,50053,0,45,2007,US-64-02,SHIBLEY RD.,0,35272594,94173542,2,1
5,51,2,5,14,41,2,2,0,0,3,3,0,12,2,1,1,1,4,45,1,1,2,1,0,0,0,1,1,0,0,14,45,14,53,99,99,0,0,0,0,1,2,0,50054,0,41,2007,SR-7-09,1E+20,0,34254678,93050525,2,1
5,93,2,5,21,55,4,5,0,1,1,1,0,12,1,1,1,3,2,70,1,1,2,1,0,0,0,2,1,0,0,22,2,22,11,99,99,0,0,0,0,1,2,1,50055,0,581,2007,I-55-12,1E+20,0,35495438,89573271,4,1
5,123,2,6,15,25,1,1,0,0,4,3,0,1,0,1,1,1,2,55,2,1,2,1,0,0,0,1,1,0,0,15,26,15,39,99,99,0,0,0,0,1,3,0,50056,2460,20,2007,SR-50-01,1E+20,0,35011775,90415701,1,1
5,119,2,6,21,58,1,2,0,1,11,1,0,34,0,1,4,2,2,70,1,1,2,1,0,0,0,2,1,0,0,22,41,22,48,99,99,0,0,0,0,1,3,0,50057,2880,2158,2007,I-40-33,1E+20,0,34501810,92205355,1,1
5,77,2,8,7,0,2,3,0,0,2,2,0,23,0,1,4,1,2,55,1,1,1,4,0,0,0,1,3,0,0,7,0,7,15,99,99,0,0,0,0,1,5,0,50058,0,170,2007,US-79-16,1E+20,0,34541772,90314326,2,3
5,45,2,8,6,0,2,2,0,0,13,3,0,12,5,1,1,1,2,55,2,1,2,1,0,0,0,2,1,0,0,6,13,6,18,99,99,0,0,0,0,1,5,0,50059,0,50,2007,SR-60-00,1E+20,0,35041492,92311155,2,1
5,21,2,8,16,51,2,2,0,0,3,2,0,12,5,1,1,3,2,35,1,1,1,1,20,3,0,1,1,0,0,16,51,16,58,99,99,0,0,0,0,1,5,1,50060,2413,127,2007,US-62-20,SR-141,0,36260404,90232074,2,1
5,83,2,10,0,31,1,1,0,0,6,4,0,43,0,1,5,2,2,35,1,1,3,5,0,0,0,2,1,0,2,0,31,0,41,0,0,0,0,0,0,1,7,1,50061,0,0,2007,LILE RIDGE RD.,1E+20,0,35192225,93372219,1,1
5,111,2,10,20,17,2,3,0,1,2,2,0,1,0,1,1,3,4,70,2,2,2,1,0,0,0,2,1,0,0,0,0,0,0,0,0,0,0,0,0,1,7,1,50062,0,15,2007,US-63-08,1E+20,0,35412529,90330925,2,1
5,149,2,15,16,0,2,2,0,0,2,3,0,12,4,1,1,1,2,55,2,2,2,1,0,0,0,1,1,0,0,16,18,16,30,99,99,0,0,0,0,1,5,0,50063,0,48,2007,SR-7-12,1E+20,0,35004928,93131307,2,1
5,127,2,16,20,39,1,3,0,0,6,4,0,53,0,1,4,1,2,0,2,2,2,1,0,0,0,2,1,0,0,20,42,20,47,99,99,0,0,0,0,1,6,0,50064,4000,0,2007,LOWER WINFIELD RD.,1E+20,0,34541567,94070444,1,1
5,119,2,17,5,55,2,2,0,1,11,1,0,12,7,5,1,3,3,70,1,1,1,1,0,0,0,2,1,0,0,0,0,0,0,0,0,0,0,0,0,1,7,1,50065,2320,1269,2007,I-30-23,1E+20,0,34383031,92262994,2,1
5,7,2,17,6,5,2,2,0,1,2,2,0,12,2,1,1,1,4,45,1,1,2,1,0,0,0,1,1,0,0,6,5,6,9,99,99,0,0,0,0,1,7,0,50066,340,3,2007,US-62-02,1E+20,0,36212286,94102738,2,1
5,143,2,18,15,28,1,2,1,0,6,6,0,8,0,1,1,1,2,30,1,1,2,1,0,0,2,1,1,0,0,15,29,15,34,99,99,0,0,0,0,1,1,0,50067,3670,0,2007,TOLLISON LP.,1E+20,0,36122215,94064810,1,1