STATE,COUNTY,MONTH,DAY,HOUR,MINUTE,VE_TOTAL,PERSONS,PEDS,NHS,ROAD_FNC,ROUTE,SP_JUR,HARM_EV,MAN_COLL,REL_JUNC,REL_ROAD,TRAF_FLO,NO_LANES,SP_LIMIT,ALIGNMNT,PROFILE,PAVE_TYP,SUR_COND,TRA_CONT,T_CONT_F,HIT_RUN,LGT_COND,WEATHER1,WEATHER2,C_M_ZONE,NOT_HOUR,NOT_MIN,ARR_HOUR,ARR_MIN,HOSP_HR,HOSP_MN,SCH_BUS,CF1,CF2,CF3,FATALS,DAY_WEEK,DRUNK_DR,ST_CASE,CITY,MILEPT,YEAR,TWAY_ID,TWAY_ID2,RAIL,LATITUDE,LONGITUD,VE_FORMS,WEATHER
5,49,2,19,12,10,1,1,0,0,4,3,0,42,0,1,4,1,2,55,2,2,2,1,0,0,0,1,1,0,0,0,0,0,0,0,0,0,0,0,0,1,2,0,50068,0,85,2007,SR-395-01,1E+20,0,36243650,91492178,1,1
5,93,2,19,12,15,2,4,0,0,6,4,0,12,5,2,1,1,2,0,1,1,4,1,0,0,0,1,1,0,0,12,17,12,24,99,99,0,0,0,0,1,2,0,50069,0,0,2007,CR 695,CR 38,0,35591595,89543662,2,1
5,67,2,19,12,38,1,3,0,0,6,4,0,1,0,1,5,1,2,55,2,2,2,1,0,0,0,1,1,0,0,12,45,13,7,99,99,0,0,0,0,1,2,0,50070,0,0,2007,CR 1,1E+20,0,35285684,91273456,1,1
5,83,2,19,19,41,2,2,0,0,6,3,0,12,2,1,1,1,2,55,1,1,2,1,0,0,0,2,1,0,0,19,44,19,52,99,99,0,0,0,0,1,2,0,50071,0,62,2007,SR-22-03,1E+20,0,35175491,93485070,2,1
5,41,2,21,7,42,2,2,0,1,2,2,0,12,5,1,1,2,4,55,1,1,2,1,20,3,0,1,1,0,0,7,43,7,47,99,99,0,0,0,0,1,4,0,50072,2420,12,2007,US-65-19,OLD TILLAR HWY.,0,33391636,91243678,2,1
5,105,2,21,7,50,1,1,0,0,6,4,0,42,0,1,4,1,1,35,2,2,8,1,0,0,0,9,1,0,0,0,0,0,0,0,0,0,0,0,0,1,4,1,50073,0,0,2007,CANNON HILL RD.,1E+20,0,34595115,92503974,1,1
5,33,2,21,13,29,2,3,0,0,4,3,0,12,8,1,1,1,2,55,2,2,2,1,0,0,0,1,1,0,0,13,30,13,43,0,0,0,0,0,0,1,4,0,50074,0,50,2007,SR-282-01,1E+20,0,35302718,94171943,2,1
5,35,2,21,15,54,2,3,0,0,6,6,0,12,3,2,1,1,2,30,1,1,2,1,20,3,0,1,1,0,0,15,54,15,58,99,99,0,20,0,0,1,4,0,50075,4120,0,2007,RICH ST.,ARLINGTON,0,35093026,90120807,2,1
5,27,2,23,22,45,1,1,0,0,3,2,0,35,0,1,4,1,2,55,2,1,2,1,0,0,0,2,1,0,0,0,0,0,0,0,0,0,0,0,0,1,6,0,50076,2490,49,2007,US-371-07,1E+20,0,33141190,93210345,1,1
5,73,2,24,1,41,1,2,1,1,2,2,0,8,0,1,1,1,2,55,1,1,2,1,0,0,0,2,1,0,0,1,41,1,49,99,99,0,0,0,0,1,7,0,50077,580,155,2007,US-82-02,1E+20,0,33213122,93261831,1,1
5,23,2,24,10,15,1,1,0,0,3,3,0,42,0,1,5,1,2,55,2,2,2,2,0,0,0,1,2,0,0,10,15,10,33,0,0,0,0,0,0,1,7,0,50078,0,117,2007,SR-16-12,1E+20,0,35253273,91515738,1,2
5,99,2,24,12,0,1,1,0,0,3,2,0,34,0,1,4,1,2,55,1,2,2,2,0,0,0,1,2,0,0,0,0,0,0,0,0,0,0,0,0,1,7,0,50079,0,273,2007,US-371-05,1E+20,0,33271291,93170446,1,2
5,51,2,25,8,39,2,3,0,1,13,2,0,12,2,1,1,1,4,45,1,2,2,1,0,0,0,1,1,0,0,8,40,8,43,99,99,0,0,0,0,1,1,0,50080,1907,3,2007,US-270-05B,1E+20,0,34293154,93063012,2,1
5,77,2,25,22,3,1,4,1,0,2,2,0,8,0,1,1,1,2,55,1,1,2,1,0,0,0,2,1,0,0,0,0,0,0,0,0,0,0,0,0,1,1,1,50081,0,181,2007,US-79-15,1E+20,0,34455447,90462270,1,1
5,107,2,26,13,0,1,1,0,1,2,2,0,34,0,1,4,1,4,55,1,1,2,1,0,0,0,1,1,0,0,13,1,13,12,99,99,0,0,0,0,1,2,1,50082,3205,127,2007,US-49-10,1E+20,0,34332049,90512004,1,1
5,115,2,28,23,7,1,3,0,0,4,3,0,42,0,1,4,1,2,55,2,2,2,1,0,0,0,2,1,0,0,23,7,23,20,99,99,0,0,0,0,1,4,1,50083,0,8,2007,SR-333-01,1E+20,0,35202570,93153627,1,1
5,119,3,1,12,17,1,2,1,0,13,3,0,8,0,1,5,1,2,35,2,1,2,1,0,0,0,1,1,0,1,12,17,12,21,99,99,0,0,0,0,1,5,0,50084,2320,8,2007,SR-300-03,1E+20,0,34424378,92232554,1,1
5,143,3,2,9,0,1,1,0,0,4,4,0,1,0,1,4,1,2,50,2,1,8,1,0,0,0,9,1,0,0,9,2,9,7,99,99,0,0,0,0,1,6,1,50085,0,0,2007,BOULDER RD.,1E+20,0,36100073,94045088,1,1
5,79,3,4,0,1,1,4,0,0,16,6,0,34,0,1,5,1,2,35,2,1,2,1,0,0,0,2,1,0,0,0,8,0,17,99,99,0,0,0,0,1,1,1,50086,3700,0,2007,N. PINE ST.,1E+20,0,33570539,91511583,1,1
5,93,3,5,13,2,2,2,0,0,13,3,0,12,5,5,1,6,4,45,1,1,2,1,0,0,0,1,1,0,0,13,3,13,7,99,99,0,0,0,0,1,2,0,50087,2970,146,2007,SR-140-02,I-55,0,35415365,90025952,2,1
5,131,3,6,15,45,2,3,0,0,13,2,0,12,7,1,1,1,4,40,1,1,2,1,0,0,0,1,1,0,0,15,45,15,51,99,99,0,0,0,0,1,3,0,50088,1370,29,2007,US-64-01,1E+20,0,35203754,94252098,2,1
5,53,3,7,5,20,2,3,0,1,2,2,0,12,5,2,1,1,2,55,1,1,2,1,0,0,0,2,1,0,0,5,20,5,29,99,99,0,0,0,0,1,4,0,50089,0,77,2007,US-167-10,SR-35,0,34132897,92242047,2,1
5,75,3,7,17,11,2,2,0,1,2,2,0,12,8,1,1,1,2,55,1,1,2,1,0,0,0,1,1,0,0,0,0,0,0,0,0,0,0,0,0,1,4,0,50090,1930,112,2007,US-67-16,1E+20,0,36015942,90591417,2,1
5,119,3,8,8,28,1,3,1,1,11,1,0,8,0,1,1,3,2,65,1,1,1,1,0,0,0,1,1,0,0,0,0,0,0,0,0,0,0,0,0,1,5,1,50091,2880,1561,2007,I-40-33,1E+20,0,34464163,92145956,1,1
5,13,3,8,14,0,1,1,0,0,6,4,0,37,0,2,4,1,2,55,1,1,1,1,0,0,0,1,1,0,0,0,0,0,0,0,0,0,0,0,0,1,5,0,50092,0,0,2007,CR 85,CR 179,0,33472752,92253190,1,1
5,111,3,9,8,56,2,2,0,0,3,3,0,12,2,1,1,1,2,55,1,1,2,1,0,0,0,1,1,0,0,8,59,9,12,99,99,0,0,0,0,1,6,0,50093,0,140,2007,SR-135-01,1E+20,0,35395116,90192841,2,1
5,55,3,9,10,13,1,2,0,0,6,4,0,10,0,6,1,1,2,0,1,1,2,1,70,3,0,1,1,0,0,0,0,0,0,0,0,0,0,0,0,2,6,0,50094,0,0,2007,CR 835,1E+20,788993J,36063948,90263308,1,1
5,23,3,10,24,0,1,1,0,0,4,3,0,3,0,1,4,1,2,99,1,2,2,2,20,3,0,2,5,0,0,0,0,0,0,0,0,0,0,0,0,1,7,1,50095,0,12,2007,SR-25-03S,1E+20,0,35314460,92004346,1,5
5,29,3,10,12,15,1,2,0,0,4,3,0,1,0,1,4,1,2,55,1,1,2,1,0,0,0,1,1,0,0,12,15,12,35,99,99,0,0,0,0,1,7,1,50096,0,34,2007,SR-124-05,HOLLY SPRINGS RD,0,35180120,92310634,1,1
5,59,3,10,14,55,3,5,0,0,3,3,0,12,2,1,1,2,3,55,2,2,2,1,0,0,0,1,1,0,0,16,42,16,57,99,99,0,0,0,0,1,7,1,50097,0,116,2007,SR-7-08,1E+20,0,34213756,93102192,3,1
5,131,3,11,9,45,2,6,0,1,2,2,0,12,5,1,1,2,2,55,1,1,2,1,5,3,0,1,1,0,2,9,45,9,55,99,99,0,0,0,0,1,1,0,50098,1630,18,2007,US-71-14,SR-10,0,35121227,94172681,2,1
5,51,3,12,0,15,1,1,0,0,6,4,0,42,0,1,4,1,2,35,1,1,2,1,0,0,0,2,1,0,0,0,23,0,30,0,0,0,0,0,0,1,2,1,50099,1907,0,2007,THONRTON FERRY RD.,1E+20,0,34291434,93090582,1,1
5,79,3,12,18,10,2,2,0,1,2,2,0,12,5,2,1,1,2,55,2,1,2,1,0,0,0,1,1,0,0,18,11,18,25,0,0,0,0,0,0,1,2,0,50100,0,73,2007,US-65-16,SR-388,0,34022350,91370383,2,1
5,59,3,13,23,1,1,1,0,0,3,3,0,1,0,1,2,1,2,55,1,2,2,1,0,0,0,2,1,0,0,23,1,23,13,99,99,0,0,0,0,1,3,0,50101,0,61,2007,SR-9-04,1E+20,0,34124905,92423818,1,1
5,7,3,14,6,43,2,2,0,1,1,1,0,13,4,1,1,3,4,70,1,1,2,1,0,0,0,2,1,0,0,6,46,6,55,0,0,0,0,0,0,1,4,0,50102,0,748,2007,I-540-05,1E+20,0,36133306,94104502,2,1
5,129,3,14,15,50,2,3,0,1,2,2,0,12,5,8,1,1,2,55,1,1,2,1,0,0,0,1,1,0,0,15,54,16,0,99,99,0,0,0,0,1,4,0,50103,0,81,2007,US-65-06,1E+20,0,35491681,92331020,2,1
5,131,3,15,16,19,2,2,0,1,2,2,0,12,5,2,1,2,2,55,1,1,2,1,20,3,0,1,1,0,0,16,22,16,35,99,99,0,0,0,0,1,5,0,50104,1630,7,2007,US-71-14,MT. ZION,0,35124365,94174134,2,1
5,15,3,15,19,3,1,1,0,0,3,2,0,42,0,1,4,1,2,55,2,2,2,1,0,0,0,5,1,0,0,0,0,0,0,0,0,0,0,0,0,1,5,1,50105,0,127,2007,US-62-05,1E+20,0,36195254,93232364,1,1
5,145,3,16,6,55,2,2,0,1,2,2,0,5,0,1,1,2,2,70,1,1,1,1,0,0,0,4,1,0,0,6,57,6,58,99,99,0,0,0,0,1,6,0,50106,3530,183,2007,US-67-12,1E+20,0,35132178,91425995,2,1
5,115,3,16,8,5,2,2,0,0,4,3,0,12,5,1,1,1,2,55,1,1,2,1,0,0,0,1,1,0,0,8,14,8,21,99,99,0,0,0,0,1,6,0,50107,0,70,2007,SR-124-01,1E+20,0,35203321,93023305,2,1
5,51,3,17,20,14,1,2,1,1,13,2,0,8,0,2,1,1,2,30,1,1,2,1,0,0,0,2,1,0,0,20,14,20,17,0,0,0,0,0,0,1,7,0,50108,1907,28,2007,US-270-08B,BEARD ST.,0,34294793,93042487,1,1
5,119,3,19,17,12,1,1,0,0,14,3,0,27,0,1,4,1,2,35,2,1,2,1,0,0,0,1,1,0,0,0,0,0,0,0,0,0,0,0,0,1,2,0,50109,0,31,2007,SR-365-11,1E+20,0,34530764,92235554,1,1
5,3,3,19,21,54,1,1,0,0,4,3,0,32,0,1,4,1,2,35,2,1,2,1,0,0,0,2,1,0,0,0,0,0,0,0,0,0,0,0,0,1,2,1,50110,1700,45,2007,SR-8-14,1E+20,0,33113496,91442018,1,1
5,63,3,20,8,40,1,1,0,1,2,2,0,17,0,1,2,1,4,55,2,2,2,2,0,0,0,1,1,0,0,0,0,0,0,0,0,0,0,0,0,1,3,0,50111,0,77,2007,US-167-17,1E+20,0,35384642,91361089,1,1
5,67,3,21,10,55,1,1,0,0,4,3,0,1,0,1,5,1,2,99,1,1,2,1,0,0,0,1,1,0,0,10,59,11,11,99,99,0,0,0,0,1,4,0,50112,2820,74,2007,SR-17-06,1E+20,0,35280174,91135005,1,1
5,133,3,21,19,30,1,1,0,1,2,2,0,1,0,1,1,1,2,55,2,1,2,1,0,0,0,2,1,0,0,0,0,0,0,0,0,0,0,0,0,1,4,0,50113,0,41,2007,US-71-07,1E+20,0,34081992,94185908,1,1
5,5,3,23,1,50,1,1,0,0,3,3,0,32,0,1,4,1,2,55,1,2,2,1,0,0,0,2,1,0,0,1,52,2,4,99,99,0,0,0,0,1,6,1,50114,0,122,2007,SR-5-18,AINSWORTH LN.,0,36160272,92173080,1,1
5,55,3,23,20,26,2,5,0,0,6,6,0,12,2,1,1,1,2,30,2,1,2,1,20,3,0,2,1,0,0,20,26,20,29,99,99,0,0,0,0,1,6,1,50115,3030,0,2007,WALCOTT RD.,ACADEMY DR.,0,36033637,90333085,2,1
5,31,3,24,2,27,1,1,0,0,13,3,0,34,0,1,4,1,4,55,1,1,2,1,0,0,0,2,1,0,0,2,29,2,38,99,99,0,0,0,0,1,7,1,50116,2070,62,2007,SR-18-04,MOORE RD.,0,35491504,90365491,1,1
5,33,3,24,12,30,1,1,0,0,3,2,0,1,0,1,2,1,2,55,2,2,2,1,28,3,0,1,1,0,0,12,30,12,49,0,0,0,0,0,0,1,7,0,50117,0,169,2007,US-71-15,1E+20,0,35414181,94082871,1,1
5,99,3,24,20,11,1,2,0,0,4,3,0,7,0,1,1,1,2,55,1,2,2,1,0,0,0,2,1,0,0,20,11,20,31,99,99,0,0,0,0,1,7,0,50118,0,51,2007,SR-53-03,1E+20,0,33380497,93221976,1,1
5,85,3,25,7,0,1,1,0,1,1,1,0,42,0,1,5,2,2,70,1,1,2,1,0,0,0,4,1,0,0,7,5,7,26,99,99,0,0,0,0,1,1,0,50119,0,1799,2007,I-40-41,1E+20,0,34475730,91485582,1,1
5,139,3,25,17,40,1,1,0,1,2,2,0,23,0,1,4,1,2,55,1,1,2,1,0,0,0,1,1,0,0,17,43,18,7,0,0,0,0,0,0,1,1,0,50120,0,113,2007,US-82-07,1E+20,0,33084886,92102241,1,1
5,11,3,25,19,40,1,1,0,0,3,2,0,42,0,1,4,1,2,55,2,3,2,5,0,0,0,2,1,0,0,19,45,19,55,0,0,0,0,0,0,1,1,1,50121,0,116,2007,US-278-12,1E+20,0,33354929,92082224,1,1
5,91,3,26,1,14,1,2,0,1,2,3,0,1,0,1,2,3,2,70,2,2,2,1,0,0,0,2,1,0,0,1,20,1,45,0,0,0,0,0,0,2,2,0,50122,0,80,2007,SR-549-01,1E+20,0,33082542,93534051,1,1
5,93,3,26,1,19,1,5,0,1,1,1,0,1,0,1,1,3,2,70,1,1,2,1,0,0,0,2,1,0,0,1,19,1,24,99,99,0,0,0,0,3,2,0,50123,2970,554,2007,I-55-12,1E+20,0,35470943,89592619,1,1
5,133,3,26,9,26,2,5,0,1,2,2,0,12,2,1,1,1,2,55,2,2,2,1,0,0,0,1,1,0,0,9,36,9,46,99,99,0,0,0,0,1,2,0,50124,0,60,2007,US-71-07,1E+20,0,34074455,94183680,2,1
5,131,3,27,3,0,1,3,0,0,6,4,0,1,0,4,4,1,2,35,1,1,2,1,0,0,0,2,1,0,0,3,4,3,15,99,99,0,0,0,0,2,3,0,50125,0,0,2007,CLARKS CHAPEL RD.,1E+20,0,35082240,94131867,1,1
5,119,3,29,0,8,3,3,0,1,11,1,0,25,0,1,4,2,3,70,1,1,1,1,0,0,1,2,1,0,0,0,8,0,15,99,99,0,0,0,0,1,5,2,50126,2320,1274,2007,I-30-23,1E+20,0,34392409,92243101,3,1
5,33,3,29,8,50,1,1,0,1,1,1,0,21,0,1,4,3,2,70,2,2,1,1,28,3,0,1,1,0,0,8,50,9,2,0,0,0,0,0,0,1,5,0,50127,0,319,2007,I-540-03,1E+20,0,35415143,94111458,1,1
5,119,3,29,15,38,1,3,0,1,1,1,0,42,0,1,4,2,2,70,1,1,2,2,0,0,0,1,2,0,0,15,38,15,52,99,99,0,0,0,0,1,5,0,50128,0,145,2007,I-530-03,1E+20,0,34293978,92123399,1,2
5,45,3,30,6,15,2,2,0,0,13,2,0,12,2,2,1,1,4,35,1,1,2,1,0,0,0,3,1,0,0,6,16,6,18,99,99,0,0,0,0,1,6,0,50129,860,10,2007,US-65-09B,COLLEGE AVE.,0,35050886,92261275,2,1
5,131,3,31,15,21,1,3,0,0,16,6,0,34,0,1,5,1,2,30,1,2,2,1,0,0,0,1,1,0,0,15,22,15,27,99,99,0,0,0,0,1,7,1,50130,1370,0,2007,N. 32ND ST.,N. L ST.,0,35232259,94235099,1,1
5,27,3,31,18,50,1,1,0,0,6,4,0,34,0,1,5,1,2,0,2,1,2,1,0,0,0,1,1,0,0,18,57,19,8,0,0,0,0,0,0,1,7,1,50131,0,0,2007,CR 41,1E+20,0,33212646,93165878,1,1
5,35,3,31,21,5,3,6,1,1,11,1,0,8,0,1,1,2,2,65,1,1,2,1,0,0,0,1,1,0,0,0,0,0,0,0,0,0,0,0,0,1,7,0,50132,2550,104,2007,I-55-11,1E+20,0,35130066,90123053,3,1
5,119,2,6,17,18,2,3,1,0,16,6,0,8,0,2,1,2,2,99,1,2,2,1,0,0,0,5,1,0,0,17,23,17,28,99,99,0,0,0,0,1,3,0,50133,2320,0,2007,W. MARKHAM,MISSISSIPPI,0,34451077,92213182,2,1
5,125,3,17,20,21,1,2,1,1,11,7,0,8,0,1,1,1,2,45,1,1,2,1,0,0,0,2,1,0,0,0,0,0,0,0,0,0,0,0,0,1,7,1,50134,330,1158,2007,I-30-22,1E+20,0,34335642,92360719,1,1
5,35,4,1,12,18,4,5,0,0,3,2,0,12,2,1,1,1,3,55,1,1,2,1,0,0,0,1,1,0,0,12,19,12,31,99,99,0,0,0,0,1,1,0,50135,0,103,2007,US-64-17,1E+20,0,35142643,90203124,4,1
5,75,4,1,17,5,1,1,0,0,6,4,0,10,0,6,1,1,2,30,1,1,2,1,70,3,0,1,1,0,0,0,0,0,0,0,0,0,0,0,0,1,1,0,50136,3540,0,2007,CR 635,1E+20,668056S,35584721,90515227,1,1
5,149,4,1,18,2,2,2,0,0,2,3,0,12,2,1,1,1,2,55,1,1,2,1,0,0,0,1,1,0,0,18,2,18,8,99,99,0,0,0,0,2,1,1,50137,0,119,2007,SR-7-13,1E+20,0,35105187,93092643,2,1
5,131,4,1,21,6,2,3,0,0,16,6,0,12,5,2,1,1,2,35,1,1,2,1,0,0,0,2,1,0,0,21,7,21,13,99,99,0,0,0,0,1,1,1,50138,1370,0,2007,N. O ST.,VICTORY CIR.,0,35233502,94232559,2,1
5,5,4,2,22,5,2,5,0,0,2,3,0,12,2,1,1,1,2,55,1,2,2,1,0,0,0,2,1,0,0,22,12,22,21,99,99,0,0,0,0,1,2,0,50139,0,54,2007,SR-178-02,1E+20,0,36234073,92294827,2,1
5,113,4,3,6,58,1,1,0,0,6,4,0,35,0,1,2,1,1,0,2,1,2,1,0,0,0,1,1,0,0,6,59,7,20,99,99,0,0,0,0,1,3,0,50140,0,0,2007,CR 11,1E+20,0,34190564,94203400,1,1
5,51,4,3,16,45,1,2,0,0,6,4,0,34,0,1,2,1,2,30,2,2,4,5,0,0,0,1,1,0,0,16,53,17,6,0,0,0,0,0,0,1,3,1,50141,0,0,2007,SPRING ST.,1E+20,0,34311510,92543839,1,1
5,23,4,4,4,6,2,3,0,0,4,3,0,12,5,1,1,1,2,55,1,1,2,1,20,3,0,2,1,0,0,4,20,4,50,99,99,0,0,0,0,1,4,0,50142,0,218,2007,SR-16-11,PEARSON RD. S,0,35262856,92074116,2,1
5,51,4,4,20,17,2,2,0,0,13,3,0,12,5,2,1,1,5,45,1,2,2,1,0,0,1,2,1,0,0,20,17,20,19,99,99,0,0,0,0,1,4,0,50143,1907,54,2007,SR-7-09,BURCHWOOD BAY,0,34265108,93051628,2,1
5,63,4,5,13,55,2,2,0,0,13,3,0,37,0,1,5,1,2,50,2,1,2,1,0,0,0,1,1,0,0,13,56,14,3,99,99,0,20,0,0,1,5,0,50144,2695,32,2007,SR-69-03,1E+20,0,35460713,91350977,2,1
5,41,4,5,22,30,1,1,0,1,2,2,0,1,0,1,1,2,2,65,1,1,2,1,0,0,0,2,1,0,0,0,0,0,0,0,0,0,0,0,0,1,5,0,50145,0,54,2007,US-65-17,1E+20,0,33343688,91230156,1,1
5,87,4,6,16,0,1,1,0,1,2,2,0,1,0,1,1,1,2,55,2,1,2,1,0,0,0,1,1,0,1,16,4,16,16,99,99,0,0,0,0,1,6,0,50146,0,33,2007,US-412-03,1E+20,0,36081539,93513932,1,1
5,29,4,7,3,0,1,2,0,1,1,1,0,24,0,1,2,2,2,70,1,1,2,1,0,0,0,2,1,0,0,3,14,3,24,99,99,0,0,0,0,1,7,1,50147,0,1198,2007,I-40-31,1E+20,0,35075095,92305369,1,1
5,29,4,7,3,10,1,2,1,1,1,1,0,8,0,1,2,2,2,70,1,1,2,1,0,0,0,2,1,0,0,0,0,0,0,0,0,0,19,0,0,1,7,0,50148,0,1200,2007,I-40-31,1E+20,0,35075092,92305375,1,1
5,7,4,7,13,51,3,4,0,0,4,3,0,12,4,1,1,2,9,55,9,9,9,9,0,0,0,9,1,0,0,13,51,13,57,99,99,0,0,0,0,1,7,0,50149,340,168,2007,SR-12-02,1E+20,0,36191951,94153331,3,1
5,59,4,7,19,21,1,1,0,0,6,4,0,1,0,1,5,1,2,30,2,1,5,1,0,0,0,2,1,0,0,19,21,19,32,99,99,0,0,0,0,1,7,0,50150,0,0,2007,DARBY LN.,1E+20,0,34274243,92495960,1,1
5,31,4,7,21,40,1,3,0,0,3,3,0,1,0,1,4,1,2,55,1,1,2,1,0,0,0,2,1,0,0,21,59,22,12,99,99,0,0,0,0,1,7,0,50151,0,6,2007,SR-135-02,1E+20,0,35474584,90213265,1,1
5,117,4,7,22,26,4,4,0,0,3,3,0,12,8,1,1,1,2,55,2,2,2,1,4,3,0,2,1,0,0,0,0,0,0,0,0,0,0,0,0,1,7,1,50152,0,44,2007,SR-38-01,1E+20,0,34593469,91435070,2,1
5,25,4,8,2,50,1,1,0,0,3,2,0,1,0,1,4,1,2,55,2,2,2,1,0,0,0,2,1,0,0,0,0,0,0,0,0,0,0,0,0,1,1,1,50153,0,215,2007,US-63-15,1E+20,0,33502158,92004905,1,1
5,55,4,9,11,3,2,3,0,1,2,2,0,12,2,1,1,1,2,55,2,1,2,1,0,0,0,1,1,0,0,11,3,11,16,99,99,0,0,0,0,2,2,0,50154,0,2,2007,US-63-05,1E+20,0,35580749,90505471,2,1
5,43,4,12,12,45,1,3,0,0,6,4,0,1,0,1,4,1,2,45,2,1,2,1,0,0,0,1,1,0,0,12,48,12,54,99,99,0,0,0,0,1,5,1,50155,0,0,2007,MIDWAY ROUTE RD.,1E+20,0,33334252,91463397,1,1
5,119,4,12,20,3,1,2,1,1,11,1,0,8,0,1,1,2,4,60,2,1,1,1,0,0,0,2,1,0,0,0,0,0,0,0,0,0,0,0,0,1,5,1,50156,2880,1537,2007,I-40-33,1E+20,0,34463959,92142995,1,1
5,5,4,12,23,2,1,1,0,0,6,4,0,1,0,1,1,1,2,30,2,9,2,1,0,0,0,2,1,0,0,99,99,99,99,99,99,0,0,0,0,1,5,0,50157,798,0,2007,CR 99,1E+20,0,36284968,92240447,1,1
5,63,4,15,2,57,1,1,0,0,3,3,0,53,0,1,4,1,4,55,1,2,2,1,0,0,0,2,1,0,0,3,3,3,11,99,99,0,0,0,0,1,1,1,50158,0,135,2007,SR-69-02,1E+20,0,35474963,91401409,1,1
5,75,4,19,12,55,2,2,0,0,3,3,0,12,8,1,1,1,2,55,2,2,2,1,40,3,0,1,1,0,0,0,0,0,0,0,0,0,0,0,0,1,5,0,50159,0,90,2007,SR-25-06,1E+20,0,35585839,91173367,2,1
5,63,4,19,14,24,2,2,0,1,2,2,0,12,2,1,1,1,3,55,1,9,2,1,0,0,0,1,1,0,0,14,24,14,35,99,99,0,0,0,0,1,5,0,50160,0,117,2007,US-167-18,1E+20,0,35545430,91325844,2,1
5,95,4,20,17,50,1,1,0,1,1,1,0,25,0,1,2,2,2,70,1,3,1,1,0,0,0,1,1,0,0,0,0,0,0,0,0,0,0,0,0,1,6,0,50161,0,2161,2007,I-40-43,1E+20,0,34544435,91101626,1,1
5,115,4,23,0,13,1,1,0,0,3,3,0,35,0,1,5,1,2,55,2,2,2,1,0,0,0,2,1,0,0,0,16,0,23,99,99,0,0,0,0,1,2,1,50162,3450,4,2007,SR-247-00,1E+20,0,35134016,93081162,1,1
5,19,4,25,14,46,1,2,0,0,3,3,0,43,0,2,4,2,2,55,1,4,2,1,0,0,0,1,1,0,0,14,46,15,5,99,99,0,0,0,0,1,4,1,50163,0,62,2007,SR-8-05,LOG RD.,0,34131370,93214719,1,1
5,7,4,26,8,14,2,4,0,0,4,3,0,12,4,1,1,1,2,55,2,9,2,2,40,3,0,1,2,0,0,8,14,8,27,99,99,0,0,0,0,1,5,0,50164,0,92,2007,SR-43-00,1E+20,0,36184696,94343542,2,2
5,51,4,28,1,17,1,1,0,0,6,4,0,32,0,1,2,1,2,35,2,3,2,1,0,0,0,2,1,0,0,1,17,1,29,0,0,0,0,0,0,1,7,1,50165,0,0,2007,FOXPASS CTF.,1E+20,0,34330803,93012656,1,1
5,11,4,28,10,45,1,2,0,0,13,3,0,37,0,3,4,1,2,35,2,1,2,1,0,0,0,1,1,0,1,10,48,10,53,99,99,0,0,0,0,1,7,2,50166,4030,26,2007,SR-278-13,SR-278B,0,33363243,92025134,1,1
5,5,4,28,14,5,1,1,0,0,4,3,0,32,0,1,5,1,2,55,1,1,2,1,0,0,0,1,1,0,0,0,0,0,0,0,0,0,0,0,0,1,7,1,50167,0,1030,2007,SR-126-01,1E+20,0,36171412,92285447,1,1
5,87,4,29,21,56,1,6,0,0,6,4,0,1,0,1,2,1,2,0,2,3,2,1,0,0,0,2,1,0,0,21,58,22,23,99,99,0,0,0,0,1,1,0,50168,815,0,2007,CR 8615,1E+20,0,36115065,93460178,1,1
5,5,5,2,9,45,1,3,0,0,3,3,0,38,0,1,5,1,3,55,1,1,2,1,0,0,0,1,1,0,0,9,48,9,55,99,99,0,0,0,0,2,4,0,50169,0,175,2007,SR-5-18,CR 53,0,36190354,92210123,1,1
5,43,5,3,18,45,1,1,0,1,2,2,0,36,0,4,4,1,2,55,1,1,2,2,0,0,0,1,2,0,0,18,46,18,50,99,99,0,0,0,0,1,5,0,50170,0,120,2007,US-425-03,1E+20,0,33334079,91480411,1,2
5,37,5,4,11,10,2,3,0,0,3,2,0,12,5,2,1,1,3,55,1,1,2,1,20,3,0,1,1,0,0,11,15,11,30,99,99,0,0,0,0,1,6,0,50171,0,31,2007,US-64-15,CR 145,0,35150731,91001585,2,1
5,43,5,4,12,31,2,2,0,1,2,2,0,12,8,1,1,1,2,55,1,1,2,1,0,0,0,1,1,0,0,0,0,0,0,0,0,0,0,0,0,1,6,0,50172,0,110,2007,US-425-03,1E+20,0,33330618,91480415,2,1
5,51,5,6,1,55,1,3,0,0,16,6,0,42,0,1,4,1,2,25,1,3,2,1,0,0,3,2,1,0,0,1,55,1,59,99,99,0,0,0,0,1,1,1,50173,1907,0,2007,MOTE ST.,1E+20,0,34291488,93023174,1,1
5,51,5,6,5,43,1,2,0,0,6,4,0,34,0,1,2,1,2,35,2,1,2,1,0,0,0,1,1,0,0,6,44,6,53,99,99,0,0,0,0,1,1,1,50174,0,0,2007,OLD BEAR RD.,1E+20,0,34312374,93121388,1,1
5,67,5,7,8,15,2,2,0,0,3,3,0,12,7,3,1,1,2,55,1,1,2,1,0,0,0,1,1,0,0,8,16,8,26,99,99,0,0,0,0,1,2,0,50175,0,96,2007,SR-14-12,SR-145,0,35334967,91103505,2,1
5,69,5,7,12,50,1,7,0,1,2,2,0,31,0,1,5,2,4,65,1,1,2,1,0,0,0,1,1,0,0,13,2,13,13,99,99,0,0,0,0,2,2,0,50176,0,127,2007,US-65-15,1E+20,0,34074143,91462343,1,1
5,69,5,7,14,0,2,5,0,1,13,2,0,12,4,2,1,1,4,30,1,1,2,1,3,3,0,1,1,0,0,14,0,14,10,99,99,0,0,0,0,1,2,0,50177,3150,52,2007,US-79-09B,FLUKER,0,34142111,92010702,2,1