STATE,COUNTY,MONTH,DAY,HOUR,MINUTE,VE_TOTAL,PERSONS,PEDS,NHS,ROAD_FNC,ROUTE,SP_JUR,HARM_EV,MAN_COLL,REL_JUNC,REL_ROAD,TRAF_FLO,NO_LANES,SP_LIMIT,ALIGNMNT,PROFILE,PAVE_TYP,SUR_COND,TRA_CONT,T_CONT_F,HIT_RUN,LGT_COND,WEATHER1,WEATHER2,C_M_ZONE,NOT_HOUR,NOT_MIN,ARR_HOUR,ARR_MIN,HOSP_HR,HOSP_MN,SCH_BUS,CF1,CF2,CF3,FATALS,DAY_WEEK,DRUNK_DR,ST_CASE,CITY,MILEPT,YEAR,TWAY_ID,TWAY_ID2,RAIL,LATITUDE,LONGITUD,VE_FORMS,WEATHER
5,105,5,9,0,40,1,4,0,0,3,3,0,1,0,1,4,1,2,55,2,1,2,1,40,3,0,2,1,0,0,0,0,0,0,0,0,0,0,0,0,3,4,1,50178,0,120,2007,SR-60-01,1E+20,0,35023675,92352983,1,1
5,95,5,9,16,0,4,6,0,1,1,1,0,12,1,1,1,3,2,70,1,1,1,1,0,0,0,1,1,0,0,16,3,16,30,99,99,0,0,0,0,1,4,0,50179,0,2071,2007,I-40-43,1E+20,0,34510236,91205004,4,1
5,75,5,9,19,4,2,4,0,0,6,6,0,12,2,1,1,1,2,30,1,1,2,2,0,0,0,2,1,0,0,19,5,99,99,99,99,0,0,0,0,1,4,0,50180,4010,0,2007,W. FREE ST.,L.C.H.U.,0,36041684,90575676,2,1
5,33,5,12,16,45,2,4,0,0,4,2,0,23,0,1,2,2,2,45,2,1,2,1,0,0,0,1,1,0,0,16,49,17,0,99,99,0,0,0,0,1,7,1,50181,1160,130,2007,US-64-02,1E+20,0,35294213,94085059,2,1
5,115,5,13,18,52,2,3,0,0,4,2,0,12,5,4,1,1,2,55,1,1,2,1,0,0,0,1,1,0,0,18,52,18,57,99,99,0,0,0,0,1,1,0,50182,2340,57,2007,US-64-06,PRIVATE DR.,0,35191994,93120449,2,1
5,119,5,13,22,40,2,6,0,1,1,1,0,12,1,1,1,3,2,70,1,1,1,1,0,0,0,2,1,0,0,22,45,22,50,99,99,0,0,0,0,2,1,0,50183,0,66,2007,I-530-01,1E+20,0,34381964,92160137,2,1
5,145,5,13,23,50,1,1,0,1,2,2,0,1,0,1,4,3,2,65,1,1,1,1,0,0,0,2,1,0,0,23,55,0,8,99,99,0,0,0,0,1,1,1,50184,0,96,2007,US-67-12,1E+20,0,35092438,91470837,1,1
5,143,5,16,9,20,1,1,0,0,6,4,0,3,0,1,5,1,2,25,1,1,2,1,0,0,0,9,1,0,0,0,0,0,0,0,0,0,0,0,0,1,4,1,50185,1310,0,2007,DEAD HORSE MOUNTAIN,1E+20,0,36024933,94070476,1,1
5,7,5,17,14,30,2,4,0,1,11,1,0,1,0,1,1,2,4,70,1,1,2,1,0,0,0,1,1,0,0,14,34,14,44,99,99,0,0,0,0,2,5,0,50186,2380,778,2007,I-540-05,1E+20,0,36150819,94090116,2,1
5,119,5,18,20,13,1,2,1,0,16,6,0,8,0,2,1,1,4,30,1,1,2,1,1,3,0,3,1,0,0,20,13,20,16,99,99,0,0,0,0,1,6,1,50187,2320,0,2007,CHESTER ST.,7TH ST.,0,34443715,92165604,1,1
5,7,5,19,2,43,1,1,0,0,6,4,0,38,0,1,5,2,2,35,2,1,2,1,0,0,0,2,1,0,0,20,57,21,3,99,99,0,0,0,0,1,7,1,50188,0,0,2007,CR 74,1E+20,0,36230907,94003151,1,1
5,141,5,19,2,45,1,2,0,0,4,3,0,27,0,1,4,1,2,55,2,2,2,1,0,0,0,2,1,0,0,0,0,0,0,0,0,0,0,0,0,2,7,1,50189,0,60,2007,SR-110-03,1E+20,0,35381773,92185178,1,1
5,131,5,19,5,19,1,2,0,0,16,6,0,30,0,1,4,1,2,30,1,2,2,1,0,0,0,2,1,0,0,5,19,5,25,99,99,0,0,0,0,1,7,1,50190,1370,0,2007,S. 16TH ST.,1E+20,0,35214781,94250141,1,1
5,115,5,20,4,15,1,3,0,1,1,1,0,37,0,1,4,2,2,70,2,1,2,1,0,0,0,2,1,0,0,4,16,4,23,99,99,0,0,0,0,1,1,1,50191,190,938,2007,I-40-22,1E+20,0,35150789,92562080,1,1
5,119,5,20,20,0,2,5,0,0,13,3,0,12,2,1,1,1,4,35,2,2,2,1,0,0,0,5,1,0,0,20,3,20,4,99,99,0,0,0,0,1,1,0,50192,2320,130,2007,SR-10-08,1E+20,0,34460661,92205269,2,1
5,49,5,22,12,38,2,4,0,1,2,2,0,12,5,3,2,1,3,55,1,1,2,1,0,0,0,1,1,0,0,12,43,12,56,99,99,0,0,0,0,1,3,0,50193,0,123,2007,US-62-12,BRIARHILL RD.,0,36240060,91575593,2,1
5,149,5,23,5,44,2,2,0,0,4,3,0,12,8,1,1,1,2,55,2,2,2,1,0,0,0,1,1,0,0,0,0,0,0,0,0,0,0,0,0,1,4,0,50194,0,29,2007,SR-28-04,1E+20,0,34590443,93201634,2,1
5,21,5,23,11,49,2,4,0,0,2,2,0,12,5,2,1,1,2,55,1,1,2,1,20,3,0,1,1,0,0,11,50,12,15,99,99,0,0,0,0,1,4,0,50195,0,40,2007,US-62-20,SR-135,0,36235985,90304840,2,1
5,135,5,24,12,26,2,2,0,0,16,6,0,12,5,1,1,1,2,0,2,2,2,1,20,3,0,1,1,0,0,12,26,12,27,99,99,0,0,0,0,1,5,0,50196,1720,0,2007,N. SPRING ST.,4TH ST.,0,36190466,91285781,2,1
5,59,5,24,12,34,2,2,0,0,16,6,0,12,5,2,1,1,2,30,1,2,2,1,20,3,0,1,1,0,0,12,34,12,40,99,99,0,0,0,0,1,5,0,50197,3412,0,2007,BABCOCK ST.,NIX RD.,0,34231392,92483774,2,1
5,7,5,24,16,0,1,2,0,0,6,4,0,30,0,1,4,1,2,55,1,1,2,1,0,0,0,1,1,0,0,16,5,16,9,99,99,0,0,0,0,1,5,0,50198,0,0,2007,BROWNING,1E+20,0,36174324,94290247,1,1
5,125,5,24,16,19,2,2,0,0,13,3,0,12,1,1,1,1,4,30,2,2,2,1,0,0,0,1,1,0,0,16,23,16,26,0,0,0,0,0,0,1,5,0,50199,330,1,2007,SR-35-01,1E+20,0,34342925,92353077,2,1
5,141,5,25,15,0,1,1,0,0,6,4,0,1,0,2,1,1,2,55,1,2,2,1,0,0,0,1,1,0,0,15,5,15,19,99,99,0,0,0,0,1,6,0,50200,300,0,2007,HAPPY HOLLOW,COOPER SPRING,0,35280576,92231866,1,1
5,119,5,26,5,28,1,2,0,1,11,1,0,1,0,1,1,3,4,50,2,1,1,1,0,0,0,3,1,0,1,0,0,0,0,0,0,0,0,0,0,2,7,1,50201,2880,1531,2007,I-40-33,1E+20,0,34464751,92154931,1,1
5,145,5,26,19,35,2,2,0,0,4,3,0,12,5,2,1,2,2,55,1,2,2,1,0,0,0,1,1,0,0,19,35,19,44,99,99,0,0,0,0,1,7,0,50202,220,66,2007,SR-367-17,GARY ST.,0,35180306,91351861,2,1
5,103,5,26,21,30,1,2,0,0,5,3,0,42,0,1,4,1,2,55,2,1,2,1,0,0,0,2,1,0,0,6,46,7,20,99,99,0,18,0,0,2,7,1,50203,0,71,2007,SR-376-00,1E+20,0,33281385,92501586,1,1
5,51,5,27,15,45,2,2,0,0,6,4,0,12,8,1,1,9,2,35,2,2,2,1,0,0,0,1,1,0,0,16,1,16,17,0,0,0,0,0,0,1,1,0,50204,1907,0,2007,CRYSTAL SPRINGS,1E+20,0,34321345,93202775,2,1
5,143,5,27,16,48,1,1,0,0,6,4,0,35,0,1,4,1,2,50,2,1,2,1,0,0,0,1,1,0,0,16,48,17,1,99,99,0,0,0,0,1,1,1,50205,0,0,2007,SUNSET RD.,1E+20,0,35483258,94062790,1,1
5,77,5,27,19,35,1,4,0,0,4,3,0,35,0,1,2,1,2,55,1,1,2,1,0,0,0,1,1,0,0,19,45,20,0,99,99,0,0,0,0,1,1,0,50206,0,14,2007,SR-243-03,1E+20,0,34400475,90491438,1,1
5,111,5,28,15,1,2,3,0,0,3,3,0,12,2,2,1,1,2,45,1,1,2,1,0,0,0,1,1,0,0,15,2,15,6,99,99,0,0,0,0,1,2,0,50207,0,9,2007,SR-14-14,SR-163,0,35334753,90423091,2,1
5,147,5,29,18,36,1,1,0,0,4,3,0,42,0,1,5,1,2,55,1,1,2,1,0,0,0,1,1,0,0,18,37,18,45,99,99,0,0,0,0,1,3,0,50208,0,19,2007,SR-37-01,1E+20,0,35190208,91104793,1,1
5,21,5,30,12,50,2,2,0,1,2,2,0,12,1,1,1,1,2,55,1,1,2,1,0,0,0,1,1,0,0,0,0,0,0,0,0,0,0,0,0,1,4,0,50209,0,147,2007,US-67-20,1E+20,0,36274425,90342922,2,1
5,51,5,30,15,30,2,4,0,0,4,3,0,12,2,1,4,1,2,55,2,1,2,2,0,0,0,1,2,0,0,99,99,99,99,99,99,0,0,0,0,3,4,1,50210,0,22,2007,SR-5-06,1E+20,0,34355620,92570843,2,2
5,141,5,31,11,15,2,4,0,1,2,2,0,12,7,2,1,1,3,55,1,1,2,1,0,0,0,1,1,0,0,11,19,11,25,0,0,0,0,0,0,1,5,0,50211,0,97,2007,US-65-08,QUATTLEBAUM RD.,0,35280728,92245220,2,1
5,63,5,31,19,31,3,4,0,1,2,2,0,12,2,1,1,1,4,40,2,2,2,1,0,0,0,5,1,0,0,19,33,19,37,99,99,0,0,0,0,1,5,1,50212,250,164,2007,US-167-17,1E+20,0,35454376,91382888,3,1
5,119,1,25,15,4,2,3,0,0,16,6,0,12,2,1,1,1,4,35,2,2,2,1,0,0,0,1,1,0,0,15,6,15,13,99,99,0,0,0,0,1,5,0,50213,2880,0,2007,W. PERSHING BLVD.,1E+20,0,34465915,92172723,2,1
5,107,2,14,20,35,2,2,0,1,13,2,0,12,2,2,1,1,4,40,1,1,2,1,3,3,0,2,1,0,0,20,54,20,56,99,99,0,0,0,0,1,4,1,50214,1830,233,2007,US-49-10,HELENA BRIDGE RIVER,0,34331586,90400238,2,1
5,91,3,2,14,52,2,4,0,1,2,2,0,12,3,4,1,1,2,55,1,1,2,1,0,0,0,1,1,0,0,14,55,14,57,99,99,0,0,0,0,1,6,0,50215,3810,101,2007,US-71-02,1E+20,0,33233329,94004143,2,1
5,117,6,1,9,58,4,7,0,1,1,1,0,12,1,1,1,2,2,70,1,1,1,1,40,3,0,1,1,0,0,10,1,10,13,99,99,0,0,0,0,3,6,0,50216,0,2031,2007,I-40-42,1E+20,0,34505396,91214432,4,1
5,51,6,1,11,59,1,1,0,0,13,2,0,1,0,1,1,3,4,65,2,2,2,1,0,0,0,1,1,0,0,11,59,12,6,0,0,0,0,0,0,1,6,0,50217,1907,40,2007,US-270-06,1E+20,0,34280978,92592769,1,1
5,49,6,1,23,10,2,2,0,1,2,2,0,12,7,1,1,1,3,55,1,2,2,1,0,0,0,2,1,0,0,23,14,23,22,99,99,0,0,0,0,1,6,0,50218,0,120,2007,US-62-12,1E+20,0,36240061,91574454,2,1
5,85,6,1,0,55,1,1,0,0,6,4,0,41,0,1,4,1,2,40,1,1,2,1,0,0,0,2,1,0,0,99,99,1,5,99,99,0,0,0,0,1,6,1,50219,0,0,2007,S. KERR RD.,1E+20,0,34473730,92021945,1,1
5,119,6,3,5,25,1,1,0,1,1,1,0,1,0,1,5,2,2,70,1,1,1,1,0,0,0,2,5,0,0,5,50,6,10,0,0,0,0,0,0,1,1,1,50220,0,1387,2007,I-40-33,1E+20,0,34553900,92243700,1,5
5,41,6,3,18,30,1,2,0,0,4,3,0,53,0,1,4,1,2,0,2,1,2,1,0,0,0,1,1,0,0,18,39,18,57,99,99,0,0,0,0,1,1,1,50221,0,7,2007,SR-35-11,1E+20,0,33320257,91205764,1,1
5,9,6,4,11,40,1,1,0,1,2,2,0,37,0,1,4,1,4,55,1,1,2,1,0,0,0,1,1,0,0,11,40,11,50,99,99,0,0,0,0,1,2,0,50222,0,10,2007,US-62-06,1E+20,0,36173206,93171173,1,1
5,35,6,4,19,10,1,1,0,1,16,3,0,34,0,1,5,1,2,40,1,1,2,1,0,0,0,1,1,0,0,19,15,19,20,99,99,0,0,0,0,1,2,0,50223,4120,22,2007,SR-118-04,1E+20,0,35114583,90131141,1,1
5,11,6,5,11,20,2,3,0,0,14,2,0,12,4,2,1,1,2,30,1,1,2,1,20,3,0,1,1,0,0,0,0,0,0,0,0,0,0,0,0,1,3,0,50224,4030,25,2007,US-278-12B,TURNER ST.,0,33363543,92035897,2,1
5,35,6,5,17,55,1,2,1,1,1,1,0,8,0,1,1,2,2,65,2,1,2,1,0,0,0,1,1,0,0,0,0,0,0,0,0,0,0,0,0,1,3,0,50225,4120,1799,2007,I-40-52,1E+20,0,35101015,90111572,1,1
5,45,6,6,10,50,1,2,0,1,11,1,0,1,0,1,1,2,2,70,2,1,2,1,0,0,0,1,1,0,0,10,57,11,2,99,99,0,0,0,0,1,4,0,50226,860,1277,2007,I-40-32,1E+20,0,35064658,92261784,1,1
5,63,6,6,18,1,2,2,0,0,4,3,0,12,3,1,1,1,2,55,1,1,2,1,0,0,1,1,1,0,0,18,4,18,10,99,99,0,0,0,0,1,4,1,50227,0,72,2007,SR-230-00,1E+20,0,35414619,91382859,2,1
5,23,6,7,15,0,2,3,0,0,4,3,0,12,2,1,1,1,2,55,2,1,2,1,0,0,0,1,1,0,0,15,2,15,12,99,99,0,0,0,0,2,5,0,50228,0,150,2007,SR-110-06,1E+20,0,35264982,91511424,2,1
5,85,6,7,18,40,1,1,0,0,3,3,0,32,0,1,4,1,2,55,2,1,2,1,0,0,0,1,1,0,0,18,45,18,53,99,99,0,0,0,0,1,5,1,50229,0,80,2007,SR-5-12,1E+20,0,35030968,92050453,1,1
5,115,6,7,14,30,1,1,0,0,4,3,0,42,0,1,5,1,2,55,1,2,2,1,0,0,0,1,1,0,2,14,39,15,43,99,99,0,0,0,0,1,5,0,50230,0,142,2007,SR-16-08,1E+20,0,35401055,92510748,1,1
5,113,6,8,22,15,2,2,0,1,2,2,0,12,8,1,1,1,2,55,2,3,2,1,0,0,0,2,1,0,0,22,20,22,27,99,99,0,0,0,0,1,6,1,50231,0,81,2007,US-71-09,1E+20,0,34385848,94100058,2,1
5,85,6,9,6,15,1,3,0,0,13,3,0,1,0,1,4,1,2,55,1,1,2,1,0,0,0,3,1,0,0,6,15,6,20,99,99,0,0,0,0,1,7,1,50232,600,146,2007,SR-89-01,1E+20,0,34554087,92000731,1,1
5,49,6,9,10,35,1,1,0,1,2,2,0,32,0,2,5,1,2,55,2,2,2,1,0,0,0,1,1,0,0,10,35,10,40,99,99,0,0,0,0,1,7,0,50233,0,183,2007,US-62-12,WHITE OAK LN.,0,36230031,91513290,1,1
5,67,6,9,13,35,1,1,0,0,16,6,0,10,0,6,5,1,2,0,1,3,2,1,70,3,0,1,1,0,0,0,0,0,0,0,0,0,0,0,0,1,7,0,50234,3790,0,2007,HARVEY ST.,1E+20,438166T,35491722,91080476,1,1
5,37,6,10,11,35,1,1,0,0,4,3,0,32,0,1,2,1,2,25,2,1,4,8,28,3,0,1,1,0,1,0,0,0,0,0,0,0,3,0,0,1,1,0,50235,0,115,2007,SR-364-01,CR 225,0,35194155,90493334,1,1
5,31,6,10,22,40,1,1,0,0,2,3,0,33,0,1,2,1,3,40,2,2,2,1,0,0,0,2,1,0,1,22,42,23,0,99,99,0,0,0,0,1,1,0,50236,2190,163,2007,SR-18-04,COTTONWOOD,0,35491294,90260497,1,1
5,93,6,11,8,20,2,2,0,0,4,3,0,12,5,2,1,1,2,55,1,1,2,1,20,3,0,1,1,0,0,8,21,8,39,99,99,0,0,0,0,1,2,0,50237,0,157,2007,SR-118-01,SR-77,0,35310445,90145922,2,1
5,141,6,11,12,29,1,2,0,0,4,3,0,37,0,1,4,1,2,55,2,1,2,1,0,0,0,1,1,0,0,12,39,12,57,99,99,0,0,0,0,1,2,0,50238,0,48,2007,SR-124-07,1E+20,0,35232155,92205295,1,1
5,149,6,12,11,54,1,1,0,0,3,3,0,34,0,1,4,1,2,55,1,1,2,1,0,0,0,1,1,0,0,11,59,12,11,99,99,0,0,0,0,1,3,0,50239,0,16,2007,SR-28-09,1E+20,0,34564356,93244085,1,1
5,93,6,13,15,18,2,2,0,0,4,2,0,12,5,2,1,1,2,55,1,1,2,1,20,3,0,1,1,0,0,15,18,15,38,99,99,0,0,0,0,1,4,0,50240,0,200,2007,US-61-02,CR 818,0,35383524,89585089,2,1
5,5,6,14,19,0,1,1,0,0,3,3,0,37,0,1,4,1,2,55,1,2,2,1,0,0,0,1,1,0,0,19,3,19,10,99,99,0,0,0,0,1,5,0,50241,0,161,2007,SR-5-18,1E+20,0,36175907,92200413,1,1
5,119,6,14,20,40,3,5,0,0,16,6,0,12,5,1,1,2,2,35,1,2,2,1,0,0,0,2,1,0,0,20,47,20,58,99,99,0,0,0,0,2,5,0,50242,2320,0,2007,WRIGHT AVE.,1E+20,0,34435662,92180733,3,1
5,125,6,15,12,20,1,2,0,0,4,3,0,42,0,1,4,2,2,55,2,1,2,1,0,0,0,1,1,0,0,12,35,12,55,99,99,0,0,0,0,1,6,0,50243,330,120,2007,SR-5-07,1E+20,0,34364787,92410296,1,1
5,135,6,15,20,16,3,6,0,1,2,2,0,12,4,1,1,1,2,55,1,2,2,1,0,0,0,1,1,0,0,20,20,20,26,99,99,0,0,0,0,3,6,1,50244,0,155,2007,US-63-02,1E+20,0,36151616,91170430,3,1
5,7,6,16,0,24,2,3,0,1,11,1,0,12,2,1,1,2,4,70,1,1,2,1,0,0,0,2,1,0,0,0,24,0,31,99,99,0,0,0,0,1,7,2,50245,0,763,2007,I-540-05,1E+20,0,36141064,94095110,2,1
5,37,6,16,10,57,2,3,0,0,3,2,0,12,5,2,1,1,3,55,1,1,2,1,0,0,0,1,1,0,0,10,58,11,12,99,99,0,0,0,0,1,7,0,50246,0,31,2007,US-64-15,CR 145,0,35150715,91001577,2,1
5,101,6,16,14,30,1,1,0,0,4,3,0,24,0,1,2,1,2,55,2,2,2,1,28,3,0,1,1,0,0,14,36,14,56,0,0,0,0,0,0,1,7,0,50247,0,283,2007,SR-123-01,1E+20,0,35491604,93034586,1,1
5,51,6,16,2,25,1,1,0,1,2,2,0,24,0,1,4,1,2,40,2,2,2,1,0,0,0,2,1,0,0,2,25,2,28,0,0,0,0,0,0,1,7,0,50248,1907,175,2007,US-270-05,1E+20,0,34294545,93071720,1,1
5,145,6,17,11,24,1,2,0,1,2,2,0,1,0,1,3,2,2,70,1,1,1,1,0,0,0,1,1,0,0,11,25,11,35,99,99,0,0,0,0,1,1,0,50249,0,134,2007,US-67-13,1E+20,0,35214716,91300474,1,1
5,119,6,18,21,5,2,8,0,0,13,3,0,12,4,1,1,1,4,40,2,2,2,2,0,0,0,3,2,0,0,21,23,21,30,99,99,0,0,0,0,1,2,0,50250,2320,105,2007,SR-10-08,1E+20,0,34461317,92211531,2,2
5,51,6,18,23,20,1,2,0,0,16,4,0,42,0,1,4,1,2,30,2,1,2,2,0,0,0,2,1,0,0,23,31,23,43,99,99,0,0,0,0,1,2,1,50251,1907,0,2007,FISH HATCHERY RD.,1E+20,0,34243211,93033308,1,1
5,91,6,20,22,53,1,1,0,1,12,3,0,21,0,2,3,2,2,65,1,2,2,2,0,0,0,2,2,0,0,0,0,0,0,0,0,0,0,0,0,1,4,0,50252,3810,58,2007,SR-245-01,US-67,0,33270272,94002341,1,2
5,55,6,21,15,35,2,2,0,1,13,2,0,12,4,4,1,1,5,45,1,1,2,1,0,0,0,1,1,0,0,15,35,15,40,99,99,0,0,0,0,1,5,0,50253,3030,189,2007,US-49-02,SR-358,0,36015138,90311602,2,1
5,69,6,21,19,51,1,2,1,0,16,6,0,15,0,2,1,1,2,30,1,1,2,1,0,0,2,1,1,0,0,19,57,19,58,99,99,0,0,0,0,1,5,2,50254,3150,0,2007,S. OAKWOOD RD.,W. BURNETT,0,34131973,92035430,1,1
5,25,6,22,99,99,1,1,0,0,6,4,0,37,0,1,4,1,1,0,1,1,4,1,0,0,0,2,1,0,0,10,17,10,35,0,0,0,0,0,0,1,6,0,50255,0,0,2007,MOORES CHURCH RD.,1E+20,0,34022371,92125721,1,1
5,141,6,23,19,30,1,1,0,0,4,3,0,7,0,2,1,1,2,55,2,2,2,1,0,0,0,1,1,0,0,0,0,0,0,0,0,0,0,0,0,1,7,0,50256,0,53,2007,SR-254-00,BOHANNON RD.,0,35412466,92392307,1,1
5,119,6,24,1,30,1,1,0,0,16,6,0,30,0,1,5,1,2,30,2,1,2,1,0,0,0,3,1,0,0,1,30,1,37,0,0,0,0,0,0,1,1,1,50257,2320,0,2007,EVERGREEN,1E+20,0,34454590,92212846,1,1
5,141,6,25,11,35,1,2,0,0,16,6,0,24,0,1,4,1,2,15,2,2,2,1,0,0,0,1,1,0,0,11,43,11,49,99,99,0,0,0,0,1,2,0,50258,1304,0,2007,W. CLIFF,1E+20,0,35351629,92162023,1,1
5,87,6,25,16,36,1,1,0,1,2,2,0,34,0,1,4,1,2,55,2,1,2,1,0,0,0,1,1,0,0,16,36,16,45,99,99,0,0,0,0,1,2,0,50259,0,88,2007,US-412-03,1E+20,0,36064785,93463908,1,1
5,145,6,25,19,24,1,2,0,0,3,3,0,35,0,1,4,1,2,55,2,1,2,1,0,0,0,1,1,0,0,0,0,0,0,0,0,0,0,0,0,2,2,0,50260,0,99,2007,SR-16-13,1E+20,0,35184173,91463053,1,1
5,7,6,26,10,52,2,2,0,0,4,3,0,12,2,2,1,1,2,35,2,2,2,1,0,0,0,1,1,0,0,10,54,11,10,99,99,0,0,0,0,1,3,0,50261,315,62,2007,SR-340-01,ST. AGNES LN.,0,36291063,94132424,2,1
5,23,6,26,14,31,1,1,0,0,4,3,0,1,0,1,4,1,2,55,2,1,2,1,0,0,0,1,1,0,0,0,0,0,0,0,0,0,0,0,0,1,3,0,50262,0,254,2007,SR-25-03,1E+20,0,35401086,91495877,1,1
5,87,6,26,17,54,1,1,0,0,3,3,0,1,0,1,4,1,2,55,2,2,2,2,0,0,0,1,2,0,0,0,0,0,0,0,0,0,0,0,0,1,3,1,50263,0,13,2007,SR-23-08,1E+20,0,35470245,93472659,1,2
5,93,6,27,4,0,3,3,0,1,1,1,0,12,1,1,1,2,2,70,1,1,1,1,0,0,0,2,1,0,0,4,12,4,20,99,99,0,0,0,0,1,4,0,50264,0,703,2007,I-55-12,1E+20,0,35584731,89522828,2,1
5,7,6,27,6,23,1,2,0,0,4,3,0,42,0,1,4,1,2,55,2,1,2,2,0,0,0,2,1,0,0,6,48,7,7,99,99,0,0,0,0,1,4,0,50265,0,46,2007,SR-102-01,1E+20,0,36211886,94311964,1,1
5,81,7,1,5,47,2,2,0,1,2,2,0,12,8,1,1,1,5,55,1,1,2,1,0,0,0,1,1,0,0,5,49,5,53,99,99,0,0,0,0,1,1,0,50266,0,70,2007,US-71-04,1E+20,0,33380378,94053128,2,1
5,137,7,1,12,37,1,3,0,0,3,3,0,35,0,1,5,1,2,55,2,2,2,2,0,0,0,1,2,0,0,12,37,14,15,99,99,0,0,0,0,1,1,0,50267,0,372,2007,SR-5-16,1E+20,0,36025906,92083767,1,2
5,7,7,1,15,27,2,2,0,0,3,3,0,12,2,1,1,1,2,55,2,2,2,1,0,0,0,1,1,0,0,0,0,0,0,0,0,0,0,0,0,1,1,0,50268,0,36,2007,SR-16-01,1E+20,0,36082686,94291096,2,1
5,143,7,1,99,99,1,1,0,0,6,4,0,27,0,2,5,1,2,40,2,1,2,9,0,0,0,9,9,0,0,12,47,12,54,99,99,0,18,0,0,1,1,0,50269,3840,0,2007,KLENC RD.,KELLY RD.,0,36091796,94144872,1,9
5,33,7,3,13,10,2,2,0,0,3,3,0,12,4,4,1,1,2,40,1,1,2,1,0,0,0,1,1,0,0,13,13,13,27,99,99,0,0,0,0,1,3,0,50270,0,151,2007,SR-59-05,1E+20,0,35323978,94223705,2,1
5,75,7,4,17,1,1,1,0,0,3,3,0,27,0,1,4,1,2,55,2,2,2,1,40,3,0,1,1,0,0,17,1,17,9,99,99,0,0,0,0,1,4,0,50271,0,224,2007,SR-25-06,1E+20,0,36050631,91064970,1,1
5,145,7,4,21,24,1,1,0,0,3,3,0,37,0,1,5,1,2,55,2,1,2,1,8,3,0,2,1,0,0,0,0,0,0,0,0,0,0,0,0,1,4,1,50272,1225,9,2007,SR-5-14,1E+20,0,35072395,92053997,1,1
5,111,7,5,12,45,2,2,1,0,6,5,0,8,0,1,2,1,2,35,1,1,2,1,0,0,0,1,1,0,0,12,45,99,99,99,99,0,0,0,0,1,5,0,50273,3860,0,2007,W. MAIN ST.,PLAZA AVE.,0,35401881,90304573,1,1
5,113,7,6,7,25,1,1,0,0,2,2,0,1,0,1,1,1,2,55,2,2,2,1,40,3,0,1,1,0,0,0,0,0,0,0,0,0,0,0,0,1,6,0,50274,0,117,2007,US-270-01,1E+20,0,34393646,94154871,1,1
5,149,7,6,18,25,2,2,0,0,16,6,0,7,0,1,1,1,2,30,1,1,1,1,0,0,0,1,1,0,0,18,25,18,27,99,99,0,0,0,0,1,6,0,50275,980,0,2007,MARKET ST.,1E+20,0,35130203,93093171,2,1
5,119,7,6,23,45,1,2,0,0,13,2,0,27,0,1,5,1,2,35,1,1,2,2,0,0,0,3,1,0,2,23,49,23,58,99,99,0,0,0,0,1,6,1,50276,2320,37,2007,US-70-12,1E+20,0,34431215,92195781,1,1
5,63,7,7,4,57,1,1,0,0,6,4,0,28,0,1,5,1,2,60,1,2,2,1,0,0,0,2,5,0,0,5,19,5,36,99,99,0,0,0,0,1,7,1,50277,0,0,2007,COON CREEK LN.,1E+20,0,35525867,91380341,1,5
5,117,7,7,9,5,2,3,0,1,1,1,0,13,5,1,1,2,4,70,1,1,2,1,0,0,0,1,1,0,0,9,13,9,19,99,99,0,0,0,0,2,7,1,50278,0,1917,2007,I-40-42,1E+20,0,34490688,91354561,2,1
5,135,7,7,20,1,2,2,0,1,2,2,0,12,5,2,1,1,2,45,1,2,2,1,20,3,0,1,1,0,0,0,0,0,0,0,0,0,0,0,0,1,7,0,50279,1720,28,2007,US-63-02,US-63B,0,36190358,91291368,2,1
5,83,7,7,23,14,2,5,0,0,4,3,0,12,3,1,1,1,2,55,2,1,2,1,0,0,0,2,1,0,0,23,15,23,22,99,99,0,0,0,0,1,7,0,50280,0,37,2007,SR-309-03,1E+20,0,35210208,93445570,2,1
5,59,7,8,2,17,1,4,0,1,1,1,0,42,0,1,5,2,2,70,1,1,2,1,0,0,0,2,1,0,0,2,27,2,40,99,99,0,0,0,0,1,1,0,50281,0,852,2007,I-30-21,1E+20,0,34155767,92583451,1,1
5,143,7,10,11,33,2,2,0,0,13,3,0,12,8,1,1,1,2,55,2,1,2,1,0,0,0,1,1,0,0,11,34,11,45,99,99,0,0,0,0,1,3,0,50282,1310,70,2007,SR-16-03,1E+20,0,36023494,94033274,2,1
5,49,7,10,15,35,2,2,0,1,2,2,0,12,3,2,1,1,3,55,1,4,2,2,0,0,0,1,1,0,0,15,36,15,45,99,99,0,0,0,0,1,3,0,50283,0,79,2007,US-63-01,MANY ISLANDS,0,36244288,91294335,2,1
5,7,7,10,19,35,2,4,0,0,3,3,0,12,5,2,1,1,2,55,1,1,2,1,20,3,0,1,1,0,1,99,99,99,99,99,99,0,0,0,0,2,3,0,50284,0,205,2007,SR-59-01,DAWN HILL RD. E,0,36144544,94291085,2,1
5,107,7,11,8,17,2,2,0,0,14,2,0,12,5,4,1,9,4,0,1,1,2,1,50,3,0,1,1,0,0,8,22,8,26,99,99,0,0,0,0,1,4,0,50285,1830,30,2007,US-49-10B,HICKORY HILLS D,0,34321551,90370497,2,1