STATE,COUNTY,MONTH,DAY,HOUR,MINUTE,VE_TOTAL,PERSONS,PEDS,NHS,ROAD_FNC,ROUTE,SP_JUR,HARM_EV,MAN_COLL,REL_JUNC,REL_ROAD,TRAF_FLO,NO_LANES,SP_LIMIT,ALIGNMNT,PROFILE,PAVE_TYP,SUR_COND,TRA_CONT,T_CONT_F,HIT_RUN,LGT_COND,WEATHER1,WEATHER2,C_M_ZONE,NOT_HOUR,NOT_MIN,ARR_HOUR,ARR_MIN,HOSP_HR,HOSP_MN,SCH_BUS,CF1,CF2,CF3,FATALS,DAY_WEEK,DRUNK_DR,ST_CASE,CITY,MILEPT,YEAR,TWAY_ID,TWAY_ID2,RAIL,LATITUDE,LONGITUD,VE_FORMS,WEATHER
5,143,7,10,20,18,2,2,0,0,13,2,0,12,4,4,1,1,4,40,1,2,2,1,0,0,0,1,1,0,0,20,19,20,20,99,99,0,0,0,0,1,3,0,50286,1310,58,2007,US-71-16B,1E+20,0,36061472,94085151,2,1
5,69,7,11,3,0,1,1,0,0,16,6,0,38,0,2,5,1,2,30,1,1,2,1,20,3,0,2,1,0,0,7,46,7,49,0,0,0,0,0,0,1,4,1,50287,3150,0,2007,W. 15TH AVE.,SPRUCE,0,34125013,92012582,1,1
5,119,7,11,21,20,2,3,0,0,13,3,0,12,2,1,1,1,2,50,1,1,2,1,0,0,0,2,1,0,0,21,22,21,25,99,99,0,0,0,0,2,4,1,50288,2320,6,2007,SR-338-01,1E+20,0,34401553,92242445,2,1
5,57,7,12,13,55,2,2,0,0,13,3,0,12,4,1,1,1,2,55,1,2,2,2,0,0,0,1,2,0,0,0,0,0,0,0,0,0,0,0,0,1,5,0,50289,1890,252,2007,SR-278-05,1E+20,0,33410185,93343607,2,2
5,7,7,12,22,0,1,1,0,0,6,4,0,42,0,1,5,1,2,45,2,2,2,1,0,0,0,1,1,0,0,15,14,15,15,0,0,0,18,0,0,1,5,0,50290,0,0,2007,E. MCNELLY,1E+20,0,36265152,94105094,1,1
5,53,7,13,12,20,2,2,0,1,2,2,0,12,5,2,1,2,3,55,1,1,2,2,20,3,0,1,2,0,0,12,25,12,36,99,99,0,0,0,0,2,6,0,50291,0,77,2007,US-167-10,SR-35,0,34132890,92242047,2,2
5,69,7,14,12,14,2,6,0,1,2,2,0,12,2,1,1,1,4,55,2,2,2,1,0,0,0,1,1,0,0,12,26,12,33,99,99,0,0,0,0,5,7,0,50292,3150,53,2007,US-425-07,1E+20,0,34091596,91544257,2,1
5,143,7,14,19,30,2,3,0,0,6,4,0,12,2,1,1,1,2,35,2,2,5,1,0,0,0,1,1,0,0,19,35,19,50,99,99,0,0,0,0,1,7,0,50293,0,0,2007,W. VANZANT RD.,1E+20,0,36093240,93582884,2,1
5,51,7,15,18,55,2,2,0,0,3,2,0,12,2,2,1,2,2,55,2,1,2,1,0,0,0,1,1,0,0,18,58,19,11,99,99,0,0,0,0,1,1,1,50294,0,59,2007,US-70-08,SIPE LN.,0,34261372,93151880,2,1
5,23,7,16,3,41,1,2,0,0,3,3,0,1,0,1,4,1,2,55,2,3,2,8,0,0,0,2,5,0,0,3,41,3,52,0,0,0,0,0,0,1,2,1,50295,0,9,2007,SR-5-15,1E+20,0,35214776,92043644,1,5
5,117,7,16,22,12,1,2,1,0,4,3,0,8,0,1,99,1,2,55,1,1,2,1,0,0,2,2,1,0,0,22,13,99,99,0,0,0,0,0,0,1,2,1,50296,0,5,2007,SR-13-11,1E+20,0,34553936,91444912,1,1
5,31,7,16,22,6,1,1,0,0,6,4,0,53,0,1,4,1,2,40,1,2,2,1,0,0,0,2,1,0,0,22,6,22,15,99,99,0,0,0,0,1,2,1,50297,0,0,2007,CR 762,1E+20,0,35554584,90372250,1,1
5,111,7,17,13,35,1,1,0,0,4,3,0,42,0,1,4,1,2,55,1,1,2,1,0,0,0,1,1,0,0,0,0,0,0,0,0,0,0,0,0,1,3,0,50298,0,46,2007,SR-214-02,1E+20,0,35361688,90344845,1,1
5,89,7,19,9,13,1,1,0,0,4,4,0,1,0,2,4,9,2,0,2,9,2,1,0,0,0,1,1,0,0,9,19,99,99,99,99,0,0,0,0,1,5,0,50299,0,0,2007,CR 8001,WELCOME RIDGE,0,36204347,92434902,1,1
5,139,7,19,15,15,2,2,0,0,4,3,0,12,2,1,1,1,2,55,1,2,2,1,0,0,0,1,1,0,0,15,24,15,40,99,99,0,0,0,0,1,5,0,50300,0,60,2007,SR-129-01,1E+20,0,33040867,92133778,2,1
5,47,7,14,17,20,1,2,0,0,6,4,0,7,0,1,1,2,2,35,2,2,8,1,0,0,0,1,1,0,0,17,44,17,57,99,99,0,0,0,0,1,7,1,50301,0,0,2007,WATALULA RD.,1E+20,0,35350368,93502826,1,1
5,131,7,20,18,38,1,1,0,0,3,3,0,27,0,1,4,1,2,55,1,1,2,1,0,0,0,1,1,0,0,19,34,19,46,99,99,0,0,0,0,1,6,0,50302,0,175,2007,SR-22-01,1E+20,0,35181470,94100749,1,1
5,99,7,20,18,45,1,2,0,1,1,1,0,32,0,1,4,2,4,70,1,1,2,1,0,0,0,1,1,0,0,18,50,19,10,99,99,0,0,0,0,2,6,0,50303,0,485,2007,I-30-13,1E+20,0,33512024,93214066,1,1
5,37,7,20,18,54,1,2,1,0,16,6,0,9,0,2,1,1,2,30,1,2,2,1,20,3,0,1,1,0,0,18,55,18,58,99,99,0,0,0,0,1,6,0,50304,4260,0,2007,KILLOUGH RD.,DODD DR.,0,35131979,90463249,1,1
5,51,7,20,19,48,1,1,0,1,13,2,0,24,0,1,2,2,4,40,2,2,1,2,0,0,0,1,1,0,0,19,48,19,52,0,0,0,0,0,0,1,6,1,50305,1907,176,2007,US-270--05,1E+20,0,34294337,93071571,1,1
5,45,7,20,23,46,1,1,0,0,6,4,0,42,0,1,5,1,2,99,2,1,2,1,0,0,0,2,1,0,0,23,53,24,0,0,0,0,20,0,0,1,6,0,50306,0,0,2007,GRAND TRUNK RD.,1E+20,0,35001739,92193039,1,1
5,75,7,21,15,20,3,7,0,1,2,2,0,12,4,1,1,1,2,45,2,2,2,1,0,0,0,1,1,0,0,15,20,15,29,99,99,0,0,0,0,1,7,0,50307,410,158,2007,US-63-03,1E+20,0,36061411,91055784,3,1
5,59,7,22,15,42,2,4,0,1,1,1,0,13,4,1,1,2,4,70,1,1,2,1,0,0,0,1,1,0,0,15,45,16,0,99,99,0,0,0,0,1,1,0,50308,2500,1033,2007,I-30-21,1E+20,0,34192337,92554781,2,1
5,31,7,23,23,38,2,4,0,1,2,2,0,12,2,1,1,1,5,55,1,1,2,1,0,0,0,2,1,0,0,23,38,23,50,99,99,0,0,0,0,1,2,1,50309,2070,85,2007,US-63-06,1E+20,0,35515526,90465471,2,1
5,99,7,24,19,24,1,1,0,1,2,2,0,2,0,1,4,1,2,55,1,1,2,1,0,0,0,1,1,0,0,19,24,19,30,99,99,0,0,0,0,1,3,1,50310,0,21,2007,US-371-05,1E+20,0,33410776,93204686,1,1
5,143,7,24,13,16,1,2,1,0,13,3,0,9,0,2,1,1,3,35,1,1,2,1,0,0,0,1,1,0,0,13,17,13,17,99,99,0,0,0,0,1,3,0,50311,1310,17,2007,SR-180-00,SIXTH ST.,0,36032318,94095243,1,1
5,145,7,24,20,0,1,1,0,0,4,3,0,7,0,1,1,1,2,35,1,1,2,1,0,0,0,5,1,0,0,20,4,20,7,99,99,0,0,0,0,1,3,1,50312,290,41,2007,SR-367-15,1E+20,0,35045010,91530999,1,1
5,19,7,24,1,35,1,1,0,1,1,1,0,32,0,1,4,2,2,70,1,2,2,1,0,0,0,2,1,0,0,99,99,99,99,99,99,0,0,0,0,1,3,0,50313,130,663,2007,I-30-14,1E+20,0,34014072,93090528,1,1
5,63,7,25,3,49,1,1,0,0,3,3,0,32,0,1,4,1,2,45,2,1,2,1,0,0,0,2,1,0,0,3,51,3,59,99,99,0,0,0,0,1,4,0,50314,0,97,2007,SR-25-04,1E+20,0,35435818,91392717,1,1
5,125,7,25,19,30,1,2,0,0,6,4,0,42,0,1,5,1,2,45,1,2,2,1,0,0,0,1,1,0,0,19,32,19,50,99,99,0,0,0,0,1,4,0,50315,0,0,2007,SARDIS RD.,1E+20,0,34294687,92252386,1,1
5,115,7,26,6,12,1,1,0,0,4,4,0,37,0,1,4,1,2,40,2,1,8,1,0,0,0,4,1,0,0,6,13,6,22,0,0,0,0,0,0,1,5,1,50316,1130,0,2007,BUCK MOUTAIN RD.,1E+20,0,35223016,92595439,1,1
5,95,7,26,11,0,3,3,0,1,2,2,0,12,8,1,1,1,2,45,1,1,2,1,0,0,0,1,1,0,0,11,6,11,9,99,99,0,0,0,0,1,5,0,50317,790,4,2007,US-79-14,1E+20,0,34412285,91182379,3,1
5,7,7,27,14,6,2,7,0,0,14,3,0,12,4,2,1,1,3,30,1,1,2,1,3,3,0,1,1,0,0,14,7,14,14,99,99,0,0,0,0,1,6,0,50318,3390,65,2007,SR-94-01,S. OLD WIRE RD.,0,36184193,94062145,2,1
5,103,7,27,19,0,1,1,0,0,6,4,0,1,0,1,5,1,2,45,1,1,2,1,0,0,0,1,1,0,0,19,32,19,40,99,99,0,0,0,0,1,6,1,50319,0,0,2007,CR 78,1E+20,0,33352698,92444351,1,1
5,13,7,29,1,0,1,1,0,0,3,3,0,1,0,1,4,1,2,55,2,1,2,1,0,0,0,2,1,0,0,0,0,0,0,0,0,0,0,0,0,1,1,0,50320,0,26,2007,SR-278-10,1E+20,0,33332714,92403208,1,1
5,63,7,8,4,5,1,3,0,0,13,3,0,30,0,1,5,1,2,35,1,2,2,1,0,0,0,2,1,0,0,4,8,4,14,99,99,0,0,0,0,2,1,1,50321,250,14,2007,SR-69-02B,1E+20,0,35464214,91382689,1,1
5,37,7,29,7,40,1,1,0,0,3,2,0,34,0,1,4,1,2,55,1,1,2,8,0,0,0,1,1,0,0,7,45,7,55,99,99,0,0,0,0,1,1,0,50322,0,40,2007,US-64-15,1E+20,0,35150716,90512473,1,1
5,35,7,31,21,33,1,2,1,0,4,2,0,8,0,1,1,1,2,55,1,1,2,1,0,0,0,2,1,0,0,21,33,21,43,99,99,0,19,0,0,1,3,2,50323,3275,26,2007,US-70-20,1E+20,0,35085232,90212491,1,1
5,145,8,1,14,42,1,3,0,0,4,3,0,42,0,1,5,1,2,55,1,1,2,1,0,0,0,1,1,0,0,14,56,15,15,99,99,0,0,0,0,1,4,1,50324,0,9,2007,SR-267-00,1E+20,0,35082023,91533186,1,1
5,143,8,1,99,99,1,1,0,0,6,4,0,37,0,1,2,1,2,35,2,1,2,9,0,0,0,9,9,0,0,8,32,8,39,99,99,0,0,0,0,1,4,0,50325,0,0,2007,VINEY GROVE RD.,1E+20,0,36005314,94195969,1,9
5,63,8,1,16,4,1,1,0,0,6,4,0,1,0,1,2,1,2,60,2,1,3,1,0,0,0,1,1,0,0,16,6,16,24,0,0,0,0,0,0,1,4,1,50326,0,0,2007,ALLEN RD.,1E+20,0,35511130,91404136,1,1
5,119,8,3,13,34,1,2,0,1,1,1,0,1,0,1,3,2,2,70,2,2,2,1,0,0,0,1,1,0,0,13,34,13,46,99,99,0,0,0,0,1,6,0,50327,2320,39,2007,I-530-01,1E+20,0,34371385,92160765,1,1
5,35,8,4,14,33,1,3,0,1,1,1,0,1,0,1,2,2,4,70,1,1,2,1,0,0,0,1,1,0,0,14,40,14,54,99,99,0,0,0,0,1,7,0,50328,0,2694,2007,I-40-52,1E+20,0,35085294,90173201,1,1
5,57,8,6,11,50,2,3,0,0,3,2,0,12,5,2,1,1,2,55,1,1,2,1,20,3,0,1,1,0,0,11,52,12,1,99,99,0,0,0,0,1,2,0,50329,0,200,2007,US-278-05,SR-32,0,33385438,93332421,2,1
5,37,8,7,7,45,2,2,0,0,3,2,0,12,8,1,1,1,2,55,1,2,2,1,0,0,0,1,1,0,0,7,50,7,55,99,99,0,0,0,0,1,3,0,50330,0,30,2007,US-64-15,1E+20,0,35144741,90443977,2,1
5,119,8,8,5,0,1,1,0,0,6,6,0,43,0,1,4,1,4,35,1,1,2,1,0,0,0,2,1,0,0,5,6,5,19,99,99,0,0,0,0,1,4,1,50331,2320,0,2007,HINSON RD.,PORTIA DR.,0,34465487,92253277,1,1
5,69,8,9,19,28,1,2,0,0,4,3,0,30,0,1,4,2,2,55,1,1,2,1,0,0,0,1,1,0,0,19,28,19,38,99,99,0,0,0,0,2,5,1,50332,4156,118,2007,SR-365-14,1E+20,0,34200297,92074113,1,1
5,59,8,9,21,3,1,3,1,0,4,2,0,8,0,1,1,1,2,55,2,2,2,1,0,0,0,2,1,0,0,0,0,0,0,0,0,0,0,0,0,1,5,1,50333,2500,145,2007,US-67-07,1E+20,0,34183769,92502521,1,1
5,5,8,10,11,35,2,4,0,1,2,2,0,12,4,1,1,1,2,55,2,3,2,1,0,0,0,1,1,0,0,11,36,11,40,99,99,0,0,0,0,2,6,0,50334,0,117,2007,US-62-11,1E+20,0,36224651,92120427,2,1
5,123,8,10,18,40,1,1,0,1,1,1,0,38,0,1,4,2,2,70,1,1,2,1,0,0,0,1,1,0,0,18,42,18,53,99,99,0,0,0,0,1,6,0,50335,0,2319,2007,I-40-51,1E+20,0,34582976,90563604,1,1
5,31,8,10,22,51,1,1,0,0,16,6,0,27,0,1,4,1,2,25,1,1,2,1,0,0,0,3,1,0,0,23,51,23,55,99,99,0,0,0,0,1,6,1,50336,2670,0,2007,REEVES ST.,1E+20,0,35525602,90210040,1,1
5,45,8,11,6,34,1,7,0,1,11,1,0,1,0,1,2,2,2,70,2,1,2,1,0,0,0,1,1,0,0,6,38,7,5,99,99,0,0,0,0,1,7,0,50337,860,1247,2007,I-40-32,1E+20,0,35050479,92245541,1,1
5,119,8,11,22,7,2,4,0,1,2,2,0,1,0,1,1,2,4,65,2,1,1,1,0,0,0,2,1,0,0,22,28,22,35,99,99,0,0,0,0,2,7,0,50338,0,151,2007,US-67-10,1E+20,0,34531366,92062531,2,1
5,69,8,11,23,59,2,5,0,0,14,3,0,12,6,1,1,1,4,35,1,1,2,1,0,0,0,3,1,0,0,23,59,99,99,99,99,0,0,0,0,1,7,1,50339,3150,207,2007,SR-365-14,RALLY'S RESTAUR,0,34140008,92023690,2,1
5,119,8,12,3,55,1,2,0,0,13,3,0,7,0,2,4,2,2,50,1,1,1,1,0,0,0,2,1,0,0,4,0,99,99,99,99,0,0,0,0,1,1,1,50340,2320,7,2007,SR-338-01,I-430,0,34401545,92242296,1,1
5,17,8,12,20,50,1,1,0,0,4,3,0,34,0,1,5,1,2,55,1,1,2,1,0,0,0,2,1,0,0,0,0,0,0,0,0,0,0,0,0,1,1,1,50341,0,98,2007,SR-8-16,1E+20,0,33065728,91182868,1,1
5,115,8,13,17,21,1,1,0,0,4,3,0,1,0,1,1,1,2,55,2,2,2,1,0,0,0,1,1,0,0,17,21,17,41,0,0,0,0,0,0,1,2,0,50342,1821,53,2007,SR-27-12,1E+20,0,35322237,92554128,1,1
5,93,8,14,15,35,2,4,0,0,3,2,0,12,2,1,1,1,2,55,1,1,2,1,0,0,0,1,1,0,0,15,44,16,6,99,99,0,0,0,0,1,3,0,50343,0,75,2007,US-61-03,1E+20,0,35480368,89553976,2,1
5,35,8,15,1,0,1,2,1,1,11,1,0,8,0,1,99,3,2,65,2,1,2,1,0,0,2,2,1,0,0,0,0,0,0,0,0,0,0,0,0,1,4,0,50344,4120,2773,2007,I-40-52,1E+20,0,35100275,90105648,1,1
5,131,8,15,10,6,2,3,0,0,16,6,0,12,5,2,1,1,2,30,1,1,2,1,20,3,0,1,1,0,0,10,6,10,13,99,99,0,0,0,0,1,4,0,50345,1370,0,2007,TULSA ST.,S. 28TH ST.,0,35200598,94241501,2,1
5,59,8,15,18,11,1,1,0,0,6,4,0,1,0,2,4,1,2,55,2,3,2,1,20,3,0,1,1,0,0,0,0,0,0,0,0,0,0,0,0,1,4,1,50346,0,0,2007,BLUEBIRD LN.,SR-7,0,34223189,93100607,1,1
5,31,8,15,20,39,1,3,1,1,2,2,0,8,0,1,1,1,5,55,1,1,2,1,0,0,0,2,1,0,0,0,0,0,0,0,0,0,0,0,0,1,4,1,50347,0,68,2007,US-63-06,1E+20,0,35533494,90473658,1,1
5,131,8,17,22,16,3,2,0,0,16,6,0,14,5,2,5,1,2,30,1,1,2,1,20,3,1,3,1,0,0,22,18,22,27,99,99,0,99,99,99,1,6,1,50348,1370,0,2007,DIVISION ST.,N. 6TH,0,35240347,94244268,1,1
5,35,8,18,14,52,1,1,0,0,16,6,0,42,0,1,5,1,2,30,1,1,1,1,0,0,0,1,1,0,0,14,53,14,58,99,99,0,0,0,0,1,7,0,50349,4120,0,2007,JACKSON AVE.,AVALON,0,35082090,90113690,1,1
5,115,8,19,0,55,2,2,0,0,16,6,0,12,5,2,1,1,4,35,1,1,2,1,20,3,0,2,1,0,0,0,57,1,1,99,99,0,0,0,0,1,1,1,50350,3450,0,2007,PARKWAY DR.,N. GREENWICH AV,0,35165173,93073196,2,1
5,107,8,19,2,1,1,1,0,0,4,3,0,37,0,1,5,1,2,55,1,1,2,1,0,0,0,2,1,0,0,2,21,2,43,99,99,0,0,0,0,1,1,1,50351,0,19,2007,SR-185-01,1E+20,0,34340867,90392383,1,1
5,143,8,19,18,50,1,1,0,0,6,4,0,37,0,1,5,1,2,50,2,2,2,2,0,0,0,1,2,0,0,19,0,19,8,99,99,0,0,0,0,1,1,0,50352,0,0,2007,BLACK OAK RD.,1E+20,0,35594756,94055953,1,2
5,31,8,20,17,2,2,4,0,0,6,4,0,12,2,1,1,1,2,0,1,1,4,5,0,0,0,1,7,0,0,17,8,17,14,18,7,0,0,0,0,1,2,0,50353,0,0,2007,CR 832,1E+20,0,35490025,90193516,2,7
5,35,8,22,10,15,1,1,0,0,16,3,0,10,0,6,1,2,2,55,1,1,2,1,60,3,0,1,1,0,0,10,19,10,28,99,99,0,0,0,0,1,4,0,50354,2550,12,2007,SR-118-04,1E+20,440575K,35112749,90131089,1,1
5,119,8,23,23,20,1,2,0,0,13,3,0,33,0,1,3,3,2,40,1,1,1,1,0,0,0,2,1,0,0,23,20,23,25,99,99,0,0,0,0,1,5,1,50355,2320,153,2007,SR-10-08,1E+20,0,34450190,92165405,1,1
5,119,8,23,11,35,1,3,0,0,16,6,0,42,0,2,5,1,2,40,1,1,2,1,3,3,0,1,1,0,0,11,41,11,45,99,99,0,0,0,0,1,5,0,50356,2320,0,2007,CHENAL PARKWAY,LOYOLA DR.,0,34451934,92254092,1,1
5,111,8,25,0,35,1,1,0,0,4,3,0,34,0,1,4,1,2,55,1,1,2,1,0,0,0,2,1,0,0,0,0,0,0,0,0,0,0,0,0,1,7,1,50357,0,2,2007,SR-69-06,1E+20,0,35404162,90392066,1,1
5,7,8,25,19,35,1,1,0,0,6,4,0,42,0,1,4,1,2,55,1,2,2,1,0,0,0,5,1,0,0,19,40,19,48,99,99,0,0,0,0,1,7,0,50358,0,0,2007,S. PLEASANT VALLEY R,1E+20,0,36191547,94220692,1,1
5,137,8,25,22,10,1,1,0,0,3,3,0,1,0,1,4,2,2,55,2,2,2,1,0,0,0,2,1,0,0,0,0,0,0,0,0,0,0,0,0,1,7,1,50359,0,126,2007,SR-14-07,1E+20,0,35501943,91560445,1,1
5,59,8,26,7,21,2,2,0,1,1,1,0,12,1,1,1,2,2,70,2,2,2,1,0,0,0,1,1,0,0,7,21,7,24,99,99,0,0,0,0,1,1,0,50360,2500,931,2007,I-30-21,1E+20,0,34204291,92540310,2,1
5,51,8,26,18,13,1,1,0,0,6,4,0,42,0,1,4,1,2,35,2,2,2,1,0,0,0,1,1,0,0,18,16,18,23,99,99,0,0,0,0,1,1,0,50361,1907,0,2007,WARREN WATSON,1E+20,0,34372341,93000844,1,1
5,51,8,27,22,20,2,3,0,1,2,2,0,12,8,1,1,1,3,55,1,1,2,1,0,0,0,2,1,0,0,22,23,22,43,99,99,0,0,0,0,1,2,0,50362,0,115,2007,US-70-09,1E+20,0,34332191,92502880,2,1
5,7,8,28,8,8,2,2,0,0,5,2,0,12,5,1,1,1,2,55,1,1,2,1,20,3,0,1,1,0,0,8,13,8,15,99,99,0,0,0,0,1,3,0,50363,740,5,2007,US-279-00,W. FISH HATCHER,0,36210573,94181047,2,1
5,23,8,30,14,15,1,2,0,0,4,3,0,1,0,1,5,1,2,55,2,1,2,2,0,0,0,1,2,0,1,14,15,14,20,99,99,0,0,0,0,1,5,1,50364,0,112,2007,SR-25-02,1E+20,0,35271447,92035817,1,2
5,147,8,31,18,15,1,1,0,0,4,3,0,34,0,1,4,2,2,55,1,1,2,1,0,0,0,1,1,0,0,18,20,18,27,99,99,0,0,0,0,1,6,1,50365,0,45,2007,SR-145-04,1E+20,0,35132748,91101120,1,1
5,85,4,23,21,42,2,2,0,0,6,4,0,12,4,1,1,1,2,99,1,3,2,1,0,0,0,2,1,0,0,21,43,21,53,99,99,0,0,0,0,1,2,0,50366,0,0,2007,OLIVER LN.,1E+20,0,34543439,92003260,2,1
5,107,5,21,23,10,1,8,0,1,2,2,0,1,0,1,5,1,5,55,1,1,2,1,0,0,0,2,1,0,0,23,15,23,29,99,99,0,0,0,0,1,2,0,50367,0,161,2007,US-49-10,1E+20,0,34360496,91023927,1,1
5,119,6,2,17,5,2,2,0,0,6,4,0,7,0,2,1,1,2,45,2,1,2,2,0,0,0,1,2,0,0,17,16,17,28,99,99,0,0,0,0,1,7,1,50368,0,0,2007,JACKSONVILLE CONWAY,REPUBLICAN RD.,0,34562952,92122988,2,2
5,119,7,11,20,28,1,1,0,0,6,4,0,1,0,1,5,1,2,45,1,1,2,1,0,0,0,2,1,0,0,0,0,0,0,0,0,0,0,0,0,1,4,1,50369,0,0,2007,CRYSTAL VALLEY RD.,1E+20,0,34412573,92265826,1,1
5,119,8,25,7,45,2,2,0,0,13,3,0,12,2,1,1,1,5,40,1,1,2,1,0,0,0,1,1,0,0,7,49,7,59,99,99,0,0,0,0,1,7,1,50370,2880,15,2007,SR-107-01,1E+20,0,34474848,92152149,2,1
5,125,5,18,17,51,1,1,0,1,11,7,0,33,0,1,4,1,2,45,1,1,2,1,0,0,0,1,1,0,1,17,52,17,59,99,99,0,0,0,0,1,6,1,50371,330,1188,2007,I-30-22,1E+20,0,34353209,92334478,1,1
5,109,7,29,12,28,1,1,0,0,3,3,0,36,0,1,2,2,3,55,2,2,2,1,0,0,0,1,1,0,0,12,28,12,39,99,99,0,0,0,0,1,1,0,50372,2162,139,2007,SR-27-05,1E+20,0,34135987,93383205,1,1
5,119,7,20,23,0,1,4,0,0,6,4,0,1,0,1,4,9,2,99,1,3,2,1,0,0,0,2,1,0,0,23,0,23,10,99,99,0,0,0,0,1,6,2,50373,2036,0,2007,MILLS VALLEY RD.,1E+20,0,34584828,92123641,1,1
5,45,8,26,0,8,1,2,0,0,6,4,0,35,0,1,4,1,2,45,1,3,2,1,0,0,0,2,1,0,0,0,12,0,20,99,99,0,0,0,0,1,1,0,50374,0,0,2007,ELLIOTT RD.,1E+20,0,35110727,92240169,1,1
5,51,8,27,99,99,1,1,0,0,4,3,0,42,0,1,4,1,2,55,2,1,2,9,0,0,0,9,9,0,0,0,0,0,0,0,0,0,0,0,0,1,2,0,50375,0,33,2007,SR-5-06,1E+20,0,34360315,92560692,1,9
5,125,1,12,2,15,1,2,0,0,6,4,0,30,0,1,5,1,2,35,2,1,2,1,0,0,0,2,1,0,0,2,19,2,30,99,99,0,0,0,0,1,6,2,50376,0,0,2007,SLEEPY VILLAGE RD.,1E+20,0,34351915,92315022,1,1
5,119,6,28,20,42,2,4,0,0,13,2,0,12,2,1,1,1,4,40,1,1,2,1,20,3,0,1,1,0,0,20,42,20,47,99,99,0,0,0,0,1,5,0,50377,2880,22,2007,US-70-13,1E+20,0,34451956,92142489,2,1
5,19,8,12,1,18,1,1,0,0,6,4,0,34,0,1,5,1,2,40,1,1,2,1,0,0,0,2,1,0,0,1,27,99,99,99,99,0,0,0,0,1,1,1,50378,0,0,2007,WALKER RD.,1E+20,0,34141416,93273738,1,1
5,85,9,1,13,25,1,4,0,1,1,1,0,1,0,1,1,2,2,70,1,1,2,1,0,0,0,1,1,0,0,13,26,13,38,99,99,0,0,0,0,1,7,0,50379,0,1697,2007,I-40-41,1E+20,0,34474538,92020054,1,1
5,109,9,1,14,47,2,4,0,0,4,3,0,13,2,1,1,2,2,55,2,2,2,1,0,0,0,1,1,0,0,14,47,15,33,99,99,0,0,0,0,1,7,1,50380,0,49,2007,SR-195-06,1E+20,0,34001239,93303794,2,1
5,55,9,1,23,6,1,2,0,0,6,4,0,34,0,1,4,1,2,55,2,1,4,5,40,3,0,2,1,0,0,23,7,23,24,99,99,0,0,0,0,1,7,0,50381,0,0,2007,CR 823,1E+20,0,36083583,90222675,1,1
5,45,9,1,23,25,1,3,0,0,4,4,0,1,0,2,1,1,2,35,2,1,2,1,0,0,0,2,1,0,0,23,28,23,35,99,99,0,0,0,0,1,7,0,50382,0,0,2007,BURKETT FLAT  RD.,SHEILA DR.,0,35143497,92242561,1,1
5,99,9,3,19,5,1,1,0,1,1,1,0,42,0,1,5,2,2,70,1,2,2,2,0,0,0,1,2,0,0,0,0,0,0,0,0,0,0,0,0,1,2,0,50383,0,416,2007,I-30-13,1E+20,0,33525145,93193776,1,2
5,7,9,4,16,52,2,2,0,0,6,4,0,12,4,1,1,1,2,40,2,2,1,1,0,0,0,1,1,0,0,16,59,17,16,99,99,0,0,0,0,1,3,0,50384,0,0,2007,W. MOUNTAIN RD.,1E+20,0,36214301,94324570,2,1
5,85,9,5,12,30,1,2,0,1,1,1,0,42,0,1,4,2,2,65,1,1,2,2,0,0,0,1,1,0,0,12,35,12,50,99,99,0,0,0,0,1,4,0,50385,0,1773,2007,I-40-41,1E+20,0,34481114,91513081,1,1
5,3,9,6,17,20,2,2,0,0,16,6,0,12,5,2,1,1,2,30,1,1,2,1,0,0,0,1,1,0,0,17,22,17,25,99,99,0,0,0,0,1,5,0,50386,920,0,2007,W. 8TH AVE.,MISSISSIPPI ST.,0,33073196,91582064,2,1
5,5,9,6,18,23,2,7,0,0,3,3,0,12,4,2,1,1,2,55,1,3,2,1,0,0,0,1,1,0,0,18,27,18,28,99,99,0,0,0,0,1,5,0,50387,0,124,2007,SR-5-18,LINWOOD DR.,0,36162148,92173760,2,1
5,13,9,7,8,44,1,1,0,0,4,3,0,42,0,1,5,1,2,55,2,1,2,2,0,0,0,1,2,0,0,8,46,8,51,99,99,0,0,0,0,1,6,0,50388,0,1,2007,SR-274-06,1E+20,0,33461222,92233984,1,2
5,7,9,7,9,24,2,3,0,0,14,2,0,12,5,2,1,1,5,45,2,1,2,2,3,3,0,1,2,0,0,9,26,9,30,99,99,0,0,0,0,1,6,0,50389,340,14,2007,US-71-19B,SR-12,0,36200612,94110000,2,2
5,67,9,7,13,2,2,3,0,0,4,3,0,12,2,1,1,1,2,55,1,1,2,2,0,0,0,1,1,0,0,13,6,13,18,99,99,0,0,0,0,1,6,0,50390,0,127,2007,SR-18-01,1E+20,0,35385802,91034637,2,1
5,1,9,9,18,30,1,1,0,0,6,4,0,10,0,6,1,1,2,0,1,2,2,1,70,3,0,1,8,0,0,0,0,0,0,0,0,0,0,0,0,1,1,0,50391,0,0,2007,SENNING LOOP RD.,1E+20,9999999,34253996,91395240,1,8
5,35,9,11,6,25,2,4,0,0,3,2,0,12,2,3,1,1,2,55,1,1,2,1,20,3,0,2,1,0,0,6,28,6,40,0,0,0,0,0,0,1,3,0,50392,0,4,2007,US-64-17,US-64B,0,35160041,90294812,2,1
5,145,9,11,20,18,3,4,0,0,4,3,0,12,5,1,1,1,2,55,1,2,2,1,0,0,0,2,1,0,0,20,20,20,29,99,99,0,0,0,0,1,3,1,50393,0,48,2007,SR-385-01,1E+20,0,35173200,91404130,3,1
5,145,9,12,17,11,2,3,0,0,4,3,0,12,5,1,1,1,2,55,2,1,2,1,0,0,0,1,1,0,0,17,38,18,27,99,99,0,0,0,0,1,4,0,50394,0,215,2007,SR-157-01,1E+20,0,35315591,91391060,2,1