STATE,COUNTY,MONTH,DAY,HOUR,MINUTE,VE_TOTAL,PERSONS,PEDS,NHS,ROAD_FNC,ROUTE,SP_JUR,HARM_EV,MAN_COLL,REL_JUNC,REL_ROAD,TRAF_FLO,NO_LANES,SP_LIMIT,ALIGNMNT,PROFILE,PAVE_TYP,SUR_COND,TRA_CONT,T_CONT_F,HIT_RUN,LGT_COND,WEATHER1,WEATHER2,C_M_ZONE,NOT_HOUR,NOT_MIN,ARR_HOUR,ARR_MIN,HOSP_HR,HOSP_MN,SCH_BUS,CF1,CF2,CF3,FATALS,DAY_WEEK,DRUNK_DR,ST_CASE,CITY,MILEPT,YEAR,TWAY_ID,TWAY_ID2,RAIL,LATITUDE,LONGITUD,VE_FORMS,WEATHER
5,23,9,12,7,36,3,3,0,0,3,3,0,12,2,1,1,1,2,55,2,2,2,1,0,0,0,1,1,0,0,7,36,7,49,99,99,0,0,0,0,1,4,0,50395,0,110,2007,SR-16-12,1E+20,0,35253337,91515673,3,1
5,143,9,12,20,15,2,2,0,0,3,2,0,12,2,1,1,1,2,55,2,1,2,1,0,0,0,5,1,0,0,20,15,20,18,99,99,0,0,0,0,2,4,1,50396,3250,115,2007,US-62-01,1E+20,0,35575290,94205454,2,1
5,133,9,13,6,43,1,2,1,0,6,4,0,8,0,1,1,1,2,45,1,1,2,1,0,0,0,4,1,0,0,6,46,7,5,99,99,0,0,0,0,1,5,0,50397,0,0,2007,CENTRAL RD.,1E+20,0,33541514,94152347,1,1
5,125,9,13,23,49,1,1,0,1,11,1,0,1,0,1,1,3,6,70,1,2,1,1,0,0,0,2,1,0,0,23,52,0,2,99,99,0,0,0,0,1,5,0,50398,570,1261,2007,I-30-22,1E+20,0,34371193,92294329,1,1
5,51,9,15,2,14,2,4,0,0,13,2,0,30,0,1,5,1,4,45,1,3,2,1,0,0,0,2,1,0,2,2,14,2,18,99,99,0,0,0,0,1,7,1,50399,1907,38,2007,US-270-06B,VEDEA TER.,0,34281229,93001645,1,1
5,9,9,15,18,5,1,1,0,0,4,3,0,27,0,1,4,1,2,55,2,2,2,2,0,0,0,1,1,0,0,18,10,18,23,0,0,0,0,0,0,1,7,0,50400,0,8,2007,SR-14-00,1E+20,0,36290769,93160935,1,1
5,29,9,15,20,20,2,3,0,1,1,1,0,13,4,1,3,2,4,70,1,1,2,1,0,0,0,2,1,0,0,20,29,20,38,0,0,0,0,0,0,2,7,0,50401,0,1158,2007,I-40-31,1E+20,0,35094076,92360557,2,1
5,51,9,15,21,11,2,4,0,0,3,2,0,12,5,1,1,1,2,55,1,1,2,1,0,0,0,2,1,0,0,21,18,99,99,99,99,0,0,0,0,1,7,1,50402,1907,41,2007,US-70-08,1E+20,0,34254797,93170518,2,1
5,131,9,16,1,30,2,4,0,0,16,6,0,12,5,2,1,4,2,30,1,1,2,1,20,3,1,2,1,0,0,1,32,1,38,99,99,0,0,0,0,1,1,1,50403,1370,0,2007,N. B ST.,N. 21ST ST.,0,35224689,94243615,2,1
5,49,9,16,13,40,3,4,0,0,4,3,0,12,2,1,1,1,2,55,2,2,2,1,0,0,0,9,8,0,0,13,45,13,58,99,99,0,0,0,0,1,1,0,50404,0,22,2007,SR-395-01,1E+20,0,36284599,91484610,3,8
5,67,9,16,15,21,1,2,0,0,4,3,0,32,0,1,4,1,2,55,1,1,2,1,0,0,0,1,1,0,0,15,24,15,31,99,99,0,0,0,0,1,1,0,50405,0,45,2007,SR-14-12,1E+20,0,35341862,91155310,1,1
5,143,9,17,1,59,1,1,0,1,1,1,0,32,0,1,5,2,2,70,1,1,1,1,0,0,0,2,1,0,0,3,14,3,24,99,99,0,0,0,0,1,2,1,50406,0,461,2007,I-540-04,1E+20,0,35482533,94111601,1,1
5,15,9,17,11,35,2,2,0,0,4,3,0,12,2,2,1,1,2,55,2,1,2,1,0,0,0,1,1,0,0,11,40,11,48,99,99,0,0,0,0,1,2,0,50407,0,91,2007,SR-23-11,CR 228,0,36283767,93415441,2,1
5,51,9,18,5,40,1,1,0,0,4,3,0,34,0,1,5,1,2,55,2,4,2,1,0,0,0,2,1,0,0,5,42,5,48,99,99,0,0,0,0,1,3,0,50408,0,39,2007,SR-5-06,1E+20,0,34362346,92552897,1,1
5,37,9,18,13,43,2,6,0,0,3,2,0,12,2,1,1,1,3,55,1,1,2,1,0,0,0,1,1,0,0,99,99,99,99,99,99,0,0,0,0,1,3,0,50409,0,95,2007,US-64-15,CR 255,0,35150600,90530400,2,1
5,145,9,19,20,48,2,3,0,1,12,2,0,13,5,1,1,2,4,70,1,2,2,1,0,0,0,2,1,0,0,20,48,20,54,99,99,0,0,0,0,1,4,1,50410,0,206,2007,US-67-12,1E+20,0,35145619,91412205,2,1
5,7,9,19,18,24,1,1,0,0,3,3,0,1,0,1,1,1,2,55,2,2,2,1,40,3,0,1,1,0,0,0,0,0,0,0,0,0,0,0,0,1,4,0,50411,0,50,2007,SR-59-02,1E+20,0,36064295,94320031,1,1
5,31,9,20,16,0,2,2,0,0,2,3,0,12,4,1,1,1,2,55,1,1,2,1,0,0,0,1,1,0,0,0,0,0,0,0,0,0,0,0,0,1,5,0,50412,0,173,2007,SR-18-04,1E+20,0,35494464,90251642,2,1
5,119,9,20,23,18,3,5,0,1,2,2,0,12,2,1,1,2,2,30,1,1,1,1,0,0,0,2,1,0,0,23,28,0,15,99,99,0,0,0,0,2,5,1,50413,0,143,2007,US-67-10,1E+20,0,34562895,92042404,3,1
5,63,9,21,19,39,3,4,0,1,13,3,0,12,2,2,1,1,4,35,1,2,2,1,0,0,0,2,1,0,0,19,47,19,50,99,99,0,0,0,0,1,6,0,50414,250,3,2007,SR-167-18,PORTER ST.,0,35462775,91382709,3,1
5,83,9,22,11,38,1,1,0,0,4,3,0,7,0,1,4,1,2,55,2,2,2,1,0,0,0,1,1,0,0,0,0,0,0,0,0,0,0,0,0,1,7,0,50415,0,37,2007,SR-309-02,1E+20,0,35093034,93360333,1,1
5,21,9,22,21,55,1,1,0,0,4,3,0,34,0,1,4,1,2,55,2,1,2,1,0,0,0,2,1,0,0,0,0,0,0,0,0,0,0,0,0,1,7,1,50416,0,28,2007,SR-90-02,1E+20,0,36175584,90173149,1,1
5,35,9,23,11,59,2,5,0,0,16,6,0,12,5,2,1,1,2,30,1,1,2,1,20,3,0,1,1,0,0,12,5,12,7,99,99,0,0,0,0,1,1,0,50417,4120,0,2007,RHODES,W. OLIVER,0,35085738,90111533,2,1
5,5,9,24,13,3,2,3,0,1,2,2,0,12,5,2,1,1,4,55,1,1,2,1,20,3,0,1,1,0,0,13,3,13,10,99,99,0,0,0,0,2,2,0,50418,0,63,2007,US-62-10,TOWN PARK DR.,0,36183935,92252251,2,1
5,87,9,22,23,0,1,1,0,0,4,3,0,18,0,1,5,1,2,55,2,2,2,1,0,0,0,2,1,0,0,0,0,0,0,0,0,0,0,0,0,1,7,0,50419,0,22,2007,SR-21-04,1E+20,0,36010659,93270775,1,1
5,7,9,25,11,38,2,3,0,0,16,6,0,12,2,1,1,1,2,30,2,2,2,1,0,0,0,1,1,0,0,11,38,11,55,99,99,0,0,0,0,1,3,1,50420,315,0,2007,SPANKER RD.,1E+20,0,36255956,94123091,2,1
5,121,9,26,12,40,1,4,3,0,4,3,0,18,0,2,1,1,2,55,1,3,2,1,0,0,0,1,1,0,0,12,44,13,0,99,99,0,15,0,0,1,4,0,50421,0,32,2007,SR-93-01,SR-231,0,36235165,91063204,1,1
5,25,9,26,17,25,2,2,0,0,3,2,0,12,5,2,1,1,2,55,1,2,2,2,20,3,0,1,2,0,0,17,30,17,40,99,99,0,0,0,0,1,4,0,50422,0,226,2007,US-63-15,SR-35,0,33492004,92001063,2,2
5,15,9,28,11,17,2,3,0,1,2,2,0,12,2,1,1,1,2,55,2,2,2,1,0,0,0,1,1,0,0,11,17,11,36,99,99,0,0,0,0,2,6,0,50424,0,180,2007,US-412-05,1E+20,0,36152301,93193776,2,1
5,49,9,29,8,54,1,1,0,1,2,2,0,42,0,1,5,1,3,55,2,2,2,1,0,0,0,1,1,0,0,8,55,9,5,0,0,0,0,0,0,1,7,0,50425,0,49,2007,US-62-13,1E+20,0,36193196,91462359,1,1
5,143,9,29,14,21,1,1,0,0,13,3,0,42,0,1,4,1,2,40,2,2,2,1,0,0,0,1,1,0,0,14,28,14,33,99,99,0,0,0,0,1,7,0,50426,1310,64,2007,SR-265-02,1E+20,0,36083654,94070352,1,1
5,43,9,29,22,40,1,4,0,0,4,3,0,31,0,1,4,1,2,55,2,1,2,1,0,0,0,2,1,0,0,22,45,22,56,99,99,0,0,0,0,1,7,2,50427,0,48,2007,SR-138-03,1E+20,0,33400966,91423775,1,1
5,43,9,30,1,37,1,3,0,0,6,4,0,42,0,1,5,1,2,45,2,1,2,1,0,0,0,3,1,0,0,99,99,99,99,99,99,0,0,0,0,1,1,1,50428,0,0,2007,FLORANCE RD.,1E+20,0,33400878,91452863,1,1
5,119,9,30,3,12,2,3,1,1,11,1,0,8,0,1,1,2,2,70,1,1,2,1,0,0,0,2,1,0,0,0,0,0,0,0,0,0,0,0,0,1,1,1,50429,2880,1605,2007,I-40-33,1E+20,0,34470825,92072129,2,1
5,143,9,30,6,52,1,1,0,1,1,1,0,35,0,1,5,3,2,70,1,2,1,1,0,0,0,2,1,0,0,6,52,6,57,99,99,0,0,0,0,1,1,1,50430,0,451,2007,I-540-04,1E+20,0,35522397,94104102,1,1
5,131,9,30,7,0,1,1,0,0,14,3,0,37,0,1,4,1,2,45,1,1,2,9,0,0,0,9,9,0,0,0,0,0,0,0,0,0,0,0,0,1,1,1,50431,1370,33,2007,SR-45-02,1E+20,0,35195131,94231445,1,9
5,67,9,30,21,58,2,2,0,0,6,4,0,12,4,1,1,1,2,45,2,1,4,1,0,0,0,2,1,0,0,21,58,22,22,99,99,0,0,0,0,1,1,1,50432,0,0,2007,CR 2,1E+20,0,35303600,91285000,2,1
5,111,10,1,5,0,1,1,0,0,4,3,0,34,0,1,4,1,2,55,1,1,2,2,0,0,0,4,2,0,0,0,0,0,0,0,0,0,0,0,0,1,2,0,50433,0,50,2007,SR-118-02,1E+20,0,35300211,90212979,1,2
5,119,9,19,15,47,2,2,0,0,14,3,0,12,5,2,1,1,5,35,1,1,2,1,98,3,0,1,1,0,0,15,57,16,0,99,99,0,0,0,0,1,4,1,50434,2880,4,2007,SR-176-01,W. 38TH ST.,0,34472554,92163314,2,1
5,99,10,1,8,0,1,1,0,0,4,3,0,42,0,1,4,1,2,55,2,2,2,2,0,0,0,1,2,0,0,0,0,0,0,0,0,0,0,0,0,1,2,0,50435,442,21,2007,SR-387-01,1E+20,0,33411792,93070222,1,2
5,69,10,1,22,50,1,2,1,1,12,2,0,8,0,2,1,2,2,45,2,2,2,1,0,0,0,3,1,0,0,23,50,23,53,99,99,0,0,0,0,1,2,1,50436,3150,36,2007,US-65-14B,N. LARCH ST.,0,34134795,92021515,1,1
5,71,10,2,20,25,1,1,0,0,4,3,0,1,0,1,4,1,2,55,2,2,2,1,0,0,0,2,1,0,0,20,33,20,47,99,99,0,0,0,0,1,3,0,50437,800,109,2007,SR-164-00,1E+20,0,35330706,93350423,1,1
5,143,10,2,21,53,3,4,0,1,11,1,0,12,1,1,1,2,2,65,1,2,2,2,0,0,1,2,2,0,0,0,0,0,0,0,0,0,0,0,0,1,3,1,50438,1310,645,2007,I-540-04-,1E+20,0,36051168,94113442,3,2
5,85,10,2,22,13,1,2,1,0,3,3,0,9,0,1,1,3,2,55,1,1,2,1,0,0,2,2,1,0,0,0,0,0,0,0,0,0,0,0,0,1,3,1,50439,0,12,2007,SR-294-02,1E+20,0,34505448,92032309,1,1
5,123,10,3,10,0,2,2,0,0,13,3,0,12,1,2,1,1,2,55,1,1,2,1,0,0,0,1,1,0,0,10,2,10,4,99,99,0,0,0,0,1,4,0,50440,1360,18,2007,SR-1-12B,CR 226,0,35021320,90472348,2,1
5,7,10,3,10,42,2,2,0,0,14,3,0,12,5,2,1,1,4,40,1,1,2,1,3,3,0,1,1,0,0,10,42,10,46,99,99,0,0,0,0,1,4,0,50441,340,5,2007,SR-112-03,SE 28TH,0,36203350,94115047,2,1
5,7,10,3,15,57,1,1,0,1,11,1,0,7,0,1,1,2,2,70,1,1,2,1,0,0,0,1,1,0,0,16,2,16,5,99,99,0,0,0,0,1,4,1,50442,3390,832,2007,I-540-05,1E+20,0,36192470,94110581,1,1
5,51,10,4,12,33,1,1,0,0,4,3,0,42,0,1,4,1,2,45,2,1,2,1,0,0,0,1,1,0,0,12,46,12,56,99,99,0,0,0,0,1,5,0,50443,0,0,2007,SR-171-02,1E+20,0,34244030,92565399,1,1
5,7,10,4,17,57,2,4,1,1,2,2,0,12,1,1,1,2,2,65,2,1,2,1,0,0,0,1,1,0,0,18,1,18,13,99,99,0,0,0,0,1,5,0,50444,0,135,2007,US-412-01,1E+20,0,36105362,94201200,2,1
5,111,10,4,19,21,1,1,0,0,3,3,0,22,0,1,4,1,2,55,1,1,2,1,0,0,0,2,1,0,0,0,0,0,0,0,0,0,0,0,0,1,5,0,50445,0,164,2007,SR-14-13,1E+20,0,35335109,90445667,1,1
5,85,10,5,11,33,2,2,0,0,3,3,0,12,5,2,1,1,4,55,2,1,2,1,20,3,0,1,1,0,0,11,33,12,0,99,99,0,0,0,0,1,6,0,50446,0,82,2007,SR-5-12,SR-319,0,35032052,92051059,2,1
5,57,10,5,14,45,1,1,0,0,4,3,0,7,0,1,4,1,2,55,1,1,2,1,0,0,0,1,1,0,0,15,6,15,15,99,99,0,0,0,0,1,6,1,50447,0,24,2007,SR-299-00,1E+20,0,33434802,93292607,1,1
5,31,10,6,1,3,1,2,0,0,16,6,0,32,0,1,4,1,2,40,1,1,2,1,0,0,0,2,1,0,0,0,0,0,0,0,0,0,0,0,0,1,7,1,50448,2070,0,2007,ARROWHEAD FARM RD.,1E+20,0,35522023,90433021,1,1
5,145,10,6,8,15,2,2,0,0,3,3,0,12,2,1,1,1,2,55,1,2,2,1,8,3,0,1,1,0,0,8,21,8,38,99,99,0,0,0,0,1,7,0,50449,0,18,2007,SR-5-13,1E+20,0,35053530,92050547,2,1
5,59,10,6,9,5,1,1,0,0,4,3,0,1,0,2,4,1,2,55,1,1,2,1,0,0,0,1,1,0,0,9,8,9,25,99,99,0,0,0,0,1,7,0,50450,0,76,2007,SR-84-06,LUCKY PINE RD.,0,34195519,93024626,1,1
5,19,10,6,9,13,2,3,0,0,3,3,0,12,2,1,1,1,3,55,1,2,2,1,0,0,0,1,1,0,0,9,15,9,20,99,99,0,0,0,0,3,7,1,50451,603,21,2007,SR-7-07,1E+20,0,34123566,93044841,2,1
5,143,10,6,19,50,2,3,0,0,13,2,0,12,5,4,1,1,5,40,1,1,2,1,0,0,1,3,1,0,0,19,51,19,57,99,99,0,0,0,0,1,7,0,50452,1310,52,2007,US-71-16B,ARTS PLACE,0,36053954,94090999,2,1
5,145,10,6,22,20,1,1,0,1,2,2,0,7,0,1,2,1,2,55,2,1,2,1,0,0,0,2,1,0,0,0,0,0,0,0,0,0,0,0,0,1,7,1,50453,0,5,2007,US-64-10,1E+20,0,35062958,92063851,1,1
5,145,10,7,17,37,1,1,0,1,2,2,0,42,0,5,5,2,3,70,2,9,1,1,0,0,0,1,1,0,0,17,38,17,44,99,99,0,0,0,0,1,1,0,50454,0,1,2007,US-67-13,1E+20,0,35150785,91411618,1,1
5,51,10,8,19,45,1,3,0,0,4,3,0,30,0,1,4,1,2,55,1,1,2,2,0,0,0,2,2,0,0,19,49,19,57,99,99,0,0,0,0,1,2,0,50455,0,32,2007,SR-5-06,1E+20,0,34344474,92585062,1,2
5,135,10,8,12,57,2,3,0,1,2,2,0,12,5,2,1,1,5,55,1,1,2,2,3,3,0,1,2,0,0,12,57,12,59,99,99,0,0,0,0,2,2,0,50456,9999,60,2007,US-62-17,IRIQUOIS DR.,0,36153637,91325053,2,2
5,1,10,8,14,30,2,4,0,1,2,2,0,12,3,2,1,1,2,55,1,1,2,1,0,0,0,1,1,0,0,15,27,15,36,99,99,0,0,0,0,1,2,0,50457,0,142,2007,US-165-05,CLIVECOLLIER RD,0,34095171,91203949,2,1
5,145,10,9,7,49,2,3,0,0,13,2,0,12,5,1,1,1,5,40,1,1,2,1,21,3,0,1,1,0,0,7,50,7,54,99,99,0,0,0,0,1,3,0,50458,3530,62,2007,US-67-12C,1E+20,0,35150150,91412379,2,1
5,101,10,10,14,10,1,1,0,0,4,3,0,7,0,1,1,1,2,55,2,2,2,1,28,3,0,1,1,0,0,14,17,14,30,99,99,0,0,0,0,1,4,0,50459,0,282,2007,SR-123-01,1E+20,0,35492209,93035080,1,1
5,93,10,10,16,16,1,2,0,0,6,4,0,10,0,6,1,1,2,45,1,1,4,1,70,3,0,1,1,0,0,16,20,16,37,99,99,0,0,0,0,1,4,0,50460,1425,0,2007,CR S203,1E+20,9999999,35275689,90105556,1,1
5,145,10,11,7,47,2,2,0,0,4,5,0,12,5,2,1,1,2,55,1,3,2,1,20,3,0,1,1,0,0,7,47,7,53,99,99,0,0,0,0,1,5,0,50461,290,52,2007,SR-31-04,US-67,0,35053027,91525531,2,1
5,11,10,12,0,31,1,1,0,0,4,3,0,42,0,1,5,1,2,55,2,1,2,1,0,0,0,2,1,0,0,0,39,0,59,99,99,0,0,0,0,1,6,0,50462,0,38,2007,SR-160-08,1E+20,0,33260030,92134197,1,1
5,121,10,12,10,43,2,3,0,1,2,2,0,12,2,1,1,1,2,45,2,1,2,1,0,0,0,1,1,0,0,10,45,10,49,99,99,0,0,0,0,2,6,0,50463,3190,23,2007,US-67-19,1E+20,0,36165847,90564594,2,1
5,105,10,13,12,45,1,1,0,0,2,3,0,34,0,2,4,1,2,55,2,2,2,1,0,0,0,1,1,0,0,0,0,0,0,0,0,0,0,0,0,1,7,0,50464,0,121,2007,SR-7-11,TRAIL 210,0,34534466,93070295,1,1
5,1,10,16,6,50,2,2,0,0,2,2,0,12,4,1,1,1,2,55,1,1,2,2,0,0,0,1,5,0,0,7,0,7,5,99,99,0,0,0,0,1,3,0,50465,0,39,2007,US-165-06,1E+20,0,34321609,91335396,2,5
5,35,10,16,22,41,1,2,1,1,11,1,0,8,0,1,1,2,2,65,1,1,2,1,0,0,0,2,1,0,0,22,43,22,48,99,99,0,0,0,0,1,3,0,50466,4120,2803,2007,I-40-52,1E+20,0,35092126,90082678,1,1
5,141,10,18,11,20,1,1,0,0,3,3,0,42,0,1,4,1,2,55,2,2,2,1,0,0,0,1,1,0,0,0,0,0,0,0,0,0,0,0,0,1,5,1,50467,0,28,2007,SR-9-09,1E+20,0,35291856,92291138,1,1
5,145,10,19,6,54,2,3,0,0,4,3,0,12,2,1,1,1,5,45,1,1,2,1,0,0,0,1,1,0,0,6,54,7,1,99,99,0,0,0,0,1,6,0,50468,3530,190,2007,SR-36-03,1E+20,0,35144761,91464734,2,1
5,115,10,19,20,56,2,5,0,0,4,3,0,12,2,1,1,1,2,55,1,1,2,1,0,0,0,2,1,0,0,20,56,21,2,99,99,0,0,0,0,1,6,1,50469,190,18,2007,SR-247-01,1E+20,0,35171335,92543698,2,1
5,31,10,20,8,40,1,2,0,1,2,2,0,11,0,1,1,1,5,55,2,1,2,1,98,3,0,1,1,0,0,8,50,8,59,99,99,0,0,0,0,1,7,0,50470,0,66,2007,US-63-06,1E+20,0,35530353,90471841,1,1
5,87,10,20,16,14,2,5,0,0,4,3,0,7,0,1,1,1,2,55,2,1,2,1,0,0,0,1,1,0,0,0,0,0,0,0,0,0,0,0,0,1,7,1,50471,0,33,2007,SR-127-02,1E+20,0,36155008,93494984,2,1
5,105,10,21,0,15,1,1,0,0,6,4,0,30,0,1,4,1,2,55,2,1,2,1,0,0,0,2,1,0,0,0,18,0,36,99,99,0,0,0,0,1,1,0,50472,360,0,2007,WATERPLANT RD.,1E+20,0,34595323,92381515,1,1
5,143,10,21,6,7,1,2,1,1,11,1,0,8,0,1,1,2,2,65,1,1,2,1,0,0,0,2,1,0,0,6,7,6,13,99,99,0,0,0,0,1,1,0,50473,3670,710,2007,I-540-04,1E+20,0,36095820,94111281,1,1
5,111,10,21,10,15,2,4,0,1,2,3,0,12,2,1,1,1,2,55,1,1,2,1,0,0,0,1,1,0,0,10,21,10,26,99,99,0,0,0,0,2,1,0,50474,0,17,2007,SR-1-16,1E+20,0,35355595,90432119,2,1
5,31,10,21,12,51,1,4,0,0,3,3,0,10,0,6,1,1,2,55,1,1,2,1,61,3,0,1,1,0,0,13,0,13,17,99,99,0,0,0,0,1,1,0,50475,0,0,2007,SR-226-03,1E+20,787838H,35473200,90483983,1,1
5,49,10,21,13,29,4,6,0,1,2,2,0,12,2,1,1,1,2,55,2,2,2,1,0,0,0,1,1,0,0,13,30,13,35,99,99,0,0,0,0,1,1,0,50476,0,174,2007,US-62-12,1E+20,0,36231711,91522281,4,1
5,85,10,23,1,6,2,2,0,1,1,1,0,12,2,1,1,2,2,65,1,1,2,2,0,0,0,2,2,0,0,0,0,0,0,0,0,0,0,0,0,1,3,1,50477,0,1764,2007,I-40-41,1E+20,0,34481379,91514477,2,2
5,131,10,24,6,20,2,2,0,0,4,3,0,12,2,1,1,1,2,55,2,2,2,1,0,0,0,2,1,0,0,0,0,0,0,0,0,0,0,0,0,1,4,0,50478,0,90,2007,SR-45-01,1E+20,0,35075301,94221938,2,1
5,69,10,24,16,7,2,3,0,1,1,1,0,12,7,1,1,2,2,70,1,1,1,1,0,0,0,1,1,0,0,16,8,16,15,99,99,0,0,0,0,1,4,0,50479,0,243,2007,I-530-05,1E+20,0,34253523,92113185,2,1
5,83,10,25,10,38,2,4,0,0,3,3,0,12,4,1,1,1,2,55,1,1,2,1,0,0,0,1,1,0,0,10,38,10,46,99,99,0,0,0,0,2,5,0,50480,0,53,2007,SR-10-02,1E+20,0,35083017,93563081,2,1
5,121,10,26,19,0,2,2,0,1,2,2,0,12,4,1,1,1,4,55,1,1,2,2,0,0,0,2,2,0,0,19,10,19,30,99,99,0,0,0,0,1,6,0,50481,0,41,2007,US-67-18,1E+20,0,36123670,90573023,2,2
5,123,10,27,0,50,2,3,0,1,1,1,0,13,4,1,1,2,4,70,1,1,2,1,0,0,0,2,1,0,0,0,55,0,59,99,99,0,0,0,0,1,7,1,50482,0,2422,2007,I-40-51,1E+20,0,35015699,90433877,2,1
5,29,10,27,5,36,2,2,0,1,1,1,0,13,4,1,1,2,4,70,1,1,2,1,0,0,0,2,1,0,0,0,0,0,0,0,0,0,0,0,0,2,7,1,50483,0,1178,2007,I-40-31,1E+20,0,35091007,92330948,2,1
5,133,10,28,0,19,2,2,0,1,2,2,0,12,2,1,1,1,2,55,1,1,2,1,0,0,0,2,1,0,0,0,19,0,23,99,99,0,0,0,0,1,1,0,50484,0,103,2007,US-71-05,1E+20,0,33552364,94103400,2,1
5,119,10,28,18,56,2,6,0,0,16,6,0,12,2,1,1,1,4,35,1,1,2,1,0,0,0,3,1,0,0,18,56,18,59,99,99,0,0,0,0,1,1,1,50485,2320,0,2007,GEYER SPRINGS,1E+20,0,34392586,92204189,2,1
5,15,10,29,17,50,2,3,0,0,3,3,0,12,2,1,1,1,2,55,1,3,2,1,0,0,0,1,1,0,0,17,55,18,3,99,99,0,0,0,0,2,2,0,50486,0,35,2007,SR-23-10,1E+20,0,36204496,93450468,2,1
5,31,10,29,20,30,2,4,0,1,13,2,0,12,2,1,1,1,5,45,1,2,2,1,0,0,0,2,1,0,0,20,30,20,35,99,99,0,0,0,0,1,2,0,50487,2070,107,2007,US-49-03,1E+20,0,35512198,90393287,2,1
5,121,10,29,22,24,1,1,0,0,6,4,0,42,0,1,5,1,2,35,2,2,2,1,0,0,0,2,1,0,0,22,24,22,29,99,99,0,0,0,0,1,2,1,50488,3190,0,2007,BLACKS FERRY RD.,1E+20,0,36181317,91030129,1,1
5,145,10,30,8,5,1,3,0,1,2,2,0,30,0,2,4,1,5,55,2,2,2,1,0,0,0,1,1,0,0,8,9,8,24,99,99,0,0,0,0,1,3,0,50489,0,20,2007,US-167-14,SUMAC RD.,0,35310095,91360383,1,1
5,51,10,31,10,43,3,4,0,1,2,2,0,12,1,1,1,1,3,55,1,1,2,1,0,0,0,1,1,0,0,0,0,0,0,0,0,0,0,0,0,1,4,0,50490,0,114,2007,US-70-09,1E+20,0,34275307,93031244,3,1
5,119,10,31,17,13,5,5,0,1,12,1,0,12,1,1,1,3,2,65,1,1,1,1,0,0,0,1,1,0,0,17,32,17,43,99,99,0,0,0,0,1,4,1,50491,2880,134,2007,I-440-02,1E+20,0,34491811,92094393,5,1
5,119,8,22,21,55,1,3,0,0,16,6,0,34,0,2,5,1,2,30,9,2,2,1,0,0,0,2,1,0,0,99,99,99,99,99,99,0,0,0,0,1,4,1,50492,2880,0,2007,MARCHE RD.,JAWORSKI,0,34525777,92214393,1,1
5,119,10,11,14,5,2,4,0,0,16,6,0,12,2,2,1,1,4,30,1,1,2,1,0,0,0,1,1,0,0,14,10,14,20,99,99,0,0,0,0,1,5,1,50493,2880,0,2007,PERCY MACHIN,SHERIFF LN.,0,34465289,92163340,2,1
5,101,11,1,0,4,1,1,0,0,3,3,0,34,0,1,5,1,2,55,2,1,2,1,0,0,0,2,1,0,0,0,4,0,6,99,99,0,0,0,0,1,5,1,50494,0,112,2007,SR-7-18,1E+20,0,35574870,93091309,1,1
5,7,9,18,19,49,1,2,0,0,6,3,0,24,0,1,4,1,2,45,2,2,2,1,0,0,0,2,1,0,0,19,49,19,54,99,99,0,0,0,0,1,3,1,50495,315,3,2007,SR-340-01,1E+20,0,36274443,94175416,1,1
5,95,11,1,11,16,1,1,0,0,4,3,0,34,0,1,4,1,2,55,1,1,1,1,0,0,0,1,1,0,0,11,18,11,30,99,99,0,0,0,0,1,5,0,50496,550,78,2007,SR-17-02,1E+20,0,34465771,91143932,1,1
5,135,11,1,12,8,1,1,0,0,6,6,0,42,0,1,5,1,2,30,2,1,2,1,0,0,0,1,1,0,0,12,8,12,13,99,99,0,0,0,0,1,5,0,50497,755,0,2007,POTTAWATTAMIE DR.,1E+20,0,36161447,91331354,1,1
5,33,11,2,23,26,1,3,0,1,1,1,0,1,0,1,1,2,2,70,1,1,1,1,0,0,0,2,1,0,0,23,29,23,48,99,99,0,0,0,0,1,6,0,50498,0,258,2007,I-540-03,1E+20,0,35355327,94120377,1,1
5,123,11,3,10,27,2,4,0,1,1,1,0,12,1,1,1,2,2,70,1,1,2,1,0,0,0,1,1,0,0,10,27,10,45,99,99,0,19,0,0,1,7,0,50499,0,2300,2007,I-40-51,1E+20,0,34575925,90583022,2,1
5,91,11,6,12,17,2,4,0,0,4,2,0,12,2,1,1,1,2,55,1,1,1,1,50,3,0,1,1,0,1,12,17,12,27,99,99,0,0,0,0,1,3,0,50500,0,90,2007,US-67-01,1E+20,0,33305331,93554901,2,1
5,57,11,7,1,0,1,3,0,1,1,1,0,24,0,1,2,2,2,70,2,2,2,1,0,0,0,2,1,0,0,1,30,1,50,99,99,0,0,0,0,1,4,1,50501,0,188,2007,I-30-12,1E+20,0,33364344,93475126,1,1
5,37,11,8,23,51,1,2,0,0,4,3,0,42,0,1,4,1,2,55,2,1,2,1,0,0,0,2,1,0,0,0,5,0,18,99,99,0,0,0,0,2,5,1,50502,0,136,2007,SR-364-01,1E+20,0,35184883,90474631,1,1
5,5,11,9,10,43,1,1,0,0,3,3,0,32,0,1,4,1,2,55,2,1,2,1,0,0,0,1,1,0,0,99,99,99,99,99,99,0,0,0,0,1,6,0,50503,0,121,2007,SR-5-18,1E+20,0,36103033,92135656,1,1