STATE,COUNTY,MONTH,DAY,HOUR,MINUTE,VE_TOTAL,PERSONS,PEDS,NHS,ROAD_FNC,ROUTE,SP_JUR,HARM_EV,MAN_COLL,REL_JUNC,REL_ROAD,TRAF_FLO,NO_LANES,SP_LIMIT,ALIGNMNT,PROFILE,PAVE_TYP,SUR_COND,TRA_CONT,T_CONT_F,HIT_RUN,LGT_COND,WEATHER1,WEATHER2,C_M_ZONE,NOT_HOUR,NOT_MIN,ARR_HOUR,ARR_MIN,HOSP_HR,HOSP_MN,SCH_BUS,CF1,CF2,CF3,FATALS,DAY_WEEK,DRUNK_DR,ST_CASE,CITY,MILEPT,YEAR,TWAY_ID,TWAY_ID2,RAIL,LATITUDE,LONGITUD,VE_FORMS,WEATHER
5,119,11,9,19,17,1,5,1,1,1,1,0,8,0,1,1,2,2,70,1,2,2,1,0,0,0,2,1,0,0,19,17,19,24,99,99,0,0,0,0,1,6,1,50504,2880,1611,2007,I-40-33,1E+20,0,34470684,92073503,1,1
5,119,11,10,18,57,1,2,1,0,13,3,0,8,0,1,1,1,2,45,1,2,2,1,0,0,0,2,1,0,0,0,0,0,0,0,0,0,0,0,0,1,7,1,50505,0,96,2007,SR-365-11,1E+20,0,34505620,92202558,1,1
5,103,11,11,11,14,2,4,0,0,4,3,0,12,2,1,4,1,2,55,1,2,2,1,0,0,0,1,1,0,1,11,17,11,35,99,99,0,0,0,0,1,1,0,50506,0,22,2007,SR-387-02,1E+20,0,33395466,93044998,2,1
5,35,11,11,14,0,1,1,0,0,6,6,0,18,0,1,4,2,2,35,1,1,2,1,0,0,0,1,1,0,0,99,99,14,34,0,0,0,0,0,0,1,1,0,50507,1525,0,2007,MENESHA RD.,1E+20,0,35243956,90161793,1,1
5,149,11,11,14,10,1,1,0,0,3,3,0,1,0,1,5,1,2,99,2,3,2,1,0,0,0,1,1,0,0,14,10,14,23,99,99,0,0,0,0,1,1,0,50508,0,151,2007,SR-27-08,1E+20,0,34540738,93234775,1,1
5,89,11,12,21,10,1,3,0,0,5,3,0,1,0,1,2,1,2,55,9,1,2,1,0,0,0,2,1,0,0,21,12,99,99,99,99,0,0,0,0,1,2,0,50509,0,680,2007,SR-101-02,1E+20,0,36122777,92294544,1,1
5,135,11,12,12,18,2,2,0,0,3,2,0,12,4,1,1,1,3,55,1,2,2,2,0,0,0,1,2,0,0,12,18,12,28,99,99,0,0,0,0,1,2,0,50510,1720,5,2007,US-63-02B,1E+20,0,36193106,91293357,2,2
5,119,11,14,3,0,1,1,0,0,13,3,0,36,0,1,4,1,2,55,2,1,2,1,0,0,0,2,1,0,0,0,0,0,0,0,0,0,0,0,0,1,4,1,50511,2880,84,2007,SR-365-11,1E+20,0,34510971,92203409,1,1
5,93,11,14,1,4,1,2,1,1,1,1,0,8,0,1,1,2,2,65,1,1,2,1,0,0,0,2,1,0,0,1,5,1,19,99,99,0,0,0,0,1,4,1,50512,450,689,2007,I-55-12,1E+20,0,35572211,89522888,1,1
5,93,11,14,11,3,1,3,0,1,1,1,0,42,0,1,5,2,2,70,1,9,2,1,0,0,0,1,1,0,0,11,9,11,32,99,99,0,0,0,0,1,4,0,50513,0,319,2007,I-55-12,1E+20,0,35300299,90111046,1,1
5,23,11,14,14,46,1,1,0,0,3,3,0,34,0,1,4,1,2,45,1,2,2,1,0,0,0,1,1,0,0,0,0,0,0,0,0,0,0,0,0,1,4,1,50514,0,4,2007,SR-16-12,1E+20,0,35255751,92062005,1,1
5,7,11,14,18,4,2,2,0,0,13,2,0,12,5,2,1,1,5,45,1,1,2,1,3,3,0,2,1,0,0,18,8,18,16,99,99,0,0,0,0,1,4,0,50515,3390,113,2007,US-71-18B,S. 40TH ST.,0,36200546,94103018,2,1
5,31,11,16,16,16,2,4,0,1,13,2,0,12,2,1,1,1,5,50,1,1,2,1,0,0,0,1,1,0,0,16,17,16,19,99,99,0,0,0,0,1,6,0,50516,2070,91,2007,US-49-03,1E+20,0,35515134,90374599,2,1
5,141,11,16,18,50,1,1,0,1,2,2,0,1,0,1,2,1,3,55,2,2,2,1,0,0,0,2,1,0,0,0,0,0,0,0,0,0,0,0,0,1,6,0,50517,0,76,2007,US-65-08,1E+20,0,35295828,92253332,1,1
5,35,11,16,21,52,1,1,0,0,16,3,0,1,0,1,5,1,2,40,1,1,2,1,0,0,0,3,1,0,0,21,55,22,3,99,99,0,0,0,0,1,6,1,50518,4120,41,2007,SR-118-04,1E+20,0,35085749,90132819,1,1
5,119,11,17,3,30,1,1,0,1,11,1,0,25,0,1,4,3,3,60,1,1,2,1,0,0,0,3,1,0,0,3,33,3,39,99,99,0,0,0,0,1,7,1,50519,2320,48,2007,I-630-21,1E+20,0,34444160,92202923,1,1
5,69,11,17,16,15,1,1,0,1,11,1,0,43,0,2,5,2,2,65,1,1,1,1,0,0,0,1,1,0,0,16,18,16,25,99,99,0,0,0,0,1,7,0,50520,3150,392,2007,I-530-05,US-79,0,34113619,92033672,1,1
5,55,11,18,22,27,2,3,0,0,2,3,0,12,2,1,1,1,2,55,2,2,2,2,0,0,0,2,2,0,0,22,28,22,33,99,99,0,0,0,0,1,1,1,50521,0,90,2007,SR-135-05,1E+20,0,36112051,90303956,2,2
5,131,11,19,4,26,2,2,0,1,2,2,0,12,1,2,1,2,2,45,1,1,2,1,0,0,0,2,5,0,0,4,26,4,27,99,99,0,0,0,0,1,2,1,50522,1370,67,2007,US-71-14,MARION LN.,0,35162094,94221767,2,5
5,31,11,20,15,5,1,1,0,0,6,4,0,42,0,1,5,1,2,45,2,2,2,2,0,0,0,1,1,0,1,15,6,15,14,99,99,0,0,0,0,1,3,0,50523,2070,0,2007,CR 333,1E+20,0,35560325,91182407,1,1
5,3,11,21,15,47,3,2,0,1,2,2,0,30,0,2,4,1,4,35,1,1,2,1,0,0,0,1,1,0,0,15,48,15,51,99,99,0,0,0,0,1,4,0,50524,1700,241,2007,US-82-08,N. WASHINGTON,0,33134015,91475084,2,1
5,45,11,22,99,99,1,1,0,0,6,4,0,35,0,1,2,1,2,55,1,1,5,1,0,0,0,2,1,0,0,5,41,5,55,99,99,0,0,0,0,1,5,0,50525,860,0,2007,FIELDER LN.,1E+20,0,35171739,92220585,1,1
5,119,11,22,15,59,1,1,0,0,6,6,0,42,0,1,4,2,2,50,1,1,2,1,0,0,0,1,1,0,0,16,1,16,4,0,0,0,0,0,0,1,5,0,50526,2036,0,2007,VANDENBURG,JOHN HARDIN DR,0,34531753,92064245,1,1
5,69,11,23,19,55,1,2,1,0,16,5,0,8,0,4,1,1,5,40,1,1,2,1,0,0,0,2,1,0,0,19,55,20,0,99,99,0,0,0,0,1,6,0,50527,3150,0,2007,E. HARDING AVE.,1E+20,0,34124769,91584754,1,1
5,99,11,23,21,50,1,1,0,0,4,3,0,41,0,1,4,1,2,55,1,1,2,1,0,0,0,2,1,0,0,0,0,0,0,0,0,0,0,0,0,1,6,1,50528,0,8,2007,SR-372-01,1E+20,0,33394573,93181578,1,1
5,31,11,25,18,21,2,2,0,0,14,3,0,12,2,1,4,1,2,40,2,1,2,2,0,0,0,2,1,0,0,18,28,18,29,99,99,0,0,0,0,1,1,0,50529,2070,5,2007,SR-351-01,1E+20,0,35500722,90390977,2,1
5,123,11,25,22,5,3,49,0,1,1,1,0,13,4,1,1,2,4,70,1,1,2,2,0,0,0,2,2,0,0,22,8,22,21,99,99,0,0,0,0,4,1,0,50530,0,2521,2007,I-40-51,1E+20,0,35051987,90381360,3,2
5,125,11,26,17,15,1,1,0,0,5,6,0,1,0,1,2,1,2,35,1,2,2,1,0,0,0,5,1,0,0,17,16,17,19,99,99,0,0,0,0,1,2,0,50531,330,0,2007,MILITARY RD.,1E+20,0,34351057,92335044,1,1
5,55,12,1,22,59,1,1,0,0,16,6,0,39,0,1,5,1,2,35,2,1,2,1,0,0,0,2,1,0,0,22,59,23,7,0,0,0,0,0,0,1,7,0,50532,3030,0,2007,PURCELL RD,1E+20,0,36051882,90293725,1,1
5,69,10,5,23,29,1,2,0,1,2,2,0,1,0,1,1,2,2,65,1,1,2,1,0,0,0,2,1,0,0,23,31,23,45,99,99,0,0,0,0,1,6,0,50533,0,88,2007,US-65-15,1E+20,0,34094142,91495865,1,1
5,85,10,6,2,18,1,1,0,0,14,3,0,1,0,1,4,1,2,55,2,1,2,1,0,0,0,2,1,0,1,2,22,2,30,99,99,0,0,0,0,1,7,1,50534,600,48,2007,SR-367-14,1E+20,0,34592401,91595010,1,1
5,91,9,2,3,0,3,5,0,1,11,1,0,12,1,1,1,2,2,55,1,1,1,1,0,0,1,3,1,0,0,3,11,3,17,99,99,0,0,0,0,1,1,0,50535,3810,18,2007,I-30-11,1E+20,0,33282950,94004129,3,1
5,133,12,1,23,46,1,2,1,1,2,2,0,8,0,8,1,1,4,45,1,2,2,1,0,0,0,2,1,0,0,23,47,23,49,99,99,0,0,0,0,1,7,1,50536,1060,68,2007,US-70-01,1E+20,0,34024487,94214067,1,1
5,69,12,2,3,0,2,3,0,1,13,2,0,12,2,1,1,1,4,40,2,1,2,2,0,0,0,3,2,0,0,3,4,3,5,99,99,0,0,0,0,1,1,2,50537,3150,60,2007,US-79-09B,1E+20,0,34134943,92002358,2,2
5,53,12,2,4,32,1,1,0,0,6,4,0,32,0,1,5,1,2,35,2,3,2,2,0,0,0,2,2,0,0,4,33,4,44,99,99,0,0,0,0,1,1,1,50538,0,0,2007,CR 53,1E+20,0,34263129,92212488,1,2
5,93,12,2,9,45,1,2,1,1,1,1,0,8,0,1,1,2,2,65,1,1,2,1,0,0,0,1,1,0,0,10,10,10,28,99,99,0,0,0,0,1,1,0,50539,2970,410,2007,I-55-12,1E+20,0,35362444,90065467,1,1
5,123,12,2,10,9,1,2,0,0,16,4,0,42,0,1,4,1,2,25,2,1,2,2,0,0,0,1,2,0,0,10,9,10,12,99,99,0,0,0,0,1,1,1,50540,1360,0,2007,OLD MADISON RD.,1E+20,0,35004017,90462184,1,2
5,145,12,3,12,52,2,3,0,0,4,3,0,12,5,2,1,1,2,55,1,3,2,1,20,3,0,1,1,0,0,12,54,13,4,99,99,0,0,0,0,1,2,0,50541,0,73,2007,SR-258-01,SR-13,0,35211993,91393310,2,1
5,119,12,4,0,5,1,2,0,1,11,1,0,39,0,1,4,3,6,60,2,2,1,1,0,0,0,3,1,0,0,0,5,0,14,99,99,0,0,0,0,1,3,0,50542,2320,1400,2007,I-30-23,1E+20,0,34435933,92154252,1,1
5,65,12,4,14,10,1,1,0,0,3,3,0,42,0,1,4,1,2,55,2,2,2,1,0,0,0,1,1,0,0,14,15,14,20,0,0,0,0,0,0,1,3,0,50543,0,147,2007,SR-9-13,1E+20,0,36151708,91553116,1,1
5,137,12,4,20,53,1,1,0,0,4,3,0,27,0,1,4,1,2,55,2,2,2,1,0,0,0,2,1,0,0,0,0,0,0,0,0,0,0,0,0,1,3,0,50544,2750,74,2007,SR-14-07,1E+20,0,35515521,92000102,1,1
5,45,12,5,6,14,1,1,0,0,4,3,0,32,0,1,5,1,2,55,2,3,2,1,0,0,0,1,1,0,0,0,0,0,0,0,0,0,0,0,0,1,4,0,50545,0,91,2007,SR-25-01,1E+20,0,35193950,92161762,1,1
5,45,12,7,15,14,1,1,0,0,4,3,0,37,0,1,4,1,2,55,2,1,2,9,0,0,0,9,9,0,0,15,47,16,19,0,0,0,0,0,0,1,6,1,50546,0,129,2007,SR-36-01,1E+20,0,35094369,92100180,1,9
5,129,12,8,14,15,1,2,0,0,6,4,0,42,0,1,4,1,2,0,2,1,2,2,0,0,0,1,5,0,0,14,16,14,22,99,99,0,0,0,0,1,7,0,50547,0,0,2007,S. MOUNTAIN RD.,1E+20,0,35534011,92373943,1,5
5,67,12,9,18,13,1,3,1,0,13,3,0,8,0,1,1,1,4,35,2,2,2,2,0,0,0,2,2,0,0,18,14,18,15,99,99,0,0,0,0,1,1,0,50548,2820,98,2007,SR-367-21,1E+20,0,35362319,91150817,1,2
5,29,12,11,15,35,1,1,0,0,4,2,0,32,0,2,4,1,2,55,1,1,2,2,0,0,0,1,2,0,0,15,38,15,42,99,99,0,0,0,0,1,3,0,50549,0,122,2007,US-64-07,HOLZEMAN DR.,0,35091422,92414632,1,2
5,23,12,11,21,56,2,4,0,0,4,3,0,12,4,1,1,1,2,55,2,1,2,2,0,0,0,2,2,0,0,0,0,0,0,0,0,0,0,0,0,2,3,0,50550,0,263,2007,SR-25-03,1E+20,0,35403285,91491539,2,2
5,79,12,12,17,45,1,2,1,1,2,2,0,8,0,1,1,1,2,45,1,1,2,2,0,0,0,2,2,0,0,0,0,0,0,0,0,0,0,0,0,1,4,0,50551,1540,121,2007,US-65-16,1E+20,0,33590849,91334045,1,2
5,131,12,13,18,15,1,1,0,0,13,2,0,42,0,1,5,1,4,40,1,2,2,1,0,0,0,2,1,0,1,18,16,18,25,99,99,0,0,0,0,1,5,1,50552,1370,37,2007,US-64-01,1E+20,0,35252385,94222935,1,1
5,7,12,14,9,9,6,7,0,0,13,2,0,12,8,1,1,1,4,40,1,1,2,1,0,0,0,1,1,0,0,9,11,9,13,99,99,0,0,0,0,2,6,0,50553,3390,62,2007,US-71-18B,1E+20,0,36175120,94073611,5,1
5,7,12,14,18,5,2,4,1,0,16,6,0,8,0,1,1,1,4,30,1,1,2,1,0,0,0,2,1,0,0,0,0,0,0,0,0,0,0,0,0,1,6,0,50554,3390,0,2007,N. 13TH ST.,1E+20,0,99999999,999999999,2,1
5,119,12,15,2,39,2,2,0,1,11,1,0,12,2,1,1,3,3,65,1,1,1,2,0,0,0,2,2,0,0,2,50,3,0,99,99,0,0,0,0,1,7,1,50555,2320,1313,2007,I-30-23,1E+20,0,34404136,92213564,2,2
5,103,12,15,5,20,1,1,0,0,2,2,0,23,0,1,2,1,2,55,1,1,2,2,0,0,0,2,1,0,0,5,25,5,50,99,99,0,0,0,0,1,7,0,50556,0,0,2007,US-79-03,1E+20,0,33224755,93041427,1,1
5,127,12,15,15,33,2,3,0,1,2,2,0,12,2,1,1,1,2,55,2,1,2,2,0,0,0,1,2,0,0,15,33,15,45,99,99,0,0,0,0,1,7,1,50557,0,328,2007,US-71-10,1E+20,0,35015248,94072071,2,2
5,145,12,16,9,40,2,5,0,0,4,3,0,12,4,1,1,1,2,55,2,2,2,1,28,3,0,1,1,0,0,9,50,10,20,99,99,0,0,0,0,2,1,0,50558,0,98,2007,SR-36-03,1E+20,0,99999999,999999999,2,1
5,103,12,18,15,4,1,1,0,0,6,4,0,34,0,1,5,1,2,0,2,1,2,1,0,0,0,1,1,0,0,15,5,15,27,99,99,0,0,0,0,1,3,1,50559,0,0,2007,CR 24,1E+20,0,33443765,93011555,1,1
5,123,12,19,11,29,1,1,0,1,2,3,0,35,0,1,5,1,2,55,1,2,2,1,0,0,0,1,1,0,0,11,29,11,39,99,99,0,0,0,0,1,4,0,50560,850,84,2007,SR-1-12,1E+20,0,35063678,90484176,1,1
5,135,12,19,17,44,1,3,1,1,2,2,0,8,0,1,1,1,4,55,1,2,2,1,0,0,0,9,1,0,0,17,44,17,48,99,99,0,0,0,0,1,4,0,50561,1720,60,2007,US-62-17,1E+20,0,36185706,91292531,1,1
5,115,12,20,19,43,2,3,0,0,6,6,0,12,1,1,1,1,2,30,1,1,2,1,0,0,1,2,1,0,0,19,47,19,54,99,99,0,20,0,0,1,5,1,50562,3450,0,2007,REASONER LN.,1E+20,0,35180150,93075784,2,1
5,7,12,23,22,6,1,1,0,0,16,6,0,25,0,1,2,1,2,35,2,2,2,1,0,0,0,2,1,0,0,0,0,0,0,0,0,0,0,0,0,1,1,1,50563,0,0,2007,WAGON WHEEL,1E+20,0,36133051,94112884,1,1
5,9,12,24,3,20,1,3,0,1,2,2,0,27,0,1,4,2,2,65,1,1,2,1,0,0,0,2,1,0,0,0,0,0,0,0,0,0,0,0,0,1,2,0,50564,0,33,2007,US-65-01,1E+20,0,36273930,93130955,1,1
5,51,12,26,11,0,2,3,0,1,2,2,0,12,5,1,1,1,2,55,1,1,2,4,0,0,0,1,3,0,0,0,0,0,0,0,0,0,0,0,0,2,4,0,50565,0,81,2007,US-270-05,1E+20,0,34303937,93163499,2,3
5,119,12,26,18,39,1,1,0,1,11,1,0,21,0,1,4,2,4,60,1,1,2,2,0,0,0,2,2,0,0,19,23,19,34,0,0,0,0,0,0,1,4,1,50566,2880,1548,2007,I-40-33,1E+20,0,34464161,92150899,1,2
5,55,12,27,8,55,1,1,0,0,99,3,0,1,0,1,5,1,2,55,9,9,9,1,0,0,0,1,1,0,0,8,59,9,3,99,99,0,0,0,0,1,5,0,50567,3030,99999,2007,SR-135-05,1E+20,0,99999999,999999999,1,1
5,129,12,28,14,10,3,8,0,1,2,2,0,12,2,1,1,1,2,55,1,1,2,1,0,0,0,1,1,0,0,99,99,99,99,99,99,0,0,0,0,1,6,0,50568,0,79,2007,US-65-06,1E+20,0,35492620,92331789,3,1
5,7,12,30,1,40,1,4,0,0,6,4,0,1,0,1,4,1,2,40,2,2,2,1,0,0,0,2,1,0,0,1,40,1,57,99,99,0,0,0,0,1,1,2,50569,0,0,2007,TYSON RD.,1E+20,0,99999999,999999999,1,1
5,109,12,31,16,22,1,1,0,0,3,3,0,42,0,1,5,1,2,55,1,2,2,5,0,0,0,1,1,0,0,0,0,0,0,0,0,0,0,0,0,1,2,1,50570,0,53,2007,SR-8-04,1E+20,0,34160902,93293128,1,1
5,43,10,13,99,99,1,1,0,0,6,4,0,7,0,1,1,1,2,99,1,1,4,1,0,0,0,1,1,0,0,7,28,7,38,99,99,0,0,0,0,1,7,0,50571,0,0,2007,BERRY LN.,1E+20,0,33413553,91485714,1,1
5,143,10,21,2,4,1,3,1,0,13,2,0,8,0,1,1,1,4,55,1,1,2,1,0,0,0,2,1,0,0,0,0,0,0,0,0,0,0,0,0,1,1,2,50572,1310,232,2007,US-62-01,1E+20,0,36030021,94123756,1,1
5,31,11,1,18,22,2,3,0,0,13,3,0,12,5,2,1,1,5,45,1,1,2,1,0,0,0,3,1,0,0,18,22,18,31,99,99,0,0,0,0,1,5,0,50573,2070,174,2007,SR-91-02,SCOTT,0,35504281,90411206,2,1
5,119,11,30,99,99,1,2,1,1,11,7,0,8,0,5,1,1,2,45,1,1,2,1,0,0,2,2,1,0,0,5,36,5,45,99,99,0,0,0,0,1,6,0,50574,2320,1306,2007,I-30-23,1E+20,0,34400284,92231550,1,1
5,115,11,30,0,14,1,1,0,1,1,1,0,37,0,5,4,6,1,99,2,3,2,1,0,0,0,2,1,0,0,0,14,0,24,99,99,0,0,0,0,1,6,1,50576,3230,882,2007,I-40-22,1E+20,0,35150110,93021522,1,1
5,85,5,1,11,55,2,2,0,0,6,4,0,12,4,1,1,1,2,30,2,2,2,1,0,0,0,1,1,0,0,11,58,12,5,99,99,0,4,0,0,1,3,0,50577,0,0,2007,S. STAGECOACH RD.,1E+20,0,34571156,91590510,2,1
5,85,6,8,23,47,1,1,0,0,6,4,0,1,0,1,5,1,2,35,1,1,8,1,0,0,0,2,1,0,0,23,49,0,2,99,99,0,0,0,0,1,6,0,50578,0,0,2007,DANIE GLOVER RD.,1E+20,0,34533115,91560279,1,1
5,7,8,11,1,37,1,1,0,0,6,4,0,7,0,1,4,1,2,30,2,1,2,1,0,0,0,2,1,0,0,1,40,1,49,99,99,0,0,0,0,1,7,1,50579,0,0,2007,TAYLOR ORCHARD RD.,1E+20,0,99999999,999999999,1,1
5,35,10,8,19,19,1,2,1,0,3,2,0,8,0,1,1,1,4,50,1,1,2,2,0,0,0,2,2,0,0,19,21,19,26,99,99,0,0,0,0,1,2,0,50580,4120,97,2007,US-70-20,1E+20,0,99999999,999999999,1,2
5,119,11,3,20,20,2,3,0,0,13,3,0,12,5,13,1,6,1,35,9,1,2,1,20,3,0,2,1,0,0,20,37,20,46,99,99,0,0,0,0,1,7,1,50581,2880,149,2007,SR-365-11,I-40 OFF-RAMP,0,99999999,999999999,2,1
5,85,11,25,18,36,1,1,0,0,6,4,0,42,0,1,4,1,2,45,2,1,2,2,0,0,0,2,2,0,0,18,36,18,48,99,99,0,0,0,0,1,1,0,50582,0,0,2007,TOLTEC RD.,1E+20,0,34390310,92015133,1,2
5,119,12,6,6,40,1,2,1,1,13,3,0,8,0,2,1,1,2,40,1,1,2,1,3,3,0,2,1,0,0,6,42,6,45,99,99,0,0,0,0,1,5,0,50583,2880,133,2007,SR-365-11,ROCK,0,34481950,92173097,1,1
5,119,10,18,7,44,2,4,0,0,13,2,0,12,2,2,1,1,4,40,1,1,2,2,0,0,0,1,1,0,0,7,57,8,4,99,99,0,0,0,0,1,5,0,50584,2880,41,2007,US-70-13,PARK PL.,0,99999999,999999999,2,1
5,49,11,17,1,19,1,1,0,1,2,2,0,1,0,2,4,1,4,55,2,2,2,1,0,0,0,2,1,0,0,1,20,1,29,99,99,0,0,0,0,1,7,0,50585,0,150,2007,US-62-13,KENNER RD.,0,99999999,999999999,1,1
5,93,12,21,12,20,1,1,0,0,6,4,0,42,0,1,5,1,2,99,2,1,4,1,0,0,0,1,1,0,0,12,26,12,45,99,99,0,0,0,0,1,6,0,50586,0,0,2007,CR 245,1E+20,0,99999999,999999999,1,1
5,119,10,22,15,33,1,1,0,0,14,3,0,33,0,1,5,1,2,45,2,1,2,1,0,0,0,1,1,0,0,99,99,99,99,99,99,0,0,0,0,1,2,0,50587,2036,53,2007,SR-161-03,1E+20,0,99999999,999999999,1,1
8,5,1,3,18,20,2,3,1,1,13,6,0,8,0,3,1,1,6,40,1,1,2,2,2,3,0,3,1,0,0,18,20,18,25,0,0,0,0,0,0,1,4,1,80001,110,0,2007,E ALAMEDA AVE,S CHAMBERS RD,0,39423131,104483562,2,1
8,67,1,5,6,40,2,3,0,0,4,4,0,12,5,1,1,1,2,60,1,2,2,4,0,0,0,2,4,0,0,6,40,6,51,0,0,0,0,0,0,1,6,0,80002,0,0,2007,318,1E+20,0,37054819,107441200,2,4
8,89,1,5,20,35,1,1,0,0,4,3,0,31,0,1,4,1,2,65,1,1,2,1,0,0,0,2,1,0,0,20,38,21,4,0,0,0,0,0,0,1,6,0,80003,0,621,2007,SR-109,1E+20,0,38040107,103314119,1,1
8,19,1,7,10,33,2,3,1,1,1,1,0,8,0,1,4,3,2,65,1,2,2,4,28,3,0,1,6,0,0,10,34,10,38,11,49,0,0,0,0,1,1,0,80004,970,2282,2007,I-70,1E+20,0,39431295,105414484,1,6
8,51,1,9,7,10,1,1,0,1,2,2,0,1,0,1,4,1,4,65,1,2,2,4,28,3,0,4,1,0,0,7,10,7,33,0,0,0,0,0,0,1,3,0,80005,0,1756,2007,US-50,1E+20,0,38273490,106373291,1,1
8,1,1,13,11,20,2,7,0,1,13,6,0,12,5,2,1,2,3,45,1,1,2,1,0,0,0,1,1,0,0,11,20,11,25,11,44,0,0,0,0,1,7,0,80006,2427,0,2007,104TH AVE,MARION ST.,0,39530680,104581383,2,1
8,29,1,15,16,30,2,2,0,0,3,3,0,12,2,1,1,1,2,65,1,1,2,1,28,3,0,1,1,0,0,16,36,16,43,17,46,0,0,0,0,1,2,1,80007,0,65,2007,SR-92,1E+20,0,38463571,107573540,2,1
8,123,1,19,2,18,1,2,0,0,12,2,0,24,0,13,4,6,1,55,1,1,2,1,20,3,0,2,1,0,0,99,99,99,99,0,0,0,0,0,0,2,6,2,80008,0,2702,2007,US-85 RAMP,6TH AVE,0,40265806,104412919,1,1
8,5,1,20,1,59,2,2,0,1,11,1,0,12,2,15,1,3,2,55,1,1,2,2,0,0,0,3,1,0,0,1,59,2,2,0,0,0,0,0,0,2,7,2,80009,110,91,2007,I-225,E 6TH AVE,0,39434641,104493074,2,1
8,101,1,6,10,45,1,3,1,0,13,6,0,8,0,3,1,1,4,35,1,1,2,1,2,3,0,1,1,0,0,10,48,10,56,11,1,0,0,0,0,1,7,0,80010,2050,0,2007,W NORTHERN AVE,BEULAH AVE,0,38143804,104380442,1,1
8,113,1,16,14,36,1,1,0,0,4,3,0,17,0,1,4,1,2,50,2,2,2,1,28,3,0,1,1,0,0,99,99,99,99,0,0,0,18,0,0,1,3,0,80011,0,330,2007,SR-141,1E+20,0,38011052,108422912,1,1
8,45,1,22,7,10,1,1,0,1,1,1,0,35,0,1,4,2,2,75,1,1,2,1,28,3,0,4,1,0,0,99,99,99,99,99,99,0,0,0,0,1,2,0,80012,0,666,2007,I-70,1E+20,0,39224353,108092764,1,1
8,14,1,22,7,18,2,2,0,1,1,1,0,12,3,15,1,3,3,75,1,1,2,4,0,0,0,1,1,0,0,7,18,7,24,99,99,0,0,0,0,1,2,0,80013,253,2277,2007,I-25,NORTHWEST PARKWAY,0,39585309,104591693,2,1
8,69,1,26,17,30,2,4,0,1,2,2,0,12,4,1,1,1,2,65,2,2,2,1,40,3,0,5,1,0,0,99,99,99,99,99,99,0,0,0,0,1,6,2,80014,0,3690,2007,US-287,1E+20,0,40485087,105143065,2,1
8,41,1,16,15,10,1,3,0,0,6,4,0,1,0,1,4,1,2,40,2,2,2,4,0,0,0,1,1,0,0,99,99,99,99,99,99,0,0,0,0,1,3,0,80015,0,0,2007,BOCA RATON HEIGHTS,1E+20,0,38341653,104414332,1,1
8,59,1,26,23,5,2,3,1,1,12,2,0,8,0,1,1,3,4,65,1,2,2,1,0,0,0,3,1,0,0,23,7,23,15,0,0,0,0,0,0,1,6,2,80016,1435,2780,2007,US-06,1E+20,0,39433098,105080197,2,1
8,41,1,18,14,45,1,2,1,0,13,6,0,8,0,8,1,5,4,40,2,1,2,1,0,0,0,1,1,0,0,14,49,14,53,99,99,0,0,0,0,1,5,0,80017,430,0,2007,N CAREFREE CIRCLE,1E+20,0,38525644,104452183,1,1
8,5,2,1,21,54,1,2,0,1,11,1,0,23,0,10,2,3,2,55,1,2,2,4,0,0,0,3,4,0,0,21,54,21,57,22,16,0,0,0,0,1,5,1,80018,110,54,2007,I-225,E ILIFF AVE,0,39402966,104494435,1,4
8,93,2,2,13,55,1,1,0,1,2,2,0,1,0,1,4,1,2,65,1,2,2,4,0,0,0,1,6,0,0,14,1,14,6,0,0,0,0,0,0,1,6,0,80019,0,1785,2007,US-285,1E+20,0,39092309,105595861,1,6
8,14,2,2,19,11,3,3,2,1,13,2,0,14,5,13,2,6,1,35,2,2,2,4,0,0,0,3,1,0,0,19,11,19,13,0,0,0,19,0,0,1,6,0,80020,253,2981,2007,US-287 LOOP RAMP,SR-121,0,39550944,105052906,1,1
8,69,2,2,22,40,2,4,0,0,14,3,0,12,5,2,1,1,2,45,1,1,2,1,3,3,0,3,1,0,0,99,99,99,99,99,99,0,0,0,0,1,6,4,80021,0,5,2007,SR-392,5,0,40284618,104585535,2,1
8,41,2,4,3,30,1,1,0,1,12,3,0,27,0,1,4,3,3,50,2,1,2,1,0,0,0,2,1,0,0,99,99,99,99,0,0,0,0,0,0,1,1,1,80022,0,24,2007,SR-83,1E+20,0,38455401,104455801,1,1
8,101,2,4,0,38,1,1,0,1,13,2,0,33,0,3,2,3,2,50,1,1,2,1,2,3,0,3,1,0,0,0,40,0,40,0,56,0,0,0,0,1,1,1,80023,2050,3171,2007,US-50,NORWOOD AVENUE,0,38170972,104350700,1,1
8,29,2,5,9,45,2,3,0,0,3,3,0,12,2,1,2,1,2,55,1,1,2,1,0,0,0,1,1,0,0,99,99,99,99,99,99,0,0,0,0,1,2,0,80024,1862,70,2007,SR-65,1E+20,0,38511167,107572143,2,1
8,115,2,7,23,15,4,5,0,1,1,1,0,12,3,7,1,2,2,75,1,1,2,1,28,3,0,2,1,0,0,99,99,99,99,99,99,0,14,0,0,1,4,0,80025,0,1822,2007,I-76,1E+20,0,40585956,102125146,4,1
8,31,2,7,6,23,1,2,1,1,13,3,0,8,0,3,1,3,3,35,1,1,2,1,2,3,0,3,1,0,0,99,99,99,99,99,99,0,0,0,