STATE,COUNTY,MONTH,DAY,HOUR,MINUTE,VE_TOTAL,PERSONS,PEDS,NHS,ROAD_FNC,ROUTE,SP_JUR,HARM_EV,MAN_COLL,REL_JUNC,REL_ROAD,TRAF_FLO,NO_LANES,SP_LIMIT,ALIGNMNT,PROFILE,PAVE_TYP,SUR_COND,TRA_CONT,T_CONT_F,HIT_RUN,LGT_COND,WEATHER1,WEATHER2,C_M_ZONE,NOT_HOUR,NOT_MIN,ARR_HOUR,ARR_MIN,HOSP_HR,HOSP_MN,SCH_BUS,CF1,CF2,CF3,FATALS,DAY_WEEK,DRUNK_DR,ST_CASE,CITY,MILEPT,YEAR,TWAY_ID,TWAY_ID2,RAIL,LATITUDE,LONGITUD,VE_FORMS,WEATHER
6,71,2,4,15,14,1,2,0,1,1,1,0,18,0,1,3,2,2,70,2,2,2,1,0,0,0,1,1,0,1,99,99,99,99,0,0,0,0,0,0,2,1,0,60213,0,1162,2007,I-15,1E+20,0,34542584,116574093,1,1
6,37,2,4,18,1,1,2,1,0,14,6,0,8,0,1,1,1,4,35,1,1,2,1,0,0,0,3,1,0,0,99,99,99,99,0,0,0,0,0,0,1,1,1,60214,305,0,2007,CLARK AVE,1E+20,0,33521114,118080205,1,1
6,41,2,4,18,11,1,1,0,0,14,6,0,33,0,1,3,2,2,35,1,1,2,1,0,0,0,3,1,0,0,99,99,99,99,99,99,0,0,0,0,1,1,1,60215,2460,0,2007,IGNACIO BLVD,1E+20,0,38040371,122324224,1,1
6,107,2,4,18,25,1,1,0,0,3,3,0,1,0,1,2,1,2,55,2,1,2,1,0,0,0,3,1,0,0,99,99,99,99,99,99,0,0,0,0,1,1,1,60216,0,260,2007,SR-190,1E+20,0,36053647,118524597,1,1
6,59,2,4,21,45,1,2,1,0,13,4,0,9,0,1,1,2,2,45,1,1,2,1,0,0,2,2,1,0,0,99,99,99,99,0,0,0,0,0,0,1,1,0,60217,0,0,2007,BOLSA AVE,1E+20,0,33444143,117584480,1,1
6,83,2,5,1,55,1,1,0,1,2,2,0,35,0,1,2,3,2,65,2,3,2,1,0,0,0,2,1,0,0,99,99,99,99,0,0,0,0,0,0,1,2,1,60218,0,505,2007,US-101,1E+20,0,34312495,120121703,1,1
6,73,1,18,15,36,2,2,0,0,15,6,0,12,1,3,1,1,2,55,1,1,2,1,0,0,0,1,1,0,0,99,99,99,99,0,0,0,0,0,0,1,5,0,60219,4060,0,2007,FOOTHILL DR,CALLE SINALOA,0,33123577,117122885,2,1
6,83,1,20,17,30,2,4,0,0,3,3,0,12,2,1,1,1,2,55,1,2,1,1,0,0,0,5,1,0,0,99,99,99,99,99,99,0,0,0,0,1,7,1,60220,0,199,2007,SR-246,1E+20,0,34381107,120173357,2,1
6,67,1,25,6,13,1,1,0,1,12,2,0,33,0,1,4,2,4,65,1,1,2,1,0,0,0,3,1,0,0,99,99,99,99,99,99,0,0,0,0,1,5,0,60221,2934,98,2007,US-50,1E+20,0,38345207,121181243,1,1
6,93,1,25,8,50,1,1,0,1,1,1,0,21,0,1,2,3,2,70,1,1,2,1,0,0,0,1,1,0,0,99,99,99,99,0,0,0,0,0,0,1,5,0,60222,0,400,2007,I-5,1E+20,0,41253718,122235784,1,1
6,37,1,25,17,58,1,3,1,0,15,6,0,8,0,1,1,1,2,25,1,1,2,1,0,0,0,3,1,0,0,99,99,99,99,99,99,0,0,0,0,1,5,0,60223,1980,0,2007,CORNING ST,1E+20,0,34032664,118223828,1,1
6,7,1,4,9,24,2,2,0,0,14,6,0,12,5,1,1,1,2,35,1,1,2,2,0,0,0,1,1,0,0,99,99,99,99,99,99,0,0,0,0,1,5,0,60224,2680,0,2007,PEARSON RD,1E+20,0,39450817,121354917,2,1
6,37,2,1,1,10,1,5,0,0,16,4,0,33,0,3,4,1,2,25,1,1,2,1,20,3,5,3,1,0,0,99,99,99,99,99,99,0,0,0,0,1,5,2,60225,0,0,2007,GREENWOOD AVE,MUSCATEL AVE,0,34072365,118044565,1,1
6,59,2,4,2,37,2,8,0,1,11,1,0,12,1,1,1,3,7,65,1,1,1,1,0,0,1,2,1,0,1,99,99,99,99,99,99,0,0,0,0,2,1,3,60226,3558,226,2007,I-405,1E+20,0,33462732,118042429,2,1
6,13,2,5,5,54,2,2,0,1,2,3,0,24,0,1,2,3,2,65,1,2,2,1,0,0,0,2,1,0,0,99,99,99,99,99,99,0,0,0,0,1,2,0,60227,0,64,2007,SR-4,1E+20,0,38001996,122093608,2,1
6,19,2,5,15,40,2,3,0,0,13,4,0,12,5,2,1,1,2,45,1,1,2,1,3,3,0,1,1,0,0,99,99,99,99,99,99,0,0,0,0,1,2,0,60228,0,0,2007,CHESTNUT AVE,CENTRAL AVE,0,36404073,119441202,2,1
6,97,2,5,12,45,1,2,1,0,3,3,0,8,0,1,1,1,2,25,1,1,2,1,0,0,0,1,1,0,0,99,99,99,99,99,99,0,0,0,0,1,2,0,60229,0,195,2007,SR-116,1E+20,0,38282505,122533375,1,1
6,67,2,5,18,45,1,2,1,0,13,6,0,8,0,1,1,5,4,40,1,1,2,1,0,0,0,3,1,0,0,99,99,99,99,99,99,0,0,0,0,1,2,2,60230,712,0,2007,AUBURN BLVD,1E+20,0,38412289,121181818,1,1
6,73,2,5,19,43,2,3,1,0,14,6,0,8,0,1,1,2,2,45,1,1,2,1,0,0,0,3,1,0,0,99,99,99,99,0,0,0,0,0,0,1,2,0,60231,3260,0,2007,CALLE CRISTOBAL,1E+20,0,32554490,117090817,2,1
6,105,2,5,99,99,1,1,0,0,6,4,0,42,0,1,2,1,2,55,2,1,2,1,0,0,0,2,1,0,0,99,99,99,99,0,0,0,4,0,0,1,2,0,60232,0,0,2007,CARVILLE LOOP RD,1E+20,0,41162663,122414531,1,1
6,87,2,6,16,5,1,2,0,0,3,3,0,18,0,1,2,1,2,35,2,3,2,1,0,0,0,1,1,0,0,99,99,99,99,99,99,0,0,0,0,1,3,0,60233,0,80,2007,SR-129,1E+20,0,36542174,121380905,1,1
6,19,2,6,18,16,1,2,1,0,5,4,0,9,0,1,1,1,2,55,1,1,2,1,0,0,0,3,1,0,0,99,99,99,99,0,0,0,0,0,0,1,3,1,60234,0,0,2007,ELM AVE,1E+20,0,36404896,119472684,1,1
6,39,2,7,14,10,1,5,0,1,2,3,0,42,0,1,2,3,2,65,1,1,2,2,0,0,0,1,2,0,0,99,99,99,99,99,99,0,0,0,0,2,4,0,60235,2050,115,2007,SR-99,1E+20,0,37070979,120143235,1,2
6,37,2,8,14,50,1,2,1,0,13,6,0,9,0,1,1,2,2,35,1,1,2,1,0,0,0,1,1,0,1,99,99,99,99,0,0,0,3,0,0,1,5,0,60236,4190,0,2007,PAINTER AVE,1E+20,0,33572969,118021588,1,1
6,59,2,8,17,16,3,5,0,0,13,6,0,12,5,2,1,1,2,45,1,1,2,1,3,3,0,5,1,0,0,99,99,99,99,99,99,0,0,0,0,1,5,0,60237,1345,0,2007,MAGNOLIA ST,SLATER AVE,0,33423087,117581872,3,1
6,59,2,8,19,54,2,2,0,0,13,6,0,12,5,2,1,1,4,45,1,1,2,1,3,3,0,3,1,0,0,99,99,99,99,0,0,0,0,0,0,1,5,1,60238,1380,0,2007,ORANGETHORPE AVE,GILBERT ST,0,33513288,117580475,2,1
6,73,1,19,20,11,1,2,1,0,14,6,0,8,0,1,1,1,4,35,1,1,2,1,0,0,0,3,1,0,0,99,99,99,99,0,0,0,0,0,0,1,6,1,60239,1200,0,2007,WASHINGTON AVE,1E+20,0,33082016,117032944,1,1
6,73,1,19,21,17,1,6,0,0,14,6,0,33,0,3,4,3,2,25,1,2,2,1,0,0,0,3,1,0,0,99,99,99,99,99,99,0,0,0,0,1,6,0,60240,3260,0,2007,SORRENTO VALLEY BLVD,SEA MIST WAY,0,32543251,117121037,1,1
6,73,1,19,23,18,1,2,0,0,13,6,0,33,0,1,4,2,3,50,2,1,2,1,0,0,0,3,1,0,0,99,99,99,99,0,0,0,0,0,0,2,6,0,60241,3260,0,2007,MIRA MESA BLVD,1E+20,0,32543645,117092315,1,1
6,37,1,20,3,15,2,3,0,1,11,1,0,35,0,1,4,3,5,65,1,2,2,1,0,0,0,2,1,0,0,99,99,99,99,99,99,0,0,0,0,1,7,1,60242,120,317,2007,I-210,1E+20,0,34085422,118020547,2,1
6,19,1,20,6,25,2,2,0,0,3,3,0,12,2,1,1,1,2,55,1,1,2,1,0,0,0,4,1,0,0,99,99,99,99,99,99,0,0,0,0,1,7,1,60243,0,485,2007,SR-180,1E+20,0,36471014,119573936,2,1
6,111,1,20,7,7,1,1,0,0,14,6,0,27,0,1,2,1,2,45,1,1,2,1,0,0,0,1,1,0,0,99,99,99,99,0,0,0,0,0,0,1,7,0,60244,3641,0,2007,TAPO CANYON RD,1E+20,0,34175433,118430550,1,1
6,57,2,9,99,99,1,1,0,0,6,4,0,42,0,1,4,1,2,55,2,1,5,5,0,0,0,2,2,0,0,99,99,99,99,0,0,0,0,0,0,1,6,1,60245,0,0,2007,MAYBERT RD,1E+20,0,39213711,120465296,1,2
6,65,2,10,2,0,1,2,0,0,14,6,0,42,0,1,6,1,4,45,1,1,2,1,0,0,0,3,1,0,0,99,99,99,99,0,0,0,0,0,0,2,7,1,60246,2646,0,2007,COOK ST,1E+20,0,33452699,116212293,1,1
6,65,2,10,2,11,1,1,0,0,15,4,0,1,0,1,1,1,2,25,1,2,2,1,0,0,0,3,1,0,0,99,99,99,99,0,0,0,0,0,0,1,7,1,60247,0,0,2007,KRAMERIA AVE,1E+20,0,33524726,117223811,1,1
6,39,2,10,3,50,2,3,0,0,3,3,0,12,5,1,1,1,2,55,2,2,2,2,0,0,0,2,2,0,0,99,99,99,99,99,99,0,0,0,0,1,7,1,60248,0,253,2007,SR-145,1E+20,0,36502452,120032086,2,2
6,111,2,10,4,18,2,2,0,1,12,2,0,12,1,1,2,3,4,65,1,2,1,1,0,0,0,2,1,0,0,99,99,99,99,0,0,0,0,0,0,1,7,1,60249,3860,37,2007,US-101,1E+20,0,34203884,119251662,2,1
6,85,2,10,5,6,1,2,1,0,13,6,0,8,0,3,1,1,4,45,1,1,2,2,3,3,0,3,2,0,0,99,99,99,99,0,0,0,0,0,0,1,7,1,60250,3340,0,2007,CAPITOL EXPY,STORY RD,0,37210307,121493644,1,2
6,77,2,10,5,20,1,1,0,1,1,1,0,33,0,1,4,3,3,65,1,1,2,2,0,0,0,2,2,0,0,99,99,99,99,0,0,0,0,0,0,1,7,1,60251,0,2,2007,I-205,1E+20,0,37443565,121332384,1,2
6,19,1,20,12,50,2,2,0,0,4,4,0,12,8,1,1,1,2,55,2,2,2,1,0,0,0,1,1,0,0,99,99,99,99,99,99,0,0,0,0,1,7,0,60252,0,0,2007,BURROUGH VALLEY RD,1E+20,0,36583693,119232139,2,1
6,29,1,25,18,13,1,2,1,0,13,6,0,8,0,1,1,2,3,45,1,1,2,1,29,3,0,3,1,0,0,99,99,99,99,99,99,0,0,0,0,1,5,0,60253,240,0,2007,STINE RD,1E+20,0,35181850,119032422,1,1
6,71,1,26,1,12,1,1,0,0,16,6,0,1,0,1,2,1,2,55,1,2,2,1,0,0,0,2,1,0,0,99,99,99,99,99,99,0,0,0,0,1,6,1,60254,1305,0,2007,CASMALIA ST,1E+20,0,34081553,117244994,1,1
6,37,1,26,0,2,1,1,0,1,11,1,0,33,0,1,3,3,2,65,1,1,2,1,0,0,0,3,1,0,0,99,99,99,99,99,99,0,0,0,0,1,6,1,60255,1980,50,2007,I-210,1E+20,0,34175706,118251026,1,1
6,93,1,29,7,10,1,3,0,0,3,3,0,42,0,1,4,1,2,55,2,2,2,2,0,0,0,1,1,0,0,99,99,99,99,99,99,0,0,0,0,1,2,0,60256,0,610,2007,SR-96,1E+20,0,41495173,123091353,1,1
6,37,1,29,1,53,1,2,0,1,11,1,0,25,0,1,3,3,5,65,1,1,1,1,0,0,0,3,1,0,0,99,99,99,99,99,99,0,0,0,0,1,2,2,60257,1110,285,2007,I-10,1E+20,0,34045508,117424841,1,1
6,87,1,29,1,22,1,10,0,1,2,3,0,24,0,1,3,3,2,65,1,1,2,3,0,0,0,3,2,0,0,99,99,99,99,99,99,0,0,0,0,1,2,1,60258,0,83,2007,SR-1,1E+20,0,36581230,121522096,1,2
6,73,2,10,14,45,2,7,0,1,12,3,0,12,5,1,1,3,3,65,2,1,2,1,0,0,0,1,1,0,0,99,99,99,99,99,99,0,0,0,0,1,7,0,60259,3375,137,2007,SR-78,1E+20,0,33080573,116052173,2,1
6,71,2,10,18,40,2,3,0,1,1,1,0,12,1,1,1,2,2,70,1,2,2,1,0,0,0,3,1,0,0,99,99,99,99,99,99,0,0,0,0,1,7,1,60260,0,1112,2007,I-40,1E+20,0,34432428,114321912,2,1
6,113,2,10,23,49,1,1,0,1,1,1,0,27,0,1,2,2,2,70,2,1,2,2,0,0,0,2,2,0,0,99,99,99,99,99,99,0,0,0,0,1,7,0,60261,0,159,2007,I-5,1E+20,0,38552834,121595903,1,2
6,31,2,11,0,15,2,3,0,0,4,4,0,12,2,1,1,1,2,55,1,1,2,2,0,0,0,2,2,0,0,99,99,99,99,99,99,0,0,0,0,1,1,1,60262,0,0,2007,18TH AVE,1E+20,0,36143549,119465076,2,2
6,13,2,11,3,15,2,3,0,1,12,3,0,12,1,1,1,3,4,65,1,1,1,2,0,0,0,2,1,0,1,99,99,99,99,0,0,0,0,0,0,1,1,1,60263,0,220,2007,SR-4,1E+20,0,38011237,121542365,2,1
6,37,2,11,4,45,1,1,0,0,13,6,0,33,0,1,4,2,4,45,1,2,2,2,0,0,0,3,2,0,0,99,99,99,99,0,0,0,0,0,0,1,1,0,60264,1980,0,2007,LA CIENGA BLVD,1E+20,0,33585115,118221376,1,2
6,99,2,11,5,10,2,4,0,0,15,4,0,12,2,1,1,1,2,45,1,1,2,2,0,0,0,2,1,0,0,99,99,99,99,99,99,0,0,0,0,2,1,1,60265,0,0,2007,E SERVICE RD,1E+20,0,37344885,120560716,2,1
6,65,2,11,9,40,2,4,0,1,11,1,0,12,5,2,1,5,4,45,1,2,2,2,0,0,0,1,2,0,0,99,99,99,99,99,99,0,0,0,0,1,1,0,60266,0,481,2007,I-15,LIMONITE AVE,0,33583082,117325470,2,2
6,45,2,11,15,0,2,3,0,0,4,4,0,12,5,1,1,1,2,55,2,2,2,1,0,0,0,1,1,0,0,99,99,99,99,0,0,0,0,0,0,1,1,0,60267,0,0,2007,BRANSCOMB RD,1E+20,0,39372765,123330332,2,1
6,19,2,11,15,50,2,4,0,0,6,6,0,12,2,1,1,1,2,55,1,1,2,1,0,0,0,1,1,0,0,99,99,99,99,99,99,0,0,0,0,1,1,0,60268,1370,0,2007,AUBERRY RD,1E+20,0,37035474,119293854,2,1
6,71,2,11,15,55,1,2,0,0,3,3,0,35,0,1,6,1,2,65,1,1,2,1,0,0,0,1,1,0,0,99,99,99,99,99,99,0,0,0,0,1,1,0,60269,0,1012,2007,SR-62,1E+20,0,34092350,114375639,1,1
6,37,2,11,19,17,1,2,1,0,14,6,0,8,0,1,1,5,4,45,1,1,2,1,0,0,0,3,1,0,0,99,99,99,99,99,99,0,0,0,0,1,1,1,60270,1825,0,2007,SANTA GERTUDES AVE,1E+20,0,33534548,117595410,1,1
6,71,1,25,6,15,2,2,0,1,2,3,0,12,2,1,1,1,2,55,1,1,2,1,0,0,0,2,1,0,0,99,99,99,99,0,0,0,0,0,0,1,5,0,60271,0,1060,2007,SR-18,1E+20,0,34302475,117311945,2,1
6,37,1,25,11,0,2,2,0,0,13,6,0,12,2,2,1,1,2,35,1,1,2,1,3,3,0,1,1,0,0,99,99,99,99,99,99,0,0,0,0,1,5,0,60272,1980,0,2007,OLYMPIC BLVD,NORTON AVE,0,34031373,118191451,2,1
6,65,1,29,15,5,1,2,0,0,2,3,0,24,0,1,4,3,2,65,2,2,2,1,0,0,0,1,1,0,0,99,99,99,99,99,99,0,0,0,0,1,2,0,60273,0,255,2007,SR-60,1E+20,0,33563659,117042455,1,1
6,67,1,29,17,22,1,5,1,0,14,4,0,8,0,1,1,2,2,45,1,1,2,1,0,0,0,5,1,0,0,99,99,99,99,99,99,0,0,0,0,1,2,0,60274,0,0,2007,WALEGRA RD,1E+20,0,38422948,121215212,1,1
6,65,2,6,21,50,1,1,0,1,2,3,0,1,0,1,2,3,4,65,1,1,2,1,0,0,0,2,1,0,0,99,99,99,99,99,99,0,0,0,0,1,3,1,60275,0,96,2007,SR-60,1E+20,0,34010472,117281959,1,1
6,89,2,7,18,20,2,2,0,1,2,3,0,12,2,1,1,1,2,55,2,9,2,2,0,0,0,2,2,0,0,99,99,99,99,0,0,0,99,99,99,2,4,1,60276,0,200,2007,SR-44,1E+20,0,40303897,122010058,2,2
6,85,2,8,2,38,1,4,0,1,11,1,0,33,0,5,4,6,1,65,1,1,2,2,0,0,0,2,1,0,0,99,99,99,99,99,99,0,0,0,0,2,5,1,60277,3340,58,2007,I-280 RAMP,1E+20,0,37190050,121582326,1,1
6,37,1,3,7,30,3,5,0,1,12,3,0,12,1,1,1,3,3,65,1,1,1,1,0,0,1,1,1,0,0,99,99,99,99,99,99,0,0,0,0,1,4,0,60278,2870,10,2007,SR-71,1E+20,0,34034147,117472063,3,1
6,95,1,5,23,55,1,2,0,1,11,1,0,41,0,5,4,6,1,65,2,1,2,1,0,0,0,3,1,0,0,99,99,99,99,99,99,0,0,0,0,1,6,1,60279,4010,258,2007,I-80 RAMP,1E+20,0,38205967,121591607,1,1
6,67,1,16,0,43,2,2,0,1,11,1,0,12,1,1,1,3,4,65,1,1,1,1,0,0,0,3,1,0,0,99,99,99,99,99,99,0,0,0,0,1,3,1,60280,3150,281,2007,I-5,1E+20,0,38383728,121313479,2,1
6,65,1,17,22,55,2,2,0,1,1,1,0,12,1,1,1,3,4,70,1,1,1,1,0,0,0,2,1,0,0,99,99,99,99,99,99,0,0,0,0,1,4,1,60281,0,382,2007,I-10,1E+20,0,33513751,116283832,2,1
6,37,1,24,11,30,2,3,2,0,15,6,0,14,2,1,4,1,2,25,1,1,2,1,0,0,0,1,1,0,0,99,99,99,99,99,99,0,0,0,0,1,4,1,60282,4190,0,2007,VALLEY HOME AVE,1E+20,0,33560858,117583553,1,1
6,59,1,29,13,17,2,3,0,0,14,6,0,12,1,3,1,1,4,40,1,1,2,2,20,3,0,1,2,0,0,99,99,99,99,99,99,0,0,0,0,1,2,0,60283,960,0,2007,CRESCENT AVE,CAROB ST,0,33501998,118032476,2,2
6,71,2,1,14,20,1,2,0,1,2,3,0,30,0,1,4,5,4,65,1,1,2,1,0,0,0,1,1,0,0,99,99,99,99,99,99,0,0,0,0,1,5,0,60284,0,39,2007,SR-62,1E+20,0,34042291,116324619,1,1
6,37,2,1,14,25,1,1,0,1,12,3,0,27,0,1,4,3,6,65,1,1,1,1,0,0,0,1,1,0,0,99,99,99,99,99,99,0,0,0,0,1,5,0,60285,1980,151,2007,SR-170,1E+20,0,34093985,118225111,1,1
6,85,2,1,22,35,1,1,0,0,4,4,0,35,0,1,4,1,2,50,2,1,2,1,0,0,0,2,1,0,0,99,99,99,99,0,0,0,0,0,0,1,5,1,60286,0,0,2007,LEAVESLEY RD,1E+20,0,37020382,121320304,1,1
6,65,2,2,5,17,1,1,0,0,15,4,0,34,0,1,4,1,2,55,2,1,2,1,0,0,0,2,1,0,0,99,99,99,99,0,0,0,0,0,0,1,6,0,60287,0,0,2007,CAJALCO RD,1E+20,0,33500057,117231091,1,1
6,19,2,2,14,5,1,1,0,0,15,6,0,30,0,1,4,1,2,35,1,1,2,1,0,0,0,1,1,0,0,99,99,99,99,99,99,0,0,0,0,1,6,0,60288,740,0,2007,TOLLHOUSE RD,1E+20,0,36495554,119405554,1,1
6,65,2,2,15,20,1,1,0,0,4,4,0,39,0,1,4,1,2,25,1,1,2,1,0,0,0,1,1,0,0,99,99,99,99,99,99,0,0,0,0,1,6,0,60289,0,0,2007,60TH ST,1E+20,0,33584492,117294817,1,1
6,85,2,2,15,34,1,3,0,1,2,3,0,39,0,1,4,2,2,65,1,1,2,1,0,0,0,1,1,0,0,99,99,99,99,99,99,0,0,0,0,2,6,0,60290,0,284,2007,SR-152,1E+20,0,37020200,121191173,1,1
6,37,2,2,15,53,2,3,0,1,11,1,0,12,7,5,4,6,2,55,1,1,1,1,0,0,0,1,1,0,0,99,99,99,99,0,0,0,0,0,0,1,6,0,60291,1980,262,2007,I-5 RAMP,1E+20,0,34045489,118132565,2,1
6,19,2,2,18,35,2,4,0,0,4,4,0,12,5,2,1,1,2,55,1,1,2,1,20,3,0,3,1,0,0,99,99,99,99,99,99,0,0,0,0,1,6,1,60292,0,0,2007,CRAWFORD AVE,MANNING AVE,0,36361323,119223596,2,1
6,75,2,2,21,10,3,5,0,1,11,1,0,12,1,1,1,3,5,50,1,1,1,1,0,0,0,3,1,0,0,99,99,99,99,99,99,0,0,0,0,1,6,0,60293,3290,86,2007,I-80,1E+20,0,37485679,122211495,3,1
6,37,2,2,22,5,3,4,1,1,11,1,0,8,0,1,1,3,7,65,1,1,1,1,0,0,2,2,1,0,0,99,99,99,99,0,0,0,0,0,0,1,6,1,60294,2684,149,2007,I-710,1E+20,0,33540829,118110996,3,1
6,71,2,3,22,21,3,6,0,1,2,3,0,12,3,1,1,5,4,65,1,1,2,1,0,0,0,3,1,0,0,99,99,99,99,99,99,0,0,0,0,1,7,1,60295,0,33,2007,SR-62,1E+20,0,34070860,116265189,3,1
6,67,2,11,18,29,1,4,1,0,16,4,0,33,0,1,4,1,2,35,2,1,2,1,0,0,0,3,1,0,0,99,99,99,99,99,99,0,0,0,0,1,1,0,60296,0,0,2007,WILBUR WAY,1E+20,0,38284139,121235069,1,1
6,37,2,6,18,6,1,3,2,0,14,6,0,8,0,1,1,2,4,45,1,1,2,1,0,0,0,3,1,0,0,99,99,99,99,99,99,0,0,0,0,2,3,0,60297,120,0,2007,HUNTINGTON DR,1E+20,0,34061277,117493785,1,1
6,71,2,9,8,25,3,4,0,1,2,3,0,12,5,2,1,1,2,55,1,1,2,1,3,3,0,1,1,0,0,99,99,99,99,99,99,0,14,0,0,1,6,1,60298,0,49,2007,SR-138,BEEKLEY RD,0,34244260,117352362,3,1
6,5,2,9,14,18,2,3,0,1,12,3,0,27,0,1,2,1,2,55,1,1,2,2,0,0,0,1,1,0,0,99,99,99,99,99,99,0,0,0,0,1,6,1,60299,0,214,2007,SR-88,1E+20,0,38234866,120404119,2,1
6,37,2,16,1,15,2,2,0,1,11,1,0,12,1,1,1,3,6,65,1,1,1,1,0,0,0,3,1,0,0,99,99,99,99,0,0,0,0,0,0,1,6,1,60300,1110,291,2007,I-10,1E+20,0,34045510,117423915,2,1
6,13,2,16,3,55,2,2,0,1,11,1,0,25,0,1,3,3,4,65,2,2,9,1,0,0,0,2,1,0,0,99,99,99,99,99,99,0,0,0,0,1,6,0,60301,0,52,2007,I-80,1E+20,0,37571105,122194129,2,1
6,93,2,16,4,49,2,2,0,1,1,1,0,12,5,1,1,3,2,65,1,1,2,1,0,0,0,3,1,0,0,99,99,99,99,99,99,0,0,0,0,1,6,1,60302,0,2,2007,I-5,1E+20,0,41111266,122171377,2,1
6,85,2,16,14,26,2,2,0,0,14,6,0,33,0,1,3,2,3,40,1,1,2,1,0,0,0,1,1,0,0,99,99,99,99,99,99,0,0,0,0,1,6,0,60303,3340,0,2007,BERNAL RD,1E+20,0,37143796,121462206,2,1
6,109,2,16,15,29,2,2,0,0,4,4,0,12,2,1,1,1,2,55,2,2,2,1,0,0,0,1,1,0,0,99,99,99,99,99,99,0,0,0,0,1,6,1,60304,0,0,2007,JACKSONVILLE RD,1E+20,0,37504110,120211077,2,1
6,87,2,16,17,25,2,4,0,0,15,4,0,35,0,1,2,1,2,40,2,3,2,1,0,0,0,5,1,0,0,99,99,99,99,99,99,0,0,0,0,1,6,1,60305,0,0,2007,BRANCIFORTE DR,1E+20,0,37014049,121591468,2,1
6,97,2,17,14,30,2,2,0,0,3,3,0,12,2,1,1,1,2,55,2,1,2,1,40,3,0,1,1,0,0,99,99,99,99,99,99,0,0,0,0,1,7,1,60306,0,328,2007,SR-1,1E+20,0,38301802,123131794,2,1
6,111,2,18,2,47,1,5,0,0,15,6,0,1,0,1,1,1,4,40,2,1,2,1,0,0,0,3,1,0,0,99,99,99,99,99,99,0,0,0,0,1,1,1,60307,3641,0,2007,SYCAMORE DR,1E+20,0,34155976,118445237,1,1
6,83,2,18,12,55,2,4,0,0,3,3,0,12,2,1,1,1,2,55,2,2,2,1,0,0,0,1,1,0,0,99,99,99,99,99,99,0,0,0,0,2,1,0,60308,0,8,2007,SR-150,1E+20,0,34230519,119282133,2,1
6,71,2,20,0,11,2,3,0,1,12,2,0,12,5,2,1,1,4,55,1,1,2,1,3,3,0,2,1,0,0,99,99,99,99,99,99,0,0,0,0,1,3,1,60309,4040,1010,2007,US-395,PALMDALE RD,0,34302416,117235855,2,1
6,1,2,11,19,40,2,2,0,0,14,6,0,12,5,2,1,1,4,30,1,1,2,1,3,3,0,3,1,0,0,99,99,99,99,99,99,0,0,0,0,1,1,0,60310,2480,0,2007,MARTIN LUTHER KING,MACARTHUR BLVD,0,37493804,122160867,2,1
6,67,2,11,21,12,1,5,1,0,13,4,0,8,0,3,1,2,3,45,1,1,2,1,2,3,0,3,1,0,0,99,99,99,99,99,99,0,0,0,0,1,1,0,60311,0,0,2007,MADISON AVE,DEWEY DR,0,38394846,121183065,1,1
6,19,2,11,23,30,1,2,0,0,5,4,0,1,0,1,6,1,2,55,1,1,2,1,0,0,0,2,1,0,0,99,99,99,99,99,99,0,0,0,0,1,1,0,60312,0,0,2007,DEL RAY AVE,1E+20,0,36415892,119353173,1,1
6,67,2,12,1,15,1,1,0,0,4,3,0,11,0,1,1,1,2,55,1,1,2,1,0,0,0,2,1,0,0,99,99,99,99,0,0,0,0,0,0,1,2,1,60313,0,321,2007,SR-160,1E+20,0,38260283,121312984,1,1
6,37,2,12,2,30,1,2,0,1,12,2,0,20,0,1,8,3,4,55,2,1,1,2,0,0,0,3,1,0,1,99,99,99,99,99,99,0,0,0,0,1,2,2,60314,1980,6,2007,US-101,1E+20,0,34031339,118140839,1,1
6,73,2,12,13,10,2,1,0,0,16,6,0,43,0,1,4,1,2,25,1,2,1,1,0,0,0,1,1,0,0,99,99,99,99,13,47,0,0,0,0,1,2,0,60315,3260,0,2007,DEL MAR AVE,1E+20,0,32435686,117142478,1,1
6,37,2,13,4,45,1,2,1,1,11,1,0,8,0,1,1,3,4,65,1,1,1,1,0,0,0,2,1,0,0,99,99,99,99,0,0,0,0,0,0,1,3,0,60316,1980,138,2007,I-210,1E+20,0,34140440,118174883,1,1
6,107,2,13,8,2,2,5,0,0,4,4,0,12,5,2,1,1,2,55,1,1,2,2,20,3,0,1,1,0,0,99,99,99,99,99,99,0,0,0,0,4,3,0,60317,0,0,2007,AVENUE 336,ROAD 172,0,36235786,119111923,2,1