STATE,COUNTY,MONTH,DAY,HOUR,MINUTE,VE_TOTAL,PERSONS,PEDS,NHS,ROAD_FNC,ROUTE,SP_JUR,HARM_EV,MAN_COLL,REL_JUNC,REL_ROAD,TRAF_FLO,NO_LANES,SP_LIMIT,ALIGNMNT,PROFILE,PAVE_TYP,SUR_COND,TRA_CONT,T_CONT_F,HIT_RUN,LGT_COND,WEATHER1,WEATHER2,C_M_ZONE,NOT_HOUR,NOT_MIN,ARR_HOUR,ARR_MIN,HOSP_HR,HOSP_MN,SCH_BUS,CF1,CF2,CF3,FATALS,DAY_WEEK,DRUNK_DR,ST_CASE,CITY,MILEPT,YEAR,TWAY_ID,TWAY_ID2,RAIL,LATITUDE,LONGITUD,VE_FORMS,WEATHER
6,29,2,13,8,36,1,1,0,1,1,1,0,1,0,1,3,2,2,70,1,1,2,2,0,0,0,1,1,0,0,99,99,99,99,0,0,0,0,0,0,1,3,0,60318,0,718,2007,I-5,1E+20,0,35355753,119382006,1,1
6,79,2,13,10,42,1,3,0,1,2,2,0,33,0,1,3,2,2,65,1,1,2,1,0,0,0,1,1,0,0,99,99,99,99,0,0,0,0,0,0,1,3,0,60319,0,108,2007,US-101,1E+20,0,35060215,120325358,1,1
6,65,2,13,16,20,1,2,0,0,3,3,0,42,0,1,2,1,2,55,1,1,2,3,0,0,0,1,3,0,0,99,99,99,99,99,99,0,0,0,0,1,3,0,60320,0,708,2007,SR-74,1E+20,0,33345618,116360046,1,3
6,37,2,13,18,35,2,2,0,0,15,6,0,1,0,1,1,1,2,25,1,1,2,1,0,0,0,3,1,0,0,99,99,99,99,99,99,0,0,0,0,1,3,1,60321,1980,0,2007,DEGNAN BLVD,1E+20,0,34010385,118194805,2,1
6,29,2,14,6,50,2,2,0,0,5,4,0,12,5,1,1,1,2,55,1,1,2,1,0,0,0,1,1,0,0,99,99,99,99,99,99,0,14,0,0,1,4,0,60322,0,0,2007,EDISON RD,1E+20,0,35190009,118524288,2,1
6,33,2,14,13,49,2,3,0,1,2,3,0,12,2,1,1,1,3,55,2,1,2,1,0,0,0,1,1,0,0,99,99,99,99,99,99,0,0,0,0,2,4,1,60323,0,333,2007,SR-20,1E+20,0,39005736,122351291,2,1
6,95,2,8,13,45,2,2,0,1,11,1,0,12,5,1,1,3,4,65,1,1,1,2,0,0,0,1,2,0,0,99,99,99,99,99,99,0,0,0,0,1,5,0,60324,1260,210,2007,I-80,1E+20,0,38174713,122020191,2,2
6,65,2,8,17,50,1,2,1,0,15,6,0,8,0,3,1,1,2,35,1,1,2,1,0,0,0,3,1,0,0,99,99,99,99,99,99,0,99,99,99,1,5,2,60325,3070,0,2007,BROCKTON AVE,OAKWOOD AVE,0,33575781,117233606,1,1
6,29,2,8,19,54,2,4,0,0,13,6,0,12,2,2,1,2,2,45,1,1,2,1,3,3,0,3,1,0,0,99,99,99,99,99,99,0,0,0,0,1,5,0,60326,240,0,2007,CHESTER AVE,COLUMBUS ST,0,35235341,119010766,2,1
6,73,2,8,22,20,1,2,1,1,11,1,0,8,0,1,1,2,2,70,1,1,2,1,0,0,0,2,1,0,0,99,99,99,99,0,0,0,0,0,0,1,5,0,60327,0,277,2007,I-8,1E+20,0,32503056,116473484,1,1
6,37,2,9,3,10,1,2,0,1,13,6,0,33,0,1,4,1,2,35,1,1,2,1,29,3,0,3,1,0,0,99,99,99,99,99,99,0,0,0,0,1,6,1,60328,1980,0,2007,MISSION RD,1E+20,0,34040913,118120031,1,1
6,73,2,14,20,17,2,3,1,0,14,6,0,8,0,1,1,5,4,35,1,2,2,1,0,0,2,2,1,0,0,99,99,99,99,99,99,0,0,0,0,1,4,0,60329,2340,0,2007,HIGHLAND AVE,1E+20,0,32393285,117052876,2,1
6,37,2,21,10,15,3,1,0,0,16,6,0,14,2,1,7,1,2,25,1,2,2,1,20,3,0,1,1,0,0,99,99,99,99,0,0,0,0,0,0,1,4,0,60330,1980,0,2007,21ST ST,1E+20,0,33433062,118174393,1,1
6,71,2,21,17,33,2,2,0,1,1,1,0,12,1,1,1,3,5,70,1,2,2,1,0,0,0,1,1,0,0,99,99,99,99,99,99,0,0,0,0,1,4,0,60331,0,176,2007,I-15,1E+20,0,34160658,117265763,2,1
6,37,2,21,19,27,2,3,0,1,2,3,0,54,11,1,1,3,5,65,1,2,1,1,0,0,0,2,1,0,0,99,99,99,99,99,99,0,14,0,0,1,4,0,60332,1015,206,2007,SR-60,1E+20,0,34013943,117474484,2,1
6,73,2,22,6,37,2,4,0,0,3,4,0,12,5,1,1,1,2,50,1,1,2,1,0,0,0,1,1,0,0,99,99,99,99,99,99,0,0,0,0,1,5,0,60333,0,0,2007,VALLEY CENTER RD,1E+20,0,33161158,116571345,2,1
6,73,2,22,9,52,1,1,0,0,14,6,0,33,0,1,4,1,4,35,1,1,2,1,0,0,0,1,1,0,0,99,99,99,99,0,0,0,0,0,0,1,5,1,60334,3260,0,2007,GARNET AVE,1E+20,0,32482042,117131427,1,1
6,93,2,22,19,30,1,1,0,0,4,4,0,36,0,1,6,1,2,55,2,2,2,3,0,0,0,2,1,0,0,99,99,99,99,0,0,0,0,0,0,1,5,1,60335,0,0,2007,SCOTT RIVERS RD,1E+20,0,41381878,122585797,1,1
6,67,2,22,23,14,1,2,0,0,15,6,0,40,0,1,6,2,4,40,2,1,2,2,0,0,0,3,1,0,0,99,99,99,99,99,99,0,0,0,0,1,5,1,60336,3150,0,2007,POCKET RD,1E+20,0,38283577,121312620,1,1
6,103,2,23,0,3,1,1,0,0,4,4,0,32,0,1,6,1,2,55,1,1,2,1,0,0,0,2,1,0,0,99,99,99,99,0,0,0,0,0,0,1,6,1,60337,0,0,2007,HALL RD,1E+20,0,39542126,122072380,1,1
6,37,2,23,10,26,1,1,1,0,14,6,0,8,0,1,1,1,4,40,1,1,2,1,0,0,0,1,1,0,0,99,99,99,99,99,99,0,0,0,0,1,6,0,60338,1871,0,2007,MARINE AVENUE,1E+20,0,34021963,117513417,1,1
6,99,2,23,10,52,2,3,0,0,14,6,0,12,5,2,1,5,4,40,1,1,2,1,3,3,0,1,1,0,0,99,99,99,99,99,99,0,0,0,0,1,6,0,60339,2200,0,2007,STANDIFORD AVE,SHAWNEE DR,0,37412218,121013558,2,1
6,97,2,23,15,53,1,1,0,0,6,4,0,42,0,1,4,1,2,55,1,1,2,1,0,0,0,1,1,0,0,99,99,99,99,99,99,0,0,0,0,1,6,1,60340,0,0,2007,OLIVE AVE,1E+20,0,38173117,122293046,1,1
6,19,2,23,16,5,1,1,0,1,1,1,0,1,0,1,2,2,2,70,1,1,2,1,0,0,0,1,1,0,0,99,99,99,99,0,0,0,0,0,0,1,6,0,60341,0,43,2007,I-5,1E+20,0,36084731,120100140,1,1
6,53,2,9,99,99,1,2,1,0,3,3,0,9,0,1,2,1,2,50,2,1,2,2,0,0,2,2,1,0,0,99,99,99,99,0,0,0,0,0,0,1,6,2,60342,0,705,2007,SR-1,1E+20,0,35475837,121205184,1,1
6,37,2,12,15,40,3,2,1,0,15,6,0,14,9,1,2,1,2,25,1,1,2,1,0,0,0,1,1,0,0,99,99,99,99,99,99,0,0,0,0,1,2,0,60343,1980,0,2007,9TH STREET,1E+20,0,33525874,118243319,1,1
6,37,2,12,16,25,3,2,0,1,12,2,0,12,7,1,1,3,5,65,1,1,1,1,0,0,0,1,1,0,0,99,99,99,99,0,0,0,0,0,0,1,2,0,60344,1980,255,2007,US-101,1E+20,0,34101523,118362751,2,1
6,75,2,13,2,31,2,2,0,0,14,6,0,12,4,2,1,2,2,30,1,1,2,1,3,3,0,3,1,0,0,99,99,99,99,99,99,0,20,0,0,1,3,1,60345,3290,0,2007,SAN BRUNO AVE,DIVISION ST,0,37461023,122242262,2,1
6,77,2,18,13,30,1,1,0,0,13,6,0,25,0,1,4,1,4,30,1,1,2,1,0,0,0,1,1,0,0,99,99,99,99,99,99,0,0,0,0,1,1,0,60346,3770,0,2007,WILSON WAY,1E+20,0,37565672,121161079,1,1
6,71,2,18,15,0,2,10,1,1,1,1,0,14,10,1,2,3,2,70,2,1,1,1,0,0,0,1,1,0,0,99,99,99,99,99,99,0,0,0,0,1,1,0,60347,0,1164,2007,I-15,1E+20,0,35014334,116285473,1,1
6,73,2,18,19,0,1,2,1,0,13,6,0,8,0,3,1,2,2,65,1,1,2,1,2,3,0,3,1,0,0,99,99,99,99,99,99,0,0,0,0,1,1,0,60348,1200,0,2007,CENTRE CITY PKWY,FELICITA AVE,0,33061235,117043273,1,1
6,67,2,18,20,42,1,5,0,0,13,6,0,33,0,2,4,2,2,40,2,1,2,1,3,3,0,3,1,0,0,99,99,99,99,99,99,0,0,0,0,2,1,0,60349,3150,0,2007,MAIN AVENUE,KELTON WAY,0,38391882,121275814,1,1
6,37,2,18,21,50,1,2,1,0,13,6,0,8,0,3,1,5,4,35,1,1,2,2,2,3,0,3,2,0,0,99,99,99,99,99,99,0,0,0,0,1,1,1,60350,1980,0,2007,WESTERN AVE,LEMON GROVE AVE,0,34051214,118183329,1,2
6,13,2,19,2,15,3,5,0,1,11,1,0,33,0,1,4,3,3,65,1,1,1,1,0,0,0,2,1,0,0,99,99,99,99,99,99,0,0,0,0,1,2,1,60351,1590,103,2007,I-80,1E+20,0,38010376,122160110,3,1
6,111,2,19,3,20,1,1,0,0,4,4,0,34,0,1,4,1,2,55,1,1,2,1,0,0,0,2,1,0,0,99,99,99,99,0,0,0,0,0,0,1,2,1,60352,0,0,2007,WOOD,1E+20,0,34085739,119054802,1,1
6,31,2,19,7,20,2,3,0,0,4,4,0,12,5,2,1,1,2,55,1,1,2,1,20,3,1,1,1,0,0,99,99,99,99,99,99,0,0,0,0,1,2,0,60353,0,0,2007,JACKSON AVE,14TH AVE,0,36151740,119423235,2,1
6,113,2,19,9,18,1,1,0,0,16,4,0,10,0,6,1,1,2,25,1,1,2,1,71,3,0,1,1,0,0,99,99,99,99,0,0,0,0,0,0,1,2,0,60354,0,0,2007,ARBORETUM DR,1E+20,751237W,38322279,121442818,1,1
6,47,2,19,12,45,1,3,1,0,4,4,0,8,0,1,1,1,2,55,1,1,2,1,0,0,0,1,1,0,0,99,99,99,99,0,0,0,0,0,0,1,2,0,60355,0,0,2007,EUCALYPTUS AVE,1E+20,0,37241358,120345710,1,1
6,71,2,19,15,19,2,5,0,0,14,6,0,12,5,2,1,2,2,45,1,1,2,1,3,3,0,1,1,0,0,99,99,99,99,99,99,0,0,0,0,3,2,0,60356,1305,0,2007,BASELINE AVE,EAST AVE,0,34071758,117305221,2,1
6,75,2,19,21,40,1,2,1,0,15,6,0,8,0,3,1,2,2,25,1,1,2,1,3,3,0,3,1,0,0,99,99,99,99,99,99,0,0,0,0,1,2,0,60357,3290,0,2007,HAIGHT ST,OCTACIA ST,0,37462265,122252599,1,1
6,97,2,19,99,99,1,1,0,0,3,3,0,34,0,1,4,1,2,45,1,1,2,1,0,0,0,3,1,0,0,99,99,99,99,0,0,0,0,0,0,1,2,1,60358,0,282,2007,SR-116,1E+20,0,38230291,122484175,1,1
6,73,2,27,1,13,1,3,0,0,3,3,0,34,0,1,4,1,2,55,2,1,2,2,0,0,0,2,2,0,0,99,99,99,99,99,99,0,0,0,0,2,3,2,60359,0,287,2007,SR-76,1E+20,0,33175258,116543552,1,2
6,45,2,27,16,30,2,4,0,1,2,2,0,12,9,1,1,2,2,65,1,2,2,3,0,0,0,1,1,0,0,99,99,99,99,99,99,0,0,0,0,1,3,0,60360,0,416,2007,US-101,1E+20,0,39202346,123184844,2,1
6,71,2,27,22,14,3,4,0,1,11,1,0,12,2,1,1,3,4,65,1,1,1,2,0,0,0,2,2,0,0,99,99,99,99,99,99,0,0,0,0,1,3,0,60361,790,242,2007,I-10,1E+20,0,34035081,117174728,3,2
6,89,2,28,11,35,1,1,0,1,2,3,0,48,0,1,4,1,2,55,2,1,2,3,0,0,0,1,1,0,0,99,99,99,99,0,0,0,0,0,0,1,4,0,60362,0,362,2007,SR-44,1E+20,0,40305582,121483077,1,1
6,61,2,28,99,99,1,1,0,0,3,6,0,35,0,1,4,1,2,45,2,1,2,1,0,0,0,2,1,0,0,99,99,99,99,99,99,0,0,0,0,1,4,1,60363,3110,0,2007,FIDDYMENT RD,1E+20,0,38475271,121210954,1,1
6,77,3,1,6,40,1,1,0,1,11,1,0,35,0,1,4,3,3,65,1,1,1,1,0,0,0,1,1,0,0,99,99,99,99,99,99,0,0,0,0,1,5,0,60364,0,306,2007,I-5,1E+20,0,37593454,121204742,1,1
6,29,3,1,10,5,2,3,0,0,3,3,0,12,4,1,1,1,2,55,2,1,2,1,0,0,0,1,1,0,0,99,99,99,99,99,99,0,0,0,0,1,5,0,60365,0,185,2007,SR-178,1E+20,0,35245982,118495314,2,1
6,37,3,1,11,27,1,2,1,0,14,6,0,8,0,1,1,2,2,35,1,1,2,1,0,0,2,1,1,0,0,99,99,99,99,0,0,0,0,0,0,1,5,0,60366,1980,0,2007,JEFFERSON BLVD,1E+20,0,34013183,118173441,1,1
6,73,3,1,14,42,2,3,0,0,14,6,0,12,5,2,1,2,2,45,1,1,2,1,20,3,0,1,1,0,0,99,99,99,99,0,0,0,0,0,0,2,5,0,60367,1200,0,2007,EL NORTE PKWY,BENNETT AVE,0,33090943,117071674,2,1
6,29,3,1,21,35,1,1,0,0,3,3,0,34,0,1,4,1,2,50,1,1,2,1,0,0,0,3,1,0,0,99,99,99,99,0,0,0,0,0,0,1,5,0,60368,0,80,2007,SR-119,1E+20,0,35131573,119231767,1,1
6,37,3,1,22,3,2,3,0,0,13,6,0,12,5,2,1,2,3,45,1,1,2,1,20,3,0,3,1,0,0,99,99,99,99,99,99,0,0,0,0,1,5,1,60369,2870,0,2007,ARROW HWY,FULTON RD,0,34052370,117452217,2,1
6,7,2,19,99,99,1,1,0,0,4,4,0,35,0,1,4,1,2,55,1,1,2,1,0,0,0,2,1,0,0,99,99,99,99,99,99,0,0,0,0,1,2,0,60370,0,0,2007,MIDWAY,1E+20,0,39370529,121472153,1,1
6,47,2,9,18,41,1,2,1,0,14,6,0,8,0,1,1,1,2,35,1,1,2,2,0,0,0,3,2,0,0,99,99,99,99,99,99,0,0,0,0,1,6,1,60371,1990,0,2007,H ST,1E+20,0,37040654,120513968,1,2
6,65,2,9,21,0,1,1,0,0,4,4,0,1,0,1,2,1,2,55,2,1,2,1,0,0,0,2,1,0,0,99,99,99,99,0,0,0,0,0,0,1,6,1,60372,0,0,2007,WARREN RD,1E+20,0,33340283,117015210,1,1
6,75,2,15,9,34,1,3,1,0,16,6,0,8,0,3,1,1,2,25,1,1,2,1,29,3,0,1,1,0,0,99,99,99,99,0,0,0,0,0,0,1,5,0,60373,3290,0,2007,MUNICH ST,NAYLOR ST,0,37424102,122260327,1,1
6,59,2,15,14,4,1,2,0,1,12,3,0,25,0,5,4,6,1,65,1,1,1,1,40,3,0,1,1,0,0,99,99,99,99,99,99,0,0,0,0,1,5,0,60374,80,59,2007,SR-91 RAMP,1E+20,0,33510343,117524349,1,1
6,25,2,15,16,0,1,1,0,0,4,4,0,35,0,1,4,1,2,65,2,1,2,1,0,0,0,1,1,0,0,99,99,99,99,0,0,0,0,0,0,1,5,0,60375,0,99999,2007,BORREGO SALTON SEAWY,1E+20,0,33163584,116030406,1,1
6,5,2,15,20,10,1,1,0,0,5,4,0,38,0,1,4,1,2,55,2,2,2,1,0,0,0,2,1,0,0,99,99,99,99,0,0,0,0,0,0,1,5,1,60376,0,0,2007,JACKSON VALLEY RD,1E+20,0,38192157,120542593,1,1
6,25,2,17,2,30,1,3,0,0,4,4,0,34,0,1,4,1,2,55,2,1,2,1,0,0,0,3,1,0,0,99,99,99,99,99,99,0,0,0,0,1,7,1,60377,0,0,2007,ROSS RD,1E+20,0,32465286,115255254,1,1
6,37,2,17,5,29,1,2,1,0,13,6,0,8,0,1,1,1,4,30,1,2,1,1,0,0,2,4,1,0,0,99,99,99,99,0,0,0,0,0,0,1,7,0,60378,1980,0,2007,4TH ST,1E+20,0,33461811,118085350,1,1
6,19,2,3,2,39,2,4,0,0,13,3,0,12,7,1,1,3,3,65,1,1,1,1,0,0,0,3,1,0,0,99,99,99,99,99,99,0,0,0,0,1,7,2,60379,1370,22,2007,SR-168,1E+20,0,36463453,119445768,2,1
6,37,2,18,1,0,1,1,1,0,16,4,0,8,0,1,1,1,2,35,1,1,2,1,0,0,0,3,1,0,0,99,99,99,99,0,0,0,0,0,0,1,1,1,60380,0,0,2007,PRINCE AVE,1E+20,0,33572278,118145354,1,1
6,37,2,18,4,15,2,2,0,1,12,2,0,12,2,1,1,3,5,65,2,1,2,1,0,0,0,3,1,0,0,99,99,99,99,99,99,0,0,0,0,1,1,1,60381,1980,160,2007,US-101,1E+20,0,34092573,118265579,2,1
6,73,2,20,12,13,2,3,0,0,13,6,0,12,5,2,1,2,3,50,1,1,2,1,3,3,0,1,1,0,0,99,99,99,99,99,99,0,0,0,0,1,3,0,60382,4060,0,2007,MELROSE DR,SHADOWRIDGE DR,0,33094145,117143175,2,1
6,37,2,20,13,25,2,2,0,0,14,6,0,12,5,2,1,5,2,25,1,1,2,1,20,3,0,1,1,0,0,99,99,99,99,99,99,0,0,0,0,1,3,0,60383,1980,0,2007,ROSE AVE,PENMAR AVE,0,34002064,118273450,2,1
6,71,2,20,17,40,3,3,0,1,11,1,0,12,1,1,1,3,4,65,1,1,1,1,0,0,0,5,1,0,0,99,99,99,99,99,99,0,0,0,0,1,3,1,60384,2922,44,2007,I-15,1E+20,0,34530959,117015335,3,1
6,25,2,20,17,50,2,2,0,1,2,3,0,12,5,2,1,2,2,65,1,1,2,1,20,3,0,3,1,0,0,99,99,99,99,99,99,0,0,0,0,1,3,0,60385,0,218,2007,SR-86,BRANDT RD,0,32584480,115334131,2,1
6,95,2,23,10,7,1,1,0,0,13,6,0,10,0,6,1,1,2,35,1,1,2,1,60,3,0,1,1,0,0,99,99,99,99,0,0,0,0,0,0,1,6,0,60386,3780,0,2007,SUNSET AVE,1E+20,751295S,38151640,122011180,1,1
6,73,2,24,17,12,2,3,2,0,16,6,0,8,0,1,1,1,2,25,1,1,2,1,0,0,2,5,1,0,0,99,99,99,99,99,99,0,0,0,0,1,7,0,60387,3260,0,2007,SCHUYLER,1E+20,0,32404138,117035210,1,1
6,85,2,24,17,30,2,6,0,0,13,3,0,12,2,1,1,1,2,35,1,1,2,1,0,0,0,1,1,0,0,99,99,99,99,0,0,0,0,0,0,1,7,0,60388,0,31,2007,SR-130,1E+20,0,37223893,121491261,2,1
6,19,2,24,18,10,2,5,0,0,13,6,0,12,5,2,1,1,4,40,1,1,2,1,3,3,0,3,1,0,0,99,99,99,99,99,99,0,0,0,0,1,7,1,60389,1370,0,2007,MCKINLEY AVE,WISHON AVE,0,36455391,119480389,2,1
6,71,2,24,20,55,5,8,0,1,2,3,0,12,8,1,1,1,3,55,2,2,9,1,28,3,0,2,1,0,1,99,99,99,99,99,99,0,3,14,0,1,7,1,60390,0,106,2007,SR-138,1E+20,0,34205317,117313352,5,1
6,65,2,23,18,30,1,2,0,1,11,1,0,1,0,13,4,6,2,70,1,1,1,1,0,0,0,3,1,0,0,99,99,99,99,99,99,0,0,0,0,1,6,0,60391,290,68,2007,I-10 RAMP,1E+20,0,33555946,116592507,1,1
6,37,2,23,23,38,1,2,1,1,11,1,0,8,0,13,1,6,1,65,2,1,2,1,0,0,2,3,1,0,0,99,99,99,99,0,0,0,0,0,0,1,6,0,60392,1980,106,2007,I-10 RAMP,1E+20,0,34020184,118210120,1,1
6,65,2,24,0,30,1,1,0,0,4,4,0,1,0,1,4,1,2,50,1,1,2,1,28,3,0,2,1,0,0,99,99,99,99,99,99,0,0,0,0,1,7,1,60393,3070,0,2007,MENIFEE RD,1E+20,0,33383179,117091445,1,1
6,39,2,24,0,35,2,4,0,1,2,3,0,12,5,2,1,2,2,65,1,2,2,1,20,3,0,2,1,0,0,99,99,99,99,99,99,0,0,0,0,1,7,0,60394,0,145,2007,SR-152,ROAD 17 1/2,0,37050237,120134614,2,1
6,65,2,24,0,53,2,3,0,0,14,6,0,12,2,1,1,1,2,55,1,1,2,1,0,0,0,2,1,0,0,99,99,99,99,99,99,0,0,0,0,1,7,0,60395,2276,0,2007,GILMAN SPRINGS RD,1E+20,0,33540871,117051417,2,1
6,99,2,24,2,3,2,4,0,0,14,4,0,12,1,1,1,1,2,55,1,1,2,1,20,3,0,2,1,0,0,99,99,99,99,99,99,0,0,0,0,2,7,1,60396,0,0,2007,MCHENRY AVE,1E+20,0,37435774,120594282,2,1
6,71,2,24,2,50,2,3,0,1,11,1,0,12,1,1,1,3,5,65,1,1,1,1,0,0,0,2,1,0,0,99,99,99,99,0,0,0,0,0,0,1,7,1,60397,2550,60,2007,I-10,1E+20,0,34041542,117364287,2,1
6,73,2,24,2,54,1,2,0,1,11,1,0,42,0,1,4,3,4,65,1,1,1,1,0,0,0,2,1,0,0,99,99,99,99,99,99,0,0,0,0,1,7,2,60398,3260,288,2007,I-5,1E+20,0,32524439,117134222,1,1
6,1,2,24,3,25,2,2,0,1,11,1,0,14,5,1,8,3,3,65,1,1,2,1,0,0,3,2,1,0,4,99,99,99,99,0,0,0,0,0,0,1,7,1,60399,1364,24,2007,I-880,1E+20,0,37290089,121561313,1,1
6,113,2,24,4,45,1,2,0,0,3,4,0,42,0,1,6,1,2,55,1,1,2,1,0,0,0,2,1,0,0,99,99,99,99,99,99,0,0,0,0,1,7,0,60400,0,0,2007,COUNTY RD 98,1E+20,0,38315248,121481173,1,1
6,59,2,14,21,12,2,3,0,1,11,1,0,12,5,1,1,3,5,65,1,1,2,1,0,0,0,3,1,0,0,99,99,99,99,99,99,0,0,0,0,1,4,0,60401,3420,320,2007,I-5,1E+20,0,33452074,117511622,2,1
6,77,2,16,6,5,1,3,2,0,16,6,0,8,0,1,1,1,2,40,1,1,2,1,0,0,0,3,5,0,0,6,14,6,21,0,0,0,0,0,0,2,6,0,60402,3770,0,2007,MARINERS DR,1E+20,0,38014429,121214726,1,5
6,37,2,16,11,10,1,1,0,0,14,4,0,33,0,3,4,1,2,30,1,1,2,1,0,0,0,1,1,0,0,99,99,99,99,99,99,0,0,0,0,1,6,0,60403,0,0,2007,1ST ST,HERBERT AVE,0,34020973,118110035,1,1
6,19,2,16,12,35,1,4,0,1,1,1,0,1,0,1,1,2,2,70,1,1,2,1,0,0,0,1,1,0,0,99,99,99,99,99,99,0,0,0,0,1,6,0,60404,0,280,2007,I-5,1E+20,0,36244414,120222406,1,1
6,65,2,17,1,30,1,2,1,1,11,1,0,8,0,1,1,3,4,65,1,1,1,1,0,0,2,3,1,0,1,99,99,99,99,0,0,0,0,0,0,1,7,1,60405,3070,424,2007,I-215,1E+20,0,33582732,117200150,1,1
6,59,2,17,7,49,1,2,1,0,13,3,0,8,0,1,1,1,2,40,1,2,2,1,0,0,0,1,1,0,0,99,99,99,99,99,99,0,0,0,0,1,7,0,60406,1780,54,2007,SR-1,1E+20,0,33295604,117442775,1,1
6,65,2,17,16,30,1,2,1,0,13,3,0,8,0,1,1,3,2,45,1,1,2,1,0,0,0,1,1,0,0,99,99,99,99,99,99,0,0,0,0,1,7,1,60407,3320,269,2007,SR-79,1E+20,0,33292217,117031883,1,1
6,71,2,17,16,45,1,4,0,0,3,3,0,35,0,1,4,1,2,55,2,2,2,1,0,0,0,5,1,0,0,99,99,99,99,99,99,0,0,0,0,1,7,0,60408,0,88,2007,SR-38,1E+20,0,34045072,117024522,1,1
6,65,2,17,17,31,1,1,0,1,12,3,0,42,0,1,4,2,3,65,1,1,2,1,0,0,0,1,1,0,0,99,99,99,99,99,99,0,0,0,0,1,7,1,60409,2278,178,2007,SR-60,1E+20,0,33562159,117114898,1,1
6,25,2,17,17,40,2,2,0,0,4,4,0,12,5,2,1,1,2,55,1,1,1,1,29,3,0,5,1,0,0,99,99,99,99,99,99,0,0,0,0,1,7,0,60410,0,0,2007,PICACHO RD,INDIAN ROCK RD,0,32453650,114365830,2,1
6,111,2,20,13,30,1,1,0,0,3,3,0,17,0,1,4,1,2,55,2,1,2,1,0,0,0,1,1,0,0,99,99,99,99,0,0,0,0,0,0,1,3,0,60411,0,381,2007,SR-33,1E+20,0,34362533,119212700,1,1
6,67,2,20,20,39,1,2,1,0,13,6,0,8,0,1,1,1,2,40,1,1,2,1,0,0,0,3,1,0,0,99,99,99,99,99,99,0,0,0,0,1,3,1,60412,3150,0,2007,ARDEN WAY,1E+20,0,38362301,121272212,1,1
6,19,2,24,9,21,5,9,0,0,13,4,0,12,1,1,1,1,3,50,1,1,2,1,3,3,0,1,1,0,0,99,99,99,99,99,99,0,0,0,0,1,7,0,60413,0,0,2007,CLOVIS AVE,1E+20,0,36473429,119420083,5,1
6,73,2,25,18,50,2,5,0,0,13,6,0,12,5,2,1,2,3,55,1,1,2,1,3,3,0,3,1,0,0,99,99,99,99,0,0,0,0,0,0,1,1,1,60414,560,0,2007,EL CAMINO REAL,PALOMAR AIRPORT RD,0,33074690,117160007,2,1
6,71,3,2,5,23,1,2,1,0,13,3,0,8,0,1,1,1,4,40,1,1,2,1,0,0,2,3,1,0,0,99,99,99,99,0,0,0,0,0,0,1,6,1,60415,3000,189,2007,SR-66,1E+20,0,34062407,117222925,1,1
6,67,3,2,9,17,1,2,1,0,13,6,0,8,0,3,1,1,4,25,1,1,2,1,0,0,0,1,1,0,0,99,99,99,99,99,99,0,0,0,0,1,6,0,60416,3150,0,2007,BROADWAY,17TH ST,0,38334072,121292785,1,1
6,29,3,2,18,7,2,2,0,1,2,2,0,12,5,2,1,1,4,55,1,1,2,1,20,3,0,2,1,0,0,99,99,99,99,0,0,0,0,0,0,1,6,1,60417,0,198,2007,US-395,BOWMAN RD,0,35362894,117454708,2,1
6,39,3,2,18,25,2,4,1,1,2,3,0,8,0,1,1,3,2,65,1,1,2,1,0,0,0,2,1,0,0,99,99,99,99,99,99,0,0,0,0,1,6,1,60418,0,168,2007,SR-99,1E+20,0,37012723,120080499,2,1
6,59,3,2,21,8,2,2,0,0,14,6,0,12,1,3,1,1,4,35,1,1,2,1,0,0,0,3,1,0,0,99,99,99,99,99,99,0,0,0,0,1,6,0,60419,3420,0,2007,MCFADDEN AVE,PACIFIC AVE,0,33440407,117532131,2,1
6,37,3,2,23,20,2,3,0,1,12,3,0,12,1,1,1,3,6,65,1,1,1,1,0,0,0,3,1,0,0,99,99,99,99,99,99,0,0,0,0,1,6,0,60420,1015,287,2007,SR-60,1E+20,0,34012900,117453405,2,1
6,71,3,3,0,16,1,3,0,0,6,4,0,1,0,1,4,1,2,25,2,3,5,1,0,0,0,2,1,0,0,99,99,99,99,99,99,0,4,0,0,1,7,0,60421,0,0,2007,FRONT LINE MOTOR RD,1E+20,0,34103754,116502560,1,1
6,17,3,3,1,50,2,2,0,0,15,4,0,27,0,1,4,1,2,50,2,2,2,1,40,3,0,3,1,0,0,99,99,99,99,99,99,0,14,0,0,1,7,1,60422,0,0,2007,MOTHERLODE DR,1E+20,0,38423518,120502065,1,1
6,29,3,3,1,52,1,1,0,0,3,3,0,1,0,5,2,6,3,65,2,2,2,1,0,0,0,3,1,0,0,99,99,99,99,99,99,0,0,0,0,1,7,1,60423,240,55,2007,SR-178 RAMP,1E+20,0,35234652,118570128,1,1