STATE,COUNTY,MONTH,DAY,HOUR,MINUTE,VE_TOTAL,PERSONS,PEDS,NHS,ROAD_FNC,ROUTE,SP_JUR,HARM_EV,MAN_COLL,REL_JUNC,REL_ROAD,TRAF_FLO,NO_LANES,SP_LIMIT,ALIGNMNT,PROFILE,PAVE_TYP,SUR_COND,TRA_CONT,T_CONT_F,HIT_RUN,LGT_COND,WEATHER1,WEATHER2,C_M_ZONE,NOT_HOUR,NOT_MIN,ARR_HOUR,ARR_MIN,HOSP_HR,HOSP_MN,SCH_BUS,CF1,CF2,CF3,FATALS,DAY_WEEK,DRUNK_DR,ST_CASE,CITY,MILEPT,YEAR,TWAY_ID,TWAY_ID2,RAIL,LATITUDE,LONGITUD,VE_FORMS,WEATHER
6,39,3,3,2,32,1,1,0,0,14,6,0,33,0,3,4,1,2,25,1,1,2,1,0,0,0,3,1,0,0,99,99,99,99,0,0,0,4,0,0,1,7,1,60424,2050,0,2007,ELLIS ST,MERCED ST,0,36591259,120030933,1,1
6,29,3,4,12,18,2,3,0,0,4,3,0,12,2,1,1,1,2,55,2,3,2,1,0,0,0,1,1,0,0,99,99,99,99,0,0,0,0,0,0,1,1,0,60425,0,330,2007,SR-155,1E+20,0,35431116,118475963,2,1
6,67,3,4,16,12,2,6,0,0,13,4,0,12,5,2,1,1,4,45,1,1,2,1,20,3,0,1,1,0,0,99,99,99,99,99,99,0,0,0,0,1,1,0,60426,0,0,2007,ELK GROVE FLORIN RD,ROBBINS RD,0,38272255,121221785,2,1
6,107,3,5,18,15,2,2,0,1,2,3,0,12,1,1,1,3,2,70,1,1,2,1,0,0,0,5,1,0,0,99,99,99,99,99,99,0,0,0,0,1,2,0,60427,0,485,2007,SR-99,1E+20,0,36265795,119291698,2,1
6,65,3,6,8,5,3,4,0,1,1,1,0,12,1,1,1,3,4,70,1,1,1,1,0,0,0,1,1,0,0,99,99,99,99,99,99,0,19,0,0,1,3,0,60428,0,184,2007,I-10,1E+20,0,33550708,116473556,3,1
6,57,3,9,2,5,2,3,0,1,11,1,0,12,1,1,1,3,2,65,1,1,1,1,0,0,0,2,1,0,0,99,99,99,99,99,99,0,0,0,0,1,6,0,60429,3900,180,2007,I-80,1E+20,0,39210844,120090015,2,1
6,65,2,24,5,24,2,3,0,1,12,3,0,12,5,1,1,3,4,65,1,1,1,1,0,0,0,2,1,0,0,99,99,99,99,99,99,0,19,0,0,1,7,1,60430,0,94,2007,SR-60,1E+20,0,34001526,117241382,2,1
6,97,2,24,9,10,1,2,0,1,12,2,0,33,0,1,2,3,2,65,1,1,2,2,0,0,0,1,2,0,0,99,99,99,99,99,99,0,0,0,0,1,7,1,60431,0,363,2007,US-101,1E+20,0,38373830,122524128,1,2
6,61,2,24,15,50,2,5,0,0,13,6,0,12,5,2,1,5,4,35,1,1,2,1,0,0,0,1,1,0,0,99,99,99,99,99,99,0,0,0,0,2,7,0,60432,3110,0,2007,SUNRISE AVE,SUNDOWN WAY,0,38435966,121161959,2,1
6,57,2,24,16,38,1,3,1,0,16,6,0,8,0,1,1,1,2,25,1,1,2,3,0,0,0,1,4,0,0,99,99,99,99,99,99,0,0,0,0,1,7,0,60433,3900,0,2007,COPENHAGEN DR,1E+20,0,39202520,120150722,1,4
6,7,2,25,1,40,1,1,0,0,3,4,0,17,0,1,2,2,2,55,1,2,2,2,0,0,0,2,2,0,0,99,99,99,99,99,99,0,0,0,0,1,1,0,60434,0,0,2007,SKYWAY,1E+20,0,39420831,121453949,1,2
6,65,2,25,4,50,1,1,0,0,3,3,0,42,0,1,6,1,2,55,2,2,2,1,0,0,0,2,1,0,0,99,99,99,99,0,0,0,0,0,0,1,1,0,60435,0,31,2007,SR-74,1E+20,0,33381473,117251975,1,1
6,19,2,25,8,29,1,1,0,1,12,3,0,1,0,1,4,3,3,70,1,1,1,2,0,0,0,1,1,0,0,99,99,99,99,99,99,0,0,0,0,1,1,0,60436,0,91,2007,SR-99,1E+20,0,36361589,119393655,1,1
6,73,2,25,10,40,2,2,0,0,4,4,0,12,2,1,1,1,2,55,2,2,1,1,40,3,0,1,1,0,0,99,99,99,99,99,99,0,0,0,0,1,1,0,60437,0,0,2007,MONTEZUMA VALLEY RD,1E+20,0,33131997,116251490,2,1
6,107,3,3,5,20,2,2,0,0,4,4,0,12,2,1,1,1,2,55,1,1,2,1,0,0,0,2,1,0,0,99,99,99,99,0,0,0,0,0,0,2,7,0,60438,0,0,2007,ROAD 196,1E+20,0,36114985,119080835,2,1
6,83,3,3,7,25,2,2,0,0,3,3,0,12,2,1,1,1,2,55,1,1,2,1,0,0,0,1,1,0,0,99,99,99,99,99,99,0,0,0,0,2,7,0,60439,0,159,2007,SR-246,1E+20,0,34395221,120205848,2,1
6,77,3,3,8,25,2,2,0,0,5,6,0,12,5,2,1,1,2,45,1,1,2,1,20,3,0,1,1,0,0,99,99,99,99,99,99,0,0,0,0,1,7,0,60440,0,0,2007,KETTLEMAN RD,LOCUST TREE RD,0,38065827,121114741,2,1
6,19,3,4,1,10,2,2,1,0,5,4,0,8,0,1,2,1,2,55,1,1,2,1,0,0,0,2,1,0,0,99,99,99,99,0,0,0,19,0,0,1,1,0,60441,0,0,2007,CEDAR AVE,1E+20,0,36383099,119451738,1,1
6,37,3,5,23,0,2,7,2,1,11,1,0,12,7,1,1,3,5,65,1,1,2,1,0,0,0,2,1,0,0,99,99,99,99,0,0,0,0,0,0,2,2,1,60442,3105,267,2007,I-10,1E+20,0,34042286,117464183,2,1
6,71,3,6,16,10,2,4,0,0,14,6,0,12,5,2,1,1,4,50,1,1,2,1,20,3,0,1,1,0,0,99,99,99,99,99,99,0,0,0,0,1,3,0,60443,4040,0,2007,AMARGOSA RD,TAWNEY RIDGE LN,0,34320947,117194904,2,1
6,37,3,8,3,15,2,2,0,0,13,6,0,12,5,2,1,2,2,40,1,1,2,1,3,3,0,3,1,0,0,99,99,99,99,99,99,0,0,0,0,1,5,1,60444,2684,0,2007,GARFIELD AVE,ALONDRA BLVD,0,33532112,118100753,2,1
6,47,3,9,16,15,2,5,0,1,2,3,0,13,5,1,1,2,2,65,1,1,2,1,0,0,0,1,1,0,0,99,99,99,99,99,99,0,0,0,0,1,6,0,60445,0,72,2007,SR-152,1E+20,0,37032500,120595733,2,1
6,39,3,9,16,15,2,2,0,0,6,4,0,12,2,1,1,1,2,55,2,3,2,1,0,0,0,1,1,0,0,99,99,99,99,0,0,0,0,0,0,1,6,0,60446,0,0,2007,ROAD 416,1E+20,0,37125628,119435556,2,1
6,85,3,9,18,28,1,2,1,0,14,6,0,8,0,1,1,2,2,45,1,1,2,1,0,0,0,3,1,0,0,99,99,99,99,0,0,0,0,0,0,1,6,1,60447,3340,0,2007,SAN FELIPE RD,1E+20,0,37180030,121461917,1,1
6,71,3,9,21,18,5,10,0,0,13,3,0,12,7,1,1,1,4,55,1,1,2,1,0,0,1,2,1,0,0,99,99,99,99,99,99,0,14,0,0,1,6,0,60448,1305,91,2007,SR-66,1E+20,0,34062371,117274599,5,1
6,23,3,9,23,5,2,3,0,0,3,3,0,12,8,1,1,1,2,55,1,2,2,1,0,0,0,2,1,0,0,99,99,99,99,0,0,0,0,0,0,1,6,0,60449,0,49,2007,SR-36,1E+20,0,40325494,124083422,2,1
6,71,3,9,23,20,2,3,0,0,14,6,0,12,5,2,1,1,4,55,1,1,2,1,20,3,0,2,1,0,0,99,99,99,99,99,99,0,0,0,0,1,6,1,60450,4040,0,2007,BEAR VALLEY RD,TOPAZ RD,0,34281325,117225875,2,1
6,71,3,4,3,35,1,2,0,1,1,1,0,33,0,1,2,3,2,70,1,2,1,1,0,0,0,2,1,0,0,99,99,99,99,99,99,0,0,0,0,1,1,2,60451,0,173,2007,I-215,1E+20,0,34132049,117241003,1,1
6,37,3,4,16,5,1,1,0,0,15,6,0,33,0,1,4,1,2,25,1,1,2,1,0,0,0,1,1,0,0,99,99,99,99,99,99,0,0,0,0,1,1,1,60452,1980,99999,2007,SAUSALITO AVE,1E+20,0,34130084,118365646,1,1
6,37,3,4,18,35,1,2,1,0,14,6,0,8,0,1,1,1,4,35,1,1,2,1,0,0,2,3,1,0,0,99,99,99,99,99,99,0,0,0,0,1,1,1,60453,1980,0,2007,HOOVER ST,1E+20,0,34001751,118171382,1,1
6,37,3,4,20,0,1,1,0,0,6,4,0,35,0,1,6,1,2,0,2,2,5,1,0,0,0,2,1,0,0,99,99,99,99,0,0,0,0,0,0,1,1,1,60454,0,0,2007,REBEL RD,1E+20,0,34312673,118091983,1,1
6,37,3,5,0,10,1,2,1,0,14,6,0,8,0,3,1,1,2,30,1,1,2,1,0,0,0,3,1,0,0,99,99,99,99,0,0,0,0,0,0,1,2,1,60455,1980,0,2007,PACIFIC AVE,17TH PL,0,33532507,118241190,1,1
6,65,3,5,1,33,1,1,0,1,12,3,0,52,0,1,4,3,5,65,1,1,1,1,0,0,0,2,1,0,0,99,99,99,99,0,0,0,0,0,0,1,2,1,60456,850,33,2007,SR-91,1E+20,0,33525376,117371489,1,1
6,95,3,5,6,55,2,2,0,1,2,3,0,12,2,1,1,1,3,55,1,2,2,1,0,0,0,1,1,0,0,99,99,99,99,99,99,0,0,0,0,1,2,0,60457,0,196,2007,SR-12,1E+20,0,38110077,121475900,2,1
6,17,3,5,13,45,1,1,0,1,2,2,0,36,0,1,4,2,2,55,2,2,2,1,0,0,0,1,1,0,0,99,99,99,99,0,0,0,0,0,0,1,2,0,60458,0,467,2007,US-50,1E+20,0,38454919,120195152,1,1
6,61,3,5,15,50,2,2,0,0,3,3,0,12,1,1,1,1,2,45,1,1,2,1,0,0,0,1,1,0,0,99,99,99,99,99,99,0,0,0,0,1,2,0,60459,0,123,2007,SR-89,1E+20,0,39113032,120114741,2,1
6,37,3,5,17,0,2,3,0,0,3,6,0,12,5,2,1,1,2,55,1,1,2,1,20,3,0,1,1,0,0,99,99,99,99,99,99,0,0,0,0,1,2,1,60460,1840,0,2007,30TH ST,AVENUE G-8,0,34440126,118043689,2,1
6,37,3,5,19,55,1,2,0,0,4,4,0,1,0,1,4,1,2,45,2,1,2,1,0,0,0,3,1,0,0,99,99,99,99,99,99,0,0,0,0,1,2,0,60461,0,0,2007,MALIBU CANYON RD,1E+20,0,34022698,118414865,1,1
6,65,2,9,6,17,4,5,0,1,12,3,0,12,2,1,1,1,2,60,1,1,2,1,0,0,0,4,1,0,0,99,99,99,99,99,99,0,0,0,0,1,6,1,60462,3320,301,2007,SR-79,1E+20,0,33465939,117085225,4,1
6,65,2,21,0,59,1,2,0,0,16,6,0,17,0,1,4,1,2,55,2,1,2,1,0,0,0,2,1,0,0,99,99,99,99,99,99,0,0,0,0,1,4,2,60463,1580,0,2007,CALIFORNIA AVE,1E+20,0,33560390,117313953,1,1
6,99,2,24,17,41,1,5,4,0,13,6,0,8,0,3,1,1,2,30,1,1,2,1,0,0,0,3,1,0,0,99,99,99,99,99,99,0,0,0,0,1,7,1,60464,3762,0,2007,PARADISE RD,JEFFERSON ST,0,37374859,121003199,1,1
6,37,2,24,21,52,1,2,0,1,11,1,0,33,0,1,4,3,6,65,1,1,1,1,0,0,0,3,1,0,0,99,99,99,99,99,99,0,0,0,0,1,7,0,60465,1045,90,2007,I-605,1E+20,0,33515229,118055380,1,1
6,37,2,26,19,18,1,2,1,0,16,6,0,8,0,1,1,2,3,30,2,2,2,1,0,0,0,3,1,0,0,99,99,99,99,0,0,0,0,0,0,1,2,0,60466,4069,0,2007,MOUNTAINEER RD,1E+20,0,34025893,117505428,1,1
6,77,3,7,5,35,3,2,0,1,2,3,0,12,5,2,1,1,2,55,1,1,1,1,20,3,0,2,1,0,0,99,99,99,99,99,99,0,0,0,0,1,4,0,60467,0,127,2007,SR-12,DEVRIES RD,0,38065665,121210873,2,1
6,65,2,15,0,20,2,2,0,0,14,4,0,14,1,1,2,2,2,50,2,1,2,1,0,0,3,2,1,0,0,99,99,99,99,99,99,0,0,0,0,1,5,1,60468,0,0,2007,RUBIDOUY BLVD,1E+20,0,34010055,117232182,1,1
6,65,2,19,16,0,2,2,0,0,14,4,0,12,2,1,1,1,2,55,1,1,2,1,0,0,0,1,1,0,0,99,99,99,99,99,99,0,0,0,0,1,2,0,60469,0,0,2007,COUNTRY CLUB DRIVE,1E+20,0,33452959,116185737,2,1
6,65,2,26,2,15,2,4,0,0,13,3,0,12,4,1,1,2,3,45,1,1,2,1,0,0,0,3,1,0,0,99,99,99,99,99,99,0,0,0,0,2,2,3,60470,2646,40,2007,SR-111,1E+20,0,33432328,116235542,2,1
6,37,2,27,19,25,1,2,1,0,14,6,0,9,0,1,1,2,2,35,1,1,2,1,0,0,0,3,1,0,0,99,99,99,99,99,99,0,0,0,0,1,3,0,60471,1980,0,2007,CENTURY PARK EAST,1E+20,0,34031129,118243566,1,1
6,71,2,27,19,56,1,3,1,0,13,6,0,8,0,1,1,2,2,40,1,1,2,1,0,0,0,3,1,0,0,99,99,99,99,99,99,0,0,0,0,1,3,0,60472,3000,0,2007,RIVERSIDE AVE,1E+20,0,34065249,117221336,1,1
6,19,3,11,7,50,1,3,0,1,1,1,0,1,0,1,4,3,2,70,1,1,1,1,0,0,0,1,1,0,0,99,99,99,99,99,99,0,0,0,0,1,1,0,60473,0,473,2007,I-5,1E+20,0,36371184,120362264,1,1
6,39,3,11,9,40,1,3,0,1,2,3,0,7,0,1,4,3,2,65,1,1,2,1,0,0,0,1,1,0,0,99,99,99,99,99,99,0,0,0,0,1,1,0,60474,0,233,2007,SR-99,1E+20,0,36575350,120040637,1,1
6,37,3,11,11,20,1,1,0,0,3,3,0,35,0,1,4,1,2,55,2,1,2,1,0,0,0,1,1,0,0,99,99,99,99,99,99,0,0,0,0,1,1,0,60475,0,486,2007,SR-2,1E+20,0,34153853,118110414,1,1
6,65,3,11,13,55,1,1,0,0,3,3,0,36,0,1,4,1,2,55,2,2,2,1,0,0,0,1,1,0,0,99,99,99,99,0,0,0,0,0,0,1,1,0,60476,0,812,2007,SR-74,1E+20,0,33385087,117250038,1,1
6,107,3,11,17,30,2,4,0,0,5,4,0,12,5,2,1,1,2,55,1,1,2,1,20,3,0,1,1,0,0,99,99,99,99,99,99,0,0,0,0,1,1,0,60477,0,0,2007,AVE 128,ROAD 208,0,36012026,119062688,2,1
6,39,3,11,18,31,1,1,0,0,6,4,0,33,0,1,4,1,2,55,2,1,2,1,0,0,0,1,1,0,0,99,99,99,99,0,0,0,0,0,0,1,1,1,60478,0,0,2007,ROAD 632,1E+20,0,37224185,119363221,1,1
6,59,3,11,19,38,2,2,0,0,13,6,0,12,4,2,1,2,3,45,1,1,2,1,20,3,0,3,1,0,0,99,99,99,99,99,99,0,0,0,0,1,1,2,60479,1782,0,2007,MOULTON PKWY,GORDEN RD,0,33345506,117421753,2,1
6,37,3,11,21,55,1,2,1,0,13,6,0,8,0,3,1,1,4,35,1,1,2,1,20,3,2,3,1,0,0,99,99,99,99,99,99,0,0,0,0,1,1,0,60480,1980,0,2007,SLAUSON AVE,7TH AVE,0,33592056,118192902,1,1
6,37,3,11,23,30,1,4,0,0,14,6,0,29,0,1,4,1,4,50,2,1,2,1,0,0,3,3,1,0,0,99,99,99,99,99,99,0,0,0,0,3,1,3,60481,1695,0,2007,GALE AVE,1E+20,0,33594885,117552813,1,1
6,19,3,6,9,55,2,3,0,0,14,4,0,12,5,2,1,1,2,55,1,1,2,1,20,3,0,1,1,0,0,99,99,99,99,0,0,0,0,0,0,2,3,0,60482,0,0,2007,DEWOLF AVE,MCKINLEY AVE,0,36455304,119384539,2,1
6,37,3,6,11,0,2,2,0,0,14,6,0,12,2,3,1,1,2,35,1,9,9,1,3,3,0,1,1,0,0,99,99,99,99,99,99,0,0,0,0,1,3,0,60483,1980,0,2007,EXPOSITION BLVD,7TH AVE,0,34011382,118192922,2,1
6,41,3,6,12,42,1,3,1,0,13,6,0,8,0,3,1,4,3,25,1,1,2,1,20,3,0,1,1,0,0,99,99,99,99,99,99,0,0,0,0,1,3,0,60484,3410,0,2007,THIRD ST,LINARO AVE,0,37581899,122313307,1,1
6,73,3,6,15,15,1,3,0,0,15,4,0,36,0,1,4,1,2,55,2,2,8,1,0,0,0,1,1,0,0,99,99,99,99,99,99,0,0,0,0,1,3,0,60485,0,0,2007,PAMO RD,1E+20,0,33084240,116505018,1,1
6,73,3,6,17,3,1,2,0,0,15,6,0,5,0,1,1,1,2,30,1,1,1,1,0,0,0,1,1,0,0,99,99,99,99,99,99,0,0,0,0,1,3,0,60486,3260,0,2007,EULCID AVE,1E+20,0,32441329,117052733,1,1
6,107,3,6,19,20,1,2,1,1,2,3,0,8,0,1,1,1,2,55,1,1,2,1,0,0,0,2,1,0,0,99,99,99,99,0,0,0,0,0,0,1,3,0,60487,0,243,2007,SR-198,1E+20,0,36205973,119025927,1,1
6,71,3,6,19,56,2,2,0,1,11,1,0,12,7,1,1,3,5,65,1,1,1,1,0,0,0,3,1,0,0,99,99,99,99,0,0,0,0,0,0,1,3,0,60488,3210,258,2007,I-10,1E+20,0,34035018,117161167,2,1
6,107,3,6,21,15,2,3,0,0,16,4,0,12,5,2,1,1,2,55,1,1,2,1,20,3,0,2,1,0,0,99,99,99,99,99,99,0,0,0,0,1,3,0,60489,0,0,2007,AVENUE 272,RD 108,0,36170148,119195318,2,1
6,7,3,7,5,47,1,2,1,0,13,3,0,9,0,1,1,1,2,45,1,1,1,1,0,0,0,2,1,0,0,99,99,99,99,99,99,0,0,0,0,1,4,0,60490,660,111,2007,SR-32,1E+20,0,39442268,121481243,1,1
6,37,3,7,8,50,1,2,1,0,14,6,0,8,0,3,1,1,4,30,1,1,2,1,2,3,0,1,1,0,0,99,99,99,99,0,0,0,0,0,0,1,4,1,60491,3470,0,2007,2ND ST,COLORADO AVE,0,34004394,118293811,1,1
6,83,3,7,11,0,1,1,0,1,2,2,0,42,0,1,4,2,2,65,2,2,1,1,0,0,0,1,1,0,0,99,99,99,99,99,99,0,0,0,0,1,4,0,60492,0,779,2007,US-101,1E+20,0,34473609,120200933,1,1
6,19,3,6,4,57,1,5,1,0,4,4,0,8,0,1,1,5,2,55,2,1,2,1,0,0,0,2,1,0,0,99,99,99,99,99,99,0,0,0,0,1,3,0,60493,0,0,2007,MILLERTON RD,1E+20,0,37001739,119370946,1,1
6,59,2,20,1,0,2,11,0,0,13,4,0,12,5,2,1,1,2,40,1,1,2,1,3,3,0,3,1,0,0,99,99,99,99,99,99,0,0,0,0,1,3,2,60494,0,0,2007,KATELLA AVE,GILBERT,0,33481123,117580324,2,1
6,97,2,6,19,45,2,3,0,0,4,4,0,12,2,1,1,1,2,55,2,1,2,2,40,3,0,1,1,0,0,99,99,99,99,99,99,0,0,0,0,1,3,0,60495,0,0,2007,D ST,1E+20,0,38133447,122382685,2,1
6,85,3,3,8,56,1,1,0,0,3,3,0,24,0,1,4,3,3,99,1,1,2,1,0,0,0,1,1,0,0,99,99,99,99,0,0,0,0,0,0,1,7,0,60496,3440,78,2007,SR-237 RAMP,1E+20,0,37251330,121562346,1,1
6,65,3,3,14,27,1,1,0,1,11,1,0,24,0,1,4,3,3,65,1,1,2,1,0,0,0,1,1,0,0,99,99,99,99,0,0,0,0,0,0,1,7,0,60497,0,290,2007,I-215,1E+20,0,33491295,117142457,1,1
6,37,3,3,19,45,1,5,1,0,13,6,0,8,0,3,1,1,2,25,1,1,2,1,0,0,0,3,1,0,0,99,99,99,99,0,0,0,0,0,0,1,7,0,60498,890,0,2007,BADILLO ST,HEATHDALE AVE,0,34051085,117540409,1,1
6,99,3,9,23,45,1,3,0,1,12,3,0,38,0,1,2,3,3,65,1,1,2,1,0,0,0,2,1,0,0,99,99,99,99,99,99,0,0,0,0,1,6,0,60499,0,169,2007,SR-99,1E+20,0,37384889,121010284,1,1
6,65,3,10,4,31,2,7,0,1,11,1,0,12,1,1,1,3,3,70,1,1,1,1,0,0,0,2,1,0,0,99,99,99,99,99,99,0,0,0,0,1,7,1,60500,2327,130,2007,I-15,1E+20,0,33351654,117140954,2,1
6,37,3,10,4,50,1,2,1,1,13,6,0,8,0,1,1,2,3,35,1,1,2,1,0,0,2,3,1,0,0,99,99,99,99,0,0,0,0,0,0,1,7,0,60501,1980,0,2007,ALAMEDA ST,1E+20,0,34032388,118141449,1,1
6,87,3,10,10,43,1,4,1,0,14,6,0,8,0,3,1,1,3,25,1,1,2,1,2,3,0,1,1,0,0,99,99,99,99,99,99,0,0,0,0,1,7,0,60502,3450,0,2007,FRONT ST,COOPER ST,0,37093939,122080931,1,1
6,99,3,10,14,25,1,1,0,0,4,4,0,30,0,1,2,1,2,55,1,1,2,1,0,0,0,1,1,0,0,99,99,99,99,0,0,0,0,0,0,1,7,0,60503,0,0,2007,RIVER RD,1E+20,0,37390647,121152504,1,1
6,73,3,10,15,5,1,1,0,0,5,4,0,42,0,1,2,1,2,55,2,1,2,1,0,0,0,1,1,0,0,99,99,99,99,0,0,0,0,0,0,1,7,1,60504,0,0,2007,OLD HWY 80,1E+20,0,32432493,116263672,1,1
6,1,3,10,21,42,1,1,0,0,14,6,0,33,0,1,3,2,2,45,1,1,2,1,0,0,0,3,1,0,0,99,99,99,99,0,0,0,0,0,0,1,7,0,60505,1560,0,2007,INDUSTRIAL PKWY W,1E+20,0,37374580,122025078,1,1
6,1,3,10,21,42,1,3,0,0,14,6,0,1,0,1,3,2,2,45,1,1,2,1,0,0,0,3,1,0,0,99,99,99,99,99,99,0,0,0,0,1,7,1,60506,1560,0,2007,INDUSTRIAL PKWY W,1E+20,0,34304396,118535376,1,1
6,85,3,10,23,31,1,2,1,0,13,6,0,8,0,1,1,2,3,99,1,1,2,1,0,0,0,2,1,0,0,99,99,99,99,0,0,0,0,0,0,1,7,0,60507,3340,0,2007,SANTA TERESA BLVD,1E+20,0,37132991,121462251,1,1
6,37,3,11,3,51,2,2,0,1,11,1,0,12,5,1,1,3,4,65,1,1,9,1,0,0,0,3,1,0,0,99,99,99,99,0,0,0,19,0,0,1,1,2,60508,480,283,2007,I-5,1E+20,0,34100871,118181009,2,1
6,1,1,1,15,43,2,3,0,0,14,6,0,1,0,2,1,1,4,40,2,2,1,1,20,3,0,1,1,0,0,99,99,99,99,0,0,0,0,0,0,1,2,0,60509,1920,0,2007,SPRINGTONTOWN BLVD,RHODODENDRON DR,0,37425671,121445321,2,1
6,13,1,2,17,50,1,2,1,0,16,6,0,8,0,1,1,1,2,25,1,1,2,1,0,0,0,3,1,0,0,99,99,99,99,99,99,0,0,0,0,1,3,0,60510,1779,0,2007,BROWN AVE,1E+20,0,37534140,122063838,1,1
6,77,1,6,3,18,1,2,1,0,14,6,0,8,0,1,1,1,4,55,1,1,2,1,0,0,0,2,1,0,0,99,99,3,23,0,0,0,0,0,0,1,7,1,60511,3770,0,2007,EL DORADO ST,1E+20,0,37550212,121164102,1,1
6,65,1,6,8,54,1,2,1,0,14,6,0,8,0,3,1,5,4,35,1,1,2,1,2,3,0,1,1,0,0,99,99,99,99,99,99,0,0,0,0,1,7,0,60512,2420,0,2007,SIXTH ST,VALLEY VIEW AVE,0,33561830,117325937,1,1
6,37,1,13,18,0,1,5,0,0,13,6,0,33,0,1,4,2,2,35,1,1,2,1,0,0,0,3,1,0,0,99,99,99,99,99,99,0,0,0,0,1,7,0,60513,1980,0,2007,STOCKER ST,1E+20,0,34000468,118211916,1,1
6,37,1,16,0,20,1,1,0,1,11,1,0,36,0,9,4,9,9,65,9,9,9,1,0,0,0,3,1,0,0,99,99,99,99,0,0,0,0,0,0,1,3,1,60514,0,116,2007,I-605,1E+20,0,34020249,118013739,1,1
6,37,1,16,13,7,1,2,1,0,14,6,0,8,0,1,1,1,2,25,1,1,2,1,0,0,0,1,1,0,0,99,99,99,99,99,99,0,0,0,0,1,3,0,60515,1430,0,2007,KENNETH RD,1E+20,0,34100787,118153559,1,1
6,39,3,7,99,99,1,1,0,0,6,4,0,53,0,1,4,1,2,55,2,2,2,1,0,0,0,2,1,0,0,99,99,99,99,99,99,0,0,0,0,1,4,0,60516,0,0,2007,ROAD 602,1E+20,0,37070442,119585220,1,1
6,99,3,8,0,29,1,1,0,0,14,6,0,46,0,6,4,1,2,35,1,1,2,1,60,3,0,2,1,0,0,99,99,99,99,0,0,0,0,0,0,1,5,1,60517,3950,0,2007,WASHINGTON RD,1E+20,865132A,37291857,120541289,1,1
6,99,3,8,2,28,1,2,1,0,4,4,0,8,0,1,1,1,2,55,1,1,2,1,0,0,2,2,1,0,0,99,99,99,99,0,0,0,0,0,0,1,5,2,60518,0,0,2007,GRAYSON RD,1E+20,0,37335754,121034450,1,1
6,65,3,8,5,3,2,1,0,1,12,3,0,1,0,1,2,3,4,65,1,1,1,1,0,0,0,2,1,0,0,99,99,99,99,0,0,0,0,0,0,1,5,1,60519,3070,102,2007,SR-91,1E+20,0,33533735,117300891,1,1
6,59,3,8,6,58,2,11,0,0,13,6,0,12,5,2,1,2,3,40,1,1,2,1,3,3,0,1,1,0,0,99,99,99,99,99,99,0,0,0,0,1,5,0,60520,1410,0,2007,EUCLID ST,LAMPSON AVE,0,33465325,117562769,2,1
6,45,2,21,6,0,2,2,0,1,2,2,0,12,2,1,1,1,2,55,2,1,2,2,0,0,0,2,2,0,0,99,99,99,99,0,0,0,0,0,0,2,4,0,60521,0,806,2007,US-101,1E+20,0,39491593,123335154,2,2
6,111,2,26,7,8,2,2,0,0,3,3,0,12,2,1,1,1,2,45,1,2,2,1,0,0,0,1,1,0,0,99,99,99,99,99,99,0,0,0,0,1,2,0,60522,538,157,2007,SR-33,1E+20,0,34255475,119161064,2,1
6,101,2,26,8,30,2,3,0,1,2,3,0,12,2,1,1,1,2,60,1,1,2,2,0,0,0,1,2,0,0,99,99,99,99,99,99,0,0,0,0,1,2,0,60523,0,222,2007,SR-99,1E+20,0,39010692,121380517,2,2
6,59,3,3,12,55,1,2,1,0,13,6,0,8,0,3,1,2,3,35,1,1,2,1,3,3,0,1,1,0,0,99,99,99,99,99,99,0,0,0,0,1,7,0,60524,0,0,2007,EL TORO RD,CALLE SONORA,0,33363300,117435648,1,1
6,71,3,3,14,52,1,5,0,1,11,1,0,1,0,1,3,2,3,70,1,1,2,1,0,0,0,1,1,0,0,99,99,99,99,99,99,0,0,0,0,1,7,0,60525,0,1432,2007,I-15,1E+20,0,35180430,116010542,1,1
6,77,3,13,7,35,1,2,0,1,12,3,0,1,0,1,1,1,2,55,2,1,2,1,28,3,0,1,1,0,1,99,99,99,99,99,99,0,0,0,0,1,3,0,60526,2070,69,2007,SR-99,1E+20,0,37480281,121113142,1,1
6,101,3,16,20,23,1,1,0,0,5,4,0,1,0,1,1,1,2,55,2,2,2,1,0,0,0,2,1,0,0,99,99,99,99,0,0,0,0,0,0,1,6,1,60527,0,0,2007,FRANKLIN RD,1E+20,0,39073940,121451522,1,1
6,73,1,22,15,42,2,3,0,0,13,6,0,12,4,1,1,1,2,35,1,1,2,1,0,0,0,1,1,0,0,99,99,99,99,99,99,0,0,0,0,1,2,0,60528,560,0,2007,CARLSBAD BLVD,1E+20,0,33073383,117195143,2,1