STATE,COUNTY,MONTH,DAY,HOUR,MINUTE,VE_TOTAL,PERSONS,PEDS,NHS,ROAD_FNC,ROUTE,SP_JUR,HARM_EV,MAN_COLL,REL_JUNC,REL_ROAD,TRAF_FLO,NO_LANES,SP_LIMIT,ALIGNMNT,PROFILE,PAVE_TYP,SUR_COND,TRA_CONT,T_CONT_F,HIT_RUN,LGT_COND,WEATHER1,WEATHER2,C_M_ZONE,NOT_HOUR,NOT_MIN,ARR_HOUR,ARR_MIN,HOSP_HR,HOSP_MN,SCH_BUS,CF1,CF2,CF3,FATALS,DAY_WEEK,DRUNK_DR,ST_CASE,CITY,MILEPT,YEAR,TWAY_ID,TWAY_ID2,RAIL,LATITUDE,LONGITUD,VE_FORMS,WEATHER
6,59,3,12,0,45,1,2,1,0,13,6,0,8,0,3,1,5,4,40,1,1,2,1,3,3,0,3,1,0,0,99,99,99,99,99,99,0,0,0,0,1,2,1,60529,1790,0,2007,LAMBERT RD,CYPRESS ST,0,33552875,117563032,1,1
6,13,3,12,3,30,1,3,0,1,12,3,0,33,0,1,4,3,5,65,1,1,1,1,0,0,4,2,1,0,0,99,99,99,99,99,99,0,0,0,0,2,2,1,60530,0,195,2007,SR-4,1E+20,0,38010820,121591214,1,1
6,53,3,12,4,40,1,3,0,1,2,2,0,24,0,1,4,1,2,65,1,1,2,1,0,0,0,2,1,0,0,99,99,99,99,99,99,0,0,0,0,2,2,0,60531,0,448,2007,US-101,1E+20,0,36130152,121095966,1,1
6,37,3,12,15,44,3,3,0,0,15,6,0,12,5,2,1,1,2,35,1,1,2,1,20,3,0,1,1,0,0,99,99,99,99,99,99,0,0,0,0,1,2,0,60532,120,0,2007,LONGDEN AVE,SECOND AVE,0,34065142,118012910,3,1
6,65,3,12,15,55,2,2,0,0,5,4,0,12,4,2,1,1,2,25,1,1,2,1,20,3,0,1,1,0,0,99,99,99,99,99,99,1,0,0,0,1,2,0,60533,0,0,2007,VANDER VEER RD,BAY DR,0,33314264,115562111,2,1
6,65,3,13,16,10,2,2,0,0,14,6,0,12,4,1,1,1,2,45,1,1,2,1,0,0,0,1,1,0,0,99,99,99,99,0,0,0,0,0,0,1,3,0,60534,3320,0,2007,RAMONA EXPY,1E+20,0,33492491,117005638,2,1
6,99,3,12,17,40,1,2,0,1,2,3,0,35,0,1,4,1,2,55,2,1,2,1,0,0,0,1,1,0,0,99,99,99,99,99,99,0,0,0,0,1,2,0,60535,0,121,2007,SR-120,1E+20,0,37481169,120430600,1,1
6,29,3,12,18,33,1,3,1,0,15,6,0,9,0,3,1,1,2,25,1,1,2,1,20,3,0,1,1,0,0,99,99,99,99,99,99,0,0,0,0,1,2,0,60536,240,0,2007,BERSHIRE RD,SANDRINILLA ST,0,35171902,119024667,1,1
6,99,1,16,17,32,1,3,1,0,13,6,0,9,0,1,1,5,4,40,1,1,2,1,0,0,0,5,1,0,0,99,99,99,99,99,99,0,0,0,0,1,3,1,60537,3950,0,2007,GOLDEN STATE BLVD,1E+20,0,37301993,120512797,1,1
6,75,1,18,9,39,2,2,0,0,13,6,0,12,1,1,1,1,4,35,1,1,2,1,0,0,0,1,1,0,0,99,99,99,99,99,99,0,0,0,0,1,5,0,60538,3290,0,2007,FULTON ST,1E+20,0,37462769,122272929,2,1
6,65,1,18,16,1,2,2,0,0,15,6,0,12,2,1,1,1,4,45,2,1,2,1,0,0,0,1,1,0,0,99,99,99,99,99,99,0,0,0,0,1,5,1,60539,3851,0,2007,MARGARITA RD,1E+20,0,33304193,117083422,2,1
6,45,1,19,15,30,1,1,0,1,2,3,0,52,0,1,6,1,2,55,1,1,2,1,0,0,0,1,1,0,0,99,99,99,99,99,99,0,0,0,0,1,6,0,60540,0,408,2007,SR-20,1E+20,0,39131071,123045803,1,1
6,73,1,20,1,49,1,2,1,1,11,1,0,8,0,1,1,3,5,65,1,1,2,1,0,0,2,3,1,0,0,99,99,99,99,99,99,0,19,0,0,1,7,1,60541,3260,175,2007,I-5,1E+20,0,32440217,117102561,1,1
6,37,1,21,18,28,1,2,1,0,14,6,0,8,0,1,1,9,9,35,1,9,9,1,0,0,0,3,1,0,0,99,99,99,99,99,99,0,0,0,0,1,1,0,60542,245,0,2007,LOS ANGELES ST,1E+20,0,34053191,117582006,1,1
6,71,1,21,20,7,1,1,0,0,14,6,0,46,0,3,4,1,2,35,1,2,2,1,3,3,0,3,1,0,0,99,99,99,99,99,99,0,0,0,0,1,1,1,60543,3210,0,2007,MEDICAL CENTER DR,9TH ST,0,34065710,117192118,1,1
6,37,1,23,23,52,2,3,2,0,13,6,0,9,0,1,1,1,4,35,1,1,2,1,0,0,2,3,1,0,0,99,99,99,99,99,99,0,0,0,0,1,3,1,60544,1970,0,2007,7TH ST,1E+20,0,33463120,118091462,1,1
6,59,1,24,20,50,1,2,1,0,13,6,0,8,0,1,1,5,6,40,1,1,2,1,0,0,2,3,1,0,0,99,99,99,99,99,99,0,0,0,0,1,4,0,60545,80,0,2007,HARBOR BLVD,1E+20,0,33474060,117545420,1,1
6,71,1,29,11,3,1,1,0,0,13,6,0,33,0,1,4,2,2,45,1,1,2,1,0,0,0,1,1,0,0,99,99,99,99,99,99,0,0,0,0,1,2,0,60546,680,0,2007,CENTRAL AVE,1E+20,0,33594271,117412041,1,1
6,67,1,29,15,45,1,1,0,0,16,6,0,33,0,1,4,1,2,25,1,1,2,1,0,0,0,1,1,0,0,99,99,99,99,99,99,0,0,0,0,1,2,0,60547,1108,0,2007,TIANT WAY,1E+20,0,38252219,121251569,1,1
6,7,3,10,22,25,2,2,0,0,15,4,0,12,2,1,1,1,2,40,1,1,2,1,0,0,0,2,1,0,0,99,99,99,99,99,99,0,0,0,0,1,7,1,60548,0,0,2007,LOWER WYANDOTTE RD,1E+20,0,39272962,121303181,2,1
6,33,3,11,0,40,1,4,0,0,4,4,0,1,0,1,2,1,2,55,1,1,2,1,0,0,0,2,1,0,0,99,99,99,99,0,0,0,4,0,0,1,1,2,60549,0,0,2007,ELK MOUNTAIN RD,1E+20,0,39234709,122580672,1,1
6,37,3,13,6,23,1,2,1,0,13,6,0,8,0,3,1,5,4,35,1,1,2,1,0,0,0,4,1,0,0,99,99,99,99,0,0,0,0,0,0,1,3,0,60550,3300,0,2007,SAN GABRIEL BLVD,ROSE RD,0,34063792,118052803,1,1
6,37,3,13,17,3,2,6,0,0,14,6,0,12,5,1,1,1,2,45,1,1,2,1,0,0,0,1,1,0,2,99,99,99,99,99,99,0,3,0,0,1,3,0,60551,1840,0,2007,30TH ST,1E+20,0,34395278,118040348,2,1
6,97,3,13,19,59,2,2,0,0,15,4,0,12,5,3,1,1,2,55,2,1,2,1,20,3,1,2,1,0,0,99,99,99,99,0,0,0,0,0,0,1,3,1,60552,0,0,2007,OCCIDENTAL RD,BARLOW LN,0,38252885,122513148,2,1
6,107,3,13,22,5,2,3,1,0,4,3,0,8,0,1,1,1,2,55,1,1,9,1,0,0,0,2,1,0,0,99,99,99,99,0,0,0,0,0,0,1,3,1,60553,0,43,2007,SR-201,1E+20,0,36310280,119273559,2,1
6,65,3,14,7,15,2,2,0,0,3,4,0,12,5,1,1,1,2,55,1,1,2,1,0,0,0,1,1,0,0,99,99,99,99,99,99,0,0,0,0,1,4,0,60554,0,0,2007,DILLON RD,1E+20,0,33490855,116123345,2,1
6,71,3,14,17,47,1,3,2,0,14,6,0,10,0,6,1,1,4,45,1,1,2,1,60,3,0,1,1,0,0,99,99,99,99,99,99,0,0,0,0,1,4,0,60555,2550,0,2007,VINEYARD AVE,1E+20,810910H,34053332,117363988,1,1
6,59,3,14,18,36,1,1,0,0,13,6,0,33,0,1,3,2,2,40,1,1,2,1,0,0,0,1,1,0,0,99,99,99,99,99,99,0,0,0,0,1,4,0,60556,80,0,2007,BALL RD,1E+20,0,33490450,117561991,1,1
6,65,3,14,19,40,2,3,0,0,3,3,0,12,5,1,1,1,2,55,2,3,2,1,0,0,0,3,1,0,0,99,99,99,99,0,0,0,0,0,0,1,4,0,60557,0,4,2007,SR-74,1E+20,0,33383780,117251390,2,1
6,85,1,30,15,12,1,2,1,0,15,6,0,8,0,1,1,1,2,25,1,1,2,1,0,0,0,1,1,0,0,99,99,99,99,99,99,0,0,0,0,1,3,0,60558,2182,0,2007,ARIZONA AVE,1E+20,0,37270916,121541866,1,1
6,41,1,31,13,15,2,1,0,0,14,4,0,14,1,1,4,2,1,25,2,2,2,1,0,0,0,1,1,0,0,99,99,99,99,99,99,0,0,0,0,1,4,1,60559,0,0,2007,MILLER CREEK RD,1E+20,0,38015495,122330725,1,1
6,13,2,1,13,0,1,1,0,1,11,1,0,24,0,1,2,3,2,65,2,2,2,1,0,0,0,1,1,0,0,99,99,99,99,0,0,0,0,0,0,1,5,1,60560,0,103,2007,I-80 RAMP,1E+20,0,37560891,122193494,1,1
6,37,2,1,18,3,2,2,0,0,14,6,0,12,5,2,1,9,6,35,1,1,2,1,3,3,0,3,1,0,0,99,99,99,99,99,99,0,0,0,0,1,5,0,60561,1550,0,2007,PRAIRIE AVE,137TH ST,0,33542705,118203776,2,1
6,37,2,2,5,41,1,2,1,1,14,6,0,8,0,1,1,1,5,30,1,1,2,1,0,0,0,3,1,0,0,99,99,99,99,0,0,0,0,0,0,1,6,0,60562,1970,0,2007,ANAHEIM ST,1E+20,0,33465738,118111669,1,1
6,65,2,3,16,48,1,1,0,0,13,6,0,33,0,3,4,2,2,40,1,1,2,1,3,3,0,1,1,0,0,99,99,99,99,99,99,0,0,0,0,1,7,0,60563,612,0,2007,DATE PALM DR,DINAH SHORE DR,0,33480531,116272919,1,1
6,59,2,8,10,55,1,1,0,0,16,6,0,5,0,2,1,1,2,25,1,1,2,1,0,0,0,1,1,0,0,99,99,99,99,99,99,0,0,0,0,1,5,0,60564,3420,0,2007,TERMINAL ST,6TH ST,0,33445922,117511749,1,1
6,73,2,8,18,10,1,2,1,0,15,6,0,8,0,3,1,1,2,30,1,1,1,1,20,3,0,3,1,0,0,99,99,99,99,99,99,0,0,0,0,1,5,0,60565,3260,0,2007,BURGENER BLVD,FIELD ST,0,32473630,117113697,1,1
6,53,2,11,9,15,1,2,0,0,16,4,0,30,0,1,6,1,2,25,1,1,2,2,0,0,0,1,1,0,0,99,99,99,99,0,0,0,0,0,0,2,1,0,60566,0,0,2007,MERIDIAN RD,1E+20,0,36472155,121424242,1,1
6,59,2,14,6,47,1,2,1,0,14,6,0,9,0,1,1,5,4,40,1,1,2,1,0,0,0,1,1,0,0,99,99,99,99,99,99,0,0,0,0,1,4,0,60567,1410,0,2007,LAMPSON AVE,1E+20,0,33465161,118003776,1,1
6,53,3,3,11,5,2,10,0,1,2,2,0,12,5,1,1,2,2,65,1,1,2,1,0,0,0,1,1,0,0,99,99,99,99,99,99,0,0,0,0,1,7,0,60568,0,458,2007,US-101,1E+20,0,36140181,121102749,2,1
6,33,3,14,7,50,1,1,0,1,2,3,0,42,0,1,4,1,2,55,1,1,2,1,0,0,0,1,1,0,0,99,99,99,99,99,99,0,0,0,0,1,4,0,60569,0,252,2007,SR-29,1E+20,0,39032504,122555089,1,1
6,37,3,14,14,25,1,1,0,0,5,4,0,33,0,1,4,1,4,55,2,2,2,1,0,0,0,1,1,0,0,99,99,99,99,0,0,0,0,0,0,1,4,0,60570,0,0,2007,PEACE VALLEY RD,1E+20,0,34474764,118522579,1,1
6,1,1,18,1,33,3,4,0,1,11,1,0,12,5,13,1,6,2,65,1,1,1,1,0,0,0,3,1,0,0,99,99,99,99,99,99,0,0,0,0,1,5,2,60571,2480,31,2007,I-80 RAMP,1E+20,0,37505476,122180276,3,1
6,71,1,3,18,16,3,5,0,0,15,6,0,12,2,1,1,1,2,35,1,1,2,1,0,0,0,3,1,0,0,99,99,99,99,99,99,0,0,0,0,1,4,0,60572,2922,0,2007,SAN BERNARDINO RD,1E+20,0,34063203,117362230,2,1
6,39,1,6,18,18,4,9,0,1,2,3,0,12,2,1,1,1,2,55,2,3,2,1,0,0,0,3,1,0,0,99,99,99,99,99,99,0,14,0,0,2,7,0,60573,0,218,2007,SR-41,1E+20,0,36551370,119473797,4,1
6,37,1,9,20,50,2,5,0,1,13,3,0,12,5,2,1,2,3,45,1,1,1,1,20,3,0,3,1,0,0,99,99,99,99,99,99,0,0,0,0,3,3,1,60574,0,0,2007,SR-39,GLENLOCH AVE,0,34011613,117550847,2,1
6,67,1,13,14,45,2,3,0,0,14,6,0,12,5,1,1,2,3,45,1,1,2,1,0,0,0,1,1,0,0,99,99,99,99,99,99,0,0,0,0,1,7,0,60575,1300,0,2007,IRON POINT RD,1E+20,0,38383082,121110953,2,1
6,37,1,16,22,30,1,4,0,1,2,3,0,23,0,5,2,6,1,40,2,2,2,1,0,0,0,3,1,0,0,99,99,99,99,99,99,0,0,0,0,1,3,1,60576,810,105,2007,SR-91 RAMP,1E+20,0,33522408,118124639,1,1
6,107,1,17,13,35,2,8,0,0,16,6,0,12,5,2,1,1,2,15,1,1,2,1,0,0,0,1,1,0,0,99,99,99,99,0,0,0,4,0,0,1,4,0,60577,3920,0,2007,STOCKHAM,AMBER,0,36120123,119190185,2,1
6,111,1,18,0,38,3,4,0,1,13,6,0,12,5,2,1,2,2,45,1,1,2,1,3,3,1,3,1,0,0,99,99,99,99,99,99,0,0,0,0,1,5,1,60578,2620,0,2007,CHANNEL ISLANDS BLVD,VENTURA RD,0,34103266,119114173,3,1
6,85,3,10,3,7,1,2,0,0,14,6,0,33,0,1,10,1,2,35,1,1,2,1,0,0,0,3,1,0,0,99,99,99,99,99,99,0,0,0,0,1,7,2,60579,3340,0,2007,BERRYESSA RD,1E+20,0,37233721,121505762,1,1
6,65,3,15,23,15,3,4,0,1,2,3,0,12,1,1,1,1,2,55,1,1,9,1,0,0,0,2,1,0,0,99,99,99,99,99,99,0,0,0,0,3,5,1,60580,0,169,2007,SR-86,1E+20,0,33380676,116105235,3,1
6,29,3,16,16,0,3,7,0,1,2,3,0,12,7,1,1,3,3,70,1,1,2,1,0,0,1,1,1,0,0,99,99,99,99,99,99,0,0,0,0,2,6,0,60581,0,386,2007,SR-99,1E+20,0,35311933,119111111,3,1
6,31,3,16,17,12,2,5,0,0,3,4,0,12,5,2,1,1,2,55,1,1,2,1,20,3,0,1,1,0,0,99,99,99,99,99,99,0,0,0,0,1,6,0,60582,0,0,2007,12TH AVE,IONA AVE,0,36170171,119402195,2,1
6,5,3,16,19,25,2,4,0,0,3,3,0,12,5,1,1,1,2,45,2,1,2,1,0,0,0,2,1,0,0,99,99,99,99,99,99,0,0,0,0,3,6,1,60583,0,302,2007,SR-88,1E+20,0,38260831,120332969,2,1
6,37,3,20,4,10,1,2,1,0,13,6,0,8,0,1,1,1,9,35,1,1,9,1,0,0,0,3,1,0,0,99,99,99,99,0,0,0,0,0,0,1,3,0,60584,1980,0,2007,VINE ST,1E+20,0,34050743,118193575,1,1
6,73,3,20,8,25,1,2,0,0,4,4,0,1,0,1,1,1,2,55,2,2,2,1,40,3,0,1,1,0,0,99,99,99,99,99,99,0,0,0,0,1,3,0,60585,0,0,2007,HONEY SPRINGS RD,1E+20,0,32422417,116445180,1,1
6,107,3,20,9,25,3,4,1,0,3,3,0,12,5,1,1,1,2,55,1,1,2,1,0,0,0,1,1,0,0,99,99,99,99,99,99,0,14,0,0,1,3,0,60586,0,144,2007,SR-190,1E+20,0,36030476,119031113,3,1
6,85,3,20,9,47,1,2,0,1,12,2,0,35,0,1,4,3,4,65,1,1,2,2,40,3,0,1,2,0,0,99,99,99,99,99,99,0,0,0,0,1,3,0,60587,3340,299,2007,US-101,1E+20,0,37165246,121482810,1,2
6,85,3,20,9,48,1,2,0,1,12,2,0,35,0,1,4,3,4,65,1,1,2,2,40,3,0,1,2,0,0,99,99,99,99,99,99,0,0,0,0,1,3,0,60588,3340,298,2007,US-101,1E+20,0,37165221,121482794,1,2
6,71,3,20,10,53,2,4,0,1,1,1,0,12,7,1,1,2,2,55,1,2,2,1,0,0,0,1,1,0,0,99,99,99,99,99,99,0,0,0,0,1,3,0,60589,0,1364,2007,I-40,1E+20,0,34455355,114343506,2,1
6,55,3,20,14,36,3,3,0,0,3,3,0,12,1,1,1,1,2,55,1,1,2,1,40,3,0,1,1,0,0,99,99,99,99,0,0,0,0,0,0,1,3,0,60590,4270,198,2007,SR-29,1E+20,0,38242282,122220882,3,1
6,19,3,20,16,41,2,1,0,0,14,6,0,14,1,1,4,1,4,40,1,1,2,2,0,0,0,1,2,0,0,99,99,99,99,99,99,0,0,0,0,1,3,1,60591,1370,0,2007,DAKOTA AVE,1E+20,0,36471274,119454545,1,2
6,65,3,20,23,8,1,1,0,0,16,6,0,1,0,1,6,1,2,25,1,1,2,2,0,0,0,3,2,0,0,99,99,99,99,0,0,0,0,0,0,1,3,1,60592,3851,0,2007,OLD TOWN FRONT ST,1E+20,0,33294772,117090928,1,2
6,73,3,21,1,15,1,1,0,0,15,4,0,38,0,1,4,1,2,45,2,1,2,2,0,0,0,2,2,0,0,99,99,99,99,99,99,0,0,0,0,1,4,1,60593,0,0,2007,WILLOWS RD,1E+20,0,32500375,116433560,1,2
6,73,3,21,5,45,1,1,0,0,16,4,0,41,0,1,4,1,2,45,2,1,2,2,0,0,0,4,2,0,0,99,99,99,99,0,0,0,0,0,0,1,4,0,60594,0,0,2007,VIA DE LA VALLE,1E+20,0,32593051,117125570,1,2
6,19,3,21,6,40,1,2,0,0,4,4,0,32,0,1,4,1,2,50,2,2,2,2,0,0,0,4,2,0,0,99,99,99,99,99,99,0,0,0,0,1,4,0,60595,0,0,2007,MILLERTON RD,1E+20,0,36593505,119422241,1,2
6,71,3,21,12,15,2,2,0,1,11,1,0,12,1,1,1,2,5,65,1,1,1,1,0,0,0,1,1,0,0,99,99,99,99,0,0,0,0,0,0,1,4,0,60596,2550,32,2007,I-15,1E+20,0,34044686,117324071,2,1
6,83,1,20,22,41,3,3,0,1,13,3,0,12,5,2,1,5,4,45,1,1,2,1,2,3,0,3,1,0,0,99,99,99,99,99,99,0,20,0,0,1,7,1,60597,3460,135,2007,SR-135,BETTERAVIA RD,0,34551521,120261000,3,1
6,11,1,22,8,40,3,4,0,0,4,4,0,12,2,2,1,1,2,55,1,1,2,1,5,3,0,1,1,0,0,99,99,99,99,99,99,0,0,0,0,2,2,0,60598,0,0,2007,HAHN RD,OLD HWY 99W,0,39032479,122045903,3,1
6,37,1,25,0,15,2,4,0,0,13,6,0,30,0,3,4,3,2,30,1,1,2,1,3,3,0,3,1,0,0,99,99,99,99,99,99,0,14,0,0,2,5,3,60599,1970,0,2007,OCEAN BLVD,ALAMITOS AVE,0,33455885,118105908,2,1
6,87,1,26,9,20,1,2,0,1,2,3,0,42,0,1,4,2,2,65,1,1,2,1,0,0,0,1,1,0,0,99,99,99,99,99,99,0,0,0,0,1,6,0,60600,0,51,2007,SR-1,1E+20,0,36561100,121493879,1,1
6,83,1,30,12,24,2,3,0,0,13,3,0,12,1,3,1,1,4,35,1,1,2,1,3,3,0,1,1,0,0,99,99,99,99,99,99,0,0,0,0,1,3,0,60601,3460,89,2007,SR-166,BRADLEY,0,34571065,120250511,2,1
6,67,2,5,17,45,3,8,0,1,12,3,0,12,1,1,1,3,5,65,1,2,2,1,0,0,0,3,1,0,0,99,99,99,99,99,99,0,0,0,0,1,2,0,60602,0,214,2007,SR-99,1E+20,0,38310080,121274861,3,1
6,71,2,9,4,38,4,6,2,1,11,1,0,8,0,1,1,3,5,65,1,1,1,1,0,0,0,3,1,0,0,99,99,99,99,0,0,0,19,0,0,2,6,0,60603,2238,14,2007,I-10,1E+20,0,34051237,117411241,4,1
6,71,2,11,17,27,2,2,0,0,14,6,0,12,5,2,1,1,2,35,1,1,2,1,20,3,0,5,1,0,0,99,99,99,99,99,99,0,0,0,0,1,1,2,60604,3210,0,2007,CAJON BLVD,21ST ST,0,34080469,117184978,2,1
6,71,2,14,14,12,2,5,0,0,14,6,0,12,5,2,1,1,4,55,1,1,2,1,20,3,0,1,1,0,0,99,99,99,99,99,99,0,0,0,0,1,4,0,60605,3,0,2007,AIR EXPRESSWAY,PEARMAIN ST,0,34341923,117241861,2,1
6,71,2,15,18,30,1,2,1,0,14,6,0,8,0,1,1,1,2,45,1,1,2,1,0,0,0,3,1,0,0,99,99,99,99,99,99,0,0,0,0,1,5,2,60606,1605,0,2007,NINTH ST,1E+20,0,34065671,117144856,1,1
6,37,2,15,20,32,2,2,0,0,14,6,0,12,5,2,1,1,4,40,1,2,2,1,20,3,1,3,1,0,0,99,99,99,99,99,99,0,0,0,0,1,5,1,60607,1440,0,2007,LORAINE AVE,BENNET AVE,0,34082284,117504670,2,1
6,59,2,16,3,17,1,2,0,1,11,1,0,30,0,1,4,3,5,65,1,1,1,1,0,0,0,3,1,0,0,99,99,99,99,99,99,0,0,0,0,1,6,0,60608,1660,163,2007,I-405,1E+20,0,33434808,117590858,1,1
6,65,2,16,18,10,2,4,0,0,4,4,0,12,5,2,1,1,2,55,1,1,2,1,20,3,0,3,1,0,0,99,99,99,99,99,99,0,0,0,0,1,6,0,60609,0,0,2007,GARBONI RD,ANTELOPE RD,0,33392169,117101364,2,1
6,37,2,18,0,46,1,1,0,1,11,1,0,25,0,13,4,6,2,99,2,2,1,1,0,0,0,3,1,0,0,99,99,99,99,0,0,0,0,0,0,1,1,1,60610,1970,129,2007,I-710 RAMP,1E+20,0,33524098,118113259,1,1
6,47,2,17,15,47,1,1,0,0,4,4,0,38,0,1,4,1,2,55,2,1,2,1,0,0,0,1,1,0,0,99,99,99,99,99,99,0,0,0,0,1,7,1,60611,0,0,2007,LA GRANGE RD,1E+20,0,37361823,120265355,1,1
6,85,2,18,4,1,1,4,0,0,16,6,0,33,0,1,4,5,4,35,1,1,2,1,0,0,0,3,1,0,0,99,99,99,99,99,99,0,0,0,0,3,1,1,60612,3340,0,2007,10TH ST,1E+20,0,37184907,121513679,1,1
6,65,2,18,23,1,1,5,0,0,14,6,0,30,0,1,4,3,2,40,1,1,2,1,0,0,0,3,1,0,0,99,99,99,99,99,99,0,0,0,0,1,1,0,60613,3070,0,2007,TYLER ST,1E+20,0,33571098,117283976,1,1
6,37,2,19,8,19,1,1,0,0,13,6,0,33,0,1,4,3,2,45,1,1,2,2,0,0,0,1,1,0,0,99,99,99,99,99,99,0,0,0,0,1,2,0,60614,1440,0,2007,ROUTE 66,1E+20,0,34074372,117514558,1,1
6,81,2,19,20,19,2,4,0,0,13,3,0,12,5,2,1,3,2,35,1,1,2,1,20,3,0,3,1,0,0,99,99,99,99,99,99,0,0,0,0,1,2,1,60615,2980,230,2007,SR-84,SANTA CLARA AVE,0,37271190,122134527,2,1
6,71,2,20,15,0,3,7,0,1,3,3,0,12,4,1,1,1,4,65,1,1,2,1,0,0,0,1,1,0,0,99,99,99,99,99,99,0,0,0,0,1,3,0,60616,0,200,2007,SR-62,1E+20,0,34080631,116170846,3,1
6,37,2,23,2,14,3,4,1,1,11,1,0,12,1,1,1,3,5,65,1,2,2,1,0,0,2,2,1,0,0,99,99,99,99,99,99,0,19,0,0,1,6,2,60617,1980,362,2007,I-405,1E+20,0,34063799,118285450,3,1
6,25,2,23,23,15,1,5,0,0,15,6,0,33,0,3,4,1,2,25,2,1,2,1,20,3,0,3,1,0,0,99,99,99,99,99,99,0,0,0,0,2,6,2,60618,440,0,2007,WILLARD AVE,JULIA,0,32575892,115331023,1,1
6,59,2,24,19,29,1,2,1,0,13,6,0,8,0,1,1,3,2,40,1,1,2,1,0,0,2,3,1,0,0,99,99,99,99,99,99,0,0,0,0,1,7,1,60619,80,0,2007,LINCOLN AVE,1E+20,0,33495641,117582109,1,1
6,97,2,25,3,10,1,1,0,0,14,6,0,46,0,3,4,3,2,40,1,1,2,2,3,3,0,3,2,0,0,99,99,99,99,99,99,0,0,0,0,1,1,1,60620,3490,0,2007,STONY POINT RD,W 3RD ST,0,38260185,122443244,1,2
6,65,2,26,17,14,1,2,1,0,13,6,0,9,0,1,1,1,4,45,2,1,2,1,0,0,0,1,1,0,0,99,99,99,99,99,99,0,0,0,0,1,2,1,60621,3070,0,2007,MARKET ST,1E+20,0,33595804,117222603,1,1
6,71,3,1,17,57,1,3,0,0,14,6,0,33,0,1,4,5,4,35,1,1,2,1,0,0,0,5,1,0,0,99,99,99,99,99,99,0,0,0,0,1,5,0,60622,4000,0,2007,BENSON AVE,1E+20,0,34053722,117405128,1,1
6,53,3,3,22,55,3,4,0,1,2,2,0,12,1,1,1,2,2,70,1,2,1,1,0,0,0,2,1,0,0,99,99,99,99,99,99,0,0,0,0,1,7,1,60623,0,191,2007,US-101,1E+20,0,36033352,120583906,3,1
6,65,3,4,0,50,2,4,0,0,16,6,0,12,1,1,1,1,2,55,1,1,2,1,0,0,0,3,1,0,0,99,99,99,99,99,99,0,0,0,0,1,1,3,60624,2276,0,2007,FIR AVE,1E+20,0,33560768,117113802,2,1
6,85,3,5,11,2,1,1,0,0,16,6,0,33,0,1,4,2,2,50,1,2,2,1,0,0,0,1,1,0,0,99,99,99,99,0,0,0,0,0,0,1,2,0,60625,3790,0,2007,CENTRAL EXPY,1E+20,0,37230459,122020167,1,1
6,37,3,5,16,55,1,3,2,0,16,6,0,8,0,1,1,1,2,25,1,1,2,1,0,0,0,1,1,0,0,99,99,99,99,99,99,0,0,0,0,1,2,0,60626,810,0,2007,HARRIS AVE,1E+20,0,33530901,118115281,1,1
6,37,3,7,11,50,2,2,0,1,11,1,0,12,1,1,1,3,5,65,1,1,1,1,0,0,0,1,1,0,0,99,99,99,99,0,0,0,0,0,0,1,4,0,60627,2020,120,2007,I-105,1E+20,0,33550995,118114911,2,1
6,37,3,8,5,10,1,2,1,0,13,6,0,8,0,1,1,1,4,35,1,1,2,1,0,0,2,3,1,0,0,99,99,99,99,0,0,0,0,0,0,1,5,0,60628,3300,0,2007,SAN GABRIEL BLVD,1E+20,0,34045222,118052670,1,1
6,37,3,8,6,10,1,1,0,0,13,3,0,33,0,1,4,1,4,45,1,1,2,1,0,0,0,1,1,0,0,99,99,99,99,0,0,0,0,0,0,1,5,0,60629,1980,384,2007,SR-1,1E+20,0,34021567,118322205,1,1
6,113,3,8,19,20,1,1,0,0,6,4,0,36,0,1,4,1,2,55,1,1,2,1,0,0,0,2,1,0,0,99,99,99,99,0,0,0,0,0,0,1,5,1,60630,0,0,2007,COUNTY ROAD 22,1E+20,0,38403626,121401750,1,1
6,37,3,9,1,25,1,2,0,0,13,6,0,30,0,1,4,5,4,55,1,1,2,1,0,0,0,3,1,0,0,99,99,99,99,99,99,0,0,0,0,1,6,0,60631,2645,0,2007,RANCHO VISTA BLVD,1E+20,0,34360632,118095397,1,1
6,73,3,9,14,10,2,2,0,0,13,6,0,12,5,2,1,3,3,50,1,1,2,1,3,3,0,1,1,0,0,99,99,99,99,99,99,0,0,0,0,1,6,0,60632,1200,0,2007,VIA RANCHO PKWY,SUNSET DR,0,33040421,117035288,2,1