STATE,COUNTY,MONTH,DAY,HOUR,MINUTE,VE_TOTAL,PERSONS,PEDS,NHS,ROAD_FNC,ROUTE,SP_JUR,HARM_EV,MAN_COLL,REL_JUNC,REL_ROAD,TRAF_FLO,NO_LANES,SP_LIMIT,ALIGNMNT,PROFILE,PAVE_TYP,SUR_COND,TRA_CONT,T_CONT_F,HIT_RUN,LGT_COND,WEATHER1,WEATHER2,C_M_ZONE,NOT_HOUR,NOT_MIN,ARR_HOUR,ARR_MIN,HOSP_HR,HOSP_MN,SCH_BUS,CF1,CF2,CF3,FATALS,DAY_WEEK,DRUNK_DR,ST_CASE,CITY,MILEPT,YEAR,TWAY_ID,TWAY_ID2,RAIL,LATITUDE,LONGITUD,VE_FORMS,WEATHER
6,37,3,10,4,26,1,2,0,0,13,6,0,33,0,1,4,1,4,30,1,1,2,1,0,0,0,3,1,0,0,99,99,99,99,99,99,0,0,0,0,1,7,2,60633,2700,0,2007,COLORADO BLVD,1E+20,0,34084577,118062946,1,1
6,37,3,10,20,39,1,2,0,0,14,6,0,33,0,1,4,3,2,45,1,1,2,1,0,0,0,2,1,0,0,99,99,99,99,0,0,0,0,0,0,1,7,1,60634,1970,0,2007,WARDLOW RD,1E+20,0,33490345,118045774,1,1
6,73,3,11,14,35,2,2,0,0,16,6,0,1,0,1,1,3,2,45,1,1,2,1,0,0,0,1,1,0,0,99,99,99,99,0,0,0,0,0,0,1,1,1,60635,3645,0,2007,HIGHWAY 101,1E+20,0,32590589,117161248,2,1
6,71,3,11,18,40,1,2,1,0,15,6,0,9,0,1,1,5,4,45,1,2,2,1,0,0,0,1,1,0,0,99,99,99,99,99,99,0,0,0,0,1,1,0,60636,260,0,2007,RIMROCK RD,1E+20,0,34523581,117003441,1,1
6,65,3,11,99,99,1,1,0,0,15,6,0,33,0,1,4,5,2,45,1,1,2,1,0,0,0,3,1,0,0,99,99,99,99,0,0,0,0,0,0,1,1,1,60637,850,0,2007,SAMPSON AVE,1E+20,0,33524310,117320926,1,1
6,83,3,12,16,55,1,1,0,0,6,4,2,1,0,1,1,1,2,55,1,2,2,1,0,0,0,1,1,0,0,99,99,99,99,0,0,0,0,0,0,1,2,0,60638,0,0,2007,SAN ANTONIO RD,1E+20,0,34470057,120321535,1,1
6,71,3,12,19,58,1,2,1,0,16,6,0,8,0,2,1,5,2,30,1,1,2,1,0,0,0,3,1,0,0,99,99,99,99,99,99,0,0,0,0,1,2,0,60639,680,0,2007,PARK PL,12TH ST,0,34011633,117410348,1,1
6,77,3,11,20,10,2,3,0,1,2,3,0,12,5,2,1,1,2,55,1,1,2,1,20,3,0,2,1,0,0,99,99,99,99,99,99,0,0,0,0,1,1,0,60640,0,117,2007,SR-99 RAMP,FRENCH CAMP RD,0,37513552,121130682,2,1
6,37,3,15,8,18,1,4,1,0,13,6,0,8,0,1,1,3,2,35,1,1,2,1,0,0,0,1,1,0,0,99,99,99,99,99,99,0,0,0,0,1,5,0,60641,602,0,2007,AVALON BLVD,1E+20,0,33494517,118154891,1,1
6,25,3,15,18,45,1,4,0,1,1,1,0,43,0,1,4,2,2,70,1,1,2,1,0,0,0,2,1,0,0,99,99,99,99,99,99,0,0,0,0,1,5,0,60642,0,140,2007,I-8,1E+20,0,32443290,115574697,1,1
6,59,3,16,1,50,1,1,0,0,13,6,0,33,0,3,4,3,3,45,1,1,2,1,3,3,0,3,5,0,0,99,99,99,99,0,0,0,0,0,0,1,6,1,60643,4130,0,2007,BOLSA CHICA RD,RANCHO RD,0,33450113,118023067,1,5
6,73,3,16,11,47,1,2,1,0,16,6,0,9,0,1,1,3,2,45,2,1,2,1,0,0,2,1,1,0,0,99,99,99,99,0,0,0,0,0,0,1,6,1,60644,3645,0,2007,HIGHWAY 101,1E+20,0,32595541,117162701,1,1
6,37,3,16,18,45,1,2,1,0,13,6,0,8,0,3,1,1,4,35,1,1,2,1,3,3,0,5,1,0,0,99,99,99,99,99,99,0,0,0,0,1,6,0,60645,1980,0,2007,VINE ST,ROMAINE AVE,0,34051999,118193582,1,1
6,37,3,17,1,10,2,2,1,1,11,1,0,12,1,1,1,3,6,65,1,1,1,1,0,0,0,3,5,0,0,99,99,99,99,99,99,0,0,0,0,1,7,1,60646,2700,275,2007,I-210,1E+20,0,34090941,118064663,2,5
6,65,3,17,2,0,2,4,0,0,14,4,0,12,5,2,1,1,4,35,1,1,2,1,3,3,1,3,1,0,0,99,99,99,99,99,99,0,0,0,0,1,7,1,60647,0,0,2007,RUBIDOUX BLVD,MISSION BLVD,0,33595008,117242551,2,1
6,47,3,17,11,55,2,3,0,0,4,4,0,12,5,2,1,1,2,55,1,1,2,1,0,0,0,1,1,0,0,99,99,99,99,0,0,0,0,0,0,1,7,0,60648,0,0,2007,SANTA FE DR,LOMBARDY AVE,0,37272098,120423186,2,1
6,65,3,17,12,46,1,2,1,0,13,6,0,9,0,1,1,5,4,40,1,2,2,1,0,0,0,1,1,0,0,99,99,99,99,99,99,0,0,0,0,1,7,0,60649,612,0,2007,EAST PALM CANYON DR,1E+20,0,33470652,116283636,1,1
6,37,3,17,20,30,2,3,0,1,12,3,0,12,1,1,1,3,7,65,1,1,2,1,0,0,0,2,1,0,0,99,99,99,99,99,99,0,19,0,0,1,7,1,60650,602,72,2007,SR-91,1E+20,0,33522156,118161624,2,1
6,29,3,17,20,44,2,4,0,0,15,4,0,12,2,1,1,1,2,55,1,1,2,1,0,0,0,2,1,0,0,99,99,99,99,99,99,0,0,0,0,1,7,1,60651,0,0,2007,COMANCHE DR,1E+20,0,35134359,118503263,2,1
6,21,3,17,21,15,1,2,0,0,5,4,0,27,0,1,4,1,2,55,2,1,2,1,40,3,0,2,1,0,0,99,99,99,99,99,99,0,0,0,0,1,7,2,60652,0,0,2007,RD 47,1E+20,0,39323447,122095698,1,1
6,71,3,17,22,15,1,3,0,1,11,1,0,33,0,1,4,3,4,70,1,1,2,1,0,0,0,2,1,0,0,99,99,99,99,99,99,0,0,0,0,1,7,0,60653,1603,293,2007,I-15,1E+20,0,34220615,117253918,1,1
6,39,3,17,23,28,2,4,0,0,14,4,0,12,5,2,1,1,2,55,1,1,2,1,20,3,0,3,1,0,0,99,99,99,99,99,99,0,0,0,0,1,7,1,60654,0,0,2007,RD 28,AVE 14 1/2,0,36573548,120021557,2,1
6,75,3,18,2,10,2,2,1,1,12,2,0,14,1,1,2,3,4,50,2,1,1,1,0,0,0,2,1,0,0,99,99,99,99,99,99,0,0,0,0,1,1,2,60655,3290,39,2007,US-101,1E+20,0,37453812,122242346,1,1
6,89,3,18,3,0,1,1,0,1,12,3,0,1,0,5,4,6,1,99,2,2,2,1,0,0,0,2,1,0,0,99,99,99,99,0,0,0,0,0,0,1,1,1,60656,2950,16,2007,SR-44 RAMP,1E+20,0,40350719,122213855,1,1
6,65,3,18,3,35,2,2,0,0,4,4,0,12,8,1,1,1,2,55,1,1,2,1,0,0,0,2,1,0,0,99,99,99,99,99,99,0,0,0,0,1,1,1,60657,0,0,2007,INDIAN AVE,1E+20,0,33552224,116324308,2,1
6,75,3,18,11,30,1,2,1,0,13,6,0,8,0,1,1,1,2,25,1,1,2,1,0,0,0,1,1,0,0,99,99,99,99,99,99,0,0,0,0,1,1,0,60658,3290,0,2007,MISSION ST,1E+20,0,37451441,122250719,1,1
6,29,3,18,12,8,3,5,0,0,13,3,0,12,2,1,1,1,2,55,1,1,2,1,0,0,0,1,1,0,0,99,99,99,99,99,99,0,14,0,0,2,1,0,60659,0,436,2007,SR-58,1E+20,0,35230041,119111564,2,1
6,29,3,18,13,5,1,1,0,0,15,4,0,1,0,1,4,1,2,55,2,2,2,1,0,0,0,1,1,0,0,99,99,99,99,0,0,0,0,0,0,1,1,0,60660,0,0,2007,ROUND MOUNTAIN RD,1E+20,0,35260334,118570296,1,1
6,103,3,18,15,30,1,2,0,0,3,4,0,38,0,1,4,1,2,55,2,2,2,1,0,0,0,1,1,0,0,99,99,99,99,0,0,0,0,0,0,2,1,2,60661,0,0,2007,BOWMAN RD,1E+20,0,40194054,122251223,1,1
6,111,3,18,20,16,1,2,1,1,12,3,0,8,0,1,1,1,4,35,1,1,2,1,0,0,0,2,1,0,0,99,99,99,99,99,99,0,0,0,0,1,1,0,60662,2620,10,2007,SR-232,1E+20,0,34141760,119100707,1,1
6,85,3,18,21,20,1,3,1,1,12,2,0,8,0,1,1,3,4,65,1,1,2,1,0,0,0,2,1,0,0,99,99,99,99,99,99,0,0,0,0,1,1,1,60663,2660,520,2007,US-101,1E+20,0,37265008,122071736,1,1
6,65,3,19,0,49,2,2,0,0,15,4,0,12,8,1,1,1,2,55,1,1,2,1,0,0,0,2,1,0,0,99,99,99,99,0,0,0,0,0,0,2,2,0,60664,0,0,2007,PIERCE ST,1E+20,0,33354135,116064462,2,1
6,71,3,19,3,15,1,1,0,1,11,1,0,1,0,1,2,3,6,65,1,1,2,1,0,0,0,2,1,0,0,99,99,99,99,0,0,0,0,0,0,1,2,1,60665,790,244,2007,I-10,1E+20,0,34034902,117173561,1,1
6,71,3,19,6,28,1,2,1,0,13,6,0,8,0,1,1,1,4,50,1,1,2,1,0,0,0,2,1,0,0,99,99,99,99,6,53,0,0,0,0,1,2,0,60666,1305,0,2007,CHERRY AVE,1E+20,0,34040075,117291980,1,1
6,37,3,19,6,35,2,2,0,0,13,6,0,12,5,2,1,1,6,35,1,1,2,1,3,3,0,1,1,0,0,99,99,99,99,99,99,0,0,0,0,1,2,0,60667,1980,0,2007,LA CIENEGA BLVD,JEFFERSON BLVD,0,34013558,118221978,2,1
6,73,3,19,16,3,2,3,1,0,14,6,0,12,7,1,1,3,2,35,1,1,2,1,0,0,0,1,1,0,0,99,99,99,99,0,0,0,0,0,0,1,2,0,60668,3260,0,2007,UNIVERSITY AVE,1E+20,0,32451824,117025930,2,1
6,55,3,19,21,20,2,3,0,0,4,4,0,12,3,1,1,1,2,55,2,1,2,1,0,0,0,2,1,0,0,99,99,99,99,0,0,0,0,0,0,2,2,0,60669,0,0,2007,SILVERADO TRAIL,1E+20,0,38332135,122301378,2,1
6,37,3,19,22,30,1,1,0,1,11,1,0,39,0,1,4,3,5,65,1,1,1,1,0,0,0,2,1,0,0,99,99,99,99,99,99,0,0,0,0,1,2,1,60670,1970,81,2007,I-405,1E+20,0,33493120,118125547,1,1
6,107,3,19,23,6,1,2,1,0,14,6,0,8,0,1,1,1,2,45,1,1,2,1,0,0,0,3,1,0,0,99,99,99,99,0,0,0,0,0,0,1,2,1,60671,1010,0,2007,AVENUE 424,1E+20,0,36333652,119231666,1,1
6,65,3,19,23,25,1,1,0,1,11,1,0,1,0,1,4,3,3,70,2,1,1,1,0,0,0,2,1,0,0,99,99,99,99,99,99,0,0,0,0,1,2,1,60672,0,133,2007,I-15,1E+20,0,33353122,117142810,1,1
6,19,3,20,1,30,1,4,0,0,16,6,0,42,0,1,4,1,2,20,1,1,2,1,0,0,0,3,1,0,0,99,99,99,99,99,99,0,20,0,0,1,3,0,60673,1370,0,2007,YALE AVE,1E+20,0,36461279,119485433,1,1
6,65,3,21,0,10,1,3,0,0,4,4,0,38,0,1,4,1,2,55,1,1,2,2,0,0,0,2,2,0,0,99,99,99,99,99,99,0,0,0,0,1,4,2,60674,0,0,2007,SIMPSON RD,1E+20,0,33422634,117040969,1,2
6,37,3,21,14,33,2,2,1,1,11,1,0,33,0,5,4,6,2,99,1,1,1,1,0,0,0,1,1,0,0,99,99,99,99,99,99,0,0,0,0,1,4,0,60675,3455,65,2007,I-5 RAMP,1E+20,0,33561029,118053524,2,1
6,7,3,22,14,45,3,3,0,1,12,3,0,12,2,1,1,1,2,55,1,1,2,1,0,0,0,1,1,0,0,99,99,99,99,99,99,0,0,0,0,1,5,1,60676,0,5,2007,SR-70,1E+20,0,39203179,121355876,3,1
6,79,3,23,9,48,3,3,0,1,2,2,0,12,1,1,1,3,2,65,1,1,2,1,40,3,0,1,1,0,2,99,99,99,99,99,99,0,0,0,0,1,6,0,60677,0,19,2007,US-101,1E+20,0,35002795,120264845,3,1
6,59,3,24,1,28,3,4,0,0,13,6,0,12,5,2,1,1,6,40,1,1,2,1,3,3,0,3,1,0,0,99,99,99,99,99,99,0,14,0,0,1,7,2,60678,3420,0,2007,FIRST ST,EUCLID ST,0,33444219,117561487,3,1
6,107,3,24,4,55,2,4,0,1,2,3,0,12,2,1,1,1,2,55,2,1,2,1,0,0,0,2,1,0,0,99,99,99,99,99,99,0,0,0,0,1,7,0,60679,1900,300,2007,SR-65,1E+20,0,36123809,119063784,2,1
6,59,3,24,15,42,5,6,0,0,14,6,0,12,1,1,1,1,4,40,1,1,2,1,0,0,0,1,1,0,0,99,99,99,99,99,99,0,0,0,0,2,7,1,60680,1380,0,2007,COMMONWEALTH AVE,1E+20,0,33521349,117543569,5,1
6,59,3,25,12,47,3,3,0,0,15,6,0,12,5,2,1,2,4,25,2,2,2,1,20,3,0,1,1,0,0,99,99,99,99,99,99,0,0,0,0,1,1,0,60681,4267,0,2007,FAIRMONT BLVD,OAK MEADOW DR,0,33525138,117471732,3,1
6,25,3,25,16,40,3,11,0,1,1,1,0,13,2,1,1,2,2,70,1,1,2,1,0,0,0,1,1,0,0,99,99,99,99,99,99,0,0,0,0,1,1,0,60682,0,776,2007,I-8,1E+20,0,32444152,114435203,3,1
6,17,3,25,18,55,2,3,0,1,2,2,0,12,2,1,1,1,4,55,2,2,2,1,99,9,0,5,1,0,0,99,99,99,99,99,99,0,0,0,0,2,1,0,60683,0,664,2007,US-50,1E+20,0,38493058,120025286,2,1
6,77,3,25,21,15,3,5,0,0,3,3,0,12,2,1,1,1,2,55,1,1,2,1,0,0,0,2,1,0,0,99,99,99,99,0,0,0,14,0,0,1,1,1,60684,0,151,2007,SR-88,1E+20,0,38101563,121075742,3,1
6,9,3,26,12,35,1,2,0,0,3,3,0,1,0,1,4,1,2,55,2,1,2,1,0,0,0,1,1,0,0,99,99,99,99,99,99,0,0,0,0,2,2,1,60685,0,313,2007,SR-26,1E+20,0,38244752,120322945,1,1
6,37,3,26,16,40,4,6,1,0,13,6,0,12,5,2,1,1,4,25,1,1,2,1,3,3,0,1,1,0,0,99,99,99,99,99,99,0,0,0,0,1,2,0,60686,1980,0,2007,SAN PEDRO ST,7TH ST,0,34022657,118144835,3,1
6,67,3,26,19,44,1,3,0,0,15,6,0,5,0,1,1,1,2,35,1,1,2,1,0,0,0,3,1,0,0,99,99,99,99,99,99,0,0,0,0,1,2,0,60687,3150,0,2007,GRAND AVE,1E+20,0,38381194,121263397,1,1
6,65,3,26,21,8,3,5,0,0,4,4,0,12,2,1,1,5,2,40,1,1,2,1,0,0,0,2,1,0,0,99,99,99,99,99,99,0,0,0,0,2,2,0,60688,0,0,2007,TEMESCAL CANYON RD,1E+20,0,33453778,117285247,3,1
6,59,3,26,21,49,3,4,0,1,11,1,0,12,3,15,1,3,7,65,1,1,1,2,0,0,0,3,2,0,0,99,99,99,99,0,0,0,0,0,0,2,2,0,60689,2199,175,2007,I-5,1E+20,0,33361734,117412655,3,2
6,37,3,27,5,20,2,1,0,1,11,1,0,12,5,1,1,3,5,65,1,1,2,1,0,0,0,2,1,0,0,99,99,99,99,0,0,0,19,0,0,1,3,0,60690,230,403,2007,I-210,1E+20,0,34071526,117534598,2,1
6,1,3,27,7,10,2,2,0,1,11,1,0,12,7,1,1,3,2,65,1,1,1,1,0,0,0,1,1,0,0,99,99,99,99,0,0,0,0,0,0,1,3,0,60691,0,147,2007,I-238,1E+20,0,37412510,122054972,2,1
6,37,3,27,15,15,1,2,0,1,2,3,0,5,0,5,1,6,3,99,1,1,1,1,0,0,0,1,1,0,0,99,99,99,99,99,99,0,0,0,0,1,3,0,60692,0,242,2007,SR-60 RAMP,1E+20,0,34015999,118105110,1,1
6,59,3,27,17,2,1,4,0,1,2,3,0,20,0,1,1,3,7,65,1,1,2,1,0,0,0,1,1,0,0,99,99,99,99,99,99,0,0,0,0,1,3,0,60693,80,146,2007,SR-91,1E+20,0,33521449,117443119,1,1
6,23,3,27,18,5,1,3,0,1,2,2,0,31,0,1,4,1,2,65,2,1,2,1,0,0,0,1,1,0,0,99,99,99,99,99,99,0,0,0,0,1,3,1,60694,0,647,2007,US-101,1E+20,0,40213470,123551414,1,1
6,65,3,28,7,5,1,5,1,0,15,6,0,8,0,3,1,1,2,40,1,1,2,1,20,3,0,1,1,0,0,99,99,99,99,99,99,0,0,0,0,1,4,0,60695,1580,0,2007,MENLO AVE,KIRBY ST,0,33452983,116595238,1,1
6,37,3,28,14,40,3,7,0,0,13,4,0,12,5,2,1,3,2,40,1,1,1,1,3,3,0,1,1,0,0,99,99,99,99,99,99,0,0,0,0,1,4,0,60696,0,0,2007,LOMITA BLVD,NORMANDIE AVE,0,33475227,118175081,3,1
6,73,3,28,17,14,2,2,0,0,13,3,0,12,5,2,1,1,4,35,1,1,2,1,3,3,0,1,1,0,0,99,99,99,99,99,99,0,0,0,0,1,4,0,60697,1200,181,2007,SR-78,WASHINGTON AVE,0,33073706,117050184,2,1
6,27,3,28,19,40,1,1,0,1,2,2,0,27,0,1,4,2,2,35,2,2,2,1,0,0,0,2,1,0,0,99,99,99,99,0,0,0,0,0,0,1,4,0,60698,0,1280,2007,US-395,1E+20,0,37263344,118341960,1,1
6,71,3,29,0,19,2,3,1,1,2,3,0,8,0,1,1,3,4,55,1,1,2,1,0,0,2,2,1,0,0,99,99,99,99,99,99,0,0,0,0,1,5,1,60699,2922,72,2007,SR-210,1E+20,0,34081225,117335552,2,1
6,85,3,29,2,48,2,2,0,0,13,6,0,43,0,1,4,3,3,35,1,1,2,1,3,1,0,3,1,0,0,99,99,99,99,99,99,0,0,0,0,1,5,1,60700,2000,0,2007,LOS GATOS BLVD,1E+20,0,37143759,121573341,2,1
6,19,3,29,18,47,3,4,0,0,4,4,0,12,5,2,1,3,2,65,1,1,2,1,3,3,0,1,1,0,0,99,99,99,99,99,99,0,0,0,0,1,5,1,60701,0,0,2007,CLOVIS AVE,NORTH AVE,0,36414740,119415990,3,1
6,55,3,29,21,39,1,3,2,0,13,6,0,8,0,1,1,1,4,35,1,1,2,1,0,0,0,2,1,0,0,99,99,99,99,99,99,0,0,0,0,1,5,2,60702,2330,0,2007,REDWOOD RD,1E+20,0,38191488,122184151,1,1
6,37,3,29,7,0,1,2,1,0,13,6,0,8,0,3,1,1,2,35,1,1,2,1,3,3,0,1,1,0,0,99,99,99,99,0,0,0,0,0,0,1,5,1,60703,1550,0,2007,IMPERIAL HWY,FREEMAN AVE,0,33555132,118205350,1,1
6,29,3,29,22,6,2,2,0,0,14,6,0,12,2,1,1,2,2,45,1,1,9,1,0,0,0,3,1,0,0,99,99,99,99,99,99,0,0,0,0,1,5,1,60704,240,0,2007,H ST,1E+20,0,35195701,119011627,2,1
6,5,3,29,22,33,1,1,0,0,5,4,0,42,0,1,4,1,2,40,2,2,2,1,0,0,0,2,1,0,0,99,99,99,99,0,0,0,0,0,0,1,5,1,60705,0,0,2007,PINE GROVE-VOLCANO R,1E+20,0,38262529,120375564,1,1
6,1,3,29,99,99,1,1,0,0,14,4,0,33,0,1,4,3,2,50,2,1,2,1,40,3,0,3,1,0,0,99,99,99,99,0,0,0,0,0,0,1,5,1,60706,0,0,2007,FAIRMONT DR,1E+20,0,37425198,122065777,1,1
6,103,3,30,5,40,1,1,0,0,3,4,0,24,0,1,4,1,2,55,1,1,2,1,0,0,0,2,1,0,0,99,99,99,99,0,0,0,0,0,0,1,6,0,60707,0,0,2007,SOUTH AVE,1E+20,0,39545758,122042592,1,1
6,97,3,30,10,45,1,1,0,0,4,4,0,35,0,1,4,1,2,55,1,1,2,1,0,0,0,1,1,0,0,99,99,99,99,99,99,0,0,0,0,1,6,0,60708,0,0,2007,LAKEVILLE RD,1E+20,0,38115835,122324891,1,1
6,37,4,1,99,99,1,1,0,1,12,3,0,24,0,1,4,3,5,65,2,1,1,1,0,0,0,2,1,0,0,99,99,99,99,0,0,0,0,0,0,1,1,1,60709,2870,293,2007,SR-60,1E+20,0,34012325,117445783,1,1
6,51,4,2,6,0,1,7,0,1,2,2,0,1,0,1,4,1,2,65,1,2,2,1,0,0,0,1,1,0,0,99,99,99,99,0,0,0,0,0,0,1,2,0,60710,0,678,2007,US-395,1E+20,0,38082363,119110472,1,1
6,7,4,2,7,43,2,2,0,1,2,3,0,24,0,1,4,1,2,55,1,1,2,1,0,0,0,1,1,0,0,99,99,99,99,99,99,0,0,0,0,1,2,0,60711,0,407,2007,SR-99,1E+20,0,39485638,121551026,2,1
6,37,4,2,8,7,2,2,0,0,14,6,0,12,5,2,1,3,2,55,1,1,2,1,3,3,0,1,1,0,0,99,99,99,99,99,99,0,0,0,0,1,2,0,60712,2645,0,2007,AVENUE S,SR-14 RAMP,0,34332857,118074966,2,1
6,17,4,2,11,35,2,3,0,1,2,2,0,12,2,1,1,1,2,55,2,1,2,1,0,0,0,1,1,0,0,99,99,99,99,99,99,0,0,0,0,1,2,0,60713,0,405,2007,US-50,1E+20,0,38460937,120265093,2,1
6,107,4,2,14,40,1,2,0,0,4,4,0,1,0,1,1,1,2,55,2,2,2,1,40,3,0,1,1,0,0,99,99,99,99,99,99,0,0,0,0,1,2,0,60714,0,0,2007,ROAD 168,1E+20,0,36135903,119115843,1,1
6,37,4,2,15,19,1,1,0,0,14,6,0,42,0,1,4,3,3,50,1,9,2,1,0,0,0,1,1,0,0,99,99,99,99,99,99,0,0,0,0,1,2,0,60715,3445,0,2007,MCBEAN PKWY,1E+20,0,34260952,118332086,1,1
6,13,4,2,16,15,3,3,0,1,12,3,0,12,1,1,1,3,2,65,1,1,1,1,0,0,0,1,1,0,0,99,99,99,99,99,99,0,0,0,0,1,2,1,60716,2090,113,2007,SR-4,1E+20,0,37592821,122050132,3,1
6,71,4,3,5,39,2,4,0,1,1,1,0,12,7,1,1,3,3,70,1,1,1,1,0,0,1,2,1,0,0,99,99,99,99,99,99,0,0,0,0,1,3,1,60717,0,568,2007,I-15,1E+20,0,34425074,117115582,2,1
6,73,4,3,6,5,3,3,0,0,14,6,0,12,1,1,1,3,2,45,1,2,2,1,0,0,0,4,5,0,0,99,99,99,99,99,99,0,0,0,0,1,3,0,60718,4060,0,2007,SYCAMORE AVE,1E+20,0,33084312,117142806,3,5
6,37,4,3,9,25,1,2,1,0,16,6,0,8,0,1,1,1,2,25,1,1,2,1,0,0,0,1,1,0,0,99,99,99,99,0,0,0,0,0,0,1,3,0,60719,1980,0,2007,HIGHLAND VIEW AVE,1E+20,0,34081775,118123043,1,1
6,5,4,3,12,35,2,3,0,0,3,3,0,1,0,2,1,5,2,45,2,1,2,1,20,3,0,1,1,0,0,99,99,99,99,99,99,0,0,0,0,1,3,0,60720,0,318,2007,SR-88,BUCKHORN RIDGE RD,0,38263568,120320992,2,1
6,37,4,3,16,55,2,4,0,0,13,4,0,12,4,1,2,1,2,55,1,1,2,1,0,0,0,1,1,0,0,99,99,99,99,99,99,0,0,0,0,2,3,0,60721,0,0,2007,50TH ST E,1E+20,0,34381137,118022721,2,1
6,37,4,3,17,25,2,2,0,0,13,6,0,12,5,2,1,1,4,35,1,1,2,1,0,0,0,1,1,0,0,99,99,99,99,99,99,0,0,0,0,1,3,0,60722,1980,0,2007,WOODLEY AVE,TULSA ST,0,34160575,118290512,2,1
6,37,4,3,18,55,1,5,0,0,13,6,0,33,0,1,4,1,2,35,2,2,2,1,0,0,0,1,1,0,0,99,99,99,99,99,99,0,0,0,0,3,3,0,60723,4190,0,2007,COLIMA RD,1E+20,0,33575155,118000693,1,1
6,97,4,3,20,21,1,2,1,0,14,6,0,8,0,1,1,3,2,30,1,1,2,1,0,0,0,3,1,0,0,99,99,99,99,0,0,0,0,0,0,1,3,1,60724,2740,0,2007,MCDOWELL BLVD,1E+20,0,38145794,122373453,1,1
6,71,4,4,1,23,1,1,0,1,1,1,0,24,0,1,4,3,4,70,2,1,1,1,0,0,0,2,1,0,0,99,99,99,99,99,99,0,0,0,0,1,4,0,60725,0,185,2007,I-15,1E+20,0,34175637,117272667,1,1
6,37,4,4,1,45,2,5,0,1,12,3,0,12,1,1,1,3,5,65,2,1,2,1,0,0,0,2,1,0,0,99,99,99,99,0,0,0,0,0,0,1,4,1,60726,0,97,2007,SR-60,1E+20,0,34022912,118034072,2,1
6,37,4,4,2,20,2,4,0,0,2,3,0,13,2,1,1,2,2,45,2,1,2,1,40,3,0,3,1,0,0,99,99,99,99,99,99,0,0,0,0,2,4,1,60727,1980,387,2007,SR-1,1E+20,0,34023788,118544325,2,1
6,77,4,4,4,45,1,1,0,0,4,4,0,27,0,1,4,1,2,55,1,1,2,1,0,0,0,2,1,0,0,99,99,99,99,0,0,0,0,0,0,1,4,0,60728,0,0,2007,LOWER SAC RD,1E+20,0,38133120,121172711,1,1
6,85,4,5,12,25,2,2,0,0,13,3,0,12,1,3,1,3,2,99,1,1,2,1,3,3,0,1,1,0,0,99,99,99,99,0,0,0,0,0,0,1,5,0,60729,3340,95,2007,SR-87,O'NEL,0,37224116,121552681,2,1
6,37,4,5,19,0,3,3,0,1,11,1,0,12,3,1,1,3,4,65,2,1,1,1,0,0,0,1,1,0,0,99,99,99,99,99,99,0,0,0,0,1,5,0,60730,0,573,2007,I-5,1E+20,0,34280369,118365952,3,1
6,37,4,6,4,35,2,2,0,1,12,3,0,12,2,1,1,3,5,65,1,1,1,1,0,0,0,3,1,0,0,99,99,99,99,99,99,0,0,0,0,1,6,1,60731,1980,102,2007,SR-134,1E+20,0,99999999,999999999,2,1
6,37,4,6,15,57,1,7,1,0,6,4,0,9,0,3,1,1,4,25,1,1,2,1,0,0,0,1,1,0,0,99,99,99,99,99,99,0,0,0,0,1,6,0,60732,0,0,2007,NEW HAMPSHIRE AVE,TORRANCE BLVD,0,33503142,118172985,1,1
6,59,4,8,13,16,3,6,0,0,13,6,0,12,5,2,1,1,5,40,1,1,2,1,3,3,0,1,1,0,0,99,99,99,99,99,99,0,0,0,0,3,1,0,60733,1790,0,2007,HARBOR BLVD,STEARNS,0,33560152,117555911,2,1
6,57,4,8,18,55,1,3,0,0,3,3,0,42,0,1,4,1,2,45,2,1,2,1,0,0,0,1,1,0,0,99,99,99,99,99,99,0,0,0,0,1,1,0,60734,0,65,2007,SR-174,1E+20,0,39113751,121003405,1,1
6,71,4,8,19,10,1,2,1,0,13,4,0,8,0,1,1,1,2,25,1,1,2,1,0,0,2,3,1,0,0,99,99,99,99,99,99,0,0,0,0,1,1,0,60735,0,0,2007,RIVERSIDE OUTER HWY,1E+20,0,34083788,117224684,1,1
6,67,4,8,20,13,1,4,0,0,14,6,0,33,0,3,4,5,4,35,1,1,2,1,3,3,0,3,1,0,0,99,99,99,99,99,99,0,0,0,0,1,1,1,60736,3150,0,2007,NORWOOD AVENUE,SILVER EAGLE,0,38375092,121272501,1,1
6,65,4,8,99,99,1,1,0,0,3,3,0,35,0,1,4,1,2,55,2,1,2,1,0,0,0,1,1,0,0,99,99,99,99,0,0,0,0,0,0,1,1,1,60737,0,2,2007,SR-74,1E+20,0,33381499,117251972,1,1