STATE,COUNTY,MONTH,DAY,HOUR,MINUTE,VE_TOTAL,PERSONS,PEDS,NHS,ROAD_FNC,ROUTE,SP_JUR,HARM_EV,MAN_COLL,REL_JUNC,REL_ROAD,TRAF_FLO,NO_LANES,SP_LIMIT,ALIGNMNT,PROFILE,PAVE_TYP,SUR_COND,TRA_CONT,T_CONT_F,HIT_RUN,LGT_COND,WEATHER1,WEATHER2,C_M_ZONE,NOT_HOUR,NOT_MIN,ARR_HOUR,ARR_MIN,HOSP_HR,HOSP_MN,SCH_BUS,CF1,CF2,CF3,FATALS,DAY_WEEK,DRUNK_DR,ST_CASE,CITY,MILEPT,YEAR,TWAY_ID,TWAY_ID2,RAIL,LATITUDE,LONGITUD,VE_FORMS,WEATHER
6,37,4,9,2,15,1,1,0,1,11,1,0,33,0,1,4,3,4,65,1,1,2,1,0,0,0,3,1,0,0,99,99,99,99,0,0,0,0,0,0,1,2,1,60738,1980,473,2007,I-405,1E+20,0,33471141,118053760,1,1
6,95,4,9,3,30,1,1,0,1,1,1,0,38,0,1,4,3,3,65,1,1,1,1,0,0,0,2,1,0,0,99,99,99,99,0,0,0,0,0,0,1,2,1,60739,0,331,2007,I- 80,1E+20,0,38250712,121533867,1,1
6,71,4,10,9,58,2,3,0,1,12,3,0,12,5,2,1,1,4,60,1,1,2,1,0,0,0,1,1,0,0,99,99,99,99,99,99,0,0,0,0,1,3,0,60740,115,923,2007,SR-18,RIMROCK RD,0,34320475,117141185,2,1
6,77,3,30,13,16,1,2,1,0,13,6,0,8,0,2,1,2,3,40,1,1,2,1,2,3,0,1,1,0,0,99,99,99,99,99,99,0,0,0,0,1,6,0,60741,3770,0,2007,MARCH LN,PERSHING AVE,0,37592085,121191899,1,1
6,91,3,30,14,50,1,1,0,0,3,3,0,39,0,1,4,1,2,55,1,2,2,1,0,0,0,1,1,0,0,99,99,99,99,99,99,0,0,0,0,1,6,0,60742,0,199,2007,SR-49,1E+20,0,39293936,121015320,1,1
6,73,3,30,17,2,1,2,1,0,14,3,0,9,0,1,1,1,4,55,1,1,2,1,0,0,0,1,1,0,0,99,99,17,22,0,0,0,0,0,0,1,6,0,60743,2904,152,2007,SR-67,1E+20,0,32584154,116582370,1,1
6,65,3,30,19,30,1,1,0,1,11,1,0,1,0,13,4,6,1,65,1,1,2,1,0,0,0,3,1,0,0,99,99,99,99,0,0,0,0,0,0,1,6,0,60744,0,362,2007,I-215 RAMP,1E+20,0,33545351,117171186,1,1
6,29,3,30,20,12,2,4,0,0,3,3,0,12,4,2,1,1,2,55,1,1,2,1,4,3,0,3,1,0,0,99,99,99,99,99,99,0,0,0,0,1,6,0,60745,0,182,2007,SR-119,SR-43,0,35160250,119150859,2,1
6,59,3,30,20,31,1,2,1,0,14,6,0,8,0,1,1,1,4,45,1,1,2,1,20,3,0,3,1,0,0,99,99,99,99,99,99,0,0,0,0,1,6,0,60746,3420,0,2007,MCFADDEN AVE,1E+20,0,33441683,117563549,1,1
6,37,3,30,21,10,3,1,0,0,13,6,0,14,1,1,6,1,4,35,1,1,2,1,0,0,0,3,1,0,0,99,99,99,99,0,0,0,14,20,0,1,6,0,60747,1980,0,2007,WILSHIRE BLVD,1E+20,0,34010094,118300365,1,1
6,73,3,30,23,0,1,5,1,1,11,1,0,8,0,1,1,3,5,65,1,1,1,1,0,0,0,2,1,0,0,99,99,99,99,0,0,0,0,0,0,1,6,2,60748,3260,218,2007,I-5,CLARIEMONT DR,0,32500083,117120754,1,1
6,1,3,31,0,20,1,2,0,0,16,6,0,39,0,1,5,9,9,30,1,1,2,1,0,0,0,3,1,0,0,99,99,99,99,0,0,0,0,0,0,1,7,2,60749,2480,0,2007,12TH ST,1E+20,0,37471805,122144700,1,1
6,37,3,31,1,3,1,2,1,1,12,3,0,8,0,1,1,3,5,65,1,1,1,1,0,0,2,2,1,0,0,99,99,99,99,0,0,0,19,0,0,1,7,1,60750,1980,49,2007,SR-134,1E+20,0,34091421,118193161,1,1
6,75,3,1,14,50,2,4,2,0,14,6,0,12,4,2,1,1,4,30,1,1,2,1,3,3,0,1,1,0,0,99,99,99,99,99,99,0,0,0,0,1,5,0,60751,3290,0,2007,TURK ST,CHABOT TER,0,37464107,122270566,2,1
6,71,3,27,8,30,2,7,0,0,3,3,0,12,2,1,1,1,2,55,2,9,2,4,0,0,0,1,5,0,0,99,99,99,99,99,99,0,0,0,0,1,3,0,60752,0,278,2007,SR-18,1E+20,0,34263752,116583519,2,5
6,107,3,30,23,2,2,2,0,0,13,6,0,12,4,1,1,1,2,55,2,1,2,1,0,0,0,3,1,0,0,99,99,99,99,0,0,0,0,0,0,1,6,1,60753,3920,0,2007,K ST,1E+20,0,36323328,119232515,2,1
6,65,4,4,6,56,1,2,1,0,4,4,0,9,0,1,2,1,2,50,2,1,2,1,0,0,0,1,1,0,0,99,99,99,99,99,99,0,0,0,0,1,4,0,60754,0,0,2007,CAJALCO EXPY,1E+20,0,33501479,117153942,1,1
6,37,4,4,12,35,2,4,0,1,11,1,0,12,3,1,1,3,4,65,1,1,1,1,0,0,0,1,1,0,0,99,99,99,99,99,99,0,0,0,0,1,4,0,60755,1440,438,2007,I-210,1E+20,0,34071593,117500237,2,1
6,71,4,4,15,35,2,3,0,1,12,2,0,12,2,1,1,1,2,55,1,1,2,1,0,0,0,1,1,0,0,99,99,99,99,99,99,0,0,0,0,1,4,0,60756,0,259,2007,US-95,1E+20,0,34220529,114391806,2,1
6,59,4,4,17,0,2,2,0,0,14,6,0,12,4,1,1,9,9,45,9,9,9,1,0,0,0,1,1,0,0,99,99,99,99,99,99,0,0,0,0,1,4,1,60757,1380,0,2007,GILBERT ST,1E+20,0,33541847,117572398,2,1
6,37,4,4,18,13,1,2,0,0,6,4,0,24,0,1,4,1,2,35,2,9,2,1,0,0,0,1,1,0,0,99,99,99,99,99,99,0,0,0,0,1,4,0,60758,0,0,2007,LATIGO CANYON RD,1E+20,0,34042954,118472524,1,1
6,93,4,4,20,25,1,1,0,0,3,3,0,11,0,1,1,1,2,65,1,1,2,1,0,0,0,2,1,0,0,99,99,20,35,0,0,0,0,0,0,1,4,0,60759,0,159,2007,SR-161,1E+20,0,41595663,121350028,1,1
6,75,4,5,2,30,1,3,0,0,14,6,0,25,0,3,3,3,4,25,1,1,2,1,0,0,0,3,1,0,0,99,99,99,99,99,99,0,0,0,0,1,5,3,60760,3290,0,2007,LINCOLN BLVD,GREAT HWY,0,37482242,122282831,1,1
6,1,4,9,15,28,2,3,0,0,3,3,0,12,2,1,1,1,2,50,2,2,2,1,0,0,0,1,1,0,0,99,99,99,99,99,99,0,0,0,0,1,2,0,60761,0,217,2007,SR-84,1E+20,0,37365338,121485966,2,1
6,65,4,9,17,58,1,4,0,0,3,3,0,1,0,1,4,3,2,65,1,1,2,1,0,0,0,1,1,0,0,99,99,99,99,99,99,0,0,0,0,2,2,1,60762,0,370,2007,SR-79,1E+20,0,33291452,117030283,1,1
6,73,4,9,18,40,1,1,0,0,6,4,0,24,0,1,4,1,2,45,2,1,2,1,0,0,0,1,1,0,0,99,99,99,99,99,99,0,0,0,0,1,2,1,60763,0,0,2007,OAKVALE RD,1E+20,0,33100028,117001001,1,1
6,37,4,9,19,30,2,3,0,0,14,6,0,12,5,2,1,1,4,35,1,1,2,1,20,3,0,5,1,0,0,99,99,99,99,99,99,0,0,0,0,1,2,0,60764,1980,0,2007,VANOWEN ST,OSO AVE,0,34113773,118343127,2,1
6,59,4,9,20,54,2,6,1,0,14,6,0,8,0,1,1,1,2,99,1,1,2,1,0,0,0,2,1,0,0,99,99,99,99,99,99,0,0,0,0,1,2,0,60765,80,0,2007,LEWIS ST,1E+20,0,33472916,117535116,1,1
6,29,4,10,0,52,1,2,1,0,14,4,0,8,0,1,1,1,4,50,1,1,2,1,0,0,2,2,1,0,0,99,99,99,99,0,0,0,19,0,0,1,3,1,60766,0,0,2007,EDISON HWY,1E+20,0,35214667,118560084,1,1
6,75,4,10,2,11,1,2,0,1,12,2,0,21,0,13,8,6,1,35,2,1,2,1,0,0,0,2,1,0,0,99,99,99,99,99,99,0,0,0,0,1,3,1,60767,3290,10,2007,US-101 RAMP,1E+20,0,37445551,122241452,1,1
6,71,4,10,4,46,2,2,0,0,3,3,0,12,5,1,1,1,2,55,1,2,2,1,0,0,0,2,5,0,0,99,99,99,99,99,99,0,0,0,0,1,3,0,60768,0,133,2007,SR-138,1E+20,0,34191351,117302356,2,5
6,73,4,10,6,0,1,2,1,0,3,3,0,8,0,1,1,1,2,55,1,2,2,1,0,0,0,2,1,0,0,99,99,99,99,0,0,0,0,0,0,1,3,0,60769,0,238,2007,SR-94,1E+20,0,32402673,116500959,1,1
6,79,4,12,6,40,2,16,0,1,2,3,0,12,1,1,1,1,2,55,1,1,2,1,0,0,0,4,1,0,0,99,99,99,99,99,99,0,0,0,0,1,5,0,60770,0,408,2007,SR-46,1E+20,0,35393266,120294685,2,1
6,17,4,12,16,30,2,2,0,0,5,4,0,12,4,1,1,1,2,55,2,1,2,1,0,0,0,1,1,0,0,99,99,99,99,99,99,0,0,0,0,1,5,0,60771,0,0,2007,FAIRPLAY RD,1E+20,0,38360593,120415290,2,1
6,13,4,12,19,33,1,2,1,0,14,6,0,8,0,1,1,1,2,25,1,1,2,1,0,0,2,1,1,0,0,99,99,99,99,99,99,0,0,0,0,1,5,1,60772,3400,0,2007,MARKET AVE,1E+20,0,37572785,122210500,1,1
6,37,4,12,19,54,1,2,1,0,13,6,0,8,0,3,1,1,6,40,1,1,2,1,2,3,0,3,1,0,0,99,99,99,99,99,99,0,0,0,0,1,5,2,60773,1400,0,2007,EL SEGUNDO BLVD,VERMONT AVE,0,33545911,118172941,1,1
6,111,4,12,21,2,1,2,1,0,15,6,0,8,0,1,1,1,2,45,1,1,2,1,0,0,0,3,1,0,0,99,99,99,99,99,99,0,0,0,0,1,5,1,60774,4027,0,2007,HARBOR BLVD,1E+20,0,34161973,119165960,1,1
6,37,4,13,0,17,1,1,0,0,14,6,0,42,0,1,4,1,4,35,1,1,2,1,0,0,0,3,1,0,0,99,99,99,99,0,0,0,0,0,0,1,6,0,60775,1430,0,2007,VERDUGO RD,1E+20,0,34091663,118141462,1,1
6,59,4,13,0,30,1,2,0,0,15,4,0,30,0,1,4,1,2,35,2,2,2,1,0,0,0,2,1,0,0,99,99,99,99,99,99,0,0,0,0,1,6,0,60776,0,0,2007,LIVE OAK CANYON RD,1E+20,0,33410691,117362045,1,1
6,37,4,13,3,45,2,1,0,0,13,6,0,14,2,1,6,1,4,35,1,1,2,1,0,0,0,3,1,0,0,99,99,99,99,99,99,0,0,0,0,1,6,1,60777,0,0,2007,FLORENCE AVE,1E+20,0,33582918,118142887,1,1
6,79,4,13,8,50,1,1,0,0,3,3,0,42,0,1,4,1,2,55,1,1,2,1,0,0,0,1,1,0,0,99,99,99,99,0,0,0,0,0,0,1,6,0,60778,0,51,2007,SR-41,1E+20,0,35253942,120463731,1,1
6,77,4,13,11,15,1,1,0,1,1,1,0,1,0,1,4,2,2,70,1,1,2,1,0,0,0,1,1,0,0,99,99,99,99,99,99,0,0,0,0,1,6,1,60779,0,69,2007,I-580,1E+20,0,37394201,121262182,1,1
6,107,4,13,17,45,1,2,0,0,4,4,0,30,0,1,4,1,2,55,1,1,2,1,0,0,0,1,1,0,0,99,99,99,99,99,99,0,0,0,0,1,6,1,60780,0,0,2007,AVENUE 152,1E+20,0,36035711,119082308,1,1
6,95,4,13,19,20,2,2,0,0,4,4,0,12,3,1,1,1,2,55,1,1,2,1,40,3,0,5,1,0,0,99,99,99,99,0,0,0,0,0,0,1,6,2,60781,0,0,2007,GRIZZLY ISLAND RD,1E+20,0,38140891,122011346,2,1
6,13,4,13,21,32,1,1,0,1,11,1,0,25,0,1,4,3,3,65,1,1,1,1,0,0,0,2,1,0,0,99,99,99,99,0,0,0,0,0,0,1,6,1,60782,0,114,2007,I-80,1E+20,0,38014615,122152170,1,1
6,71,4,13,23,55,1,1,0,1,11,1,0,24,0,1,3,3,3,70,2,1,2,1,0,0,0,3,1,0,0,99,99,99,99,99,99,0,0,0,0,1,6,1,60783,260,749,2007,I-15,1E+20,0,34253543,117224950,1,1
6,65,4,14,3,8,2,2,1,1,11,1,0,8,0,1,1,3,3,70,1,1,1,1,0,0,0,2,1,0,0,99,99,99,99,99,99,0,19,0,0,1,7,1,60784,2327,102,2007,I-15,1E+20,0,33334283,117120940,2,1
6,65,4,14,5,45,5,9,0,0,4,4,0,12,2,1,1,1,2,55,1,1,2,1,0,0,0,4,1,0,0,99,99,99,99,99,99,0,0,0,0,1,7,1,60785,0,0,2007,GILMAN SPRINGS RD,1E+20,0,33511768,117010138,5,1
6,71,4,14,8,22,1,1,0,1,1,1,0,39,0,1,3,2,5,70,1,1,2,1,0,0,0,1,1,0,0,99,99,99,99,0,0,0,0,0,0,1,7,0,60786,0,1607,2007,I-15,1E+20,0,35271979,115383194,1,1
6,27,4,14,13,30,1,2,0,0,6,4,1,1,0,1,4,1,2,55,2,1,2,1,0,0,0,1,1,0,0,99,99,99,99,99,99,0,0,0,0,1,7,0,60787,0,0,2007,SCOTTY'S CASTLE RD,1E+20,0,36465367,117083969,1,1
6,75,4,16,0,37,4,2,0,0,15,6,0,12,5,2,1,1,2,25,1,1,2,1,20,3,0,3,1,0,0,99,99,99,99,99,99,0,0,0,0,1,2,0,60788,3290,0,2007,CHURCH ST,JERSEY ST,0,37450346,122253875,2,1
6,73,4,16,5,12,2,3,1,1,11,1,0,8,0,1,1,3,5,65,1,1,1,1,0,0,2,2,1,0,0,99,99,99,99,0,0,0,0,0,0,1,2,1,60789,3260,168,2007,I-5,1E+20,0,32433200,117095789,2,1
6,5,4,16,8,7,2,2,0,0,4,4,0,12,2,1,1,1,2,55,1,2,2,1,0,0,0,1,1,0,0,99,99,99,99,99,99,0,0,0,0,1,2,0,60790,0,0,2007,CAMANCHE RD,1E+20,0,38152825,120561945,2,1
6,65,4,16,13,5,2,2,0,1,1,1,0,14,1,1,2,3,3,70,1,1,2,1,0,0,0,1,1,0,0,99,99,99,99,0,0,0,0,0,0,1,2,0,60791,0,476,2007,I-10,1E+20,0,33464811,116204129,2,1
6,1,4,16,15,35,2,2,0,0,14,6,0,12,4,1,1,1,2,30,1,1,2,1,0,0,1,1,1,0,0,99,99,99,99,99,99,0,0,0,0,1,2,0,60792,2480,0,2007,BANCROFT AVE,1E+20,0,37461279,122111112,2,1
6,67,3,21,22,40,1,1,0,0,4,4,0,53,0,1,4,1,2,55,1,1,2,1,0,0,0,3,1,0,0,99,99,99,99,0,0,0,0,0,0,1,4,1,60793,0,0,2007,CLAY STATION RD,1E+20,0,38251630,121111960,1,1
6,37,3,22,5,35,1,2,1,0,13,3,0,8,0,1,1,1,6,45,1,1,2,1,0,0,2,2,1,0,0,99,99,99,99,0,0,0,0,0,0,1,5,1,60794,1980,379,2007,SR-1,1E+20,0,34020222,118315586,1,1
6,107,3,22,7,5,2,3,0,1,12,3,0,12,1,1,1,3,3,70,1,1,1,1,0,0,0,1,1,0,0,99,99,99,99,99,99,0,0,0,0,1,5,0,60795,0,422,2007,SR-99,1E+20,0,36220476,119255621,2,1
6,37,3,22,16,40,1,1,0,1,11,1,0,39,0,1,4,3,5,65,1,1,1,1,0,0,0,1,1,0,0,99,99,99,99,0,0,0,0,0,0,1,5,0,60796,1550,31,2007,I-105,1E+20,0,33560023,118210885,1,1
6,71,3,22,18,15,2,2,0,0,3,3,0,12,2,1,1,1,2,55,2,2,1,1,0,0,0,1,1,0,0,99,99,99,99,0,0,0,0,0,0,1,5,0,60797,0,739,2007,SR-247,1E+20,0,34495430,117013160,2,1
6,85,3,23,8,51,1,2,1,0,13,6,0,8,0,1,1,2,2,40,1,1,2,1,0,0,0,1,1,0,0,99,99,99,99,99,99,0,0,0,0,1,6,0,60798,3520,0,2007,PROSPECT RD,1E+20,0,37173515,122001564,1,1
6,73,3,23,12,28,1,1,0,1,11,1,0,24,0,5,2,6,2,65,2,2,1,1,0,0,0,1,1,0,0,99,99,99,99,0,0,0,0,0,0,1,6,0,60799,710,3,2007,I-5 RAMP,1E+20,0,32432228,117085804,1,1
6,37,3,23,13,10,1,1,0,0,5,4,0,35,0,1,4,1,2,35,1,2,2,1,0,0,0,1,1,0,0,99,99,99,99,0,0,0,0,0,0,1,6,0,60800,0,0,2007,PIUMA RD,1E+20,0,34041479,118391758,1,1
6,65,3,23,16,20,1,2,0,0,4,4,0,34,0,1,4,1,2,55,2,2,2,1,0,0,0,1,1,0,0,99,99,99,99,99,99,0,0,0,0,1,6,1,60801,0,0,2007,WARREN RD,1E+20,0,33340610,117015369,1,1
6,77,3,23,21,1,1,2,1,0,13,6,0,8,0,1,1,1,4,35,1,1,1,1,0,0,2,3,1,0,0,99,99,99,99,99,99,0,0,0,0,1,6,1,60802,3770,0,2007,AIRPORT WAY,1E+20,0,37580881,121164021,1,1
6,77,3,23,21,37,3,3,0,1,11,1,0,12,1,1,1,3,3,70,1,1,2,1,0,0,0,3,1,0,0,99,99,99,99,0,0,0,14,0,0,1,6,1,60803,1865,173,2007,I-5,1E+20,0,37492246,121172974,3,1
6,19,3,23,23,33,2,2,0,0,14,4,0,12,5,2,1,2,2,55,1,1,2,1,20,3,0,2,1,0,0,99,99,99,99,0,0,0,0,0,0,1,6,0,60804,0,0,2007,GOLDEN STATE BLVD,DINUBA AVE,0,36352572,119381890,2,1
6,29,3,24,0,45,1,1,0,1,12,3,0,1,0,1,4,2,2,65,1,1,2,1,0,0,0,2,1,0,0,99,99,99,99,0,0,0,0,0,0,1,7,0,60805,522,1228,2007,SR-58,1E+20,0,35192499,119450722,1,1
6,77,3,24,1,35,1,1,0,1,2,3,0,33,0,5,4,6,1,65,2,2,2,1,0,0,0,3,1,0,0,99,99,99,99,99,99,0,0,0,0,1,7,1,60806,0,117,2007,SR-99 RAMP,1E+20,0,37514636,121130810,1,1
6,1,3,24,1,50,1,1,0,1,1,1,0,24,0,5,3,6,2,65,2,1,1,1,0,0,0,2,1,0,0,99,99,99,99,0,0,0,0,0,0,1,7,0,60807,0,118,2007,I-680 RAMP,1E+20,0,37353637,121521495,1,1
6,73,3,24,3,24,2,4,0,1,12,3,0,12,1,1,2,3,3,65,1,1,2,1,0,0,0,2,1,0,0,99,99,99,99,0,0,0,0,0,0,1,7,0,60808,4060,45,2007,SR-78,1E+20,0,33111913,117164040,2,1
6,107,3,24,7,15,1,1,0,0,4,4,0,42,0,1,4,1,2,55,1,2,2,1,0,0,0,1,1,0,0,99,99,99,99,99,99,0,0,0,0,1,7,0,60809,0,0,2007,ROAD 196,1E+20,0,36211250,119080375,1,1
6,67,3,24,11,33,2,3,0,0,13,6,0,12,5,2,1,1,4,40,1,1,2,1,3,3,0,1,1,0,0,99,99,99,99,99,99,0,0,0,0,1,7,0,60810,3150,0,2007,24TH ST,50TH ST,0,38302388,121285841,2,1
6,81,3,24,12,10,1,1,0,0,6,4,0,35,0,1,4,1,2,35,2,2,2,1,0,0,0,1,1,0,0,99,99,99,99,99,99,0,0,0,0,1,7,0,60811,0,0,2007,PESCADERO CREEK RD,1E+20,0,37165962,122170242,1,1
6,47,4,6,17,57,2,10,0,1,2,3,0,12,7,1,1,2,2,65,1,2,2,1,0,0,0,1,1,0,0,99,99,99,99,99,99,0,0,0,0,3,6,1,60812,1990,16,2007,SR-152,1E+20,0,37050166,121113124,2,1
6,73,4,6,19,6,3,5,0,0,14,6,0,12,7,1,1,2,2,35,1,1,2,1,0,0,0,3,1,0,0,99,99,99,99,99,99,0,0,0,0,1,6,1,60813,1820,0,2007,UNIVERSITY AVE,1E+20,0,32452143,117022340,3,1
6,65,4,6,20,37,2,3,0,0,3,3,0,12,5,2,1,1,2,55,1,1,2,1,20,3,5,2,1,0,0,99,99,99,99,0,0,0,0,0,0,1,6,1,60814,0,217,2007,SR-111,PIERCE ST,0,33363384,116064420,2,1
6,37,4,6,21,9,3,8,1,0,16,6,0,8,0,1,1,1,2,55,1,1,2,1,0,0,0,3,1,0,0,99,99,99,99,99,99,0,0,0,0,1,6,1,60815,1840,0,2007,AVENUE F,1E+20,0,34445372,118041269,3,1
6,37,4,7,0,14,4,7,0,1,11,1,0,12,7,1,1,3,5,65,1,1,1,1,0,0,1,2,1,0,0,99,99,99,99,99,99,0,0,0,0,1,7,1,60816,4120,382,2007,I-10,1E+20,0,34041846,117523852,4,1
6,15,4,7,1,55,1,1,0,1,2,2,0,35,0,1,2,1,2,55,2,1,2,1,0,0,0,2,1,0,0,99,99,99,99,0,0,0,0,0,0,1,7,1,60817,0,390,2007,US-101,1E+20,0,41551598,124081328,1,1
6,73,4,17,20,39,1,3,1,0,13,6,0,15,0,3,1,1,2,25,1,1,2,1,20,3,0,3,1,0,0,99,99,99,99,99,99,0,0,0,0,1,3,1,60818,3260,0,2007,NORMAL ST,LINCOLN AVE,0,32450403,117085510,1,1
6,23,4,18,9,35,3,3,0,1,2,2,0,12,5,1,1,1,4,65,2,1,2,2,0,0,0,1,1,0,0,99,99,99,99,99,99,0,0,0,0,1,4,0,60819,0,283,2007,US-101,1E+20,0,40262720,124021367,3,1
6,71,4,18,12,56,1,3,0,0,14,4,0,31,0,1,4,1,2,40,1,1,2,1,3,3,0,1,1,0,0,99,99,99,99,99,99,0,19,0,0,1,4,0,60820,0,0,2007,STATE ST,1E+20,0,34092656,117200750,1,1
6,77,4,18,20,42,3,3,0,0,13,6,0,12,1,1,1,2,2,50,1,1,2,1,3,3,0,2,1,0,0,99,99,99,99,99,99,0,0,0,0,1,4,1,60821,3770,0,2007,WEST LN,1E+20,0,38011349,121173295,3,1
6,71,4,18,20,52,1,1,0,0,15,6,0,33,0,1,3,2,2,40,2,1,2,1,0,0,0,3,1,0,0,99,99,99,99,99,99,0,0,0,0,1,4,0,60822,790,0,2007,COOLEY DR,1E+20,0,34031632,117181425,1,1
6,99,4,19,6,10,2,1,0,0,15,4,0,14,5,1,2,1,2,55,2,1,2,1,0,0,0,1,1,0,0,99,99,99,99,99,99,0,0,0,0,1,5,0,60823,0,0,2007,PIRONE RD,1E+20,0,37432201,121055774,1,1
6,13,4,19,7,55,2,3,0,0,15,6,0,12,5,1,1,1,4,35,1,1,2,1,28,3,0,1,1,0,0,99,99,99,99,99,99,0,0,0,0,1,5,0,60824,4070,0,2007,MAIN ST,1E+20,0,37553107,122034685,2,1
6,1,3,13,11,20,2,2,0,0,13,6,0,12,5,2,1,2,4,40,1,1,2,1,3,3,0,1,1,0,0,99,99,99,99,99,99,0,0,0,0,1,3,0,60825,2480,0,2007,HEGENBERGER RD,BALDWIN,0,37445127,122114577,2,1
6,75,3,31,2,20,1,1,0,0,13,6,0,33,0,1,4,1,2,25,1,1,2,1,0,0,0,2,1,0,0,99,99,99,99,99,99,0,0,0,0,1,7,0,60826,3290,0,2007,3RD ST,1E+20,0,37433068,122234002,1,1
6,85,3,31,2,50,1,2,0,1,11,1,0,24,0,1,4,3,4,65,2,2,2,1,0,0,0,3,1,0,0,99,99,99,99,0,0,0,0,0,0,2,7,2,60827,1977,156,2007,I-280,1E+20,0,37215255,122074047,1,1
6,95,3,31,6,15,2,2,0,0,3,3,0,12,2,1,1,1,2,55,1,2,2,1,0,0,0,4,1,0,0,99,99,99,99,99,99,0,0,0,0,1,7,1,60828,0,158,2007,SR-12,1E+20,0,38094332,121415479,2,1
6,1,3,31,14,14,2,2,0,1,11,1,0,1,0,1,1,3,7,55,1,1,2,1,0,0,0,1,1,0,0,99,99,99,99,0,0,0,0,0,0,1,7,0,60829,1170,39,2007,I-80,1E+20,0,37501510,122174638,2,1
6,65,3,31,14,41,2,2,0,0,14,6,0,12,2,1,1,1,2,45,1,1,2,1,0,0,0,1,1,0,0,99,99,99,99,99,99,0,0,0,0,1,7,1,60830,3070,0,2007,ARLINGTON AVE,1E+20,0,33571683,117311074,2,1
6,97,3,31,17,1,2,3,0,0,3,3,0,12,1,1,1,5,4,35,1,1,2,1,0,0,0,1,1,0,0,99,99,99,99,99,99,0,0,0,0,1,7,1,60831,3490,178,2007,SR-12,1E+20,0,38262123,122411370,2,1
6,37,3,31,18,31,4,9,0,0,13,6,0,12,5,2,1,2,4,40,1,1,2,1,3,3,0,5,1,0,0,99,99,99,99,99,99,0,0,0,0,1,7,1,60832,3870,0,2007,TORRENCE BLVD,AMIE AVE,0,33501556,118205758,4,1
6,19,3,31,20,0,1,2,1,1,12,3,0,8,0,1,1,3,2,55,1,1,2,1,40,3,0,2,1,0,1,99,99,99,99,99,99,0,0,0,0,1,7,1,60833,1370,46,2007,SR-99,1E+20,0,36332167,119362459,1,1
6,59,3,31,20,36,1,2,0,0,14,6,0,33,0,1,4,1,2,45,1,1,2,1,0,0,0,3,1,0,0,99,99,99,99,99,99,0,0,0,0,1,7,0,60834,1713,0,2007,YALE AVE,1E+20,0,33430309,117453000,1,1
6,37,3,31,22,15,1,1,0,1,12,3,0,24,0,1,4,3,5,65,1,1,2,1,0,0,0,3,1,0,0,99,99,99,99,0,0,0,0,0,0,1,7,1,60835,1980,51,2007,SR-134,1E+20,0,34091569,118192041,1,1
6,59,4,1,6,13,1,2,1,0,14,6,0,8,0,1,1,5,4,45,1,1,2,1,0,0,0,3,1,0,0,99,99,99,99,0,0,0,0,0,0,1,1,0,60836,3420,0,2007,MCFADDEN AVE,1E+20,0,33441712,117562234,1,1
6,71,4,1,6,15,1,6,0,1,1,1,0,1,0,1,4,2,2,70,1,1,2,1,0,0,0,4,1,0,0,99,99,99,99,99,99,0,0,0,0,3,1,2,60837,0,985,2007,I-15,1E+20,0,34583983,116364337,1,1
6,73,4,1,6,19,1,1,0,1,11,1,0,1,0,1,1,3,4,70,2,1,1,1,0,0,0,2,1,0,0,99,99,99,99,0,0,0,0,0,0,1,1,1,60838,4060,457,2007,I-15,1E+20,0,33055158,117051626,1,1
6,1,4,1,13,46,1,1,0,0,16,6,0,33,0,1,4,1,2,25,2,1,2,1,0,0,0,1,1,0,0,99,99,99,99,99,99,0,0,0,0,1,1,0,60839,3993,0,2007,UNIVERSITY DR,1E+20,0,37355624,122014557,1,1
6,19,4,1,17,0,1,1,0,0,4,4,0,24,0,1,4,1,2,55,2,1,2,1,0,0,0,1,1,0,0,99,99,99,99,0,0,0,0,0,0,1,1,1,60840,0,0,2007,RUSSELL AVE,1E+20,0,36542779,120391637,1,1
6,45,4,1,17,33,1,3,0,1,2,2,0,32,0,1,3,2,2,65,2,2,2,1,0,0,0,1,1,0,0,99,99,99,99,99,99,0,0,0,0,1,1,0,60841,0,186,2007,US-101,1E+20,0,39043149,123103379,1,1
6,29,4,1,20,5,1,2,0,1,12,3,0,42,0,5,4,6,2,65,2,1,2,1,0,0,0,2,1,0,0,99,99,99,99,99,99,0,0,0,0,1,1,1,60842,240,265,2007,SR-99 RAMP,1E+20,0,35240628,119023092,1,1
6,65,4,1,20,56,2,6,1,0,13,6,0,8,0,1,1,3,2,50,1,1,2,1,0,0,0,2,1,0,0,99,99,99,99,99,99,0,0,0,0,1,1,1,60843,3070,0,2007,VAN BUREN BLVD,1E+20,0,33530338,117210530,2,1