STATE,COUNTY,MONTH,DAY,HOUR,MINUTE,VE_TOTAL,PERSONS,PEDS,NHS,ROAD_FNC,ROUTE,SP_JUR,HARM_EV,MAN_COLL,REL_JUNC,REL_ROAD,TRAF_FLO,NO_LANES,SP_LIMIT,ALIGNMNT,PROFILE,PAVE_TYP,SUR_COND,TRA_CONT,T_CONT_F,HIT_RUN,LGT_COND,WEATHER1,WEATHER2,C_M_ZONE,NOT_HOUR,NOT_MIN,ARR_HOUR,ARR_MIN,HOSP_HR,HOSP_MN,SCH_BUS,CF1,CF2,CF3,FATALS,DAY_WEEK,DRUNK_DR,ST_CASE,CITY,MILEPT,YEAR,TWAY_ID,TWAY_ID2,RAIL,LATITUDE,LONGITUD,VE_FORMS,WEATHER
6,37,4,1,21,25,1,3,1,0,4,4,0,8,0,1,1,1,2,55,1,1,2,1,0,0,0,2,1,0,0,99,99,99,99,99,99,0,0,0,0,1,1,1,60844,0,0,2007,SIERRA HWY,1E+20,0,34245587,118272294,1,1
6,99,4,7,8,20,1,5,0,1,12,3,0,1,0,1,4,3,3,65,1,1,1,1,0,0,0,1,1,0,0,99,99,99,99,99,99,0,0,0,0,1,7,0,60845,2200,203,2007,SR-99,1E+20,0,37410559,121031641,1,1
6,65,4,7,9,36,1,1,0,0,6,4,0,1,0,1,4,1,2,20,2,1,4,1,0,0,0,1,1,0,0,99,99,99,99,0,0,0,0,0,0,1,7,1,60846,0,0,2007,ARLINGTON MINE RD,1E+20,0,33483301,114452141,1,1
6,13,4,7,15,18,1,2,0,0,13,6,0,33,0,1,4,2,2,35,2,2,2,1,0,0,0,1,1,0,0,99,99,99,99,99,99,0,0,0,0,1,7,1,60847,3010,0,2007,ATLAS RD,1E+20,0,37594130,122204073,1,1
6,29,4,7,15,53,6,11,0,0,13,6,0,12,7,3,1,3,3,45,1,1,2,1,3,3,0,1,1,0,0,99,99,99,99,99,99,0,20,0,0,1,7,0,60848,240,0,2007,PANAMA LN,SR-99,0,35174488,119015066,6,1
6,1,4,7,19,33,1,1,0,0,13,4,0,31,0,1,3,3,2,35,2,1,2,1,0,0,0,1,1,0,0,99,99,99,99,0,0,0,0,0,0,1,7,0,60849,0,0,2007,CASTRO VALLEY BLVD,1E+20,0,37420676,122020813,1,1
6,23,4,7,19,36,2,3,0,0,13,6,0,12,5,2,1,4,3,35,1,1,2,1,20,3,0,5,1,0,0,99,99,99,99,99,99,0,0,0,0,1,7,0,60850,1220,0,2007,H ST,10TH ST,0,40521152,124051155,2,1
6,65,4,8,2,54,1,2,1,1,11,1,0,8,0,1,1,3,4,70,1,1,2,1,0,0,0,2,1,0,0,99,99,99,99,99,99,0,0,0,0,1,1,1,60851,2650,322,2007,I-10,1E+20,0,33542059,116333868,1,1
6,65,4,8,5,0,1,1,0,0,4,4,0,53,0,1,4,1,2,50,2,1,2,1,0,0,0,2,1,0,0,99,99,99,99,0,0,0,0,0,0,1,1,1,60852,0,0,2007,OLD ELSINORE RD,1E+20,0,33481665,117163043,1,1
6,111,4,8,8,20,1,2,0,1,2,3,0,24,0,1,3,3,2,65,1,1,2,2,0,0,0,1,1,0,0,99,99,99,99,99,99,0,0,0,0,1,1,0,60853,0,76,2007,SR-126,1E+20,0,34180459,119081217,1,1
6,39,4,8,8,25,1,2,0,1,2,3,0,36,0,1,4,1,2,55,1,1,2,1,0,0,0,1,1,0,0,99,99,99,99,99,99,0,0,0,0,1,1,0,60854,2050,151,2007,SR-41,1E+20,0,37051304,119452076,1,1
6,37,4,8,9,15,1,1,0,0,13,6,0,1,0,1,1,5,4,35,2,1,2,1,0,0,0,1,1,0,0,99,99,99,99,99,99,0,0,0,0,1,1,0,60855,1980,0,2007,HYPERION AVE,1E+20,0,34064570,118155837,1,1
6,13,4,8,10,36,1,1,0,1,2,3,0,24,0,5,8,6,1,65,2,2,1,1,0,0,0,1,1,0,0,99,99,99,99,99,99,0,0,0,0,1,1,0,60856,0,128,2007,SR-4 RAMP,1E+20,0,37594437,122040995,1,1
6,13,4,8,11,0,1,6,0,0,6,4,0,3,0,1,5,1,2,0,2,1,5,1,0,0,0,1,1,0,0,99,99,99,99,99,99,0,0,0,0,3,1,0,60857,0,0,2007,W LEVEE RD,1E+20,0,37515896,121342974,1,1
6,73,4,10,12,10,1,1,0,0,4,4,0,42,0,1,4,1,2,55,2,1,2,1,0,0,0,1,1,0,0,99,99,99,99,99,99,0,0,0,0,1,3,0,60858,0,0,2007,HONEY SPRINGS RD,1E+20,0,32402293,116462315,1,1
6,29,4,10,16,40,1,3,0,1,2,3,0,1,0,1,4,2,2,65,1,1,2,1,0,0,0,1,1,0,0,99,99,99,99,99,99,0,0,0,0,1,3,0,60859,0,691,2007,SR-58,1E+20,0,35174924,118454918,1,1
6,37,4,10,17,15,1,1,0,0,14,6,0,1,0,1,1,1,2,25,1,1,2,1,0,0,0,1,1,0,0,99,99,99,99,99,99,0,0,0,0,1,3,0,60860,922,0,2007,LIVE OAK ST,1E+20,0,33581283,118123999,1,1
6,77,4,10,17,50,2,2,0,0,14,4,0,12,3,8,1,1,2,45,1,1,2,1,0,0,0,1,1,0,0,99,99,99,99,99,99,0,0,0,0,1,3,0,60861,0,0,2007,CHRISMAN RD,1E+20,0,37434540,121235357,2,1
6,67,4,10,21,42,3,6,0,0,14,6,0,12,5,2,1,1,4,40,1,1,2,1,3,3,1,3,1,0,0,99,99,99,99,99,99,0,0,0,0,1,3,0,60862,2934,0,2007,COLOMA RD,MCGREGOR DR,0,38363990,121172803,3,1
6,37,4,10,22,54,2,3,0,0,14,6,0,12,5,2,1,2,3,40,1,1,2,1,3,3,0,3,1,0,0,99,99,99,99,99,99,0,0,0,0,1,3,1,60863,2240,0,2007,TELEGRAPH RD,GREENWOOD AVE,0,33584735,118074214,2,1
6,97,4,11,13,10,1,1,0,1,2,2,0,42,0,1,4,3,2,65,2,1,2,1,0,0,0,1,1,0,0,99,99,99,99,0,0,0,0,0,0,1,4,0,60864,0,4,2007,US-101,1E+20,0,38113538,122360052,1,1
6,53,4,11,15,15,4,5,0,0,4,4,0,12,1,2,1,1,2,55,1,1,2,1,0,0,0,1,1,0,0,99,99,99,99,99,99,0,0,0,0,1,4,0,60865,0,0,2007,SAN JUAN RD,CARPENTERIA RD,0,36513643,121391213,4,1
6,15,4,11,20,23,1,3,1,1,2,2,0,8,0,1,1,5,4,45,1,1,2,1,0,0,0,2,1,0,0,99,99,99,99,99,99,0,0,0,0,1,4,1,60866,0,274,2007,US-101,1E+20,0,41460239,124113309,1,1
6,53,4,11,22,25,1,2,1,1,12,3,0,8,0,1,1,2,4,65,2,1,2,1,0,0,2,2,1,0,0,99,99,99,99,0,0,0,0,0,0,1,4,1,60867,2250,790,2007,SR-1,1E+20,0,36362308,121513982,1,1
6,39,4,11,22,55,1,1,0,0,4,4,0,42,0,1,5,1,2,55,1,1,1,1,0,0,0,2,1,0,0,99,99,99,99,0,0,0,0,0,0,1,4,0,60868,0,0,2007,AVENUE 12,1E+20,0,36552537,120120395,1,1
6,65,4,12,4,27,1,1,0,1,12,3,0,1,0,5,4,6,1,65,1,1,2,1,0,0,0,2,1,0,0,99,99,99,99,0,0,0,0,0,0,1,5,0,60869,850,22,2007,SR-91 RAMP,1E+20,0,33530476,117381307,1,1
6,35,4,12,6,40,1,1,0,1,2,3,0,42,0,1,4,1,2,65,1,1,2,3,40,3,0,1,1,0,0,99,99,99,99,0,0,0,0,0,0,1,5,0,60870,0,185,2007,SR-44,1E+20,0,40323716,121025225,1,1
6,71,4,14,16,52,1,2,0,1,1,1,0,1,0,1,3,2,2,70,1,1,2,1,0,0,0,1,1,0,0,99,99,99,99,99,99,0,0,0,0,1,7,0,60871,0,1220,2007,I-15,1E+20,0,35064927,116143363,1,1
6,73,4,14,20,18,2,3,0,0,14,6,0,12,4,2,1,1,4,35,1,1,2,1,3,3,1,3,1,0,0,99,99,99,99,0,0,0,0,0,0,1,7,0,60872,1200,0,2007,MISSION AVE,METCALF ST,0,33073119,117060543,2,1
6,29,4,14,21,0,2,4,0,0,3,3,0,12,2,1,1,1,2,55,2,1,2,2,0,0,0,2,1,0,0,99,99,99,99,99,99,0,0,0,0,2,7,0,60873,0,152,2007,SR-119,1E+20,0,35160239,119181891,2,1
6,75,4,14,21,47,1,2,1,1,11,1,0,8,0,1,1,3,5,65,1,1,2,1,0,0,0,3,1,0,0,99,99,99,99,0,0,0,0,0,0,1,7,0,60874,3290,25,2007,I-280,1E+20,0,37434854,122262216,1,1
6,37,4,14,23,5,3,8,0,1,12,3,0,12,1,1,1,3,5,65,1,2,1,1,0,0,0,2,1,0,0,99,99,99,99,99,99,0,0,0,0,1,7,0,60875,1980,93,2007,SR-134,1E+20,0,34084410,118131637,3,1
6,71,4,14,23,22,2,5,0,0,13,6,0,12,2,1,1,1,2,55,1,1,2,1,0,0,0,2,1,0,0,99,99,99,99,99,99,0,0,0,0,2,7,1,60876,1305,0,2007,SIERRA AVE,1E+20,0,34093185,117261009,2,1
6,71,4,15,0,31,2,3,0,1,11,1,0,12,2,1,1,3,3,65,1,1,1,1,40,3,1,2,1,0,1,99,99,99,99,99,99,0,20,0,0,1,1,1,60877,2960,331,2007,I-10,1E+20,0,34023273,117092168,2,1
6,1,4,14,23,23,1,2,0,1,11,1,0,25,0,5,4,6,2,65,2,1,2,1,0,0,0,2,1,0,0,99,99,99,99,99,99,0,0,0,0,1,7,1,60878,1364,70,2007,I-880 RAMP,1E+20,0,37314380,122000083,1,1
6,37,4,15,0,55,2,6,0,0,13,6,0,12,4,2,1,2,3,35,1,1,2,1,3,3,0,3,1,0,0,99,99,99,99,99,99,0,0,0,0,1,1,1,60879,1980,0,2007,JEFFERSON BLVD,HOOVER ST,0,34012563,118170236,2,1
6,37,4,15,3,15,1,3,1,1,11,1,0,8,0,1,1,3,9,65,1,1,2,1,0,0,0,2,1,0,0,99,99,99,99,0,0,0,0,0,0,1,1,1,60880,1980,186,2007,I-110,1E+20,0,33595239,118165039,1,1
6,25,4,15,3,15,1,2,0,0,3,3,0,1,0,1,2,3,2,65,1,1,2,1,0,0,0,2,1,0,0,99,99,99,99,99,99,0,0,0,0,1,1,1,60881,0,161,2007,SR-111,1E+20,0,32533416,115303235,1,1
6,59,4,15,3,47,1,1,0,0,13,6,0,33,0,1,4,2,2,45,2,1,2,1,0,0,0,3,1,0,0,99,99,99,99,0,0,0,0,0,0,1,1,1,60882,2560,0,2007,GLASSELL ST,1E+20,0,33495464,117510886,1,1
6,9,4,15,13,40,3,4,0,0,3,3,0,12,2,1,1,1,2,55,2,2,2,1,0,0,0,1,1,0,0,99,99,99,99,99,99,0,14,0,0,1,1,0,60883,0,105,2007,SR-4,1E+20,0,38015002,120385192,3,1
6,81,4,15,18,42,1,2,1,0,16,6,0,8,0,8,1,1,2,99,1,1,2,1,0,0,0,1,1,0,0,99,99,99,99,99,99,0,0,0,0,1,1,0,60884,3730,0,2007,JULIE DR,1E+20,0,37384629,122272656,1,1
6,85,4,16,0,10,1,1,0,1,12,2,0,29,0,1,4,3,3,65,1,1,2,1,0,0,0,3,1,0,0,99,99,99,99,0,0,0,0,0,0,1,2,0,60885,2280,182,2007,US- 101,1E+20,0,37092935,121392802,1,1
6,99,4,16,21,0,1,3,0,0,5,4,0,38,0,1,4,1,2,55,2,1,2,1,40,3,0,2,1,0,0,99,99,99,99,99,99,0,0,0,0,1,2,1,60886,0,0,2007,TIM BELL RD,1E+20,0,37401508,120432391,1,1
6,67,4,17,0,45,1,1,0,0,14,4,0,33,0,1,3,3,2,45,1,1,2,1,0,0,0,3,1,0,0,99,99,99,99,0,0,0,0,0,0,1,3,0,60887,0,0,2007,DON JULIO BLVD,1E+20,0,38425289,121204880,1,1
6,67,4,17,1,9,1,1,0,0,13,6,0,42,0,1,4,5,4,99,1,1,2,1,0,0,0,2,1,0,0,99,99,99,99,0,0,0,0,0,0,1,3,0,60888,3150,0,2007,AUBURN BLVD,1E+20,0,38390420,121212558,1,1
6,31,4,17,7,36,2,4,0,0,4,4,0,12,5,2,1,1,2,55,1,1,2,1,20,3,0,1,1,0,0,99,99,99,99,99,99,0,0,0,0,1,3,0,60889,0,0,2007,FLINT AVE,15TH AVE,0,36221839,119433681,2,1
6,73,4,17,7,38,2,6,0,0,14,6,0,12,5,2,1,5,4,35,1,1,2,1,20,3,0,1,1,0,0,99,99,99,99,99,99,0,0,0,0,1,3,0,60890,3260,0,2007,MARKET ST,29TH ST,0,32424193,117075528,2,1
6,29,4,17,8,3,2,3,0,0,13,6,0,12,1,3,1,2,2,45,1,1,2,1,3,3,0,1,1,0,0,99,99,99,99,0,0,0,0,0,0,1,3,0,60891,240,0,2007,PANAMA LN,SO H STREET,0,35174499,119011596,2,1
6,65,4,17,10,38,2,2,0,0,14,6,0,12,5,2,1,2,3,45,1,1,2,1,3,3,0,1,1,0,0,99,99,99,99,99,99,0,0,0,0,1,3,0,60892,850,0,2007,ONTARIO AVE,RIMPAU AVE,0,33505595,117324105,2,1
6,71,4,17,11,30,3,5,0,0,3,3,0,12,8,1,1,1,2,45,2,1,2,1,0,0,0,1,1,0,0,99,99,99,99,0,0,0,0,0,0,1,3,0,60893,0,223,2007,SR-18,1E+20,0,34134770,117133335,3,1
6,37,4,17,13,23,2,2,0,0,14,6,0,12,2,1,1,5,4,55,2,1,2,1,0,0,0,1,1,0,0,99,99,99,99,99,99,0,0,0,0,1,3,0,60894,2645,0,2007,25TH ST E,1E+20,0,34330759,118051060,2,1
6,37,4,17,15,45,3,7,0,0,13,6,0,12,8,1,1,1,4,60,1,1,2,1,0,0,0,1,1,0,0,99,99,99,99,99,99,0,0,0,0,2,3,1,60895,2645,0,2007,AVENUE M,1E+20,0,34384510,118083744,3,1
6,59,4,17,19,4,1,2,1,0,13,6,0,9,0,3,1,3,2,35,1,1,2,1,0,0,0,1,1,0,0,99,99,99,99,0,0,0,0,0,0,1,3,0,60896,4130,0,2007,WESTMINISTER BLVD,PINE ST,0,33453304,118002221,1,1
6,85,4,20,1,55,1,1,0,0,4,3,0,42,0,5,4,6,2,65,2,1,2,2,40,3,0,3,2,0,0,99,99,99,99,0,0,0,0,0,0,1,6,1,60897,3340,22,2007,SR-85 RAMP,1E+20,0,37143384,121481593,1,2
6,61,4,20,2,3,1,1,0,0,14,4,0,35,0,1,4,1,2,35,2,2,2,1,40,3,0,2,1,0,0,99,99,99,99,0,0,0,0,0,0,1,6,1,60898,200,0,2007,AUBURN FOLSOM RD,1E+20,0,38521490,121053240,1,1
6,37,4,20,8,0,3,5,0,0,14,6,0,12,5,1,1,1,4,35,1,2,2,2,0,0,0,1,2,0,0,99,99,99,99,99,99,0,0,0,0,1,6,0,60899,1980,0,2007,HYPERION AVE,1E+20,0,34064763,118155685,3,2
6,7,4,20,16,0,2,2,0,0,15,4,0,12,2,1,1,1,2,45,1,2,2,1,0,0,0,1,1,0,0,99,99,99,99,99,99,0,0,0,0,1,6,1,60900,0,0,2007,FOOTHILL BLVD,1E+20,0,39272935,121281993,2,1
6,29,4,20,16,16,3,4,0,1,2,3,0,25,0,1,3,3,3,70,1,1,2,2,0,0,0,1,2,0,0,99,99,99,99,99,99,0,0,0,0,1,6,1,60901,0,348,2007,SR-99,1E+20,0,35290238,119083575,3,2
6,13,4,20,20,40,2,2,0,1,12,3,0,12,1,1,1,3,4,65,2,1,2,1,0,0,0,2,1,0,0,99,99,99,99,99,99,0,0,0,0,1,6,0,60902,0,37,2007,SR-24,1E+20,0,37533301,122095998,2,1
6,71,4,20,22,49,1,5,2,1,12,3,0,8,0,1,1,2,2,50,1,1,2,1,0,0,0,3,1,0,0,99,99,99,99,99,99,0,0,0,0,1,6,1,60903,2960,21,2007,SR-38,1E+20,0,34041223,117091797,1,1
6,73,4,20,23,59,2,5,0,0,4,3,0,12,4,1,1,1,2,40,2,1,2,2,0,0,0,2,2,0,0,99,99,99,99,99,99,0,0,0,0,2,6,1,60904,0,164,2007,SR-76,1E+20,0,33192052,117101420,2,2
6,25,4,21,1,15,1,6,0,1,2,3,0,27,0,1,4,2,2,65,2,1,2,1,40,3,0,2,1,0,0,99,99,99,99,99,99,0,0,0,0,1,7,1,60905,0,179,2007,SR-86,1E+20,0,32570157,115335986,1,1
6,59,4,21,2,8,1,4,0,1,11,1,0,1,0,1,1,3,6,65,1,1,1,1,0,0,0,2,1,0,0,99,99,99,99,99,99,0,0,0,0,2,7,0,60906,1974,11,2007,I-605,1E+20,0,33475436,118050679,1,1
6,71,4,21,9,10,1,1,0,1,11,1,0,35,0,1,4,3,3,65,1,1,2,1,0,0,0,1,1,0,0,99,99,99,99,99,99,0,0,0,0,1,7,0,60907,4290,360,2007,I-10,1E+20,0,34012698,117063841,1,1
6,29,4,21,16,43,1,2,1,0,13,6,0,9,0,1,1,5,2,35,1,1,2,1,0,0,2,1,1,0,0,99,99,99,99,0,0,0,0,0,0,1,7,0,60908,240,0,2007,MONTEREY ST,1E+20,0,35224457,118590056,1,1
6,67,4,21,23,34,1,2,1,1,12,3,0,8,0,1,1,3,3,65,1,1,2,2,0,0,0,3,2,0,1,99,99,99,99,0,0,0,0,0,0,1,7,1,60909,0,194,2007,SR-99,1E+20,0,38293723,121263566,1,2
6,95,4,27,99,99,1,1,0,0,14,6,0,33,0,1,4,5,4,35,1,1,2,1,0,0,0,3,1,0,0,99,99,99,99,99,99,0,0,0,0,1,6,1,60910,1260,0,2007,HILBORN RD,1E+20,0,38170786,122030168,1,1
6,37,4,22,2,15,1,3,0,1,11,1,0,24,0,5,4,6,2,55,2,1,2,1,0,0,0,3,1,0,0,99,99,99,99,99,99,0,0,0,0,1,1,1,60911,1980,236,2007,I-110 RAMP,1E+20,0,34034566,118145529,1,1
6,73,4,22,2,40,1,4,0,0,5,4,0,42,0,1,4,1,2,55,2,1,2,1,0,0,0,2,1,0,0,99,99,99,99,99,99,0,0,0,0,1,1,1,60912,0,0,2007,LAKE MORENA DR,1E+20,0,32385515,116294248,1,1
6,37,4,22,3,50,1,1,0,0,13,6,0,33,0,1,4,2,3,35,2,1,2,1,28,3,0,3,1,0,0,99,99,99,99,0,0,0,0,0,0,1,1,1,60913,1980,0,2007,VALLEY BLVD,1E+20,0,34045200,118035344,1,1
6,1,4,22,5,50,1,1,0,1,11,1,0,21,0,1,4,3,5,65,1,1,1,2,0,0,0,2,2,0,0,99,99,99,99,0,0,0,0,0,0,1,1,0,60914,2840,172,2007,I-580,1E+20,0,37420438,121512924,1,2
6,37,4,22,6,10,1,1,0,0,13,6,0,33,0,1,4,2,6,40,1,2,2,1,0,0,0,4,1,0,0,99,99,99,99,0,0,0,0,0,0,1,1,0,60915,1980,0,2007,SEPULVEDA BLVD,1E+20,0,33574448,118234627,1,1
6,65,4,22,10,15,1,1,0,1,12,3,0,1,0,1,1,1,2,55,2,2,2,1,40,3,0,1,1,0,0,99,99,99,99,99,99,0,0,0,0,1,1,0,60916,0,103,2007,SR-74,1E+20,0,33410004,117220347,1,1
6,73,4,22,11,30,1,1,0,1,11,1,0,35,0,5,4,6,2,65,1,2,2,1,0,0,0,1,1,0,0,99,99,99,99,0,0,0,0,0,0,1,1,0,60917,0,199,2007,I-8 RAMP,1E+20,0,32492865,116542200,1,1
6,101,4,22,12,45,1,1,0,0,14,6,0,38,0,3,5,1,2,35,1,1,2,1,0,0,0,1,1,0,0,99,99,99,99,0,0,0,0,0,0,1,1,0,60918,0,0,2007,OSWALD RD,RAILROAD AVE,0,39040889,121373498,1,1
6,19,4,22,14,0,2,5,0,0,3,3,0,12,2,1,1,1,2,55,2,1,2,2,28,3,0,1,1,0,0,99,99,99,99,99,99,0,0,0,0,1,1,0,60919,0,147,2007,SR-168,1E+20,0,36515167,119373521,2,1
6,37,4,22,14,40,1,2,1,0,13,6,0,8,0,1,1,1,4,35,1,1,2,1,0,0,2,1,1,0,0,99,99,99,99,99,99,0,0,0,0,1,1,1,60920,1980,0,2007,CENTRAL AVE,1E+20,0,33590146,118152320,1,1
6,97,4,22,15,57,1,1,0,0,13,6,0,18,0,1,4,1,2,40,1,1,2,1,0,0,0,1,1,0,0,99,99,99,99,0,0,0,0,0,0,1,1,1,60921,3660,0,2007,OLD REDWOOD HWY,1E+20,0,38332453,122491132,1,1
6,105,4,22,16,30,1,1,0,1,2,3,0,1,0,1,4,1,3,55,2,2,2,1,0,0,0,1,1,0,0,99,99,99,99,0,0,0,0,0,0,1,1,0,60922,0,710,2007,SR-299,1E+20,0,40384375,122444996,1,1
6,37,4,22,22,57,1,1,0,0,13,6,0,33,0,1,3,3,3,30,2,1,2,2,0,0,0,3,1,0,0,99,99,99,99,0,0,0,0,0,0,1,1,1,60923,930,0,2007,SEPULVEDA BLVD,1E+20,0,33585778,118234031,1,1
6,99,4,23,11,5,2,4,0,0,14,4,0,12,4,1,1,1,2,55,1,1,2,1,0,0,0,1,1,0,0,99,99,99,99,99,99,0,0,0,0,2,2,0,60924,0,0,2007,MAIN ST,1E+20,0,37293350,120552479,2,1
6,97,4,23,18,35,1,2,1,0,13,3,0,9,0,1,1,2,2,45,1,1,2,1,0,0,0,1,1,0,0,99,99,99,99,99,99,0,0,0,0,1,2,0,60925,3490,183,2007,SR-12,1E+20,0,38271102,122405290,1,1
6,29,4,23,20,41,1,2,1,1,12,3,0,8,0,1,1,3,3,70,1,1,2,1,0,0,0,2,1,0,0,99,99,99,99,0,0,0,0,0,0,1,2,0,60926,1000,559,2007,SR-99,1E+20,0,35460105,119150103,1,1
6,77,4,23,21,20,2,3,0,0,3,3,0,12,2,1,1,1,2,55,2,1,2,1,0,0,0,2,1,0,0,99,99,99,99,99,99,0,0,0,0,1,2,1,60927,0,176,2007,SR-26,1E+20,0,38030121,121005161,2,1
6,101,4,24,11,48,3,3,0,1,2,3,0,12,1,1,1,2,2,65,1,1,2,1,0,0,0,1,1,0,0,99,99,99,99,99,99,0,0,0,0,1,3,0,60928,0,344,2007,SR-99,1E+20,0,39114853,121380459,3,1
6,75,4,24,12,43,1,2,1,0,13,6,0,15,0,3,1,2,2,25,1,1,2,1,3,3,0,1,1,0,0,99,99,99,99,0,0,0,0,0,0,1,3,0,60929,3290,0,2007,3RD ST,TOWNSEND ST,0,37464403,122233380,1,1
6,65,4,25,4,35,2,2,0,0,3,3,0,12,1,1,1,1,4,55,1,1,2,1,0,0,1,2,1,0,0,99,99,99,99,0,0,0,0,0,0,1,4,0,60930,0,295,2007,SR-74,1E+20,0,33443501,117093455,2,1
6,61,4,25,8,5,1,1,0,0,4,4,0,24,0,1,4,1,2,45,1,1,2,1,0,0,0,1,1,0,0,99,99,99,99,0,0,0,0,0,0,1,4,1,60931,0,0,2007,AUBURN FOLSOM RD,1E+20,0,38504971,121063947,1,1
6,71,4,25,8,45,3,3,0,0,15,6,0,12,1,1,1,1,2,55,1,1,2,1,0,0,0,1,1,0,4,99,99,99,99,99,99,0,0,0,0,1,4,0,60932,115,0,2007,CENTRAL RD,1E+20,0,34302066,117102216,3,1
6,71,4,25,10,14,1,1,0,1,1,1,0,1,0,1,1,2,2,70,1,1,2,1,0,0,0,1,1,0,0,99,99,99,99,99,99,0,0,0,0,1,4,0,60933,0,395,2007,I-40,1E+20,0,34511980,114530729,1,1
6,71,4,25,10,28,2,2,0,1,1,1,0,12,1,1,1,2,2,70,1,1,2,1,0,0,0,1,1,0,0,99,99,99,99,0,0,0,19,0,0,1,4,0,60934,0,375,2007,I-40,1E+20,0,34512093,114535788,2,1
6,67,4,25,13,10,1,2,1,0,13,4,0,9,0,3,1,2,3,40,1,1,2,1,3,3,0,1,1,0,0,99,99,99,99,99,99,0,16,0,0,1,4,0,60935,0,0,2007,FLORIN RD,6TH PKWY,0,38294641,121262949,1,1
6,71,4,25,16,20,2,1,0,0,16,6,0,14,1,1,7,1,2,25,1,1,2,1,0,0,0,1,1,0,0,99,99,99,99,99,99,0,0,0,0,1,4,0,60936,2550,0,2007,BONITA AVE,1E+20,0,34020471,117392447,1,1
6,61,4,25,16,36,1,2,1,0,14,6,0,8,0,1,1,9,2,45,1,1,2,1,0,0,0,1,1,0,0,99,99,99,99,99,99,0,0,0,0,1,4,0,60937,3110,0,2007,BASELINE RD,1E+20,0,38450644,121205547,1,1
6,59,4,26,14,13,1,1,0,1,12,3,0,1,0,5,4,6,3,65,2,2,2,1,0,0,0,1,1,0,0,99,99,99,99,99,99,0,0,0,0,1,5,0,60938,2560,117,2007,SR-57 RAMP,1E+20,0,33474571,117523909,1,1
6,65,4,26,14,18,1,1,0,0,3,2,0,1,0,1,4,1,2,55,1,2,2,1,0,0,0,1,1,0,0,99,99,99,99,99,99,0,0,0,0,1,5,1,60939,0,293,2007,US-95,1E+20,0,33584801,114302450,1,1
6,19,4,26,14,52,1,1,0,1,12,3,0,25,0,1,3,3,3,65,1,1,2,1,0,0,0,1,1,0,0,99,99,99,99,0,0,0,0,0,0,1,5,0,60940,1370,195,2007,SR-99,1E+20,0,36430349,119470521,1,1
6,71,4,26,18,19,2,3,0,0,4,4,0,12,4,1,1,1,4,55,2,1,2,1,0,0,0,1,1,0,0,99,99,99,99,99,99,0,0,0,0,1,5,0,60941,0,0,2007,GLEN HELEN PKWY,1E+20,0,34111458,117254298,2,1
6,37,4,26,20,46,1,1,0,0,14,6,0,33,0,3,4,2,2,50,1,1,2,1,0,0,0,3,1,0,0,99,99,99,99,0,0,0,0,0,0,1,5,0,60942,1840,0,2007,AVENUE L,SUNNY LANE,0,34393738,118100865,1,1
6,73,4,26,22,2,1,2,1,0,14,6,0,9,0,2,1,2,2,45,1,1,2,1,3,3,0,3,1,0,0,99,99,99,99,99,99,0,0,0,0,1,5,2,60943,3260,0,2007,MISSION BAY,DANA LANDING RD,0,32455590,117141646,1,1
6,107,4,26,23,11,1,2,0,0,13,6,0,1,0,1,3,3,2,35,1,1,2,1,0,0,0,3,1,0,0,99,99,99,99,99,99,0,0,0,0,1,5,1,60944,3920,0,2007,TULARE,1E+20,0,36123878,119070347,1,1
6,83,4,26,23,15,1,2,0,0,3,3,0,24,0,1,4,1,2,55,2,1,2,1,0,0,0,2,1,0,0,99,99,99,99,99,99,0,0,0,0,1,5,1,60945,0,247,2007,SR-154,1E+20,0,34353885,120021369,1,1
6,33,4,28,12,39,1,3,0,0,3,3,0,39,0,1,5,1,2,35,2,2,2,1,0,0,0,1,1,0,0,99,99,99,99,99,99,0,0,0,0,1,7,0,60946,0,268,2007,SR-20,1E+20,0,39110738,123013426,1,1
6,73,4,28,16,57,1,1,0,0,13,6,0,33,0,3,4,3,2,40,1,1,2,1,0,0,0,1,1,0,0,99,99,99,99,0,0,0,0,0,0,1,7,0,60947,3260,0,2007,BALBOA AVE,PONDEROSA AVE,0,32492033,117075608,1,1
6,65,3,16,0,25,1,4,0,1,12,3,0,24,0,1,4,3,4,65,1,1,1,1,0,0,0,3,1,0,0,99,99,99,99,99,99,0,0,0,0,1,6,2,60948,0,96,2007,SR-60,1E+20,0,34001618,117240263,1,1
6,61,3,16,99,99,1,1,0,0,5,4,0,17,0,1,2,1,2,35,2,2,2,1,0,0,0,2,1,0,0,99,99,99,99,0,0,0,0,0,0,1,6,1,60949,0,0,2007,HAMPSHIRE ROCKS RD,1E+20,0,39182112,120314069,1,1