STATE,COUNTY,MONTH,DAY,HOUR,MINUTE,VE_TOTAL,PERSONS,PEDS,NHS,ROAD_FNC,ROUTE,SP_JUR,HARM_EV,MAN_COLL,REL_JUNC,REL_ROAD,TRAF_FLO,NO_LANES,SP_LIMIT,ALIGNMNT,PROFILE,PAVE_TYP,SUR_COND,TRA_CONT,T_CONT_F,HIT_RUN,LGT_COND,WEATHER1,WEATHER2,C_M_ZONE,NOT_HOUR,NOT_MIN,ARR_HOUR,ARR_MIN,HOSP_HR,HOSP_MN,SCH_BUS,CF1,CF2,CF3,FATALS,DAY_WEEK,DRUNK_DR,ST_CASE,CITY,MILEPT,YEAR,TWAY_ID,TWAY_ID2,RAIL,LATITUDE,LONGITUD,VE_FORMS,WEATHER
6,71,3,3,20,27,1,7,0,0,13,6,0,30,0,1,4,5,4,45,1,2,2,1,0,0,0,3,1,0,0,99,99,99,99,99,99,0,0,0,0,1,7,0,60950,3210,0,2007,PEPPER AVE,1E+20,0,34052888,117211061,1,1
6,75,4,18,7,6,4,2,0,0,16,6,0,12,5,2,1,1,2,25,1,1,2,1,20,3,1,1,1,0,0,99,99,99,99,99,99,0,0,0,0,1,4,0,60951,3290,0,2007,QUESADA AVE,KEITH ST,0,37435243,122231583,2,1
6,83,4,19,9,45,1,1,0,0,3,3,0,32,0,13,2,6,1,55,2,1,2,1,0,0,0,1,1,0,0,99,99,99,99,0,0,0,0,0,0,1,5,0,60952,0,81,2007,SR-154 RAMP,1E+20,0,34363737,120032511,1,1
6,107,4,19,14,25,1,2,0,0,5,4,0,1,0,1,1,1,2,55,1,1,2,1,0,0,0,1,1,0,0,99,99,99,99,0,0,0,0,0,0,2,5,0,60953,0,0,2007,AVENUE 424,1E+20,0,36333838,119251614,1,1
6,23,4,19,20,15,1,1,0,1,2,2,0,27,0,1,2,3,1,55,2,2,2,2,40,3,0,2,2,0,1,99,99,99,99,0,0,0,0,0,0,1,5,0,60954,0,417,2007,US-101,1E+20,0,40245055,123582389,1,2
6,15,4,20,0,30,1,2,0,0,4,4,0,5,0,1,1,5,2,50,1,1,2,1,0,0,4,3,1,0,0,99,99,99,99,99,99,0,0,0,0,1,6,1,60955,0,0,2007,LAKE EARL DR,1E+20,0,41472958,124111696,1,1
6,81,4,23,10,35,3,4,0,0,13,3,0,12,5,2,1,3,3,50,1,1,2,1,3,3,0,1,1,0,0,99,99,99,99,99,99,0,0,0,0,1,2,0,60956,2140,277,2007,SR-84,SR-114,0,37285525,122090128,3,1
6,77,4,27,0,28,1,2,0,0,4,4,0,42,0,1,2,1,2,55,1,1,2,1,0,0,0,2,1,0,0,99,99,99,99,99,99,0,0,0,0,1,6,1,60957,0,0,2007,COMSTOCK RD,1E+20,0,38023797,121085565,1,1
6,37,4,27,2,56,2,2,0,1,11,1,0,25,0,1,3,3,4,65,1,1,1,1,0,0,0,3,1,0,0,99,99,99,99,99,99,0,0,0,0,1,6,1,60958,1980,398,2007,I-5,1E+20,0,34161876,118265428,2,1
6,55,4,27,6,12,2,5,0,0,3,3,0,12,2,1,1,1,2,55,1,1,2,1,0,0,0,4,1,0,0,99,99,99,99,99,99,0,0,0,0,2,6,0,60959,0,346,2007,SR-29,1E+20,0,38334435,122323190,2,1
6,37,1,4,0,55,1,1,0,0,15,4,0,33,0,1,4,1,2,25,1,1,2,1,0,0,0,3,1,0,0,99,99,99,99,99,99,0,0,0,0,1,5,0,60960,0,0,2007,WILLOWBROOK AVE,1E+20,0,33545731,118135164,1,1
6,37,1,4,19,45,1,2,1,0,14,6,0,8,0,3,1,2,3,35,1,1,9,1,2,3,0,3,1,0,0,99,99,99,99,99,99,0,0,0,0,1,5,0,60961,1980,0,2007,VENICE BLVD,REDONO BLVD,0,34024223,118210248,1,1
6,77,1,6,0,37,1,2,0,1,12,3,0,31,0,1,4,2,2,65,1,2,2,1,0,0,0,2,1,0,0,99,99,99,99,99,99,0,0,0,0,1,7,0,60962,0,178,2007,SR-99,1E+20,0,38143078,121170863,1,1
6,65,1,6,17,18,1,1,0,1,1,1,0,25,0,1,3,3,3,70,1,1,1,1,0,0,0,1,1,0,0,99,99,99,99,0,0,0,0,0,0,1,7,1,60963,850,345,2007,I-15,1E+20,0,33440100,117242968,1,1
6,65,3,24,13,40,1,1,0,1,1,1,0,1,0,1,1,3,4,70,1,1,2,1,0,0,0,1,1,0,0,99,99,99,99,0,0,0,0,0,0,1,7,0,60964,0,304,2007,I-10,1E+20,0,33544245,116353066,1,1
6,77,3,24,16,50,2,2,0,0,4,4,0,12,2,2,1,1,2,55,2,1,2,1,0,0,0,1,1,0,0,99,99,99,99,99,99,0,0,0,0,1,7,0,60965,0,0,2007,COPPEROPOLIS RD,MILTON RD,0,37581639,121082027,2,1
6,9,3,24,17,34,1,1,0,0,4,4,0,36,0,1,2,1,2,55,2,2,2,1,40,3,0,1,1,0,0,99,99,99,99,99,99,0,0,0,0,1,7,0,60966,0,0,2007,MOUNTAIN RANCH RD,1E+20,0,38112244,120392762,1,1
6,59,1,14,19,20,1,1,0,0,16,6,0,99,99,3,99,9,9,99,9,9,9,9,9,9,0,9,9,0,0,0,0,0,0,0,0,0,99,99,99,1,1,0,60967,3420,0,2007,FAIRVIEW ST,WARNER AVE,0,33425505,117542781,1,9
6,37,1,16,20,35,1,2,1,0,14,6,0,8,0,1,1,5,4,35,1,1,9,1,0,0,0,3,1,0,0,99,99,99,99,99,99,0,0,0,0,1,3,1,60968,1980,0,2007,MELROSE AVE,1E+20,0,34050065,118182198,1,1
6,37,1,17,18,30,1,3,1,0,14,6,0,8,0,1,1,1,4,45,1,1,9,2,0,0,0,1,1,0,0,99,99,99,99,99,99,0,0,0,0,1,4,0,60969,1980,0,2007,BURBANK BLVD,1E+20,0,34102002,118311120,1,1
6,37,1,18,14,20,1,1,0,0,14,6,0,24,0,1,4,1,2,30,2,9,9,1,0,0,0,1,1,0,0,99,99,99,99,99,99,0,0,0,0,1,5,0,60970,1980,0,2007,MULHOLLAND DR,1E+20,0,34075003,118260734,1,1
6,37,1,18,20,20,1,2,1,0,14,6,0,8,0,3,1,1,4,35,1,1,2,1,2,3,0,3,1,0,0,99,99,99,99,99,99,0,0,0,0,1,5,1,60971,1980,0,2007,PICO BLVD,BONNIE BRAE ST,0,34024560,118164770,1,1
6,37,4,24,14,15,3,2,0,0,13,6,0,12,5,2,1,1,2,35,1,1,9,1,20,3,0,1,1,0,0,99,99,99,99,99,99,0,14,0,0,1,3,0,60972,1980,0,2007,VERMONT AVE,GREENWOOD PL,0,34063042,118173046,2,1
6,37,3,7,1,20,3,3,0,0,13,3,0,12,5,2,1,1,6,35,1,1,2,1,3,3,0,3,1,0,0,99,99,99,99,99,99,0,0,0,0,1,4,1,60973,1970,63,2007,SR-1,LONG BEACH BLVD,0,33472351,118112210,3,1
6,65,3,31,18,30,2,4,0,0,4,4,0,12,7,1,1,1,2,25,1,1,2,1,0,0,0,5,1,0,0,99,99,99,99,99,99,0,0,0,0,1,7,0,60974,0,0,2007,SAN JACINTO AVE,1E+20,0,33471154,117165564,2,1
6,37,3,31,19,36,1,2,1,0,16,6,0,8,0,1,1,1,4,35,1,1,2,1,0,0,0,3,1,0,0,99,99,99,99,99,99,0,0,0,0,1,7,0,60975,2870,0,2007,ORANGEGROVE AVE,1E+20,0,34041842,117451545,1,1
6,37,4,15,1,10,2,3,0,0,13,3,0,12,5,2,1,3,3,35,1,1,2,1,3,3,1,3,1,0,0,99,99,99,99,99,99,0,0,0,0,1,1,0,60976,1970,63,2007,SR-1,LONG BEACH BLVD,0,33472350,118112210,2,1
6,19,4,16,2,44,1,2,1,0,14,6,0,8,0,1,1,1,2,35,1,1,2,1,0,0,2,3,1,0,0,99,99,99,99,99,99,0,0,0,0,1,2,1,60977,1370,0,2007,WALNUT AVE,1E+20,0,36430028,119483210,1,1
6,71,4,20,2,5,1,2,1,0,16,6,0,8,0,1,1,1,4,45,1,2,2,1,0,0,0,2,1,0,0,99,99,99,99,99,99,0,0,0,0,1,6,1,60978,2922,0,2007,FOOTHILL BLVD,1E+20,0,34061741,117371469,1,1
6,37,5,1,8,50,3,2,0,0,14,6,0,14,1,1,7,1,4,35,1,1,2,1,0,0,0,1,1,0,0,99,99,99,99,99,99,0,0,0,0,1,3,1,60979,1980,0,2007,OXNARD ST,1E+20,0,34104586,118241171,1,1
6,65,5,4,19,40,1,4,0,0,15,6,0,33,0,1,4,1,4,40,1,1,2,1,0,0,0,3,1,0,0,99,99,99,99,99,99,0,0,0,0,1,6,2,60980,3070,0,2007,BROCKTON AVE,1E+20,0,33582117,117232057,1,1
6,37,5,6,1,0,2,3,0,0,13,6,0,12,2,1,1,1,6,35,1,1,2,1,0,0,0,3,1,0,0,99,99,99,99,99,99,0,0,0,0,2,1,2,60981,1980,0,2007,LOS FELIZ BLVD,1E+20,0,34070106,118161816,2,1
6,73,5,9,22,14,1,4,1,0,14,6,0,8,0,1,1,1,4,35,1,1,2,1,0,0,0,3,1,0,0,99,99,99,99,0,0,0,0,0,0,1,4,2,60982,2340,0,2007,DIVISION ST,1E+20,0,32412274,117050558,1,1
6,71,1,5,9,38,4,25,0,1,1,1,0,12,1,1,1,2,2,70,1,1,2,1,0,0,0,1,7,0,0,99,99,99,99,99,99,0,0,0,0,2,6,0,60983,0,829,2007,I-15,1E+20,0,34541880,116515960,4,7
6,71,1,20,18,27,2,2,0,0,6,4,0,12,5,3,1,9,9,35,9,9,9,1,20,3,1,3,1,0,0,99,99,99,99,99,99,0,0,0,0,1,7,1,60984,0,0,2007,VERNON AVE,HOWARD ST,0,34030806,117410624,2,1
6,37,2,9,3,30,1,1,0,0,13,6,0,29,0,3,4,9,9,35,1,1,2,1,0,0,0,3,1,0,0,99,99,99,99,99,99,0,0,0,0,1,6,0,60985,1980,0,2007,LA BREA AV,VENICE BLVD,0,34024504,118204340,1,1
6,37,2,22,10,40,5,7,0,1,13,6,0,12,1,1,1,1,5,45,1,1,2,1,0,0,1,1,1,0,0,99,99,99,99,99,99,0,0,0,0,2,5,0,60986,1980,0,2007,ANAHEIM ST,1E+20,0,33465753,118122771,5,1
6,47,2,24,18,27,3,4,0,1,2,3,0,12,2,1,1,1,2,65,1,1,2,1,0,0,0,2,1,0,0,99,99,99,99,99,99,0,0,0,0,1,7,1,60987,0,252,2007,SR-99,1E+20,0,37213974,120390183,3,1
6,37,2,26,18,45,1,2,1,0,14,6,0,8,0,3,1,9,9,35,1,1,2,1,0,0,0,3,1,0,0,99,99,99,99,0,0,0,0,0,0,1,2,0,60988,2700,0,2007,FAIR OAKS AVE,CORSON ST,0,34090356,118090155,1,1
6,59,3,15,23,20,2,5,1,1,11,1,0,12,1,1,1,3,6,65,1,1,2,1,0,0,0,2,1,0,0,99,99,99,99,99,99,0,14,19,0,2,5,1,60989,1782,185,2007,I-5,1E+20,0,33364422,117421817,2,1
6,81,3,16,1,59,1,4,0,0,14,6,0,42,0,1,4,1,2,30,1,1,2,1,0,0,5,2,1,0,0,99,99,99,99,99,99,0,0,0,0,1,6,2,60990,180,0,2007,MIDDLEFIELD RD,1E+20,0,37280863,122113376,1,1
6,29,3,16,10,52,3,4,0,0,15,3,0,12,5,2,1,1,4,35,1,1,2,1,3,3,0,1,1,0,0,99,99,99,99,99,99,0,0,0,0,1,6,0,60991,3840,94,2007,SR-202,TEHACHAPI BLVD,0,35075832,118271252,3,1
6,67,3,16,2,0,1,1,0,0,14,6,0,30,0,1,4,1,2,45,1,1,2,1,0,0,0,2,1,0,0,99,99,99,99,99,99,0,0,0,0,1,6,1,60992,3150,0,2007,KIEFER BLVD,1E+20,0,38324967,121230125,1,1
6,95,3,6,9,45,4,4,0,1,3,3,0,12,1,2,1,1,2,55,1,1,2,1,20,3,0,1,1,0,0,99,99,99,99,99,99,0,14,0,0,1,3,0,60993,0,227,2007,SR-12,AZEVEDO RD,0,38110029,121442979,4,1
6,105,3,16,10,0,2,5,0,1,2,3,0,12,2,1,1,1,2,55,2,2,2,1,0,0,0,1,1,0,0,99,99,99,99,99,99,0,0,0,0,2,6,0,60994,0,690,2007,SR-299,1E+20,0,40392943,122462453,2,1
6,27,3,16,18,30,1,2,0,1,2,2,0,1,0,1,1,1,2,65,1,1,2,1,0,0,0,1,1,0,0,99,99,99,99,99,99,0,0,0,0,1,6,1,60995,0,747,2007,US-395,1E+20,0,36365512,118035966,1,1
6,81,4,1,0,40,1,3,0,0,14,6,0,35,0,1,4,1,2,40,2,1,2,1,0,0,0,2,1,0,0,99,99,99,99,99,99,0,0,0,0,1,1,2,60996,4259,0,2007,PORTOLA RD,1E+20,0,37234981,122144328,1,1
6,1,4,2,5,5,2,2,0,1,11,1,0,12,5,1,1,9,9,50,9,9,9,9,99,9,1,3,1,0,0,99,99,99,99,0,0,0,0,0,0,1,2,0,60997,2480,21,2007,I-80,1E+20,0,37492325,122191342,2,1
6,65,4,3,15,50,2,4,0,0,15,6,0,12,2,1,1,1,4,50,1,1,2,1,0,0,0,1,1,0,0,99,99,99,99,99,99,0,0,0,0,1,3,0,60998,2278,0,2007,CACTUS AVE,1E+20,0,33543638,117105424,2,1
6,71,4,4,6,56,1,1,0,0,13,3,0,30,0,1,4,1,4,50,1,1,2,1,0,0,0,1,1,0,0,99,99,99,99,99,99,0,0,0,0,1,4,0,60999,3970,318,2007,SR-62,1E+20,0,34080770,116044668,1,1
6,77,4,5,8,34,3,4,0,0,13,6,0,12,5,2,1,1,4,35,1,1,2,1,3,3,0,1,1,0,0,99,99,99,99,99,99,0,0,0,0,1,5,1,61000,3770,0,2007,AIRPORT WY,FREMONT ST,0,37573738,121163172,2,1
6,37,4,5,13,45,2,1,0,0,14,6,0,12,1,1,1,9,9,35,1,1,2,1,0,0,0,1,1,0,0,99,99,99,99,99,99,0,0,0,0,1,5,0,61001,1110,0,2007,TYLER,1E+20,0,34040845,118020947,2,1
6,19,4,6,11,18,1,4,1,0,14,6,0,9,0,1,1,3,2,40,1,1,2,1,0,0,0,1,1,0,0,11,21,99,99,99,99,0,0,0,0,1,6,0,61002,1370,0,2007,FIRST ST,1E+20,0,36481395,119462064,1,1
6,71,4,8,3,0,1,1,0,0,3,3,0,35,0,1,4,1,2,55,2,2,2,2,0,0,0,2,5,0,0,99,99,99,99,0,0,0,0,0,0,1,1,1,61003,0,217,2007,SR-18,1E+20,0,34134658,117135679,1,5
6,59,4,14,3,31,2,2,1,1,11,1,0,12,1,1,1,3,6,65,1,1,1,1,0,0,0,2,1,0,0,99,99,99,99,99,99,0,19,14,0,1,7,2,61004,3420,310,2007,I-5,1E+20,0,33444645,117503381,2,1
6,83,4,27,14,15,2,2,0,0,16,6,0,12,4,1,1,1,2,45,1,1,2,1,0,0,0,1,1,0,0,99,99,99,99,0,0,0,0,0,0,1,6,1,61005,3460,0,2007,HANSON,1E+20,0,34563489,120273626,2,1
6,13,4,28,11,53,2,2,0,0,13,6,0,12,5,1,1,3,3,40,1,1,2,1,0,0,0,1,1,0,0,99,99,99,99,99,99,0,0,0,0,1,7,0,61006,4070,0,2007,TREAT BL,1E+20,0,37554771,122022774,2,1
6,71,4,28,12,5,2,2,0,0,14,6,0,12,7,1,1,1,2,50,1,1,2,1,0,0,0,1,1,0,0,99,99,99,99,99,99,0,0,0,0,1,7,0,61007,4291,0,2007,JOSHUA LN,1E+20,0,34051391,116231230,2,1
6,73,4,28,14,0,2,4,0,0,3,3,0,12,2,1,1,1,2,55,2,1,2,1,0,0,0,1,1,0,0,99,99,99,99,99,99,0,0,0,0,1,7,1,61008,0,191,2007,SR-76,1E+20,0,33202184,117080483,2,1
6,13,4,28,15,30,2,8,0,0,3,3,0,12,5,2,1,1,2,55,1,1,2,1,20,3,0,1,1,0,0,99,99,99,99,99,99,0,0,0,0,1,7,0,61009,0,440,2007,SR-4,MARSH CR,0,37534723,121382884,2,1
6,31,4,28,21,0,3,4,0,0,6,4,0,12,5,3,1,1,2,55,1,1,2,1,20,3,1,3,1,0,0,99,99,99,99,99,99,0,0,0,0,1,7,0,61010,0,0,2007,JERSEY AVE,18TH AVENUE,0,36142428,119464980,3,1
6,65,4,28,22,0,2,3,0,0,3,3,0,12,2,1,1,1,4,45,1,1,2,1,0,0,0,2,1,0,0,99,99,99,99,99,99,0,0,0,0,1,7,1,61011,0,288,2007,SR-74,1E+20,0,33443565,117101580,2,1
6,71,4,30,14,26,2,2,1,0,15,6,0,9,0,1,1,1,2,35,1,1,2,1,0,0,0,1,1,0,0,99,99,99,99,99,99,0,14,0,0,1,2,0,61012,2238,0,2007,KINGSLEY ST,1E+20,0,34040039,117421060,1,1
6,25,4,30,14,37,1,1,0,1,1,1,0,1,0,1,5,2,2,65,1,2,2,1,0,0,0,1,1,0,0,99,99,99,99,0,0,0,0,0,0,1,2,1,61013,0,70,2007,I-8,1E+20,0,32443990,114433750,1,1
6,71,4,30,17,20,1,1,0,1,12,3,0,29,0,1,4,3,2,65,1,1,1,1,0,0,0,1,1,0,0,99,99,99,99,99,99,0,0,0,0,1,2,0,61014,1605,295,2007,SR-30,1E+20,0,34072889,117120308,1,1
6,37,4,30,22,4,1,1,0,1,11,1,0,1,0,1,1,3,3,55,1,1,2,1,0,0,0,3,1,0,0,99,99,99,99,0,0,0,0,0,0,1,2,1,61015,1970,68,2007,I-710,1E+20,0,33471901,118122755,1,1
6,19,4,30,99,99,1,1,0,0,6,4,0,35,0,1,4,1,2,0,1,1,2,1,0,0,0,2,1,0,0,99,99,99,99,0,0,0,0,0,0,1,2,1,61016,0,0,2007,CALIFORNIA AQUEDUCT,1E+20,0,36231387,120201538,1,1
6,59,5,2,19,8,1,2,1,1,12,3,0,8,0,1,1,9,3,0,1,1,2,1,0,0,0,1,1,0,0,99,99,99,99,99,99,0,0,0,0,1,4,0,61017,2400,136,2007,SR-1,1E+20,0,33445487,118062093,1,1
6,65,5,2,19,18,2,2,0,0,16,6,0,12,5,1,1,1,4,50,1,1,2,1,0,0,0,3,1,0,0,99,99,99,99,99,99,0,0,0,0,1,4,1,61018,1846,0,2007,HARRISON ST,1E+20,0,33405343,116105397,2,1
6,65,5,2,20,10,1,1,0,1,11,1,0,18,0,1,3,3,3,65,1,1,2,1,0,0,0,2,1,0,1,99,99,99,99,0,0,0,0,0,0,1,4,0,61019,3070,407,2007,I-215,1E+20,0,33580024,117193771,1,1
6,67,5,2,21,10,1,2,1,0,13,4,0,8,0,1,1,1,4,35,1,1,2,1,0,0,0,2,1,0,0,99,99,99,99,99,99,0,0,0,0,1,4,0,61020,0,0,2007,HOWE AVE,1E+20,0,38364416,121245514,1,1
6,85,5,3,0,25,2,4,0,1,12,2,0,12,1,1,1,3,4,65,1,1,1,1,0,0,1,3,1,0,1,99,99,99,99,99,99,0,0,0,0,1,5,0,61021,3340,343,2007,US-101,1E+20,0,37195982,121504441,2,1
6,59,5,3,9,18,3,6,0,0,13,4,0,12,1,1,1,1,2,55,1,1,2,1,0,0,0,1,1,0,0,99,99,99,99,99,99,0,0,0,0,1,5,1,61022,0,0,2007,SANTIAGO RD,1E+20,0,33445312,117401621,3,1
6,37,5,3,12,15,2,5,0,0,13,6,0,12,5,2,1,3,4,40,1,1,2,1,0,0,0,1,1,0,0,99,99,99,99,99,99,0,0,0,0,2,5,0,61023,1980,0,2007,BRAND BLVD,SHARP AVE,0,34161970,118271144,2,1
6,85,5,3,13,55,1,1,0,1,12,3,0,42,0,1,4,3,3,65,1,1,2,1,0,0,0,1,1,0,0,99,99,99,99,0,0,0,0,0,0,1,5,0,61024,3790,201,2007,SR-85,1E+20,0,37211902,122034302,1,1
6,37,5,3,6,39,2,2,0,1,12,3,0,12,3,1,1,3,5,65,1,1,1,1,0,0,0,4,1,0,0,99,99,99,99,0,0,0,0,0,0,1,5,1,61025,639,187,2007,SR-91,1E+20,0,33523484,118041840,2,1
6,29,5,3,19,13,1,2,1,0,14,6,0,8,0,1,1,9,9,0,1,1,2,1,0,0,2,5,1,0,0,99,99,99,99,99,99,0,0,0,0,1,5,0,61026,4080,0,2007,POSO DR,1E+20,0,35351309,119200357,1,1
6,65,5,3,20,29,1,3,1,0,14,6,0,8,0,3,1,3,2,35,1,1,2,1,2,3,0,2,1,0,0,99,99,99,99,99,99,0,0,0,0,1,5,1,61027,3070,0,2007,UNIVERSITY AVE,EUCALYPTUS AVE,0,33583201,117213476,1,1
6,67,5,3,23,20,1,2,1,0,13,4,0,8,0,1,1,3,3,35,1,2,2,2,0,0,0,2,2,0,0,99,99,99,99,0,0,0,0,0,0,1,5,0,61028,0,0,2007,WATT AVE,1E+20,0,38393340,121225843,1,2
6,19,5,3,21,5,1,1,0,1,2,3,0,31,0,1,4,1,2,55,1,1,2,1,0,0,0,2,1,0,0,99,99,99,99,0,0,0,0,0,0,1,5,0,61029,0,749,2007,SR-180,1E+20,0,36440066,119295135,1,1
6,107,5,4,10,44,1,2,0,1,12,3,0,24,0,1,4,3,3,70,1,1,2,1,0,0,0,1,1,0,0,99,99,99,99,99,99,0,0,0,0,1,6,0,61030,0,434,2007,SR-99,1E+20,0,36230530,119263604,1,1
6,71,5,4,17,9,1,5,0,1,1,1,0,27,0,1,4,2,2,70,1,2,2,1,0,0,0,1,1,0,0,99,99,99,99,99,99,0,0,0,0,1,6,0,61031,0,1743,2007,I-15,1E+20,0,35274582,115275018,1,1
6,37,5,4,11,52,2,1,0,1,11,1,0,33,0,1,4,3,5,65,1,1,1,1,0,0,0,1,1,0,0,99,99,99,99,0,0,0,0,0,0,1,6,1,61032,4190,148,2007,I-605,1E+20,0,34002933,118033280,1,1
6,59,5,4,13,10,3,7,0,1,11,1,0,12,1,1,1,3,5,65,1,1,2,1,0,0,0,1,1,0,0,99,99,99,99,99,99,0,0,0,0,3,6,0,61033,2199,160,2007,I-5,1E+20,0,33353522,117402016,3,1
6,25,5,6,4,45,2,3,0,0,3,3,0,12,2,1,1,1,2,65,2,1,2,1,0,0,0,2,1,0,0,99,99,99,99,0,0,0,0,0,0,1,1,1,61034,0,290,2007,SR-111,1E+20,0,33044268,115313274,2,1
6,37,5,6,6,55,1,2,0,0,4,4,0,30,0,1,4,1,2,55,2,1,2,1,40,3,0,1,1,0,0,99,99,99,99,99,99,0,0,0,0,1,1,0,61035,0,0,2007,JOHNSON RD,1E+20,0,34392987,118203808,1,1
6,73,5,6,14,15,1,2,0,0,3,3,0,34,0,1,4,1,2,55,2,2,2,1,0,0,0,1,1,0,0,99,99,99,99,99,99,0,0,0,0,1,1,1,61036,0,330,2007,SR-76,1E+20,0,33171945,116572652,1,1
6,59,5,6,1,22,2,3,0,0,16,6,0,12,1,1,1,3,2,25,1,1,2,1,0,0,0,3,1,0,0,99,99,99,99,99,99,0,0,0,0,2,1,3,61037,470,0,2007,ALONDRA BL,1E+20,0,33531744,117595660,2,1
6,99,5,6,99,99,1,1,0,0,3,3,0,1,0,1,4,1,2,55,2,1,2,1,0,0,0,1,1,0,0,99,99,99,99,0,0,0,0,0,0,1,1,0,61038,0,457,2007,SR-132,1E+20,0,37394175,120285482,1,1
6,71,5,7,2,28,2,2,0,1,1,1,0,12,1,1,1,2,5,70,1,2,2,1,0,0,0,2,1,0,0,99,99,99,99,0,0,0,0,0,0,1,2,0,61039,0,1648,2007,I-15,1E+20,0,35271958,115382854,2,1
6,107,5,7,14,40,5,6,0,1,2,3,0,12,1,1,1,1,2,55,1,1,2,1,0,0,0,1,1,0,0,99,99,99,99,0,0,0,0,0,0,2,2,1,61040,0,15,2007,SR-65,1E+20,0,35484291,119031263,5,1
6,99,5,7,20,32,1,2,1,0,13,6,0,15,0,1,1,1,4,45,1,1,2,1,0,0,0,2,1,0,0,99,99,99,99,99,99,0,0,0,0,1,2,1,61041,640,0,2007,MITCHELL RD,1E+20,0,37354628,120561952,1,1
6,107,5,8,2,30,1,1,0,0,14,6,0,40,0,1,4,1,3,50,1,1,2,1,0,0,0,3,1,0,0,99,99,99,99,0,0,0,0,0,0,1,3,1,61042,3920,0,2007,HILLMAN ST,1E+20,0,36134156,119195182,1,1
6,99,5,8,14,5,1,6,0,0,4,4,0,10,0,6,1,1,2,55,1,1,2,1,70,3,0,1,1,0,0,99,99,99,99,0,0,0,0,0,0,6,3,0,61043,0,0,2007,CLARIBEL RD,1E+20,028755B,37423925,120554600,1,1
6,37,5,8,15,33,2,5,0,0,13,3,0,12,5,1,1,1,4,50,1,1,2,1,0,0,0,1,1,0,0,99,99,99,99,99,99,0,0,0,0,1,3,0,61044,2054,560,2007,SR-1,1E+20,0,34012415,118495567,2,1
6,65,5,10,3,38,1,1,0,1,12,3,0,38,0,1,3,2,6,65,1,1,2,1,0,0,0,3,1,0,0,99,99,99,99,0,0,0,0,0,0,1,5,1,61045,3070,124,2007,SR-91,1E+20,0,33540731,117275851,1,1
6,79,5,10,15,50,2,2,0,0,4,3,0,12,2,1,1,1,2,55,2,2,2,1,0,0,0,1,1,0,0,99,99,99,99,0,0,0,0,0,0,1,5,1,61046,0,207,2007,SR-41,1E+20,0,35303299,120373703,2,1
6,99,5,10,17,10,1,1,0,0,15,4,0,33,0,1,4,1,2,35,1,1,2,1,0,0,0,1,1,0,0,99,99,99,99,99,99,0,0,0,0,1,5,1,61047,0,0,2007,WOODLAND AVE,1E+20,0,37391154,121013352,1,1
6,29,5,11,21,0,1,2,1,0,15,6,0,15,0,1,1,1,2,40,1,9,9,1,0,0,2,2,1,0,0,99,99,99,99,99,99,0,0,0,0,1,6,0,61048,240,0,2007,REAL RD,1E+20,0,35200356,119023641,1,1
6,73,5,11,21,30,1,2,0,0,13,6,0,35,0,1,4,1,2,45,2,1,2,1,40,3,0,2,1,0,0,99,99,99,99,99,99,0,0,0,0,2,6,0,61049,3260,0,2007,TOREY PINES RD,1E+20,0,32513625,117144645,1,1
6,37,1,27,2,54,10,15,0,1,12,3,0,12,1,1,1,3,4,65,1,1,1,1,0,0,1,2,1,0,0,99,99,99,99,99,99,0,19,0,0,1,7,1,61050,1870,462,2007,SR-210,1E+20,0,34071176,117474202,10,1
6,37,3,4,0,20,3,5,1,1,11,1,0,8,0,1,1,3,7,65,1,1,1,1,0,0,0,3,1,0,0,99,99,99,99,0,0,0,19,0,0,1,1,1,61051,1980,81,2007,I-105,1E+20,0,33553960,118160745,3,1
6,111,3,5,18,34,2,2,0,1,2,2,0,12,5,2,1,3,2,65,1,1,2,1,20,3,0,2,1,0,0,99,99,99,99,99,99,0,0,0,0,1,2,0,61052,0,415,2007,US-101,LA CONCHITA RD,0,34110435,118553299,2,1
6,47,3,8,5,45,4,3,0,1,2,3,0,14,1,1,2,2,2,65,1,1,2,1,0,0,0,2,1,0,0,99,99,99,99,0,0,0,0,0,0,1,5,0,61053,0,105,2007,SR-152,1E+20,0,37032408,120580686,3,1
6,71,3,10,1,51,2,3,0,0,15,6,0,14,1,1,4,5,4,50,2,1,2,1,40,3,0,2,1,0,0,99,99,99,99,99,99,0,0,0,0,1,7,2,61054,3210,0,2007,3RD ST,1E+20,0,34062387,117144048,1,1