STATE,COUNTY,MONTH,DAY,HOUR,MINUTE,VE_TOTAL,PERSONS,PEDS,NHS,ROAD_FNC,ROUTE,SP_JUR,HARM_EV,MAN_COLL,REL_JUNC,REL_ROAD,TRAF_FLO,NO_LANES,SP_LIMIT,ALIGNMNT,PROFILE,PAVE_TYP,SUR_COND,TRA_CONT,T_CONT_F,HIT_RUN,LGT_COND,WEATHER1,WEATHER2,C_M_ZONE,NOT_HOUR,NOT_MIN,ARR_HOUR,ARR_MIN,HOSP_HR,HOSP_MN,SCH_BUS,CF1,CF2,CF3,FATALS,DAY_WEEK,DRUNK_DR,ST_CASE,CITY,MILEPT,YEAR,TWAY_ID,TWAY_ID2,RAIL,LATITUDE,LONGITUD,VE_FORMS,WEATHER
6,113,3,11,13,13,2,3,0,0,3,3,0,1,0,1,1,1,2,55,1,1,2,1,0,0,1,1,1,0,0,99,99,99,99,0,0,0,0,0,0,1,1,0,61055,0,33,2007,SR-128,1E+20,0,38304137,122002821,2,1
6,37,3,13,7,35,1,3,2,0,13,6,0,8,0,3,1,5,4,35,1,1,2,1,0,0,0,1,1,0,0,99,99,99,99,99,99,0,0,0,0,1,3,0,61056,1980,0,2007,SLAUSON AVE,11TH ST,0,33592036,118194584,1,1
6,37,3,15,21,49,1,2,1,0,16,6,0,15,0,3,1,1,2,25,1,1,2,1,0,0,2,3,1,0,0,21,99,21,52,99,99,0,0,0,0,1,5,1,61057,3690,0,2007,BRANYON AVE,KENDALL AVE,0,33570067,118104942,1,1
6,37,3,16,13,25,2,3,0,0,15,6,0,12,2,1,1,1,2,25,1,1,2,1,0,0,0,1,1,0,0,99,99,99,99,99,99,0,0,0,0,1,6,0,61058,1980,0,2007,SHENANDOAH ST,1E+20,0,34032321,118225332,2,1
6,83,3,16,99,99,1,1,0,0,3,3,0,42,0,1,4,1,2,55,2,2,2,1,0,0,0,2,1,0,0,99,99,99,99,0,0,0,0,0,0,1,6,0,61059,0,170,2007,SR-154,1E+20,0,34342129,119573743,1,1
6,77,3,17,21,10,2,6,0,1,3,3,0,12,2,1,1,1,2,55,1,1,2,1,0,0,0,2,1,0,0,99,99,99,99,99,99,0,0,0,0,2,7,2,61060,0,16,2007,SR-12,1E+20,0,38081712,121100884,2,1
6,13,3,22,16,15,7,10,0,0,15,6,0,12,1,3,1,1,2,25,1,2,2,1,3,3,0,1,1,0,0,99,99,99,99,99,99,0,0,0,0,1,5,0,61061,1779,0,2007,STANLEY BLVD,PLEASANT HILL RD,0,37540903,122054984,7,1
6,87,3,23,14,57,1,1,0,0,6,4,0,35,0,1,4,1,2,25,2,2,2,1,40,3,0,1,1,0,0,99,99,99,99,99,99,0,0,0,0,1,6,0,61062,0,0,2007,VIEW RD,1E+20,0,37020164,122035526,1,1
6,75,3,24,20,50,1,2,1,0,13,6,0,8,0,3,1,1,4,25,1,1,2,2,3,3,0,3,2,0,0,99,99,99,99,99,99,0,0,0,0,1,7,0,61063,3290,0,2007,MARKET ST,5TH ST,0,37470249,122242898,1,2
6,29,3,25,12,40,2,2,0,0,4,6,0,12,5,1,1,1,2,45,2,1,2,1,0,0,0,1,1,0,0,99,99,99,99,99,99,0,0,0,0,1,1,0,61064,0,0,2007,BURLANDO RD,1E+20,0,35423595,118263530,2,1
6,37,3,29,9,35,1,2,1,0,14,6,0,8,0,3,1,1,4,25,1,1,2,1,2,3,0,1,1,0,0,99,99,99,99,99,99,0,0,0,0,1,5,0,61065,1980,0,2007,NATIONAL BLVD,BUTLER AVE,0,34012979,118260273,1,1
6,71,3,29,20,39,1,1,0,0,16,6,0,1,0,1,1,1,2,55,1,2,2,1,0,0,0,2,1,0,1,99,99,99,99,99,99,0,6,0,0,1,5,0,61066,1603,0,2007,MUSCATEL ST,1E+20,0,34244364,117220050,1,1
6,65,4,15,14,15,2,6,0,0,3,4,0,12,2,1,1,1,2,55,1,1,2,2,0,0,0,1,2,0,0,99,99,99,99,99,99,0,0,0,0,3,1,0,61067,0,0,2007,RAMONA EXPY,1E+20,0,33472011,116564510,2,2
6,45,4,17,16,30,1,1,0,0,6,4,0,35,0,1,4,1,2,99,2,2,5,1,0,0,0,1,1,0,0,99,99,99,99,99,99,0,0,0,0,1,3,1,61068,0,0,2007,MIDDLE RD,1E+20,0,39290274,123254638,1,1
6,37,4,18,7,36,2,2,0,0,13,6,0,12,5,2,1,3,2,40,2,1,2,1,3,3,0,1,1,0,0,99,99,99,99,99,99,0,0,0,0,1,4,0,61069,120,0,2007,LIVE OAK,LAS TUNAS,0,34062687,118015685,2,1
6,29,4,19,6,0,1,1,0,0,13,6,0,42,0,1,4,3,2,60,1,1,2,1,0,0,0,4,1,0,0,99,99,99,99,0,0,0,0,0,0,1,5,1,61070,3600,0,2007,LERDO HWY,1E+20,0,35295901,119145524,1,1
6,71,4,19,6,42,3,3,0,0,14,6,0,12,7,1,1,5,4,40,1,1,2,1,3,3,1,1,1,0,0,99,99,99,99,99,99,0,0,0,0,1,5,0,61071,3210,0,2007,BASELINE ST,1E+20,0,34071677,117195133,3,1
6,65,4,23,0,43,1,1,0,0,16,6,0,43,0,1,4,1,2,45,1,1,2,1,0,0,0,3,1,0,0,99,99,99,99,0,0,0,0,0,0,1,2,1,61072,1690,0,2007,AVENUE 44,1E+20,0,33434607,116121913,1,1
6,71,4,24,6,10,1,1,0,1,1,1,0,17,0,1,4,3,2,70,2,2,2,1,0,0,0,4,1,0,0,99,99,99,99,0,0,0,0,0,0,1,3,0,61073,0,791,2007,I-15,1E+20,0,34541137,116560547,1,1
6,45,4,28,99,99,1,1,0,0,15,4,0,24,0,1,4,1,2,55,1,1,2,1,0,0,0,2,1,0,0,99,99,99,99,0,0,0,0,0,0,1,7,1,61074,0,0,2007,REDEMEYER RD,1E+20,0,39101242,123111182,1,1
6,37,4,29,2,55,1,1,0,1,12,3,0,33,0,1,4,3,3,65,1,1,2,1,0,0,0,3,1,0,0,99,99,99,99,0,0,0,0,0,0,1,1,1,61075,2645,635,2007,SR-14,1E+20,0,34373905,118091088,1,1
6,65,4,29,14,12,1,3,0,0,6,4,0,35,0,1,4,1,2,55,2,1,2,1,0,0,0,1,1,0,0,99,99,99,99,99,99,0,0,0,0,2,1,1,61076,0,0,2007,WHITEWATER CANYON RD,1E+20,0,33563287,116383036,1,1
6,41,4,29,16,20,3,6,0,0,4,4,0,12,7,1,1,1,2,45,1,2,2,1,0,0,0,1,1,0,0,99,99,99,99,99,99,0,0,0,0,1,1,0,61077,0,0,2007,TOMALES PETALUMA RD,1E+20,0,38151315,122510795,3,1
6,107,4,29,19,45,1,2,1,0,14,6,0,8,0,3,1,1,4,35,1,1,2,1,0,0,0,5,1,0,0,99,99,99,99,99,99,0,0,0,0,1,1,0,61078,2880,0,2007,JAYE ST,CENTER AVE,0,36033445,119013441,1,1
6,19,4,29,19,54,1,2,0,0,5,4,0,1,0,1,1,1,2,55,1,1,2,1,0,0,0,2,1,0,0,99,99,99,99,99,99,0,0,0,0,2,1,1,61079,0,0,2007,CLOVIS AVE,1E+20,0,36272859,119422940,1,1
6,37,4,29,22,20,1,1,0,0,13,6,0,1,0,1,1,1,6,35,1,1,2,1,0,0,0,3,1,0,0,99,99,99,99,99,99,0,0,0,0,1,1,0,61080,1980,0,2007,IMPERIAL HWY,1E+20,0,33555155,118170552,1,1
6,37,4,30,1,32,1,1,0,0,14,6,0,31,0,1,4,5,4,35,1,1,2,1,0,0,0,3,1,0,0,99,99,99,99,0,0,0,0,0,0,1,2,1,61081,1550,0,2007,VAN NESS AVE,1E+20,0,33552541,118190385,1,1
6,37,4,30,1,35,1,1,0,0,14,6,0,33,0,1,4,1,2,25,1,1,2,1,0,0,0,3,1,0,0,99,99,99,99,99,99,0,0,0,0,1,2,1,61082,1980,0,2007,TUJUNGA AVE,1E+20,0,34090287,118224433,1,1
6,77,4,30,7,27,2,4,0,0,4,4,0,1,0,2,1,1,2,35,1,1,2,1,0,0,0,1,1,0,0,99,99,99,99,0,0,0,0,0,0,1,2,0,61083,0,0,2007,LOWER SAC RD,COLLIER RD,0,38130558,121172659,2,1
6,83,4,30,9,9,1,2,1,0,13,6,0,9,0,3,1,1,4,35,1,1,2,1,2,3,0,1,1,0,0,99,99,99,99,99,99,0,16,0,0,1,2,0,61084,3460,89,2007,SR-166,BRADLEY RD,0,34571063,120250509,1,1
6,37,4,30,12,25,4,7,0,1,11,1,0,25,0,1,4,3,4,65,1,1,1,1,0,0,0,1,1,0,0,99,99,99,99,99,99,0,14,0,0,2,2,0,61085,3690,188,2007,I-710,1E+20,0,34000937,118102533,4,1
6,27,4,30,12,50,1,1,0,1,2,2,0,43,0,1,4,1,2,65,1,1,2,1,0,0,0,1,1,0,0,99,99,99,99,0,0,0,0,0,0,1,2,0,61086,0,866,2007,US-395,1E+20,0,36590586,118140462,1,1
6,79,4,30,13,35,1,3,0,0,16,6,0,33,0,3,4,1,2,55,1,1,2,1,20,3,0,1,1,0,0,99,99,99,99,99,99,0,0,0,0,2,2,0,61087,170,0,2007,BARRANCO RD,BARRANCO HEIGHTS,0,35275488,120412959,1,1
6,65,5,2,2,20,1,2,0,0,2,3,0,33,0,1,4,3,2,65,1,1,2,1,0,0,0,2,1,0,0,99,99,99,99,0,0,0,0,0,0,2,4,1,61088,2278,216,2007,SR-60,1E+20,0,33561947,117080896,1,1
6,71,5,1,18,15,2,6,0,0,14,6,0,12,5,2,1,5,4,40,1,1,2,1,20,3,0,1,1,0,0,99,99,99,99,99,99,0,0,0,0,1,3,0,61089,2550,0,2007,GROVE AVE,FIFTH ST,0,34045268,117374271,2,1
6,111,5,2,8,52,2,4,0,1,2,3,0,12,2,1,1,1,4,55,1,1,2,1,0,0,0,1,1,0,0,99,99,99,99,99,99,0,0,0,0,1,4,0,61090,0,274,2007,SR-126,1E+20,0,34240272,118483550,2,1
6,75,5,5,1,22,1,2,1,1,11,1,0,8,0,1,1,3,2,65,2,1,1,1,0,0,2,3,1,0,0,99,99,99,99,0,0,0,0,0,0,1,7,0,61091,3290,70,2007,I-280,1E+20,0,37455845,122233993,1,1
6,29,5,5,3,18,2,2,0,0,13,6,0,12,5,2,1,1,6,45,1,1,1,2,3,3,1,3,1,0,1,99,99,99,99,0,0,0,0,0,0,1,7,1,61092,240,0,2007,MING AVE,NEW STINE RD,0,35201778,119033899,2,1
6,65,5,5,4,45,1,1,0,1,11,1,0,24,0,1,4,3,3,65,1,2,2,1,0,0,0,2,1,0,0,99,99,99,99,0,0,0,0,0,0,1,7,1,61093,3070,403,2007,I-215,1E+20,0,33574475,117191910,1,1
6,31,5,5,12,30,1,1,0,0,4,3,0,35,0,1,4,1,2,55,2,2,2,1,0,0,0,1,1,0,0,99,99,99,99,99,99,0,0,0,0,1,7,0,61094,0,35,2007,SR-33,1E+20,0,35492553,120002816,1,1
6,73,5,5,16,40,1,2,1,1,1,1,0,8,0,1,1,3,4,55,1,1,1,1,0,0,0,1,1,0,0,99,99,99,99,0,0,0,0,0,0,1,7,0,61095,0,595,2007,I-5,1E+20,0,32383641,117060446,1,1
6,99,5,5,17,18,1,1,0,0,3,3,0,38,0,1,4,1,2,55,2,1,2,1,40,3,0,1,1,0,0,99,99,99,99,99,99,0,0,0,0,1,7,1,61096,0,328,2007,SR-132,1E+20,0,37384769,120403716,1,1
6,37,5,5,21,45,2,5,0,0,15,6,0,1,0,1,1,1,4,35,1,1,2,1,0,0,0,3,1,0,0,99,99,99,99,99,99,0,0,0,0,1,7,0,61097,1980,0,2007,SAN FERNANDO RD,1E+20,0,34162751,118255082,2,1
6,71,5,5,23,44,1,2,0,1,1,1,0,35,0,1,3,2,3,70,2,2,2,1,0,0,0,2,1,0,0,99,99,99,99,99,99,0,0,0,0,1,7,0,61098,0,1485,2007,I-15,1E+20,0,35220886,115543272,1,1
6,13,5,6,2,22,1,4,0,0,16,6,0,42,0,1,4,1,2,25,2,1,2,1,0,0,3,3,1,0,0,99,99,99,99,99,99,0,0,0,0,1,1,0,61099,3010,0,2007,HARTNETT AVE,1E+20,0,37550155,122193296,1,1
6,65,5,6,3,50,2,5,0,1,11,1,0,25,0,1,4,3,3,65,1,1,2,1,0,0,0,3,1,0,0,99,99,99,99,99,99,0,0,0,0,3,1,1,61100,3070,386,2007,I-215,1E+20,0,33564574,117174802,2,1
6,111,5,6,4,27,1,3,0,0,13,6,0,33,0,1,4,3,2,50,1,1,2,1,0,0,0,3,1,0,0,99,99,99,99,99,99,0,0,0,0,1,1,3,61101,2620,0,2007,RICE AVE,1E+20,0,34125118,119083185,1,1
6,5,5,8,17,10,2,5,0,0,3,3,0,12,4,1,1,1,2,55,1,1,2,1,0,0,0,1,1,0,0,99,99,99,99,99,99,0,0,0,0,1,3,0,61102,0,110,2007,SR-88,1E+20,0,38205768,120505035,2,1
6,77,5,8,21,35,2,4,0,0,14,6,0,12,5,2,1,1,3,50,1,1,2,1,20,3,1,3,1,0,0,99,99,99,99,99,99,0,0,0,0,2,3,3,61103,1865,0,2007,HARLAN RD,SLATE ST,0,37502787,121170592,2,1
6,37,5,9,4,35,1,2,1,1,11,1,0,8,0,1,1,3,4,55,2,1,1,1,0,0,0,3,1,0,0,99,99,99,99,99,99,0,0,0,0,1,4,1,61104,1970,92,2007,I-710,1E+20,0,33492744,118122557,1,1
6,111,5,9,15,16,1,1,0,0,15,6,0,33,0,1,4,1,2,35,1,1,2,1,0,0,0,1,1,0,0,99,99,99,99,99,99,0,0,0,0,1,4,1,61105,2270,0,2007,WALNUT CREEK RD,1E+20,0,34154300,118532078,1,1
6,99,5,9,16,47,2,3,0,0,3,4,0,12,2,1,1,1,2,55,1,1,2,1,0,0,0,1,1,0,0,99,99,99,99,99,99,0,0,0,0,1,4,0,61106,0,0,2007,ALBERS RD,1E+20,0,37383160,120505187,2,1
6,59,5,9,21,55,1,1,0,1,12,3,0,27,0,1,6,3,5,65,1,1,2,1,0,0,0,3,1,0,0,99,99,99,99,0,0,0,0,0,0,1,4,1,61107,2560,162,2007,SR-55,1E+20,0,33492788,117495584,1,1
6,37,5,9,22,15,1,2,1,0,13,6,0,8,0,1,1,1,4,35,1,1,2,1,0,0,0,3,1,0,0,99,99,99,99,99,99,0,0,0,0,1,4,0,61108,1980,0,2007,OVERLAND AVE,1E+20,0,34014064,118245076,1,1
6,73,5,10,20,0,2,2,0,1,11,1,0,12,7,1,1,3,4,65,1,1,1,1,0,0,0,5,1,0,0,99,99,99,99,0,0,0,0,0,0,1,5,1,61109,560,450,2007,I-5,1E+20,0,33013797,117163173,2,1
6,73,5,11,8,3,2,2,0,0,4,4,0,12,2,1,1,1,2,45,2,2,2,1,0,0,0,1,1,0,0,99,99,99,99,0,0,0,0,0,0,1,6,0,61110,0,0,2007,GOPHER CANYON RD,1E+20,0,33152403,117125075,2,1
6,1,5,11,12,10,1,1,0,0,14,4,0,38,0,1,1,1,2,55,2,1,2,1,0,0,0,1,1,0,0,99,99,99,99,0,0,0,0,0,0,1,6,1,61111,0,0,2007,DUBLIN CANYON RD,1E+20,0,37415073,121561452,1,1
6,67,5,11,13,40,1,1,0,0,5,4,0,27,0,1,4,1,2,55,2,1,2,1,40,3,0,1,1,0,0,99,99,99,99,0,0,0,0,0,0,1,6,1,61112,0,0,2007,ISLETON RD,1E+20,0,38104014,121351895,1,1
6,29,5,11,14,6,1,1,0,0,13,6,0,33,0,1,4,3,3,55,1,1,2,1,0,0,0,1,1,0,0,99,99,99,99,99,99,0,0,0,0,1,6,0,61113,240,0,2007,stockdale hwy,1E+20,0,35205837,119074561,1,1
6,65,5,11,19,0,1,2,1,0,6,4,0,8,0,1,1,1,2,25,1,1,2,1,0,0,0,1,1,0,0,99,99,99,99,99,99,0,0,0,0,1,6,0,61114,0,0,2007,AS PENWOOD WAY,1E+20,0,33400063,117101029,1,1
6,59,5,11,21,45,1,1,0,0,13,6,0,1,0,1,1,1,6,40,1,1,2,1,0,0,0,3,1,0,0,99,99,99,99,99,99,0,0,0,0,1,6,0,61115,80,0,2007,BROOKHURST ST,1E+20,0,33502724,117573230,1,1
6,37,5,11,22,17,2,6,0,0,14,4,0,12,5,2,1,1,4,25,1,1,2,1,2,3,0,3,1,0,0,99,99,99,99,99,99,0,0,0,0,1,6,1,61116,0,0,2007,120TH ST,COMPTON AVE,0,33552567,118144681,2,1
6,37,5,11,23,30,2,2,0,0,16,6,0,12,5,1,1,1,2,40,1,1,1,1,0,0,0,3,1,0,0,99,99,99,99,99,99,0,0,0,0,1,6,0,61117,1695,0,2007,HARRISON ST,1E+20,0,33501571,118132525,2,1
6,71,5,11,99,99,1,1,0,0,3,3,0,1,0,1,6,1,4,55,2,1,2,1,0,0,0,3,1,0,0,99,99,99,99,0,0,0,0,0,0,1,6,1,61118,0,397,2007,SR-247,1E+20,0,34263717,116513211,1,1
6,37,1,20,17,10,1,2,1,0,16,6,0,8,0,3,1,5,4,35,1,1,2,1,20,3,0,5,1,0,0,99,99,99,99,99,99,0,0,0,0,1,7,0,61119,1980,0,2007,HYPERION AVE,MONON ST,0,34062864,118161875,1,1
6,37,1,27,2,30,1,4,0,0,14,6,0,5,0,2,1,1,4,35,1,1,2,1,3,3,0,3,1,0,0,99,99,99,99,99,99,0,0,0,0,1,7,0,61120,1980,0,2007,WHITE OAK AVE,VANOWEN ST,0,34113794,118310686,1,1
6,73,1,30,17,45,3,9,0,1,1,1,0,24,0,1,3,3,4,70,1,2,1,2,0,0,0,5,1,0,0,99,99,99,99,0,0,0,0,0,0,1,3,0,61121,0,433,2007,I-15,1E+20,0,33171038,117085740,3,1
6,71,2,4,10,15,1,2,0,0,3,3,0,35,0,1,4,1,2,55,1,2,1,1,40,3,0,1,1,0,0,99,99,99,99,99,99,0,0,0,0,1,1,0,61122,0,449,2007,SR-247,1E+20,0,34462707,117005094,1,1
6,37,2,7,16,30,1,2,1,0,14,6,0,8,0,3,1,1,3,35,1,1,2,1,0,0,0,1,1,0,0,99,99,99,99,99,99,0,0,0,0,1,4,0,61123,1980,0,2007,8TH ST,LORRAINE BLVD,0,34033413,118191760,1,1
6,31,2,10,17,55,1,2,1,0,15,6,0,8,0,1,1,1,2,35,1,1,2,2,0,0,0,3,2,0,0,99,99,99,99,99,99,0,0,0,0,1,7,1,61124,830,0,2007,BAINUM AVE,1E+20,0,36052682,119333865,1,2
6,85,5,2,16,4,2,2,0,0,15,6,0,1,0,1,1,1,2,25,1,1,2,1,20,3,0,1,1,0,0,99,99,99,99,0,0,0,0,0,0,1,4,1,61125,3340,0,2007,SAN IGNACIO AVE,1E+20,0,37134850,121472541,2,1
6,85,5,9,23,0,2,3,0,0,14,6,0,12,5,2,1,1,2,35,1,1,2,1,3,3,0,3,1,0,0,99,99,99,99,99,99,0,0,0,0,1,4,2,61126,3340,0,2007,LUNDY AVE,TRADEZONE,0,37241173,121532586,2,1
6,13,2,14,13,58,2,2,0,1,12,6,0,12,2,1,1,1,2,35,1,1,2,1,0,0,0,1,1,0,0,99,99,99,99,99,99,0,0,0,0,1,4,0,61127,110,268,2007,SR-4,L ST,0,37595919,121491678,2,1
6,37,2,17,11,15,1,4,0,1,11,1,0,27,0,1,4,3,5,65,1,1,1,1,0,0,0,1,1,0,0,99,99,99,99,99,99,0,0,0,0,1,7,0,61128,1970,40,2007,I-405,1E+20,0,33482618,118091145,1,1
6,71,2,21,22,29,2,2,0,0,16,6,0,12,5,1,1,2,3,50,1,2,2,1,0,0,0,3,1,0,0,99,99,99,99,99,99,0,0,0,0,1,4,0,61129,2922,0,2007,DAY CREEK BLVD,1E+20,0,34080217,117321187,2,1
6,39,2,23,21,42,1,2,1,0,16,6,0,8,0,1,1,1,2,35,1,1,2,1,0,0,0,3,1,0,0,99,99,99,99,99,99,0,16,0,0,1,6,1,61130,2050,0,2007,H ST,1E+20,0,36574657,120035671,1,1
6,37,2,24,11,0,3,6,0,0,12,3,0,12,1,1,1,2,3,65,1,1,2,1,3,3,0,1,1,0,0,99,99,99,99,99,99,0,0,0,0,1,7,0,61131,1980,60,2007,SR-91,1E+20,0,33522238,118172653,3,1
6,37,2,26,16,15,1,2,0,0,13,6,0,46,0,3,4,1,2,35,1,9,9,1,3,3,0,1,1,0,0,99,99,99,99,99,99,0,0,0,0,1,2,0,61132,1980,0,2007,SAN FERNANDO RD,TREADWELL,0,34070990,118150124,1,1
6,37,3,5,12,10,1,1,0,0,14,4,0,33,0,1,4,5,4,35,1,1,2,1,0,0,0,1,1,0,0,99,99,99,99,99,99,0,0,0,0,1,2,0,61133,0,0,2007,NORMANDIE AVE,1E+20,0,33480328,118175309,1,1
6,37,2,24,23,16,1,2,0,0,13,6,0,42,0,1,4,1,4,45,1,1,2,1,0,0,0,2,1,0,0,99,99,99,99,99,99,0,0,0,0,1,7,1,61134,120,0,2007,COLORADO ST,1E+20,0,34085353,118035655,1,1
6,17,3,17,22,15,1,2,0,0,3,3,0,1,0,1,4,1,2,55,2,2,2,1,0,0,0,2,1,0,0,99,99,99,99,99,99,0,0,0,0,1,7,1,61135,0,352,2007,SR-49,1E+20,0,38533993,121005730,1,1
6,7,4,29,1,40,1,2,1,0,15,4,0,8,0,1,1,1,2,55,1,1,2,1,0,0,2,2,1,0,0,99,99,99,99,0,0,0,0,0,0,1,1,0,61136,0,0,2007,PALERMO-HONCUT HWY,1E+20,0,39221400,121322309,1,1
6,19,4,29,17,0,2,3,0,1,12,3,0,12,1,1,1,3,3,65,1,1,1,1,0,0,0,1,1,0,0,99,99,99,99,99,99,0,0,0,0,1,1,1,61137,1370,220,2007,SR-99,1E+20,0,36442847,119485808,2,1
6,9,5,1,15,27,2,4,0,0,3,3,0,12,1,2,1,1,2,55,1,1,2,1,0,0,0,1,1,0,0,99,99,99,99,99,99,0,0,0,0,1,3,2,61138,0,285,2007,SR-49,CENTER ST,0,38175046,120431009,2,1
6,73,5,5,18,50,1,5,0,1,11,1,0,1,0,1,1,3,4,65,1,1,1,1,0,0,0,1,1,0,0,99,99,99,99,99,99,0,0,0,0,1,7,1,61139,1200,331,2007,I-15,1E+20,0,33090258,117061479,1,1
6,67,3,26,15,49,2,6,0,0,15,6,0,12,2,1,1,1,2,30,1,1,2,2,0,0,0,1,1,0,0,99,99,99,99,99,99,0,0,0,0,4,2,1,61140,3150,0,2007,LAND PARK DR,1E+20,0,38310970,121304481,2,1
6,37,5,2,19,7,1,2,1,0,14,6,0,8,0,3,1,1,2,30,1,1,2,1,0,0,0,1,1,0,0,99,99,99,99,99,99,0,0,0,0,1,4,0,61141,3470,0,2007,4TH ST,IDAHO AVE,0,34012348,118301105,1,1
6,71,5,12,0,37,1,3,0,1,13,3,0,30,0,1,4,2,2,50,2,1,2,1,3,3,0,2,1,0,0,99,99,99,99,99,99,0,0,0,0,1,7,0,61142,4291,135,2007,SR-62,1E+20,0,34074335,116234273,1,1
6,25,5,13,5,37,1,5,0,1,1,1,0,1,0,1,3,2,4,70,1,1,2,1,0,0,0,1,1,0,0,99,99,99,99,99,99,0,0,0,0,2,1,1,61143,0,584,2007,I-8,1E+20,0,32462534,115332199,1,1
6,73,5,16,23,15,1,1,0,0,14,6,0,42,0,1,3,2,2,50,2,1,2,1,0,0,0,3,1,0,0,99,99,99,99,99,99,0,0,0,0,1,4,1,61144,560,0,2007,ALGA RD,1E+20,0,33062838,117144228,1,1
6,107,5,16,23,35,1,2,0,0,5,4,0,1,0,1,6,1,2,55,1,1,2,1,0,0,0,2,1,0,0,99,99,99,99,99,99,0,0,0,0,1,4,1,61145,0,0,2007,AVENUE 232,1E+20,0,36123874,119291017,1,1
6,31,5,18,0,2,1,6,0,0,4,4,0,5,0,1,1,1,2,55,1,1,2,1,0,0,0,2,1,0,0,99,99,99,99,99,99,0,0,0,0,1,6,0,61146,0,0,2007,LACEY BLVD,1E+20,0,36194016,119505458,1,1
6,37,5,18,22,16,1,3,0,1,12,3,0,33,0,15,4,3,5,65,2,2,2,1,28,3,0,3,1,0,0,99,99,99,99,99,99,0,0,0,0,1,6,0,61147,1980,156,2007,SR-170,1E+20,0,34100357,118230242,1,1
6,67,5,18,23,45,1,4,0,0,16,6,0,5,0,1,1,1,2,25,1,1,2,1,0,0,0,2,1,0,0,99,99,99,99,99,99,0,0,0,0,1,6,0,61148,3150,0,2007,LOS ROBLES,1E+20,0,38374873,121262046,1,1
6,15,5,17,7,11,1,1,0,0,4,3,0,24,0,1,4,1,2,55,2,1,2,1,0,0,0,1,1,0,0,99,99,99,99,0,0,0,0,0,0,1,5,0,61149,0,61,2007,SR-197,1E+20,0,41521614,124072359,1,1
6,95,5,19,4,30,1,1,0,1,11,1,0,32,0,15,6,2,2,65,2,2,2,1,28,3,0,2,1,0,0,99,99,99,99,0,0,0,0,0,0,1,7,1,61150,0,9,2007,I-680,1E+20,0,38025983,122075206,1,1
6,59,5,19,5,3,1,2,0,0,13,6,0,33,0,1,3,2,3,45,1,1,2,2,0,0,0,3,1,0,0,99,99,99,99,99,99,0,0,0,0,1,7,2,61151,1660,0,2007,WARNER AVE,1E+20,0,33425565,118015762,1,1
6,73,5,19,12,0,1,1,0,0,15,6,0,1,0,3,6,1,2,55,2,2,2,5,0,0,0,1,1,0,0,99,98,99,98,0,0,0,0,0,0,1,7,0,61152,1200,0,2007,LAKE WOHLFORD RD,LAKE WOHLFORD CT,0,33094535,117013500,1,1
6,37,5,20,0,25,1,6,0,1,11,1,0,33,0,1,4,3,3,65,1,1,2,1,0,0,3,2,1,0,0,99,99,99,99,99,99,0,0,0,0,1,1,2,61153,0,251,2007,I-710,1E+20,0,34023250,118101263,1,1
6,37,5,20,5,25,1,1,0,1,11,1,0,33,0,1,8,3,4,65,2,1,2,1,0,0,0,4,1,0,0,99,99,99,99,0,0,0,0,0,0,1,1,0,61154,1980,364,2007,I-5,1E+20,0,34140009,118243762,1,1
6,25,5,20,7,35,1,3,0,0,3,3,0,1,0,1,2,1,2,65,1,1,2,1,0,0,0,1,1,0,0,99,99,99,99,99,99,0,0,0,0,1,1,0,61155,0,561,2007,SR-111,1E+20,0,33221812,115424705,1,1
6,19,5,20,15,14,1,2,0,1,1,1,0,1,0,1,4,2,2,70,1,1,2,1,0,0,0,1,1,0,0,99,99,99,99,99,99,0,0,0,0,1,1,0,61156,0,59,2007,I-5,1E+20,0,36083381,120094722,1,1
6,99,5,20,23,59,1,1,0,0,16,6,0,30,0,1,2,1,2,45,1,1,2,1,0,0,0,2,1,0,0,23,59,0,4,0,38,0,0,0,0,1,1,1,61157,2200,0,2007,BANGS RD,1E+20,0,37421453,121024604,1,1
6,73,5,21,17,50,1,1,0,0,14,6,0,5,0,3,1,2,2,45,2,2,2,1,3,3,0,1,1,0,0,99,99,99,99,0,0,0,0,0,0,1,2,0,61158,3260,0,2007,CALLE CRISTOBAL,AVENIDA DEL GATO,0,32555312,117085813,1,1
6,71,5,19,22,25,1,1,0,1,11,1,0,38,0,1,4,3,2,65,1,1,2,1,0,0,0,2,1,0,0,99,99,99,99,0,0,0,0,0,0,1,7,1,61159,0,132,2007,I-215,1E+20,0,34102764,117203116,1,1