STATE,COUNTY,MONTH,DAY,HOUR,MINUTE,VE_TOTAL,PERSONS,PEDS,NHS,ROAD_FNC,ROUTE,SP_JUR,HARM_EV,MAN_COLL,REL_JUNC,REL_ROAD,TRAF_FLO,NO_LANES,SP_LIMIT,ALIGNMNT,PROFILE,PAVE_TYP,SUR_COND,TRA_CONT,T_CONT_F,HIT_RUN,LGT_COND,WEATHER1,WEATHER2,C_M_ZONE,NOT_HOUR,NOT_MIN,ARR_HOUR,ARR_MIN,HOSP_HR,HOSP_MN,SCH_BUS,CF1,CF2,CF3,FATALS,DAY_WEEK,DRUNK_DR,ST_CASE,CITY,MILEPT,YEAR,TWAY_ID,TWAY_ID2,RAIL,LATITUDE,LONGITUD,VE_FORMS,WEATHER
6,43,5,19,23,0,1,2,0,0,5,4,0,27,0,1,4,1,2,55,2,2,2,1,0,0,0,2,1,0,0,99,99,99,99,0,0,0,0,0,0,1,7,1,61160,0,0,2007,GREELEY HILL RD,1E+20,0,37430932,120111426,1,1
6,71,5,23,13,15,1,1,0,0,3,3,0,33,0,1,4,1,4,55,2,2,2,1,0,0,0,1,1,0,0,99,99,99,99,0,0,0,0,0,0,1,4,0,61161,0,167,2007,SR-18,1E+20,0,34134733,117164612,1,1
6,7,5,17,16,35,1,1,0,0,15,4,0,27,0,1,6,1,2,45,2,1,2,1,0,0,0,1,1,0,0,99,99,99,99,99,99,0,0,0,0,1,5,1,61162,0,0,2007,SKYWAY,1E+20,0,39424118,121462956,1,1
6,77,5,23,17,21,1,1,0,0,16,6,0,19,0,1,5,1,2,25,2,1,2,1,0,0,0,1,1,0,0,99,99,99,99,99,99,0,0,0,0,1,4,0,61163,1940,0,2007,VIN ROSE DR,1E+20,0,38065025,121171993,1,1
6,39,5,23,18,35,1,1,0,0,14,4,0,1,0,1,4,1,2,55,1,1,2,1,0,0,0,1,1,0,0,99,99,99,99,0,0,0,0,0,0,1,4,1,61164,0,0,2007,AVENUE 17,1E+20,0,36594658,120033505,1,1
6,83,3,13,17,41,1,2,1,0,16,6,0,8,0,1,1,1,2,25,1,1,2,1,0,0,0,1,1,0,0,99,99,99,99,99,99,0,0,0,0,1,3,0,61165,3655,0,2007,FJORD DR,1E+20,0,34352022,120085990,1,1
6,79,3,14,6,0,2,2,0,1,2,3,0,12,1,1,1,1,2,55,1,1,2,1,0,0,0,2,1,0,0,99,99,99,99,99,99,0,0,0,0,1,4,0,61166,0,484,2007,SR-46,1E+20,0,35440081,120172062,2,1
6,37,3,24,19,30,1,2,1,0,13,6,0,8,0,3,1,1,4,25,1,1,2,1,0,0,2,5,1,0,0,99,99,99,99,99,99,0,0,0,0,1,7,0,61167,1980,0,2007,AVALON ST,40TH PL,0,34003678,118155489,1,1
6,23,3,24,20,5,2,4,0,0,4,4,0,12,8,1,1,1,2,45,1,1,2,1,0,0,0,2,1,0,0,99,99,99,99,99,99,0,0,0,0,1,7,0,61168,0,0,2007,RIDGEWOOD DR,1E+20,0,40440385,124094096,2,1
6,65,3,24,22,10,1,1,0,0,5,4,0,38,0,1,4,1,2,55,1,1,2,1,0,0,0,2,1,0,0,99,99,99,99,0,0,0,0,0,0,1,7,1,61169,0,0,2007,TYLER ST,1E+20,0,33360675,116094997,1,1
6,73,3,24,99,99,1,1,0,0,15,4,0,42,0,1,2,1,2,55,2,1,2,1,0,0,0,2,5,0,0,99,99,99,99,0,0,0,0,0,0,1,7,1,61170,0,0,2007,OLD HWY 80,1E+20,0,32404183,116195661,1,5
6,37,3,25,3,25,1,4,0,0,14,6,0,33,0,1,4,5,6,40,1,1,9,1,28,3,0,3,1,0,0,3,27,3,43,99,99,0,0,0,0,1,1,1,61171,1980,0,2007,VCTORY BLVD,1E+20,0,34111402,118342278,1,1
6,39,3,25,3,55,2,3,0,0,3,4,0,12,5,2,1,1,2,55,1,1,2,1,20,3,0,2,1,0,0,99,99,99,99,99,99,0,0,0,0,1,1,1,61172,0,0,2007,AVENUE 12,ROAD 25,0,36552564,120053265,2,1
6,73,3,25,5,7,1,2,1,0,14,6,0,8,0,1,1,2,2,50,1,2,1,1,0,0,2,3,1,0,0,99,99,99,99,0,0,0,0,0,0,1,1,1,61173,0,0,2007,PARADISE VALLEY RD,1E+20,0,32412725,117022990,1,1
6,111,4,21,5,13,1,1,0,0,13,6,0,33,0,1,4,2,3,45,1,1,1,1,0,0,0,4,1,0,0,99,99,99,99,0,0,0,0,0,0,1,7,0,61174,2620,0,2007,GONZALES RD,1E+20,0,34130751,119083632,1,1
6,95,4,23,12,3,1,2,1,0,13,6,0,8,0,3,1,1,2,35,1,1,9,1,2,3,0,1,1,0,0,99,99,99,99,99,99,0,0,0,0,1,2,0,61175,330,0,2007,COLUMBUS PKWY,ROSE DR,0,38045223,122113176,1,1
6,37,4,24,14,57,2,3,0,1,12,2,0,12,5,1,1,3,5,65,1,1,1,1,0,0,0,1,1,0,0,99,99,99,99,99,99,0,0,0,0,1,3,0,61176,1980,235,2007,US-101,1E+20,0,34102257,118340564,2,1
6,37,4,24,15,35,1,2,1,0,14,6,0,8,0,3,1,2,2,40,1,1,9,1,1,3,0,1,1,0,0,99,99,99,99,99,99,0,0,0,0,1,3,0,61177,602,0,2007,FIGUEROA ST,228TH ST,0,33490811,118170956,1,1
6,37,4,25,20,25,1,2,1,0,13,6,0,8,0,1,1,1,3,35,1,1,9,1,0,0,2,3,1,0,0,99,99,99,99,99,99,0,0,0,0,1,4,1,61178,1980,0,2007,CRENSHAW BL,1E+20,0,34004081,118200636,1,1
6,111,4,25,21,20,1,1,0,1,12,3,0,42,0,1,4,3,2,65,1,1,1,1,0,0,0,3,1,0,0,99,99,99,99,0,0,0,0,0,0,1,4,0,61179,4027,38,2007,SR-126,1E+20,0,34164473,119102776,1,1
6,83,4,27,17,45,1,1,0,0,3,3,0,1,0,1,3,2,2,55,1,1,2,1,0,0,0,1,1,0,0,99,99,99,99,0,0,0,0,0,0,1,6,1,61180,0,218,2007,SR-246,1E+20,0,34372656,120154981,1,1
6,29,4,28,5,26,1,4,0,1,2,3,0,38,0,1,2,2,2,65,1,1,1,1,0,0,0,4,1,0,0,99,99,99,99,99,99,0,0,0,0,1,7,0,61181,0,647,2007,SR-58,1E+20,0,35200010,118491947,1,1
6,73,5,6,0,35,1,1,0,1,11,1,0,32,0,1,4,3,2,65,2,1,2,1,0,0,0,2,1,0,0,99,99,99,99,0,0,0,0,0,0,1,1,1,61182,0,192,2007,I-8,1E+20,0,32490512,116544162,1,1
6,19,5,12,1,45,1,3,0,0,15,4,0,31,0,1,4,1,2,55,1,1,2,1,0,0,0,2,1,0,0,99,99,99,99,99,99,0,0,0,0,1,7,1,61183,0,0,2007,ELM AVE,1E+20,0,36411393,119472677,1,1
6,37,5,13,7,5,1,6,5,0,13,6,0,38,0,1,4,2,3,35,1,1,2,1,29,3,0,1,1,0,0,99,99,99,99,99,99,0,0,0,0,2,1,0,61184,1980,0,2007,CENTURY BLVD,1E+20,0,33564374,118173010,1,1
6,37,5,13,17,18,2,2,0,0,16,6,0,12,5,1,1,1,2,25,1,1,2,1,0,0,1,1,1,0,0,99,99,99,99,0,0,0,0,0,0,1,1,1,61185,1550,0,2007,OXFORD AVE,1E+20,0,33552359,118204564,2,1
6,95,5,24,17,15,2,2,0,0,13,4,0,12,5,2,1,1,2,55,1,1,2,1,0,0,0,1,1,0,0,99,99,99,99,99,99,0,0,0,0,1,5,0,61186,0,0,2007,LAKE HERMAN RD,SKY VALLEY RD,0,38060166,122093941,2,1
6,13,5,23,22,40,1,2,0,0,13,6,0,33,0,1,4,2,2,45,2,1,2,1,0,0,0,3,1,0,0,99,99,99,99,99,99,0,0,0,0,1,4,0,61187,110,0,2007,LONE TREE WY,1E+20,0,37582171,121475331,1,1
6,57,5,23,20,5,1,1,0,0,3,3,0,31,0,1,4,1,2,45,2,1,2,1,0,0,0,1,1,0,0,99,99,99,99,99,99,0,0,0,0,1,4,1,61188,0,65,2007,SR-174,1E+20,0,39113979,121003656,1,1
6,19,5,23,22,6,1,2,0,0,5,4,0,31,0,1,5,1,2,55,1,1,2,1,0,0,0,2,1,0,0,99,99,99,99,99,99,0,0,0,0,1,4,0,61189,0,0,2007,FOWLER AVE,1E+20,0,36382403,119405591,1,1
6,17,5,23,23,55,1,1,0,1,2,2,0,27,0,1,4,1,4,55,1,1,2,1,0,0,0,3,1,0,0,0,0,0,0,0,0,0,0,0,0,1,4,0,61190,0,232,2007,US-50,1E+20,0,38441282,120424105,1,1
6,71,5,24,2,9,1,2,0,0,14,6,0,33,0,1,4,3,2,50,2,1,2,2,0,0,0,3,1,0,0,99,99,99,99,99,99,0,0,0,0,1,5,2,61191,1605,0,2007,GREENSPOT RD,1E+20,0,34063004,117162345,1,1
6,39,5,24,15,0,1,1,0,0,6,4,0,42,0,1,6,1,2,55,2,2,2,1,0,0,0,1,1,0,0,99,99,99,99,99,99,0,0,0,0,1,5,0,61192,0,0,2007,ROAD 274,1E+20,0,37183249,119315654,1,1
6,97,5,24,17,45,1,1,0,0,16,6,0,5,0,1,1,1,2,25,1,1,2,1,0,0,0,1,1,0,0,99,99,99,99,99,99,0,0,0,0,1,5,0,61193,3490,0,2007,PINE MEADOW DR,1E+20,0,38283313,122445065,1,1
6,71,5,25,0,5,1,1,0,0,14,6,0,27,0,1,2,1,2,45,2,1,2,1,0,0,0,3,1,0,0,99,98,99,98,0,0,0,0,0,0,1,6,1,61194,4291,0,2007,PALOMAR AVE,BONANZA DR,0,34061065,116232343,1,1
6,107,5,25,23,23,1,2,0,1,12,3,0,1,0,1,8,3,2,65,1,1,2,1,0,0,0,2,1,0,0,99,99,99,99,99,99,0,0,0,0,1,6,0,61195,0,41,2007,SR-198,1E+20,0,36193815,119231304,1,1
6,1,5,26,0,8,1,1,0,0,12,6,0,24,0,1,3,3,2,65,2,2,2,1,0,0,0,2,1,0,0,99,99,99,99,0,0,0,0,0,0,1,7,1,61196,2480,46,2007,SR-13,1E+20,0,37471668,122105218,1,1
6,107,5,26,1,40,1,1,0,0,4,3,0,30,0,1,6,1,2,55,2,1,2,1,0,0,0,2,1,0,0,99,99,99,99,0,0,0,0,0,0,1,7,1,61197,0,16,2007,SR-137,1E+20,0,36123638,119194664,1,1
6,67,5,26,3,15,1,1,0,0,12,3,0,24,0,15,4,3,5,65,2,1,2,1,0,0,0,3,1,0,0,99,99,99,99,0,0,0,0,0,0,1,7,1,61198,0,20,2007,SR-51 RAMP,1E+20,0,38333631,121284198,1,1
6,59,5,26,16,9,1,6,0,0,13,6,0,33,0,1,4,2,6,45,1,1,2,1,0,0,0,1,1,0,0,99,99,99,99,99,99,0,0,0,0,1,7,0,61199,80,0,2007,LA PALMA AVE,1E+20,0,33513404,117483895,1,1
6,13,5,26,18,44,1,2,0,0,16,6,0,33,0,1,3,2,1,25,2,1,2,1,0,0,0,1,1,0,0,99,99,99,99,99,99,0,0,0,0,1,7,1,61200,460,0,2007,COUNTRY CLUB DR,1E+20,0,37553782,121451068,1,1
6,73,5,26,19,40,1,1,0,0,16,6,0,38,0,1,4,1,2,30,2,1,2,1,0,0,0,1,1,0,0,99,99,99,99,99,99,0,0,0,0,1,7,1,61201,1820,0,2007,ALVARADO RD,1E+20,0,32462266,117020946,1,1
6,71,5,27,0,32,1,3,0,0,12,3,0,1,0,1,4,3,2,65,1,1,2,1,0,0,0,2,1,0,0,99,99,99,99,99,99,0,0,0,0,2,1,1,61202,3210,5,2007,SR-259,1E+20,0,34080795,117180931,1,1
6,65,5,27,0,50,1,1,0,0,6,4,0,33,0,1,4,1,2,99,1,1,2,1,0,0,0,3,1,0,0,99,99,99,99,0,0,0,0,0,0,1,1,0,61203,0,0,2007,BLOSSOM WAY,1E+20,0,33584397,117344153,1,1
6,1,5,27,11,40,1,1,0,1,1,1,0,1,0,1,6,3,4,65,1,2,2,1,0,0,0,1,1,0,0,99,99,99,99,0,0,0,0,0,0,1,1,0,61204,0,47,2007,I-580,1E+20,0,37433137,121382769,1,1
6,57,5,27,16,11,1,3,0,1,1,1,0,17,0,1,4,3,2,65,1,2,1,1,0,0,0,1,1,0,0,99,99,99,99,0,0,0,0,0,0,2,1,0,61205,0,626,2007,I-80,1E+20,0,39190480,120332915,1,1
6,47,5,27,22,25,1,2,0,1,2,3,0,24,0,1,4,2,2,65,1,1,2,1,0,0,0,2,1,0,0,99,99,99,99,99,99,0,0,0,0,1,1,0,61206,0,132,2007,SR-152,1E+20,0,37032482,120504656,1,1
6,19,4,28,2,0,1,1,0,0,4,4,0,38,0,1,4,1,2,55,2,1,2,1,0,0,0,2,1,0,0,99,99,99,99,0,0,0,0,0,0,1,7,0,61207,0,0,2007,auberry rd,1E+20,0,37050658,119270989,1,1
6,71,5,14,20,10,1,2,1,0,15,4,0,8,0,3,1,1,2,35,1,1,2,1,3,3,0,5,1,0,0,99,99,99,99,99,99,0,0,0,0,1,2,0,61208,0,0,2007,48th st,F ST,0,34101882,117174634,1,1
6,73,1,5,21,34,3,3,0,0,14,6,0,12,5,2,1,5,4,40,1,1,2,1,20,3,0,2,1,0,0,99,99,99,99,99,99,0,0,0,0,1,6,0,61209,1182,0,2007,NORTH COAST HWY 101,ATHENA ST,0,33033085,117175814,2,1
6,1,1,28,2,32,2,5,0,0,14,6,0,12,5,2,1,1,4,25,1,1,2,1,20,3,0,3,1,0,0,99,99,99,99,99,99,0,0,0,0,1,1,1,61210,2480,0,2007,2ND ST,WEBSTER ST,0,37474250,122162614,2,1
6,73,1,31,11,47,1,3,1,0,14,6,0,8,0,1,1,1,4,35,1,2,2,2,0,0,0,1,1,0,0,99,99,99,99,99,99,0,0,0,0,1,4,0,61211,1182,0,2007,SANTA FE DR,1E+20,0,33021048,117164824,1,1
6,65,2,3,20,30,1,1,0,0,6,4,0,1,0,1,4,1,4,65,1,1,2,1,0,0,0,3,1,0,0,99,99,99,99,99,99,0,0,0,0,1,7,1,61212,0,0,2007,FRANCES WAY,1E+20,0,33475423,116173120,1,1
6,111,2,6,13,55,1,1,0,0,3,3,0,1,0,1,4,1,3,55,2,1,2,1,0,0,0,1,1,0,0,99,99,99,99,0,0,0,0,0,0,1,3,0,61213,0,95,2007,SR-1,1E+20,0,34192101,119233688,1,1
6,77,2,18,2,24,1,2,1,0,15,6,0,8,0,1,1,1,2,45,1,1,2,1,0,0,0,2,1,0,0,99,99,99,99,99,99,0,0,0,0,1,1,1,61214,3770,0,2007,MANTHEY RD,1E+20,0,37541274,121171525,1,1
6,29,2,18,99,99,1,2,0,0,3,3,0,35,0,1,4,1,2,55,1,1,2,1,0,0,4,2,1,0,0,99,99,99,99,0,0,0,0,0,0,1,1,1,61215,0,347,2007,SR-43,1E+20,0,35435141,119200530,1,1
6,37,2,7,10,4,2,3,0,0,13,6,0,12,1,1,1,1,4,35,1,1,2,1,0,0,0,1,1,0,0,99,99,99,99,99,99,0,0,0,0,1,4,0,61216,2240,0,2007,BEVERLY BLVD,1E+20,0,34011736,118073476,2,1
6,77,2,27,14,33,2,6,0,0,13,6,0,25,0,1,4,3,3,55,1,1,2,1,0,0,0,1,1,0,0,99,99,99,99,99,99,0,14,0,0,3,3,0,61217,3770,0,2007,WEST LN,1E+20,0,38022997,121174283,2,1
6,85,2,28,10,30,1,2,1,0,13,6,0,9,0,4,1,3,3,40,1,1,2,1,0,0,0,1,1,0,0,99,99,99,99,99,99,0,0,0,0,1,4,0,61218,3340,0,2007,MCKEE RD,1E+20,0,37214990,121510708,1,1
6,37,3,3,23,30,1,2,1,0,13,6,0,8,0,3,1,1,4,35,1,1,2,1,0,0,2,3,1,0,0,99,99,99,99,99,99,0,0,0,0,1,7,0,61219,1980,0,2007,BEVERLY BLVD,BERENDO ST,0,34043461,118173871,1,1
6,53,3,4,2,35,2,2,0,0,4,4,0,14,1,1,4,1,2,55,1,1,2,1,0,0,0,2,1,0,0,99,99,99,99,0,0,0,0,0,0,2,1,2,61220,0,0,2007,SAN JUAN RD,1E+20,0,36513091,121385481,1,1
6,37,3,5,19,43,1,5,1,0,13,6,0,8,0,3,1,3,3,35,1,1,2,1,2,3,0,3,1,0,0,99,99,99,99,99,99,0,0,0,0,1,2,0,61221,2240,0,2007,BEVERLY BLVD,TAYLOR AVE,0,34010644,118064288,1,1
6,85,3,6,20,24,1,2,1,0,16,6,0,8,0,1,1,3,4,45,1,1,2,1,0,0,0,2,1,0,0,99,99,99,99,99,99,0,0,0,0,1,3,0,61222,3340,0,2007,ALMADEN EXWY,1E+20,0,37150693,121523108,1,1
6,65,3,14,16,57,1,4,0,1,1,1,0,1,0,1,1,2,2,70,2,1,2,1,0,0,0,1,1,0,0,99,99,99,99,99,99,0,0,0,0,2,4,0,61223,0,1249,2007,I-10,1E+20,0,33554183,116585669,1,1
6,71,3,15,5,50,1,7,0,1,11,1,0,42,0,1,4,3,4,65,1,1,1,1,0,0,0,2,1,0,0,99,99,99,99,99,99,0,0,0,0,5,5,0,61224,2550,61,2007,I-10,1E+20,0,34042131,117365333,1,1
6,37,3,21,14,34,1,1,0,0,13,6,0,38,0,1,4,1,6,99,1,1,2,9,0,0,0,1,1,0,0,99,99,99,99,99,99,0,0,0,0,1,4,0,61225,3870,0,2007,CRENSHAW BLVD,1E+20,0,33495804,118194305,1,1
6,113,4,8,16,25,2,3,0,1,1,1,0,1,0,1,1,2,2,70,2,1,2,1,0,0,0,1,1,0,0,99,99,99,99,99,99,0,14,0,0,1,1,0,61226,0,128,2007,I-5,1E+20,0,38442899,121491936,2,1
6,59,4,10,20,54,1,2,1,0,13,6,0,8,0,3,1,3,3,50,1,1,2,1,2,3,0,3,1,0,0,99,99,99,99,99,99,0,0,0,0,1,3,2,61227,2199,0,2007,SANTA MARGARITA PKWY,PROMENADE ST,0,33385137,117373892,1,1
6,13,4,11,18,25,1,6,0,1,11,1,0,1,0,1,4,3,4,65,1,1,1,1,0,0,0,1,1,0,0,99,99,99,99,99,99,0,0,0,0,1,4,0,61228,3412,16,2007,I-680,1E+20,0,37443612,121571781,1,1
6,71,4,12,10,20,6,9,0,1,1,1,0,12,1,1,1,2,2,70,1,1,2,1,0,0,0,1,6,7,0,99,99,99,99,99,99,0,0,0,0,2,5,0,61229,0,274,2007,I-40,1E+20,0,34481724,116323842,6,6
6,71,4,12,11,58,2,2,0,0,13,6,0,12,2,2,1,5,4,55,1,1,2,1,20,3,0,1,6,7,0,99,99,99,99,99,99,0,0,0,0,1,5,0,61230,260,0,2007,MAIN ST,CITRINE RD,0,34525552,117054119,2,6
6,67,4,15,16,15,1,4,1,0,13,4,0,9,0,2,1,2,4,35,1,1,2,1,20,3,0,1,1,0,0,99,99,99,99,99,99,0,0,0,0,1,1,0,61231,0,0,2007,ARDEN WAY,WRIGHT ST,0,38354599,121242189,1,1
6,37,4,20,14,45,1,2,1,0,14,6,0,9,0,1,1,5,4,40,1,1,2,2,0,0,0,1,1,0,0,99,99,99,99,99,99,0,0,0,0,1,6,0,61232,602,0,2007,CARSON ST,1E+20,0,33495429,118140591,1,1
6,7,4,23,14,20,1,1,0,0,15,4,0,42,0,1,4,1,2,45,2,1,2,1,0,0,0,1,1,0,0,99,99,99,99,99,99,0,0,0,0,1,2,0,61233,0,0,2007,FOOTHILL BLVD,1E+20,0,39284579,121295637,1,1
6,19,4,27,16,7,2,2,0,1,1,1,0,13,4,1,1,2,2,70,1,1,2,1,0,0,0,1,1,0,0,99,99,99,99,99,99,0,0,0,0,1,6,0,61234,0,478,2007,I-5,1E+20,0,36373238,120364296,2,1
6,29,4,27,20,0,3,4,0,1,2,2,0,12,8,1,1,1,2,65,1,1,2,1,0,0,1,2,1,0,0,99,99,99,99,99,99,0,0,0,0,2,6,0,61235,0,121,2007,US-395,1E+20,0,35312181,117402856,3,1
6,71,4,30,4,54,2,2,0,0,13,6,0,12,4,1,1,1,4,45,2,1,2,1,40,3,0,2,1,0,0,99,99,99,99,0,0,0,0,0,0,1,2,0,61236,680,0,2007,CHINO HILLS PKWY,1E+20,0,33585775,117420751,2,1
6,67,4,30,12,32,3,4,0,0,4,4,0,12,8,1,1,1,2,55,1,1,2,1,0,0,0,1,1,0,0,99,99,99,99,99,99,0,0,0,0,1,2,0,61237,0,0,2007,DILLARD RD,1E+20,0,38224320,121173611,3,1
6,37,5,1,9,15,1,2,1,0,13,6,0,15,0,3,1,4,2,30,1,1,2,1,2,3,0,1,1,0,0,99,99,99,99,99,99,0,0,0,0,1,3,0,61238,1980,0,2007,CENTRAL AVE,6TH ST,0,34022049,118142399,1,1
6,39,5,3,2,45,1,1,0,0,4,4,0,37,0,1,4,1,2,55,1,1,2,1,0,0,0,2,1,0,0,99,99,99,99,99,99,0,0,0,0,1,5,0,61239,0,0,2007,AVENUE 7,1E+20,0,36510443,119580593,1,1
6,107,5,3,9,55,1,1,0,0,16,6,0,42,0,1,4,1,2,30,1,1,2,1,0,0,0,1,1,0,0,99,99,99,99,99,99,0,0,0,0,1,5,0,61240,4250,0,2007,VALENCIA,1E+20,0,36250275,119055602,1,1
6,111,5,3,10,7,1,2,0,0,16,6,0,5,0,1,1,1,2,25,1,1,2,1,0,0,0,1,1,0,0,99,99,99,99,99,99,0,0,0,0,1,5,0,61241,2620,0,2007,ALMENDRA PL,1E+20,0,34131761,119100193,1,1
6,71,5,4,17,3,2,2,0,0,13,6,0,1,0,1,1,1,2,45,2,2,2,1,0,0,0,1,1,0,0,99,99,99,99,0,0,0,0,0,0,1,6,0,61242,681,0,2007,CARBON CANYON RD,1E+20,0,33580108,117450857,2,1
6,17,5,5,20,5,1,2,0,1,2,2,0,35,0,1,4,1,2,55,2,2,2,1,40,3,0,5,1,0,0,99,99,99,99,99,99,0,0,0,0,1,7,0,61243,0,604,2007,US-50,1E+20,0,38482064,120072342,1,1
6,71,5,5,21,30,1,1,0,0,13,6,0,42,0,1,4,1,2,99,9,9,9,9,0,0,0,9,9,0,0,0,0,0,0,0,0,0,0,0,0,1,7,0,61244,0,0,2007,5TH ST,1E+20,0,34063010,117164836,1,9
6,37,5,5,22,52,1,3,1,0,15,6,0,8,0,3,1,1,2,25,1,1,2,1,3,3,0,3,1,0,0,99,99,99,99,99,99,0,0,0,0,1,7,2,61245,2260,0,2007,EAST HELLMAN AVE,GARFIELD AVE,0,34041128,118072251,1,1
6,67,5,6,0,22,1,1,0,1,11,1,0,38,0,1,4,2,5,65,1,1,2,1,0,0,0,3,1,0,0,99,99,99,99,0,0,0,0,0,0,1,1,1,61246,3150,263,2007,I-5,1E+20,0,38370967,121305201,1,1
6,67,5,6,1,0,1,2,1,0,15,4,0,15,0,1,1,1,2,45,1,1,2,1,0,0,2,2,1,0,0,99,99,99,99,0,0,0,0,0,0,1,1,1,61247,0,0,2007,Q ST,1E+20,0,38415305,121252997,1,1
6,37,5,7,8,40,3,3,0,1,11,6,0,33,0,13,4,6,1,99,2,1,2,1,0,0,0,1,1,0,0,99,99,99,99,99,99,0,0,0,0,1,2,0,61248,1980,57,2007,I-5 RAMP,1E+20,0,34085000,118164459,3,1
6,37,5,7,21,15,1,2,1,0,13,6,0,8,0,1,1,1,2,35,1,1,2,1,0,0,2,3,1,0,0,99,99,99,99,99,99,0,0,0,0,1,2,0,61249,1980,0,2007,SAN PEDRO ST,1E+20,0,34023573,118144030,1,1
6,37,5,10,22,36,2,2,0,1,12,3,0,12,1,1,1,3,5,65,1,1,2,1,0,0,0,2,1,0,0,99,99,99,99,99,99,0,19,0,0,1,5,1,61250,1980,34,2007,SR-118,1E+20,0,34162399,118344021,2,1
6,77,5,12,6,21,2,4,0,0,14,6,0,12,4,1,1,1,2,55,2,1,2,1,0,0,0,1,1,0,0,99,99,99,99,99,99,0,0,0,0,1,7,0,61251,3880,0,2007,CORRAL HOLLOW RD,1E+20,0,37403230,121271218,2,1
6,73,5,12,15,45,2,3,0,0,14,4,0,12,2,1,1,1,2,40,1,1,2,1,0,0,0,1,1,0,0,99,99,99,99,99,99,0,0,0,0,1,7,0,61252,0,0,2007,STAGE COACH LN,1E+20,0,33210973,117140924,2,1
6,37,5,12,22,55,3,3,0,0,14,6,0,12,4,1,1,1,4,40,1,1,2,1,0,0,0,3,1,0,0,99,99,99,99,99,99,0,0,0,0,1,7,0,61253,1980,0,2007,CORBIN AVE,1E+20,0,34154260,118335008,3,1
6,73,5,12,23,54,1,1,0,0,16,6,0,33,0,1,4,1,4,45,2,2,2,1,0,0,0,3,1,0,0,99,99,99,99,0,0,0,0,0,0,1,7,1,61254,3260,0,2007,CAMINO DE LA PLAZA,1E+20,0,32330989,117032970,1,1
6,79,5,13,17,47,1,1,0,0,15,6,0,1,0,1,1,1,2,25,2,1,2,1,0,0,0,1,1,0,0,99,99,99,99,99,99,0,0,0,0,1,1,1,61255,2705,0,2007,PACIFIC AVE,1E+20,0,35265980,120535227,1,1
6,53,5,14,9,40,2,3,0,0,13,4,0,12,2,1,1,1,2,55,1,1,2,2,0,0,0,1,1,0,0,99,99,99,99,99,99,0,0,0,0,1,2,0,61256,0,0,2007,DAVIS RD,1E+20,0,36390616,121415223,2,1
6,37,5,14,13,9,1,2,0,0,13,6,0,33,0,1,4,1,2,99,1,1,2,1,0,0,0,1,1,0,0,99,99,99,99,99,99,0,0,0,0,1,2,0,61257,1970,0,2007,STUDEBAKER RD,1E+20,0,33481895,118055670,1,1
6,87,5,18,3,13,1,2,1,0,15,4,0,9,0,1,1,1,2,30,1,1,2,1,0,0,0,2,1,0,0,99,99,99,99,0,0,0,0,0,0,1,6,2,61258,0,0,2007,THURBER LN,1E+20,0,36592913,121584210,1,1
6,81,5,18,21,9,3,4,0,0,13,3,0,33,0,1,4,3,3,40,2,1,2,1,0,0,0,3,1,0,0,99,99,99,99,99,99,0,0,0,0,1,6,0,61259,3730,213,2007,SR-82,1E+20,0,37393969,122263282,1,1
6,29,5,19,2,30,1,2,1,0,15,6,0,8,0,4,2,1,2,15,1,1,2,1,0,0,2,3,1,0,0,99,99,99,99,0,0,0,0,0,0,1,7,2,61260,1000,0,2007,FREMONT ST,1E+20,0,35453741,119145334,1,1
6,61,5,19,8,14,2,3,0,0,13,6,0,12,2,2,1,2,3,50,1,1,2,1,3,3,0,1,1,0,0,99,99,99,99,99,99,0,0,0,0,2,7,0,61261,3080,0,2007,SIERRA COLLEGE BLVD,ROCKLIN RD,0,38471928,121122202,2,1
6,67,5,19,14,55,2,1,0,0,16,6,0,14,3,1,7,1,2,25,1,1,2,1,0,0,0,1,1,0,0,99,99,99,99,99,99,0,0,0,0,1,7,0,61262,3150,0,2007,SUTTER BUTTES WY,1E+20,0,38281025,121235578,1,1
6,59,5,19,21,20,1,2,1,0,13,6,0,8,0,1,1,5,4,40,1,1,2,1,0,0,0,3,1,0,0,99,99,99,99,99,99,0,0,0,0,1,7,0,61263,3420,0,2007,GRAND AVE,1E+20,0,33445041,117510663,1,1
6,71,5,20,13,42,1,1,0,0,12,3,0,24,0,1,4,2,4,55,2,2,2,1,0,0,0,1,1,0,0,99,99,99,99,99,99,0,0,0,0,1,1,0,61264,3210,89,2007,SR-18,1E+20,0,34104470,117161477,1,1