STATE,COUNTY,MONTH,DAY,HOUR,MINUTE,VE_TOTAL,PERSONS,PEDS,NHS,ROAD_FNC,ROUTE,SP_JUR,HARM_EV,MAN_COLL,REL_JUNC,REL_ROAD,TRAF_FLO,NO_LANES,SP_LIMIT,ALIGNMNT,PROFILE,PAVE_TYP,SUR_COND,TRA_CONT,T_CONT_F,HIT_RUN,LGT_COND,WEATHER1,WEATHER2,C_M_ZONE,NOT_HOUR,NOT_MIN,ARR_HOUR,ARR_MIN,HOSP_HR,HOSP_MN,SCH_BUS,CF1,CF2,CF3,FATALS,DAY_WEEK,DRUNK_DR,ST_CASE,CITY,MILEPT,YEAR,TWAY_ID,TWAY_ID2,RAIL,LATITUDE,LONGITUD,VE_FORMS,WEATHER
6,59,5,20,18,35,5,6,0,0,13,3,0,12,2,1,1,5,4,45,1,1,2,1,0,0,0,1,1,0,0,99,99,99,99,99,99,0,14,0,0,2,1,0,61265,3558,315,2007,SR-1,1E+20,0,33434005,118045664,5,1
6,73,5,20,20,55,2,5,0,0,15,6,0,27,0,3,4,5,2,35,1,1,2,1,20,3,0,3,1,0,0,99,99,99,99,99,99,0,0,0,0,1,1,0,61266,3260,0,2007,HOTEL CIRCLE NORTH,I-8 RAMP,0,32453762,117111278,2,1
6,67,5,20,21,25,2,2,0,0,13,4,0,1,0,1,1,3,2,45,1,9,2,1,0,0,0,3,1,0,0,99,99,99,99,0,0,0,14,0,0,1,1,1,61267,0,0,2007,ELK GROVE FLORIN RD,1E+20,0,38271417,121221783,2,1
6,37,5,24,7,25,2,2,0,0,15,6,0,12,5,1,1,1,2,30,1,1,2,1,0,0,0,1,1,0,0,99,99,99,99,99,99,0,0,0,0,1,5,0,61268,1970,0,2007,FACULTY AVE,1E+20,0,33493305,118081764,2,1
6,73,5,24,17,55,2,2,0,0,12,3,0,25,0,1,3,3,4,65,1,1,1,1,0,0,0,1,1,0,0,99,99,99,99,99,99,0,0,0,0,1,5,0,61269,3260,101,2007,SR-163,1E+20,0,32504836,117074145,2,1
6,77,5,24,20,55,2,2,0,0,3,3,0,12,2,1,1,1,2,55,2,2,2,1,0,0,0,2,1,0,0,99,99,99,99,99,99,0,0,0,0,1,5,0,61270,0,63,2007,SR-4,1E+20,0,37541611,121274355,2,1
6,71,5,25,0,35,1,5,1,1,12,3,0,8,0,1,1,5,4,60,1,2,2,1,0,0,0,3,1,0,0,99,99,99,99,0,0,0,0,0,0,1,6,2,61271,3970,304,2007,SR-62,1E+20,0,34080727,116061273,1,1
6,81,5,25,9,40,1,2,1,0,14,4,0,9,0,1,1,1,2,55,2,2,2,1,0,0,0,1,1,0,0,99,99,99,99,0,0,0,0,0,0,1,6,0,61272,0,0,2007,SAND HILL RD,1E+20,0,37250577,122135602,1,1
6,65,5,25,12,43,3,4,0,1,11,1,0,12,7,1,1,3,4,70,1,1,2,1,0,0,0,1,1,0,0,99,99,99,99,0,0,0,0,0,0,1,6,1,61273,3851,24,2007,I-15,1E+20,0,33283150,117081886,3,1
6,107,5,25,15,15,2,5,0,0,5,4,0,12,5,3,1,1,2,55,1,1,2,1,20,3,0,1,1,0,0,99,99,99,99,99,99,0,0,0,0,1,6,0,61274,0,0,2007,ROAD 208,AVENUE 152,0,36035673,119062694,2,1
6,77,5,25,15,35,4,7,0,1,11,1,0,12,1,1,1,2,2,55,1,1,1,1,0,0,1,1,1,0,1,99,99,99,99,0,0,0,0,0,0,1,6,0,61275,3880,79,2007,I-205,1E+20,0,37454877,121250528,4,1
6,111,5,25,17,21,1,2,1,0,13,6,0,8,0,1,1,2,2,50,1,1,2,1,0,0,0,1,1,0,0,99,99,99,99,99,99,0,0,0,0,1,6,0,61276,3860,0,2007,OLSEN RD,1E+20,0,34135548,118513366,1,1
6,1,5,25,18,31,2,2,0,0,13,6,0,12,5,2,1,2,4,40,1,1,2,1,20,3,0,1,1,0,0,99,99,99,99,99,99,0,0,0,0,1,6,0,61277,2480,0,2007,HEGENBERGER RD,COLLINS DR,0,37444394,122114624,2,1
6,77,5,25,21,15,1,2,1,0,6,4,0,8,0,1,1,1,2,55,1,1,2,1,0,0,0,2,1,0,0,99,99,99,99,0,0,0,0,0,0,1,6,0,61278,0,0,2007,FRONTAGE RD,1E+20,0,37505066,121130446,1,1
6,19,5,25,21,37,1,2,1,0,13,3,0,8,0,1,1,1,2,35,2,1,2,1,0,0,0,3,1,0,0,99,99,99,99,99,99,0,0,0,0,1,6,0,61279,2130,623,2007,SR-33,1E+20,0,36453887,120231202,1,1
6,37,5,25,22,30,2,2,0,0,6,4,0,12,8,1,1,1,2,25,1,2,2,1,0,0,0,3,1,0,0,99,99,99,99,99,99,0,4,0,0,1,6,1,61280,0,0,2007,SAN MARTINEZ RD,HILL ST,0,34265796,118405354,2,1
6,97,4,2,13,0,1,10,0,0,3,3,0,52,0,1,4,1,2,55,1,2,2,1,0,0,0,1,1,0,0,99,99,99,99,99,99,0,0,0,0,1,2,0,61281,0,392,2007,SR-116,1E+20,0,38132934,122342146,1,1
6,7,4,11,13,25,2,4,0,0,15,6,0,12,2,1,1,1,2,25,2,1,2,2,0,0,0,1,1,0,0,99,99,99,99,99,99,0,0,0,0,1,4,0,61282,2680,0,2007,HONEY RUN RD,1E+20,0,39451343,121380482,2,1
6,65,4,27,12,21,2,3,0,0,14,6,0,12,5,3,1,1,5,55,1,1,2,1,3,3,0,1,1,0,0,99,99,99,99,99,99,0,0,0,0,1,6,0,61283,3070,0,2007,ALESSANDRO BLVD,MISSION GROVE PKWY,0,33545933,117192640,2,1
6,71,1,9,13,52,2,5,0,0,13,6,0,12,2,1,1,5,4,40,1,1,2,1,0,0,0,1,1,0,0,99,99,99,99,99,99,0,0,0,0,2,3,0,61284,260,0,2007,MAIN ST,1E+20,0,34524197,116575968,2,1
6,97,3,11,18,0,3,3,0,0,4,4,0,12,2,1,1,1,2,55,1,1,2,1,0,0,0,1,1,0,0,99,99,99,99,99,99,0,0,0,0,1,1,0,61285,0,0,2007,GUERNEVILLE RD,1E+20,0,38270863,122492809,3,1
6,95,4,14,15,25,1,2,0,0,13,6,0,42,0,1,5,2,2,35,2,2,2,1,0,0,0,1,1,0,0,99,99,99,99,99,99,0,0,0,0,1,7,0,61286,4020,0,2007,REDWOOD PKY,1E+20,0,38072040,122132033,1,1
6,37,5,24,10,50,1,2,1,0,14,6,0,8,0,3,1,1,4,35,1,1,2,1,2,3,0,1,1,0,0,99,99,99,99,0,0,0,0,0,0,1,5,0,61287,1980,0,2007,GLENOAKS BLVD,POLK ST,0,34182738,118265891,1,1
6,29,5,25,14,3,2,4,0,0,14,6,0,12,5,2,1,1,2,55,1,1,2,1,20,3,0,1,1,0,0,99,99,99,99,99,99,0,0,0,0,1,6,2,61288,1000,0,2007,CECIL AVE,MELCHER AVE,0,35463283,119163467,2,1
6,59,5,25,20,15,2,3,1,0,13,6,0,8,0,1,1,9,9,45,1,1,2,1,0,0,0,3,1,0,0,99,99,99,99,0,0,0,0,0,0,1,6,0,61289,1660,0,2007,BROOKHURST ST,1E+20,0,33400886,117571284,2,1
6,71,5,26,1,12,2,2,0,0,12,3,0,12,1,1,1,2,2,55,1,1,2,1,0,0,0,2,1,0,0,99,99,99,99,99,99,0,0,0,0,1,7,1,61290,2550,52,2007,SR-83,1E+20,0,34000579,117390254,2,1
6,73,5,26,2,17,2,3,0,0,15,6,0,12,1,2,1,9,9,30,1,1,2,1,9,3,0,3,1,0,0,99,99,99,99,99,99,0,0,0,0,1,7,1,61291,555,0,2007,BIRMINGHAM DR,CAROL VIEW DR,0,33013327,117163610,2,1
6,37,5,26,12,0,1,2,1,0,13,6,0,9,0,1,1,1,4,35,1,1,2,1,0,0,0,1,1,0,0,99,99,99,99,99,99,0,0,0,0,1,7,0,61292,1980,0,2007,WILMINGTON AVE,1E+20,0,33563571,118142071,1,1
6,71,5,26,12,30,1,2,1,0,13,6,0,8,0,1,1,2,2,45,1,2,2,1,0,0,2,1,1,0,0,99,99,99,99,99,99,0,0,0,0,1,7,1,61293,2238,0,2007,CENTRAL AVE,1E+20,0,34031722,117412197,1,1
6,67,5,26,17,10,2,2,0,1,12,3,0,12,1,1,1,3,5,65,1,1,2,1,0,0,0,1,1,0,0,99,99,99,99,99,99,0,0,0,0,1,7,0,61294,3150,237,2007,SR-99,1E+20,0,38325690,121282581,2,1
6,19,7,1,1,27,1,7,0,0,12,3,0,24,0,1,3,3,3,65,1,1,2,1,0,0,0,3,1,0,0,99,99,99,99,99,99,0,0,0,0,2,1,0,61295,1370,18,2007,SR-168,1E+20,0,36463413,119445783,1,1
6,111,4,27,23,16,1,1,0,1,3,3,0,30,0,1,4,1,2,55,2,1,1,1,0,0,0,2,1,0,0,99,99,99,99,0,0,0,0,0,0,1,6,1,61296,0,50,2007,SR-118,1E+20,0,34154518,119055043,1,1
6,53,4,28,10,30,2,3,0,0,5,4,0,1,0,2,1,1,2,25,1,1,2,1,20,3,0,1,1,0,0,99,99,99,99,99,99,0,0,0,0,1,7,0,61297,0,0,2007,CARMEL VALLEY RD,VIA CONTENTA,0,36284062,121434319,2,1
6,69,4,28,11,50,2,2,0,0,3,4,0,1,0,2,1,1,2,55,1,1,2,1,0,0,0,1,1,0,0,99,99,99,99,0,0,0,0,0,0,1,7,0,61298,0,0,2007,SHORE RD,FRYE LN,0,36562678,121253733,2,1
6,73,5,12,13,35,2,2,0,1,11,1,0,12,1,1,1,3,6,65,1,1,1,1,0,0,0,1,1,0,0,99,99,99,99,0,0,0,0,0,0,1,7,0,61299,3260,177,2007,I-15,1E+20,0,32563003,117063404,2,1
6,37,1,4,18,30,3,5,0,0,13,6,0,12,5,2,1,1,4,35,1,1,2,2,3,3,0,3,2,0,0,99,99,99,99,99,99,0,0,0,0,1,5,0,61300,1980,0,2007,JEFFERSON BL,VERMONT AVE,0,34013177,118172953,3,2
6,65,2,27,19,22,2,3,0,0,15,6,0,12,2,1,1,1,4,40,1,1,2,2,0,0,0,3,1,0,0,99,99,99,99,99,99,0,0,0,0,1,3,1,61301,3070,0,2007,CALIFORNIA AVE,1E+20,0,33563897,117251499,2,1
6,37,5,3,18,42,1,2,0,1,1,1,0,39,0,99,99,9,9,99,9,9,9,9,0,0,0,9,9,0,0,99,99,99,99,0,0,0,0,0,0,1,5,0,61302,2380,659,2007,I-5,TEMPLIN HWY,0,34341073,118411669,1,9
6,37,5,20,22,0,2,6,0,1,12,3,0,12,1,1,1,3,5,65,1,1,1,1,0,0,0,3,1,0,0,99,99,99,99,99,99,0,0,0,0,1,1,1,61303,1980,152,2007,SR-170,1E+20,0,34094099,118225245,2,1
6,59,5,20,23,5,5,4,0,0,14,6,0,12,1,1,1,3,2,40,1,1,2,1,0,0,0,3,1,0,0,99,99,99,99,99,99,0,0,0,0,1,1,1,61304,80,0,2007,BALL RD,1E+20,0,33490483,117562070,3,1
6,37,5,21,17,30,1,3,1,0,13,3,0,8,0,1,1,1,6,35,1,1,2,1,0,0,0,1,1,0,0,99,99,99,99,99,99,0,0,0,0,1,2,0,61305,1970,466,2007,SR-1,1E+20,0,33472350,118100515,1,1
6,81,5,22,12,50,5,6,0,1,12,2,0,51,0,1,1,3,4,65,1,1,2,1,0,0,0,1,1,0,4,99,99,99,99,99,99,0,14,0,0,1,3,0,61306,2980,53,2007,US-101,1E+20,0,37291900,122124309,4,1
6,59,5,22,22,30,1,1,0,0,13,6,0,33,0,1,3,3,9,45,9,9,9,1,0,0,0,3,1,0,0,99,99,99,99,99,99,0,0,0,0,1,3,0,61307,1786,0,2007,ALICIA PKWY,1E+20,0,33314118,117425865,1,1
6,71,5,22,23,6,1,2,1,0,12,3,0,8,0,3,1,1,4,60,1,1,2,1,3,3,0,3,1,0,0,99,99,99,99,99,99,0,0,0,0,1,3,1,61308,115,913,2007,SR-18,BASS HILL RD,0,34122116,117051697,1,1
6,37,5,23,11,50,2,3,0,0,13,6,0,12,2,1,1,1,6,35,1,1,9,1,0,0,0,1,1,0,0,99,99,99,99,99,99,0,0,0,0,1,4,0,61309,1980,0,2007,WASHINGTON BLVD,1E+20,0,34020733,118162701,2,1
6,1,5,23,23,15,1,1,0,1,1,1,0,1,0,1,4,2,4,65,1,1,1,1,0,0,0,2,1,0,0,99,99,99,99,0,0,0,0,0,0,1,4,0,61310,0,38,2007,I-580,1E+20,0,37430978,121413350,1,1
6,97,5,26,17,23,2,2,0,0,4,4,0,12,5,8,1,1,2,55,1,1,2,1,0,0,0,1,1,0,0,99,99,99,99,99,99,0,0,0,0,1,7,0,61311,0,0,2007,PORTER CREEK RD,1E+20,0,38332006,122414619,2,1
6,37,5,26,18,4,1,3,2,0,13,6,0,8,0,3,1,1,6,25,1,1,2,1,3,3,0,1,1,0,1,99,99,99,99,99,99,0,0,0,0,1,7,0,61312,1045,0,2007,IMPERIAL HWY,BROOKSHIRE AVE,0,33551120,118083785,1,1
6,19,5,26,23,52,2,3,0,0,15,4,0,12,5,2,1,1,2,55,1,1,2,1,20,3,0,2,1,0,0,99,99,99,99,99,99,0,0,0,0,1,7,0,61313,0,0,2007,COPPER AVE,MINNEWAWA AVE,0,36534457,119424022,2,1
6,37,5,26,99,99,1,1,0,0,14,6,0,99,99,1,99,9,9,99,9,9,9,9,0,0,0,9,9,0,0,99,99,99,99,99,99,0,0,0,0,1,7,1,61314,0,0,2007,MULHOLLAND HWY,1E+20,0,34060958,118414152,1,9
6,37,5,27,15,0,1,1,0,0,13,3,0,1,0,3,1,1,4,99,1,1,9,1,99,9,0,1,1,0,0,99,99,99,99,99,99,0,0,0,0,1,1,0,61315,3870,163,2007,SR-1,OCEAN,0,34004104,118294243,1,1
6,37,5,27,16,53,2,3,0,0,13,3,0,12,5,2,1,1,4,35,1,1,2,1,3,3,1,1,1,0,0,99,99,99,99,99,99,0,0,0,0,1,1,0,61316,3853,56,2007,SR-164,BROADWAY,0,34055663,118042475,2,1
6,77,5,27,20,55,2,11,0,1,3,3,0,12,8,1,1,1,9,55,9,9,9,1,0,0,0,3,1,0,0,99,99,99,99,99,99,0,0,0,0,1,1,0,61317,0,51,2007,SR-12,1E+20,0,38065422,121294575,2,1
6,37,5,27,23,20,2,3,0,1,11,1,0,12,5,1,1,3,5,65,1,1,2,1,0,0,0,3,1,0,0,99,99,99,99,99,99,0,19,0,0,1,1,1,61318,4120,389,2007,I-10,1E+20,0,34041436,117515587,2,1
6,75,5,28,1,56,4,2,0,0,15,6,0,14,7,1,7,1,9,99,1,1,9,1,0,0,0,3,1,0,0,99,99,99,99,99,99,0,0,0,0,1,2,1,61319,3290,0,2007,14TH AVE,1E+20,0,37454524,122281779,1,1
6,37,5,28,12,3,2,2,0,1,12,3,0,12,5,1,1,3,4,65,1,1,1,1,0,0,0,1,1,0,0,99,99,99,99,0,0,0,0,0,0,1,2,0,61320,0,219,2007,SR-60,1E+20,0,33595130,117514765,2,1
6,19,5,28,17,24,1,2,1,0,14,6,0,8,0,1,1,1,4,40,1,1,2,1,0,0,0,1,1,0,0,99,99,99,99,99,99,0,0,0,0,1,2,0,61321,1370,0,2007,FRESNO ST,1E+20,0,36474141,119465378,1,1
6,37,5,28,20,15,3,4,2,0,13,4,0,30,0,1,4,1,4,40,1,1,2,1,0,0,0,5,1,0,0,99,99,99,99,99,99,0,0,0,0,3,2,0,61322,0,0,2007,ALAMEDA ST,1E+20,0,33573989,118135461,1,1
6,1,5,28,20,45,2,4,0,0,16,6,0,12,5,2,1,1,2,25,1,1,2,1,20,3,1,3,1,0,1,99,99,99,99,99,99,0,0,0,0,1,2,0,61323,2480,0,2007,94TH AVE,OLIVE ST,0,37450073,122095785,2,1
6,75,5,29,5,41,1,2,1,0,14,6,0,8,0,3,1,1,4,25,1,1,2,1,3,3,2,4,1,0,0,99,99,99,99,99,99,0,0,0,0,1,3,0,61324,3290,0,2007,CALIFORNIA ST,HYDE ST,0,37472769,122250283,1,1
6,99,5,29,6,33,2,3,0,0,15,6,0,12,5,2,1,1,2,25,1,1,2,1,20,3,0,1,1,0,0,99,99,99,99,99,99,0,0,0,0,1,3,1,61325,2200,0,2007,ENCINA AVE,TRASK LN,0,37384282,120570982,2,1
6,77,5,29,7,5,1,2,1,0,15,6,0,8,0,1,1,1,4,35,1,1,2,1,0,0,0,1,1,0,0,99,99,99,99,99,99,0,0,0,0,1,3,0,61326,3770,0,2007,MINER AVE,1E+20,0,37573335,121160998,1,1
6,37,5,29,11,45,1,2,1,0,14,6,0,8,0,3,1,4,3,25,1,1,2,1,2,3,0,1,1,0,0,99,99,99,99,99,99,0,0,0,0,1,3,0,61327,1980,0,2007,5TH ST,SPRING ST,0,34025073,118145886,1,1
6,65,7,1,0,20,1,3,0,0,15,4,0,33,0,1,4,5,4,55,1,1,2,1,40,3,0,3,1,0,0,99,99,99,99,99,99,0,0,0,0,1,1,0,61328,0,0,2007,MENIFEE RD,1E+20,0,33384880,117091424,1,1
6,37,7,1,0,30,1,6,0,1,11,1,0,33,0,13,4,6,2,65,1,1,2,1,0,0,0,3,1,0,0,99,99,99,99,99,99,0,0,0,0,2,1,1,61329,1980,132,2007,I-10 RAMP,1E+20,0,34021280,118175499,1,1
6,37,7,1,0,48,2,3,1,1,12,3,0,8,0,1,1,3,6,65,1,1,2,1,0,0,0,3,1,0,0,99,99,99,99,99,99,0,0,0,0,1,1,1,61330,0,48,2007,SR-60,1E+20,0,34015994,118084227,2,1
6,47,7,17,5,20,2,4,0,0,4,3,0,12,2,1,1,1,2,55,1,1,2,1,0,0,0,1,1,0,0,99,99,99,99,99,99,0,0,0,0,2,3,0,61331,0,230,2007,SR-59,1E+20,0,37245362,120304092,2,1
6,37,7,1,9,30,2,3,0,0,4,4,0,12,2,1,1,1,2,55,2,1,2,1,0,0,0,1,1,0,0,99,99,99,99,99,99,0,0,0,0,1,1,0,61332,0,0,2007,BOUQUET CANYON RD,1E+20,0,34261902,118305901,2,1
6,73,7,1,9,2,1,3,1,0,16,6,0,9,0,1,1,1,2,25,1,1,2,1,0,0,0,1,1,0,0,99,99,99,99,99,99,0,0,0,0,1,1,0,61333,3260,0,2007,FLORINDO RD,1E+20,0,33013908,117053105,1,1
6,71,7,1,13,45,2,2,0,0,4,4,0,12,2,1,1,1,2,55,1,1,2,1,0,0,0,1,1,0,0,99,99,99,99,99,99,0,0,0,0,1,1,0,61334,0,0,2007,NATIONAL TRAILS HWY,1E+20,0,34371656,117203788,2,1
6,47,7,1,14,23,3,3,0,1,2,3,0,13,4,1,1,2,2,65,1,2,2,1,0,0,0,1,1,0,0,99,99,99,99,99,99,0,14,0,0,1,1,0,61335,0,6,2007,SR-152,1E+20,0,37043762,121122006,3,1
6,13,7,1,14,30,2,2,0,0,13,4,0,1,0,1,1,1,3,40,1,1,2,1,0,0,0,1,1,0,0,99,99,99,99,99,99,0,0,0,0,1,1,1,61336,0,0,2007,WILLOW PASS RD,1E+20,0,38003850,121595032,2,1
6,97,7,1,14,45,1,2,0,0,4,6,0,24,0,1,4,1,2,55,2,1,2,1,40,3,0,1,1,0,0,99,99,99,99,99,99,0,0,0,0,1,1,0,61337,0,0,2007,LAKEVILLE RD,1E+20,0,38091810,122294285,1,1
6,99,7,1,16,40,2,6,0,0,13,6,0,12,1,1,1,1,2,55,1,1,2,1,0,0,0,1,1,0,0,99,99,99,99,99,99,0,0,0,0,1,1,1,61338,0,0,2007,CARPENTER RD,1E+20,0,37361108,121014936,2,1
6,39,7,1,17,55,2,8,0,1,2,3,0,1,0,1,1,2,2,65,1,1,2,1,0,0,0,1,1,0,0,99,99,99,99,99,99,0,0,0,0,2,1,0,61339,0,131,2007,SR-152,1E+20,0,37050209,120151956,2,1
6,107,7,1,23,17,4,4,0,1,2,4,0,12,1,1,1,2,2,55,1,1,2,1,0,0,0,3,1,0,0,99,99,99,99,99,99,0,0,0,0,1,1,0,61340,0,516,2007,SR-99,1E+20,0,36291771,119305506,2,1
6,37,7,1,23,18,2,5,0,0,13,4,0,12,5,2,1,1,4,45,1,1,2,1,3,3,0,3,1,0,0,99,99,99,99,99,99,0,0,0,0,2,1,2,61341,0,0,2007,ARROW HWY,LARK ELLEN AVE,0,34062480,117550054,2,1
6,37,4,27,20,15,3,4,0,0,13,4,0,12,5,2,1,1,4,25,1,1,2,1,3,3,1,3,1,0,0,99,99,99,99,99,99,0,0,0,0,1,6,1,61342,0,0,2007,WHITTIER BLVD,EASTERN BLVD,0,34012614,118102622,3,1
6,13,5,18,13,37,3,3,0,0,14,6,0,12,3,3,1,1,4,35,1,2,2,1,0,0,0,1,1,0,0,99,99,99,99,99,99,0,0,0,0,1,6,0,61343,2275,0,2007,MORAGA RD,DEVIN DR,0,37510345,122073102,3,1
6,77,5,23,0,1,1,2,1,1,12,3,0,8,0,1,1,3,2,65,1,1,2,1,0,0,0,2,1,0,0,99,99,99,99,0,0,0,0,0,0,1,4,2,61344,0,178,2007,SR-99,1E+20,0,38143238,121170968,1,1
6,37,5,28,16,20,5,8,0,0,13,4,0,12,1,3,1,2,2,40,1,1,1,1,3,3,1,1,1,0,0,99,99,99,99,99,99,0,0,0,0,1,2,1,61345,0,0,2007,VERMONT AVE,SEPULVEDA BLVD,0,33483853,118172544,5,1
6,19,1,15,7,7,2,2,0,1,12,3,0,12,1,1,1,3,3,55,1,1,2,1,0,0,0,1,1,0,0,99,99,99,99,0,0,0,0,0,0,1,2,0,61346,0,88,2007,SR-99,1E+20,0,36360502,119392511,2,1
6,37,6,14,22,56,3,4,0,1,11,1,0,12,2,1,1,3,3,55,2,2,2,9,0,0,0,3,1,0,0,99,99,99,99,99,99,0,20,0,0,1,5,1,61347,1980,170,2007,I-5RAMP,1E+20,0,34015929,118131627,3,1
6,37,6,14,23,7,1,1,0,1,11,1,0,33,0,5,4,1,1,99,2,2,2,1,0,0,0,2,1,0,0,99,99,99,99,0,0,0,0,0,0,1,5,1,61348,2020,169,2007,I-710 RAMP,1E+20,0,33533621,118111721,1,1
6,19,6,14,23,55,2,2,0,0,3,3,0,7,0,1,1,1,2,55,2,1,2,1,0,0,0,2,1,0,0,99,99,99,99,0,0,0,0,0,0,1,5,0,61349,0,220,2007,SR-168,1E+20,0,36555368,119301570,2,1
6,73,6,15,15,7,3,5,0,0,3,3,0,12,2,1,1,1,2,55,2,1,2,1,0,0,0,1,1,0,0,99,99,99,99,99,99,0,0,0,0,1,6,0,61350,3260,255,2007,SR-78,1E+20,0,33043896,116541185,3,1
6,37,6,15,17,15,2,3,0,0,13,4,0,12,2,2,1,1,2,40,1,1,2,1,0,0,0,1,1,0,0,99,99,99,99,99,99,0,0,0,0,1,6,0,61351,0,0,2007,SAN GABRIEL BLVD,DEVONPORT RD,0,34075798,118053709,2,1
6,65,6,15,17,45,5,14,0,1,1,1,0,12,1,1,1,3,4,70,1,1,2,1,0,0,0,1,1,0,0,17,99,17,55,99,99,0,0,0,0,1,6,1,61352,612,397,2007,I-10,1E+20,0,33504991,116271791,5,1
6,109,6,15,22,45,2,2,0,0,4,4,0,24,0,1,4,1,2,55,2,2,2,1,0,0,0,2,1,0,0,99,99,99,99,0,0,0,0,0,0,1,6,1,61353,0,0,2007,OBYRNES FERRY RD,1E+20,0,37535601,120334538,2,1
6,37,6,15,23,59,1,2,1,1,12,3,0,8,0,5,1,1,2,65,1,1,2,1,0,0,0,2,1,0,0,99,99,99,99,0,0,0,0,0,0,1,6,1,61354,1430,193,2007,SR-2 RAMP,1E+20,0,34090265,118132991,1,1
6,73,6,16,1,30,1,1,0,1,1,1,0,33,0,1,4,2,2,70,1,2,2,1,0,0,0,2,1,0,0,99,99,99,99,0,0,0,0,0,0,1,7,1,61355,0,759,2007,I-8,1E+20,0,32380732,116075336,1,1
6,65,6,16,3,0,1,4,0,0,4,4,0,35,0,1,4,1,2,25,1,1,2,1,0,0,0,2,1,0,0,99,99,99,99,99,99,0,0,0,0,1,7,2,61356,0,0,2007,RECHE CANYON RD,1E+20,0,33592189,117132347,1,1
6,111,6,16,6,50,1,2,0,1,12,2,0,43,0,13,4,6,2,65,1,1,1,1,0,0,0,1,1,0,0,99,99,99,99,99,99,0,0,0,0,1,7,0,61357,4027,267,2007,US-101 RAMP,1E+20,0,34155051,119143969,1,1
6,83,6,16,8,2,2,3,0,0,3,3,0,12,2,1,1,2,3,55,2,1,2,1,0,0,0,1,1,0,0,99,99,99,99,99,99,0,0,0,0,2,7,1,61358,0,110,2007,SR-154,1E+20,0,34385638,120053839,2,1
6,67,6,16,13,28,3,5,0,0,3,3,0,12,2,1,1,1,2,55,2,1,2,1,0,0,0,1,1,0,0,99,99,99,99,99,99,0,0,0,0,1,7,0,61359,0,11,2007,SR-160,1E+20,0,38102150,121395578,3,1
6,73,6,16,16,3,1,1,0,0,14,6,0,1,0,1,1,1,2,45,2,2,2,1,0,0,0,1,1,0,0,99,99,99,99,0,0,0,0,0,0,1,7,0,61360,3260,0,2007,POMERADO RD,1E+20,0,33031029,117040204,1,1
6,19,6,16,18,15,1,1,0,0,4,4,0,42,0,1,6,1,2,55,2,1,2,1,0,0,0,1,1,0,0,99,99,99,99,0,0,0,0,0,0,1,7,1,61361,0,0,2007,TRIMMER SPRINGS RD,1E+20,0,36520357,119184756,1,1
6,73,6,16,22,55,1,1,0,0,3,3,0,30,0,3,4,1,2,40,1,1,2,1,20,3,0,2,1,0,0,99,99,99,99,99,99,0,0,0,0,1,7,1,61362,0,414,2007,SR-94,POTRERO VALLEY RD,0,32361816,116364762,1,1
6,107,6,17,11,10,2,2,0,0,5,4,0,12,5,1,1,1,2,55,1,1,2,1,0,0,0,1,1,0,0,99,99,99,99,0,0,0,0,0,0,1,1,0,61363,0,0,2007,AVENUE 312,1E+20,0,36212295,119244257,2,1
6,31,6,17,13,25,1,4,0,1,1,1,0,1,0,1,1,2,2,70,1,1,2,1,0,0,0,1,1,0,0,99,99,99,99,99,99,0,0,0,0,1,1,0,61364,0,136,2007,I-5,1E+20,0,35565376,119553297,1,1
6,81,6,17,13,55,2,4,0,0,13,4,0,12,2,1,1,1,4,45,2,2,2,1,0,0,0,1,1,0,0,99,99,99,99,99,99,0,0,0,0,1,1,0,61365,0,0,2007,GUADALUPE CYN PKWY,1E+20,0,37420407,122264799,2,1
6,37,6,17,13,57,1,3,0,0,14,6,0,43,0,6,1,1,4,35,1,2,2,1,60,3,0,1,1,0,0,99,99,99,99,99,99,0,0,0,0,2,1,0,61366,890,0,2007,BARRANCA AVE,1E+20,747310K,34081897,117525262,1,1
6,87,6,17,20,14,1,1,0,0,14,3,0,42,0,1,4,1,2,45,2,2,2,1,0,0,0,1,1,0,0,99,99,99,99,0,0,0,0,0,0,1,1,0,61367,0,156,2007,SR-9,1E+20,0,37093211,122080305,1,1
6,37,6,17,20,40,1,2,1,1,13,3,0,8,0,1,1,1,6,45,1,1,2,1,0,0,0,3,1,0,0,99,99,99,99,99,99,0,0,0,0,1,1,1,61368,1980,374,2007,SR-1,1E+20,0,34015056,118312667,1,1
6,37,6,17,21,5,1,3,1,0,13,6,0,8,0,1,1,3,3,40,1,1,2,1,0,0,2,3,1,0,0,99,99,99,99,0,0,0,0,0,0,1,1,1,61369,1970,0,2007,DEL AMO BLVD,1E+20,0,33504827,118112702,1,1