STATE,COUNTY,MONTH,DAY,HOUR,MINUTE,VE_TOTAL,PERSONS,PEDS,NHS,ROAD_FNC,ROUTE,SP_JUR,HARM_EV,MAN_COLL,REL_JUNC,REL_ROAD,TRAF_FLO,NO_LANES,SP_LIMIT,ALIGNMNT,PROFILE,PAVE_TYP,SUR_COND,TRA_CONT,T_CONT_F,HIT_RUN,LGT_COND,WEATHER1,WEATHER2,C_M_ZONE,NOT_HOUR,NOT_MIN,ARR_HOUR,ARR_MIN,HOSP_HR,HOSP_MN,SCH_BUS,CF1,CF2,CF3,FATALS,DAY_WEEK,DRUNK_DR,ST_CASE,CITY,MILEPT,YEAR,TWAY_ID,TWAY_ID2,RAIL,LATITUDE,LONGITUD,VE_FORMS,WEATHER
6,85,6,17,21,32,1,1,0,1,2,3,0,1,0,1,1,2,2,65,2,1,2,1,0,0,0,2,1,0,0,99,99,99,99,99,99,0,0,0,0,1,1,0,61370,0,249,2007,SR-152,1E+20,0,37012295,121335396,1,1
6,37,6,17,21,35,2,9,0,0,14,6,0,33,0,1,4,5,2,35,2,1,2,1,0,0,0,3,1,0,0,99,99,99,99,0,0,0,0,0,0,1,1,1,61371,1695,0,2007,TEMPLE AVE,1E+20,0,34032297,117592573,2,1
6,29,6,17,22,26,1,3,1,1,1,1,0,8,0,1,1,3,2,70,1,1,2,1,0,0,0,2,1,0,0,99,99,99,99,99,99,0,0,0,0,1,1,1,61372,0,525,2007,I-5,1E+20,0,35240687,119240454,1,1
6,77,6,17,23,50,1,1,0,1,12,3,0,42,0,5,4,6,1,99,2,1,2,1,0,0,0,2,1,0,0,99,99,99,99,0,0,0,0,0,0,1,1,1,61373,3770,193,2007,SR-4 RAMP,1E+20,0,37572673,121142600,1,1
6,37,6,18,1,27,1,1,0,1,11,1,0,42,0,1,4,3,5,65,2,2,1,1,0,0,0,3,1,0,0,99,99,99,99,0,0,0,20,0,0,1,2,1,61374,1980,413,2007,I-405,1E+20,0,34110604,118282577,1,1
6,29,6,18,1,47,2,4,0,1,2,3,0,12,5,1,1,2,3,70,2,1,1,1,0,0,0,2,1,0,0,99,99,99,99,99,99,0,19,0,0,1,2,1,61375,0,428,2007,SR-99,1E+20,0,35353136,119121990,2,1
6,37,6,18,1,50,1,2,1,0,13,6,0,8,0,1,1,1,6,35,1,1,2,1,0,0,0,3,1,0,0,99,99,99,99,99,99,0,0,0,0,1,2,2,61376,1980,0,2007,SUNSET BLVD,1E+20,0,34055273,118204430,1,1
6,31,6,18,5,5,5,11,0,1,2,3,0,12,1,1,1,1,2,55,1,1,2,1,0,0,1,4,1,0,0,99,99,99,99,99,99,0,0,0,0,1,2,0,61377,0,313,2007,SR-41,1E+20,0,36100334,119503802,5,1
6,107,6,4,13,10,2,5,0,0,6,4,0,12,5,2,1,1,2,55,1,1,2,1,20,3,0,1,1,0,0,99,99,99,99,99,99,0,0,0,0,1,2,0,61378,0,0,2007,ROAD 240,AVENUE 80,0,35560646,119020997,2,1
6,37,6,18,6,30,2,2,0,0,14,6,0,12,5,2,1,1,4,35,1,1,2,1,3,3,0,1,1,0,0,99,99,99,99,99,99,0,0,0,0,1,2,0,61379,1980,0,2007,MANCHESTER AVE,WILEY POST AVE,0,34063891,118130636,2,1
6,71,6,18,15,35,2,2,0,0,4,4,0,12,1,1,1,1,4,55,1,1,2,1,0,0,0,1,1,0,0,99,99,99,99,99,99,0,0,0,0,1,2,1,61380,0,0,2007,PHELAN RD,1E+20,0,34253500,117351930,2,1
6,37,6,18,16,50,2,2,0,0,14,6,0,12,5,2,1,5,4,35,1,1,2,1,0,0,0,1,1,0,0,99,99,99,99,99,99,0,14,0,0,1,2,0,61381,1980,0,2007,VERNON AVE,HARVARD BLVD,0,34001339,118182426,2,1
6,77,6,18,16,52,2,2,0,0,4,4,0,12,5,2,1,1,2,55,1,1,2,1,20,3,0,1,1,0,0,99,99,99,99,99,99,0,0,0,0,1,2,0,61382,0,0,2007,PELTIER RD,BRUELLA RD,0,38112242,121122631,2,1
6,41,6,18,17,15,1,1,0,0,6,4,0,1,0,1,6,1,2,30,2,1,2,1,40,3,0,1,1,0,0,99,99,99,99,0,0,0,0,0,0,1,2,0,61383,0,0,2007,RIDGECREST BLVD,1E+20,0,37561767,122392727,1,1
6,37,6,18,22,58,1,1,0,0,16,6,0,33,0,1,4,1,2,25,2,2,2,1,0,0,0,3,1,0,0,99,99,99,99,0,0,0,0,0,0,1,2,0,61384,4120,0,2007,EVENINGSIDE DR,1E+20,0,34021611,117550526,1,1
6,37,6,19,21,0,4,5,0,0,14,4,0,12,2,1,1,1,4,35,2,1,2,1,0,0,0,3,1,0,0,99,99,99,99,99,99,0,0,0,0,1,3,1,61385,0,0,2007,HOOPER AVE,1E+20,0,33574846,118151363,2,1
6,71,6,19,21,28,1,2,1,0,14,6,0,8,0,1,1,3,2,40,1,1,2,1,0,0,0,3,1,0,0,99,99,99,99,99,99,0,0,0,0,1,3,1,61386,3210,0,2007,REDLANDS BLVD,1E+20,0,34034723,117164363,1,1
6,83,6,19,21,33,1,2,0,1,2,2,0,1,0,1,1,2,2,65,2,2,2,1,0,0,0,2,1,0,0,99,99,99,99,99,99,0,0,0,0,1,3,1,61387,0,370,2007,US-101,1E+20,0,34274860,120043099,1,1
6,71,6,19,23,21,1,1,0,1,11,1,0,35,0,1,4,3,2,70,1,1,2,1,0,0,0,2,1,0,0,99,99,99,99,0,0,0,0,0,0,1,3,0,61388,0,169,2007,I-215,1E+20,0,34130701,117234990,1,1
6,109,6,20,13,0,1,2,0,0,6,4,0,1,0,1,6,1,2,25,1,1,4,1,0,0,0,1,1,0,0,99,99,99,99,0,0,0,0,0,0,1,4,1,61389,0,0,2007,ITALIAN BAR RD,1E+20,0,38055260,120201472,1,1
6,77,6,20,14,45,1,2,1,0,15,4,0,1,0,1,2,1,2,55,1,1,2,1,0,0,0,1,1,0,0,99,99,99,99,0,0,0,0,0,0,1,4,1,61390,0,0,2007,MANTHEY RD,1E+20,0,37534518,121170720,1,1
6,37,6,20,19,5,1,5,1,0,16,6,0,8,0,2,1,1,4,35,1,1,2,1,40,3,0,1,1,0,0,99,99,99,99,99,99,0,0,0,0,1,4,1,61391,1980,0,2007,8TH ST,ORME AVE,0,34013541,118125704,1,1
6,79,6,20,20,45,1,2,0,1,2,2,0,42,0,1,4,2,2,65,1,1,2,1,0,0,0,2,1,0,0,99,99,99,99,99,99,0,0,0,0,1,4,0,61392,2705,565,2007,US-101,1E+20,0,35371644,120410951,1,1
6,19,6,20,21,45,2,7,0,0,3,4,0,12,5,2,1,1,2,55,1,1,2,1,20,3,0,2,1,0,0,99,99,99,99,99,99,0,0,0,0,1,4,0,61393,0,0,2007,MOUNTAIN VIEW,ZEDIKER AVE,0,36324840,119311627,2,1
6,59,6,21,6,5,1,2,0,1,11,1,0,39,0,1,2,3,3,65,2,1,1,1,0,0,0,1,1,0,0,99,99,99,99,99,99,0,0,0,0,1,5,0,61394,880,103,2007,I-405,1E+20,0,33411509,117535718,1,1
6,59,6,21,6,17,2,2,0,0,13,6,0,12,2,1,1,1,4,45,1,1,2,1,0,0,0,1,1,0,0,99,99,99,99,99,99,0,0,0,0,1,5,0,61395,960,0,2007,KATELLA AVE,1E+20,0,33481040,118015808,2,1
6,107,6,21,8,39,4,5,0,1,2,3,0,12,7,1,1,2,2,65,1,1,2,1,0,0,0,1,1,0,0,99,99,99,99,99,99,0,0,0,0,2,5,0,61396,0,155,2007,SR-198,1E+20,0,36193671,119113889,4,1
6,73,6,21,14,25,1,1,0,0,3,4,0,1,0,1,6,1,2,50,2,1,2,1,40,3,0,1,1,0,0,99,99,99,99,0,0,0,0,0,0,1,5,0,61397,0,0,2007,OTAY LAKES RD,1E+20,0,32385259,116554524,1,1
6,21,6,21,15,20,1,1,0,0,6,4,0,1,0,1,1,1,2,55,1,1,2,1,0,0,0,1,1,0,0,99,99,99,99,99,99,0,0,0,0,1,5,0,61398,0,0,2007,ROAD C,1E+20,0,39413739,122161727,1,1
6,95,6,21,17,0,5,15,0,1,1,1,0,12,1,1,1,3,6,65,1,1,1,1,0,0,0,1,1,0,0,99,99,99,99,99,99,0,0,0,0,1,5,0,61399,0,421,2007,I-80,1E+20,0,38305468,121462974,5,1
6,1,6,21,17,52,1,2,1,1,14,6,0,33,0,1,4,1,4,30,1,1,2,1,0,0,0,1,1,0,0,99,99,99,99,0,0,0,0,0,0,1,5,0,61400,2480,0,2007,98TH AVE,1E+20,0,37442435,122104266,1,1
6,71,6,21,21,20,2,6,0,0,3,3,0,12,2,1,1,1,2,65,2,2,2,1,0,0,0,1,1,0,0,99,99,99,99,99,99,0,0,0,0,2,5,1,61401,0,1364,2007,SR-62,1E+20,0,34103914,114233243,2,1
6,71,6,22,13,8,1,4,0,1,1,1,0,43,0,1,4,2,2,70,2,1,1,1,0,0,0,1,1,0,0,99,99,99,99,99,99,0,0,0,0,3,6,0,61402,0,545,2007,I-40,1E+20,0,34433990,116051478,1,1
6,29,6,22,16,30,1,7,0,1,1,1,0,1,0,1,3,2,2,70,1,1,2,1,0,0,0,1,1,0,0,99,99,99,99,99,99,0,0,0,0,1,6,0,61403,0,408,2007,I-5,1E+20,0,35171822,119145105,1,1
6,73,6,22,17,57,1,1,0,0,12,3,0,27,0,13,4,6,4,99,2,2,2,1,0,0,0,1,1,0,0,99,99,99,99,0,0,0,0,0,0,1,6,0,61404,3260,63,2007,SR-56 RAMP,1E+20,0,32562201,117132276,1,1
6,65,6,22,20,45,1,2,0,0,6,4,0,1,0,1,1,1,2,55,2,1,2,1,40,3,0,2,1,0,0,99,99,99,99,0,0,0,0,0,0,2,6,2,61405,0,0,2007,TRIPP FLATS RD,1E+20,0,33341201,116441395,1,1
6,7,6,23,1,45,1,6,0,0,13,6,0,1,0,3,1,1,2,35,1,1,2,1,0,0,0,2,1,0,0,99,99,99,99,99,99,0,0,0,0,1,7,6,61406,2680,0,2007,SKYWAY,OLD SKYWAY,0,39484592,121344224,1,1
6,111,6,23,4,53,1,1,0,0,13,6,0,38,0,1,4,1,2,45,2,2,2,1,0,0,0,2,5,0,0,99,99,99,99,99,99,0,0,0,0,1,7,1,61407,3860,0,2007,MOORPARK RD,1E+20,0,34150901,118515010,1,5
6,85,6,23,6,24,1,2,1,0,13,6,0,33,0,1,4,3,3,35,1,1,2,1,0,0,0,1,1,0,0,99,99,99,99,99,99,0,0,0,0,1,7,1,61408,537,0,2007,HAMILTON AVE,1E+20,0,37173960,121564462,1,1
6,79,6,23,9,25,2,3,0,0,4,4,0,12,2,1,1,1,2,45,1,2,2,1,0,0,0,1,1,0,0,99,99,99,99,99,99,0,0,0,0,1,7,0,61409,0,0,2007,NACIMEINTO LAKE DR,1E+20,0,35412800,120480161,2,1
6,85,6,23,12,30,1,2,1,0,13,6,0,9,0,1,1,3,2,40,1,1,2,1,28,3,0,1,1,0,0,12,99,12,34,0,0,0,16,0,0,1,7,0,61410,3520,0,2007,SARATOGA AVE,1E+20,0,37171659,121594663,1,1
6,75,6,23,16,56,1,1,0,1,11,1,0,33,0,1,4,2,5,50,1,1,9,1,0,0,0,1,1,0,0,99,99,99,99,0,0,0,0,0,0,1,7,0,61411,3290,77,2007,I-80,1E+20,0,37462360,122242363,1,1
6,113,6,23,22,45,1,1,0,1,1,1,0,7,0,13,6,6,4,99,1,1,9,1,3,3,0,3,1,0,0,99,99,99,99,0,0,0,0,0,0,1,7,1,61412,4258,115,2007,I-5,NORTH EAST ST,0,38413696,121453030,1,1
6,37,6,24,0,30,1,2,0,1,2,3,0,35,0,1,4,3,3,65,2,2,2,1,0,0,0,2,1,0,0,99,99,99,99,99,99,0,0,0,0,1,1,1,61413,0,511,2007,SR-14,1E+20,0,34292438,118095741,1,1
6,55,6,24,2,18,1,1,0,0,3,3,0,35,0,1,4,1,2,55,2,1,2,1,0,0,0,2,1,0,0,99,99,99,99,0,0,0,0,0,0,1,1,1,61414,0,456,2007,SR-29,1E+20,0,38392051,122354348,1,1
6,35,6,24,12,0,1,1,0,0,4,4,0,17,0,1,6,1,2,55,2,1,2,1,0,0,0,1,1,0,0,99,99,99,99,0,0,0,0,0,0,1,1,0,61415,0,0,2007,DAY RD,1E+20,0,41070098,121195400,1,1
6,13,6,24,12,34,2,4,2,0,14,4,0,33,0,3,4,2,4,35,1,1,2,1,3,3,0,1,1,0,0,99,99,99,99,99,99,0,14,0,0,1,1,0,61416,0,0,2007,OLYMPIC BLVD,NEWELL AVE,0,37531725,122041591,2,1
6,19,6,24,20,25,1,3,0,0,6,4,0,30,0,1,4,1,2,55,1,1,2,1,0,0,0,5,1,0,0,99,99,99,99,99,99,0,0,0,0,2,1,0,61417,0,0,2007,CARUTHERS AVE,1E+20,0,36322266,119322547,1,1
6,67,6,24,22,1,1,3,1,0,13,6,0,8,0,1,1,5,4,40,1,2,2,1,0,0,0,3,1,0,0,99,99,99,99,0,0,0,0,0,0,1,1,0,61418,3150,0,2007,NORWOOD AVE,1E+20,0,38383456,121272486,1,1
6,99,6,24,22,5,1,1,0,0,5,4,0,30,0,1,4,1,2,55,1,1,2,1,0,0,0,2,1,0,0,99,99,99,99,0,0,0,0,0,0,1,1,1,61419,0,0,2007,LINWOOD AVE,1E+20,0,37284132,120533218,1,1
6,79,6,24,22,50,1,1,0,0,3,4,0,1,0,1,1,1,2,55,2,1,2,1,0,0,0,2,1,0,0,99,99,99,99,0,0,0,0,0,0,1,1,1,61420,0,0,2007,RIVER RD,1E+20,0,35434215,120410771,1,1
6,71,6,24,99,99,1,2,1,0,14,6,0,8,0,1,1,5,4,40,1,1,2,1,0,0,2,2,1,0,0,99,99,99,99,99,99,0,0,0,0,1,1,1,61421,2238,0,2007,ARROW HWY,1E+20,0,34053252,117411517,1,1
6,67,6,25,1,40,1,2,0,0,12,3,0,33,0,1,4,3,2,65,2,1,1,1,0,0,0,3,1,0,0,99,99,99,99,99,99,0,0,0,0,1,2,1,61422,3150,1,2007,SR-51 RAMP,1E+20,0,38383722,121063203,1,1
6,37,6,25,10,12,2,3,0,1,11,1,0,12,1,1,1,3,4,55,1,2,1,1,0,0,0,1,1,0,0,99,99,99,99,99,99,0,0,0,0,1,2,1,61423,1970,103,2007,I-710,1E+20,0,33534082,118111650,2,1
6,59,6,25,3,59,2,2,0,0,13,6,0,14,1,1,7,5,4,40,1,1,2,1,0,0,0,2,1,0,0,99,99,99,99,99,99,0,0,0,0,1,2,1,61424,1790,0,2007,LAMBERT RD,1E+20,0,33553169,117522887,1,1
6,1,6,25,12,14,1,2,1,0,13,6,0,8,0,3,1,1,4,25,1,1,2,1,2,3,0,1,1,0,0,99,99,99,99,99,99,0,0,0,0,1,2,0,61425,340,0,2007,TELEGRAPH AVE,BLAKE ST,0,37515089,122153092,1,1
6,27,6,25,99,99,1,1,0,0,3,3,0,1,0,1,1,1,2,65,2,1,2,1,0,0,0,2,1,0,0,99,99,99,99,0,0,0,0,0,0,1,2,0,61426,0,147,2007,SR-190,1E+20,0,36194539,117561936,1,1
6,19,6,26,0,2,1,2,1,0,13,6,0,8,0,1,1,3,3,40,1,1,2,1,0,0,2,2,1,0,0,99,99,99,99,99,99,0,0,0,0,1,3,1,61427,1370,0,2007,SHAW AVE,1E+20,0,36483105,119472156,1,1
6,37,6,26,3,5,1,1,0,1,12,2,0,41,0,1,4,3,4,65,1,1,2,1,0,0,0,2,1,0,0,99,99,99,99,0,0,0,0,0,0,1,3,0,61428,0,377,2007,US-101,1E+20,0,34085831,118482147,1,1
6,37,6,26,4,43,1,2,1,0,14,6,0,8,0,1,1,1,2,35,1,1,2,1,0,0,0,3,1,0,0,99,99,99,99,0,0,0,0,0,0,1,3,0,61429,3690,0,2007,SOUTHERN AVE,1E+20,0,33570236,118120805,1,1
6,29,6,26,8,48,2,4,1,1,2,3,0,14,1,1,4,3,3,55,1,1,1,1,0,0,0,1,1,0,0,99,99,99,99,99,99,0,0,0,0,1,3,0,61430,0,336,2007,SR-99,1E+20,0,35282534,119074669,1,1
6,73,6,26,16,20,2,10,0,0,4,4,0,12,2,1,1,1,2,55,2,1,2,1,0,0,0,1,1,0,0,99,99,99,99,99,99,0,0,0,0,2,3,0,61431,0,0,2007,GREAT S OVERLAND,1E+20,0,32524495,116061172,2,1
6,73,6,26,16,50,2,2,0,0,3,3,0,1,0,1,1,1,2,55,2,1,2,1,40,3,1,1,1,0,0,99,99,99,99,99,99,0,0,0,0,1,3,1,61432,0,219,2007,SR-76,1E+20,0,33214523,117060836,2,1
6,65,6,26,17,9,2,4,0,0,14,6,0,12,5,2,1,9,5,25,1,1,2,1,3,3,0,1,1,0,0,99,99,99,99,99,99,0,0,0,0,1,3,1,61433,3070,0,2007,MARTIN LUTHER KING,OTTAWA AVE,0,33580549,117211035,2,1
6,37,6,27,6,50,5,6,0,1,13,6,0,12,2,1,1,1,6,35,1,1,2,1,0,0,0,1,1,0,0,99,99,99,99,99,99,0,14,0,0,1,4,0,61434,1980,0,2007,CENTURY BLVD,1E+20,0,33564376,118172737,5,1
6,65,6,27,15,25,2,3,0,0,13,4,0,13,5,1,1,2,2,55,1,1,2,1,0,0,0,1,1,0,0,99,99,99,99,99,99,0,0,0,0,1,4,0,61435,0,0,2007,ETIWANDA AVE,1E+20,0,34001850,117312805,2,1
6,83,6,27,18,58,3,3,2,1,12,3,0,12,1,1,1,2,2,65,1,2,2,1,0,0,0,1,1,0,0,99,99,99,99,99,99,0,19,0,0,1,4,0,61436,0,260,2007,SR-1,1E+20,0,34431122,120292741,3,1
6,87,6,27,19,49,1,2,1,1,13,3,0,8,0,1,1,5,2,45,1,2,2,1,0,0,0,1,1,0,0,99,99,99,99,0,0,0,0,0,0,1,4,0,61437,0,287,2007,SR-1,1E+20,0,36590912,122012838,1,1
6,107,6,28,5,45,1,1,0,0,6,4,0,30,0,1,4,1,2,55,1,1,2,1,0,0,0,1,1,0,0,99,99,99,99,0,0,0,0,0,0,1,5,1,61438,0,0,2007,AVENUE 288,1E+20,0,36184360,119111053,1,1
6,61,6,28,7,35,1,2,1,0,16,6,0,9,0,3,1,1,4,35,1,2,2,1,20,3,0,1,1,0,0,99,99,99,99,0,0,0,0,0,0,1,5,0,61439,1890,0,2007,JOINER PKWY,STANMARK DR,0,38523022,121180276,1,1
6,71,6,28,12,19,2,5,0,1,14,3,0,12,2,1,3,2,2,65,1,1,2,1,0,0,0,1,1,0,0,99,99,99,99,99,99,0,0,0,0,1,5,0,61440,4291,256,2007,SR-62,1E+20,0,34080650,116110836,2,1
6,37,6,28,14,8,1,1,0,1,12,3,0,33,0,1,4,3,5,65,1,1,1,1,0,0,0,1,1,0,0,99,99,99,99,0,0,0,0,0,0,1,5,1,61441,1980,169,2007,SR-170,1E+20,0,34101748,118231745,1,1
6,111,6,28,14,10,2,2,0,1,2,3,0,12,5,2,1,1,4,60,1,1,2,1,3,3,0,1,1,0,0,99,99,99,99,0,0,0,0,0,0,1,5,0,61442,0,283,2007,SR-126,TORREY RD,0,34241803,118474074,2,1
6,85,6,28,18,35,1,1,0,0,16,6,0,30,0,1,4,1,2,25,2,2,2,1,0,0,0,1,1,0,0,99,99,99,99,0,0,0,0,0,0,1,5,0,61443,3340,0,2007,ARCADE AVE,1E+20,0,37191687,121462822,1,1
6,97,6,29,4,10,1,1,0,0,15,4,0,30,0,1,4,1,2,50,1,1,2,1,0,0,0,2,1,0,0,99,99,99,99,0,0,0,0,0,0,1,6,1,61444,0,0,2007,OLD REDWOOD HWY,1E+20,0,38345004,122504145,1,1
6,23,6,28,17,0,2,4,0,1,2,2,0,12,4,1,1,1,2,55,2,1,2,2,0,0,0,1,2,0,0,99,99,99,99,99,99,0,0,0,0,1,5,0,61445,0,1249,2007,US-101,1E+20,0,41195705,124015013,2,2
6,29,6,28,18,0,1,4,0,1,2,3,0,38,0,1,4,1,2,55,1,1,2,1,0,0,0,1,1,0,0,99,99,99,99,99,99,0,0,0,0,1,5,0,61446,0,67,2007,SR-46,1E+20,0,35402980,120052723,1,1
6,37,6,28,18,20,3,4,0,1,13,6,0,12,2,1,1,1,4,35,2,1,2,1,0,0,0,1,1,0,0,99,99,99,99,99,99,0,14,0,0,1,5,1,61447,1980,0,2007,JOHN S GIBSON,1E+20,0,33460663,118165129,3,1
6,17,6,28,18,36,2,3,0,0,14,6,0,12,5,2,1,1,2,25,1,1,2,1,20,3,0,1,1,0,0,99,99,99,99,99,99,0,0,0,0,1,5,0,61448,3697,0,2007,sierra bl,alma ave,0,38551340,119585070,2,1
6,75,6,28,22,18,1,1,0,1,12,3,0,23,0,1,4,3,2,50,1,2,2,1,0,0,0,3,1,0,0,99,99,99,99,0,0,0,0,0,0,1,5,1,61449,3290,44,2007,SR-101,1E+20,0,37481984,122282493,1,1
6,59,6,29,5,11,2,2,0,1,11,1,0,12,1,1,2,3,5,65,1,1,1,1,0,0,0,1,1,0,0,99,99,99,99,99,99,0,0,0,0,1,6,0,61450,1713,58,2007,I-405,1E+20,0,33401383,117493127,2,1
6,67,6,29,14,20,2,6,0,0,13,4,0,33,0,1,3,3,2,45,1,1,2,1,0,0,0,1,1,0,0,99,99,99,99,99,99,0,0,0,0,2,6,0,61451,0,0,2007,ELKHORN BLVD,1E+20,0,38412568,121240600,2,1
6,59,6,29,15,54,2,2,0,1,12,3,0,1,0,1,1,3,6,65,1,1,1,1,0,0,0,1,1,0,0,99,99,99,99,99,99,0,14,0,0,1,6,0,61452,0,165,2007,SR-91,1E+20,0,33520213,117423988,2,1
6,5,6,29,16,10,1,1,0,0,3,3,0,38,0,1,6,1,2,65,1,1,2,1,0,0,0,1,1,0,0,99,99,99,99,0,0,0,0,0,0,1,6,0,61453,0,40,2007,SR-16,1E+20,0,38275134,120573564,1,1
6,47,6,29,21,42,2,5,0,1,2,3,0,23,0,1,4,2,2,65,1,1,1,1,0,0,1,2,1,0,0,99,99,99,99,99,99,0,0,0,0,1,6,0,61454,0,173,2007,SR-99,1E+20,0,37090882,120172644,2,1
6,107,6,29,21,54,2,1,0,0,4,4,0,18,0,1,6,1,2,55,1,1,2,1,0,0,0,2,1,0,0,99,99,99,99,0,0,0,0,0,0,1,6,1,61455,0,0,2007,ORNAGE BELT DR,1E+20,0,36070844,119025105,1,1
6,67,6,29,23,30,1,2,1,0,13,4,0,8,0,1,1,5,4,35,1,1,2,1,0,0,2,3,1,0,0,99,99,99,99,0,0,0,0,0,0,1,6,1,61456,0,0,2007,STOCKTON BLVD,1E+20,0,38312438,121263070,1,1
6,81,6,29,23,47,1,2,1,0,15,6,0,8,0,3,1,1,2,25,1,2,2,1,0,0,0,3,5,0,0,99,99,99,99,0,0,0,0,0,0,1,6,1,61457,970,0,2007,SAN FERNANDO WAY,SULLIVAN AVE,0,37410150,122282076,1,5
6,19,6,30,2,6,1,2,0,0,16,6,0,43,0,1,4,1,2,40,1,2,2,1,0,0,0,3,1,0,0,99,99,99,99,99,99,0,0,0,0,1,7,1,61458,1370,0,2007,FRUIT ST,1E+20,0,36473797,119490309,1,1
6,87,6,30,8,25,2,6,0,1,2,3,0,12,7,1,1,3,2,65,2,2,2,1,0,0,0,1,1,0,0,99,99,99,99,99,99,0,0,0,0,1,7,0,61459,0,85,2007,SR-1,1E+20,0,36581605,121522880,2,1
6,37,6,30,14,45,2,2,0,0,14,6,0,12,2,1,1,1,2,55,1,1,2,1,0,0,0,1,1,0,0,99,99,99,99,99,99,0,0,0,0,2,7,1,61460,2645,0,2007,AVENUE T,1E+20,0,34323400,118003595,2,1
6,29,6,30,17,6,1,2,1,0,16,6,0,8,0,3,1,3,2,30,1,1,2,1,3,3,2,1,1,0,0,99,99,99,99,99,99,0,0,0,0,1,7,0,61461,160,207,2007,BEAR MOUNTAIN BLVD,HILL ST,0,35123290,118495133,1,1
6,19,6,30,23,28,1,1,0,0,3,3,0,1,0,1,4,1,2,55,2,1,2,1,0,0,0,3,1,0,0,99,99,99,99,0,0,0,0,0,0,1,7,1,61462,0,410,2007,SR-145,1E+20,0,36490948,120032295,1,1
6,37,7,2,5,40,1,2,1,0,14,6,0,8,0,2,1,1,4,30,1,1,2,1,2,3,0,4,1,0,0,99,99,99,99,0,0,0,0,0,0,1,2,0,61463,1970,0,2007,ANAHEIM ST,GARDENIA AVE,0,33465735,118100743,1,1
6,65,7,2,16,43,2,2,0,0,14,6,0,12,5,2,1,1,4,45,2,1,2,1,0,0,0,1,1,0,0,99,99,99,99,0,0,0,0,0,0,1,2,0,61464,850,0,2007,HIDDEN VALLEY PKWY,VIA BLAIRO,0,33535292,117330984,2,1
6,29,7,2,18,25,2,2,0,0,3,4,0,12,5,1,1,1,2,55,1,1,2,1,0,0,0,1,1,0,0,99,99,99,99,99,99,0,0,0,0,1,2,1,61465,0,151,2007,SR-223,1E+20,0,35123107,118555241,2,1
6,81,7,2,19,4,1,3,1,0,13,3,0,8,0,3,1,1,4,35,1,1,2,1,2,3,0,1,1,0,0,99,99,99,99,99,99,0,0,0,0,1,2,0,61466,490,134,2007,SR-82,CHAPIN AVE,0,37343622,122210471,1,1
6,19,7,2,19,40,1,2,0,0,6,4,0,31,0,1,4,1,2,55,1,1,2,1,0,0,0,1,1,0,0,99,99,99,99,99,99,0,0,0,0,1,2,1,61467,0,0,2007,SOUTH AVE,1E+20,0,36370541,119223132,1,1
6,59,7,2,20,50,1,2,1,0,14,6,0,8,0,1,1,5,4,50,1,1,2,1,0,0,0,3,1,0,0,99,99,99,99,0,0,0,0,0,0,1,2,1,61468,3351,0,2007,STONEHILL DR,1E+20,0,33282723,117404210,1,1
6,37,7,2,20,52,1,2,1,1,12,3,0,8,0,1,1,3,6,65,1,1,1,1,0,0,0,3,1,0,0,99,99,99,99,0,0,0,0,0,0,1,2,0,61469,0,38,2007,SR-60,1E+20,0,34021123,118094053,1,1
6,83,7,3,0,35,2,3,1,1,12,2,0,8,0,1,2,3,2,65,1,1,2,1,0,0,2,2,1,0,0,99,99,99,99,99,99,0,0,0,0,1,3,2,61470,1445,234,2007,US-101,1E+20,0,34261644,119505883,1,1
6,37,7,3,2,55,2,2,0,1,11,1,0,12,1,1,1,3,6,65,1,1,2,1,0,0,1,3,1,0,0,99,99,99,99,0,0,0,0,0,0,1,3,1,61471,0,403,2007,I-5,1E+20,0,34163980,118271454,2,1
6,1,7,3,5,55,1,1,0,1,12,3,0,1,0,5,1,6,2,30,2,1,1,1,0,0,0,4,1,0,0,99,99,99,99,99,99,0,0,0,0,1,3,0,61472,2480,44,2007,SR-24,1E+20,0,37511606,122130909,1,1
6,29,7,3,9,0,2,2,0,1,12,3,0,12,1,1,1,3,3,70,1,1,2,1,0,0,0,1,1,0,0,99,99,99,99,0,0,0,19,0,0,1,3,0,61473,1000,560,2007,SR-99,1E+20,0,35460049,119150090,2,1
6,97,7,3,9,10,1,1,0,0,4,4,0,42,0,1,4,1,2,55,1,1,2,1,0,0,0,1,1,0,0,99,99,99,99,0,0,0,0,0,0,1,3,1,61474,0,0,2007,GUERNEVILLE RD,1E+20,0,38270868,122491825,1,1