STATE,COUNTY,MONTH,DAY,HOUR,MINUTE,VE_TOTAL,PERSONS,PEDS,NHS,ROAD_FNC,ROUTE,SP_JUR,HARM_EV,MAN_COLL,REL_JUNC,REL_ROAD,TRAF_FLO,NO_LANES,SP_LIMIT,ALIGNMNT,PROFILE,PAVE_TYP,SUR_COND,TRA_CONT,T_CONT_F,HIT_RUN,LGT_COND,WEATHER1,WEATHER2,C_M_ZONE,NOT_HOUR,NOT_MIN,ARR_HOUR,ARR_MIN,HOSP_HR,HOSP_MN,SCH_BUS,CF1,CF2,CF3,FATALS,DAY_WEEK,DRUNK_DR,ST_CASE,CITY,MILEPT,YEAR,TWAY_ID,TWAY_ID2,RAIL,LATITUDE,LONGITUD,VE_FORMS,WEATHER
6,59,7,3,14,0,2,2,0,1,12,3,0,12,1,1,1,3,6,65,1,1,2,1,0,0,1,1,1,0,0,99,99,99,99,99,99,0,0,0,0,1,3,0,61475,3960,123,2007,SR-55,1E+20,0,33460493,117495219,2,1
6,37,7,3,17,30,2,2,0,0,13,6,0,12,5,2,1,1,4,45,1,1,2,1,20,3,0,1,1,0,0,99,99,99,99,99,99,0,0,0,0,1,3,0,61476,2870,0,2007,VALLEY BLVD,OMAR ST,0,34032307,117481947,2,1
6,65,7,3,19,20,1,1,0,0,6,4,0,35,0,1,4,1,2,25,2,2,2,1,0,0,0,1,1,0,0,99,99,99,99,0,0,0,0,0,0,1,3,1,61477,0,0,2007,SAUNDERS MEADOW DR,1E+20,0,33440963,116430122,1,1
6,23,7,3,19,50,1,1,0,1,2,2,0,1,0,1,1,2,9,65,1,2,2,1,98,3,0,1,1,0,1,99,99,99,99,99,99,0,0,0,0,1,3,0,61478,0,634,2007,US-101,1E+20,0,40365533,124114601,1,1
6,111,7,3,21,5,2,6,0,1,12,2,0,12,1,1,1,3,5,65,1,1,1,1,0,0,0,2,1,0,0,99,99,99,99,99,99,0,0,0,0,1,3,1,61479,3860,23,2007,US-101,1E+20,0,34102232,118505202,2,1
6,73,7,4,0,40,2,2,0,1,11,1,0,12,1,1,1,3,4,65,1,1,2,1,0,0,0,2,1,0,0,99,99,99,99,0,0,0,0,0,0,1,4,1,61480,1200,324,2007,I-15,1E+20,0,33081778,117061836,2,1
6,67,7,4,1,5,1,2,1,1,12,3,0,8,0,1,1,2,3,65,1,1,2,1,0,0,2,2,1,0,0,99,99,99,99,0,0,0,0,0,0,1,4,0,61481,3150,191,2007,SR-99,1E+20,0,38292982,121262774,1,1
6,65,7,4,6,45,1,8,0,1,1,1,0,1,0,1,1,2,2,70,2,1,2,1,0,0,0,1,1,0,0,99,99,99,99,99,99,0,0,0,0,1,4,0,61482,0,811,2007,I-10,1E+20,0,33393795,115484078,1,1
6,111,7,4,10,45,1,1,0,0,3,3,0,1,0,1,4,1,2,55,2,1,2,1,40,3,0,1,1,0,0,99,99,99,99,0,0,0,0,0,0,1,4,0,61483,0,434,2007,SR-33,1E+20,0,34391746,119225308,1,1
6,71,7,4,11,20,1,5,0,1,11,1,0,1,0,1,3,3,4,65,1,1,1,1,0,0,0,1,1,0,0,99,99,99,99,99,99,0,0,0,0,1,4,0,61484,2922,63,2007,I-15,1E+20,0,34065701,117311336,1,1
6,37,7,4,20,20,1,6,0,1,1,1,0,33,0,1,4,2,4,65,1,2,2,1,0,0,0,5,1,0,0,99,99,99,99,99,99,0,0,0,0,2,4,1,61485,0,807,2007,I-5,1E+20,0,34485939,118525794,1,1
6,29,7,4,99,99,1,1,0,0,4,3,0,38,0,1,4,1,2,55,1,1,2,1,0,0,0,2,1,0,0,99,99,99,99,0,0,0,0,0,0,1,4,1,61486,0,582,2007,SR-33,1E+20,0,35361048,119511054,1,1
6,21,7,5,9,0,1,1,0,0,5,4,0,43,0,1,4,1,2,55,2,2,2,1,0,0,0,1,1,0,0,99,99,99,99,0,0,0,0,0,0,1,5,0,61487,0,0,2007,NEWVILLE RD,1E+20,0,39473285,122313334,1,1
6,37,7,5,10,20,3,2,0,0,15,6,0,12,2,1,1,1,4,35,1,1,2,1,0,0,0,1,1,0,0,99,99,99,99,99,99,0,0,0,0,1,5,0,61488,1980,0,2007,MOTOR AVE,1E+20,0,34013151,118242801,2,1
6,37,7,6,1,40,1,1,0,0,13,6,0,33,0,1,4,1,4,35,2,1,2,1,0,0,0,2,1,0,0,99,99,99,99,0,0,0,0,0,0,1,6,1,61489,1980,0,2007,SUNSET BLVD,1E+20,0,34072924,118035222,1,1
6,37,7,6,5,45,2,2,0,0,16,6,0,12,2,1,1,1,4,65,2,2,2,1,0,0,0,1,1,0,0,99,99,99,99,99,99,0,0,0,0,1,6,0,61490,2645,0,2007,PEARBLOSSOM HWY,1E+20,0,34322548,118044546,2,1
6,59,7,6,10,37,2,3,0,1,11,1,0,12,5,1,1,3,5,65,1,1,1,1,0,0,0,1,1,0,0,99,99,99,99,99,99,0,0,0,0,1,6,0,61491,80,422,2007,I-5,1E+20,0,33512672,117584714,2,1
6,37,7,6,10,48,3,3,0,0,15,4,0,12,1,1,1,1,2,25,1,1,2,1,0,0,1,1,1,0,0,99,99,99,99,0,0,0,0,0,0,1,6,0,61492,0,0,2007,GAGE AVE,1E+20,0,34025751,118110519,2,1
6,33,7,6,13,5,1,4,0,0,5,4,0,43,0,3,4,1,2,40,1,1,2,1,20,3,3,1,1,0,0,99,99,99,99,99,99,0,0,0,0,1,6,0,61493,0,0,2007,BELL HILL RD,RENFRO DR,0,38583045,122512548,1,1
6,59,7,6,21,19,2,2,0,0,13,6,0,12,5,2,1,5,6,45,1,1,2,1,0,0,0,3,1,0,0,99,99,99,99,0,0,0,0,0,0,1,6,0,61494,4130,0,2007,BOLSA CHICA RD,LOYOLA AVE,0,33454591,118023379,2,1
6,99,7,6,22,57,1,1,0,0,6,4,0,27,0,1,2,1,1,25,1,1,2,1,0,0,0,2,1,0,0,99,99,99,99,99,99,0,0,0,0,1,6,1,61495,0,0,2007,POWELL RD,1E+20,0,37320408,120471276,1,1
6,65,7,7,2,6,1,2,1,0,14,6,0,8,0,1,1,5,6,45,1,1,2,1,0,0,0,3,1,0,0,99,99,99,99,99,99,0,0,0,0,1,7,1,61496,2276,0,2007,ALESSANDRO BLVD,1E+20,0,33550183,117135209,1,1
6,71,7,7,2,10,1,2,0,1,1,1,0,1,0,1,2,2,2,70,1,1,2,1,0,0,0,2,1,0,0,99,99,99,99,99,99,0,0,0,0,1,7,0,61497,0,915,2007,I-40,1E+20,0,34465541,115261324,1,1
6,53,7,7,9,48,1,2,1,1,12,2,0,8,0,1,1,2,2,60,1,2,2,1,0,0,2,1,1,0,0,99,99,99,99,99,99,0,19,0,0,1,7,0,61498,0,954,2007,US-101,1E+20,0,36510548,121380770,1,1
6,45,7,7,11,45,2,3,0,1,2,2,0,12,8,1,1,1,2,55,2,1,2,1,0,0,0,1,1,0,0,99,99,99,99,99,99,0,0,0,0,1,7,0,61499,0,502,2007,US-101,1E+20,0,39102567,123124587,2,1
6,65,7,7,13,15,2,3,0,0,4,4,0,12,5,2,1,1,4,40,1,1,2,1,0,0,0,1,1,0,0,99,99,99,99,99,99,0,0,0,0,1,7,0,61500,0,0,2007,CENTER ST,WALKER AVE,0,34005638,117193007,2,1
6,71,7,7,14,20,2,2,0,0,6,4,0,12,5,2,1,1,2,99,1,2,5,1,0,0,0,1,1,0,0,99,99,99,99,0,0,0,0,0,0,1,7,0,61501,0,0,2007,LA BRISA DR,CENTER AVE,0,34122822,116172604,2,1
6,39,7,7,14,30,1,2,0,0,4,4,0,46,0,6,1,1,2,55,1,1,2,1,60,3,0,1,1,0,0,99,99,99,99,99,99,0,0,0,0,1,7,0,61502,0,0,2007,AVENUE 21,1E+20,028623R,37030756,120054990,1,1
6,65,7,7,15,0,1,1,0,1,11,1,0,1,0,1,2,3,3,70,1,1,2,1,0,0,0,1,1,0,0,99,99,99,99,0,0,0,0,0,0,1,7,1,61503,2327,118,2007,I-15,1E+20,0,33343297,117131526,1,1
6,31,7,7,17,42,1,3,0,1,2,3,0,1,0,1,4,2,2,65,1,1,2,1,0,0,0,1,1,0,0,99,99,99,99,99,99,0,0,0,0,1,7,0,61504,0,471,2007,SR-41,1E+20,0,36230658,119483394,1,1
6,73,7,7,20,45,1,1,0,0,6,4,0,35,0,1,4,1,2,55,2,2,5,1,0,0,0,2,1,0,0,99,99,99,99,0,0,0,0,0,0,1,7,1,61505,0,0,2007,EMERY RD,1E+20,0,32353817,116375903,1,1
6,65,7,7,22,2,2,3,0,0,4,4,0,12,5,1,1,5,4,60,1,1,2,1,0,0,0,2,1,0,0,99,99,99,99,99,99,0,0,0,0,1,7,1,61506,0,0,2007,PALM DR,1E+20,0,33545335,116300605,2,1
6,111,7,7,22,30,3,5,0,0,15,6,0,12,5,2,1,2,2,30,1,1,2,1,20,3,0,3,1,0,0,99,99,99,99,99,99,0,0,0,0,1,7,1,61507,2620,0,2007,J ST,YUCCA ST,0,34095760,119110856,2,1
6,59,7,8,0,21,3,3,0,1,11,1,0,1,0,1,1,3,7,65,1,1,1,1,0,0,0,3,1,0,1,99,99,99,99,99,99,0,0,0,0,1,1,0,61508,3558,227,2007,I-405,1E+20,0,33462748,118043564,3,1
6,39,7,8,1,30,1,5,0,0,6,4,0,42,0,1,4,1,2,55,1,1,2,1,0,0,0,2,1,0,0,99,99,99,99,99,99,0,0,0,0,1,1,0,61509,0,0,2007,ROAD 38,1E+20,0,36551351,119512853,1,1
6,29,7,8,1,35,1,2,0,0,14,4,0,33,0,1,4,1,4,40,2,1,2,1,0,0,0,3,1,0,0,99,99,99,99,99,99,0,0,0,0,1,1,0,61510,0,0,2007,ROBERTS LN,1E+20,0,35243087,119023043,1,1
6,87,7,8,2,47,2,2,0,0,14,3,0,12,2,1,1,1,2,45,1,1,2,1,0,0,0,2,1,0,0,99,99,99,99,99,99,0,0,0,0,1,1,2,61511,0,139,2007,SR-9,1E+20,0,37081335,122074161,2,1
6,73,7,8,3,14,2,6,0,1,11,1,0,12,3,1,1,3,4,65,1,1,1,1,0,0,0,3,1,0,0,99,99,99,99,99,99,0,0,0,0,3,1,0,61512,1182,439,2007,I-5,1E+20,0,33045092,117174945,2,1
6,85,7,8,11,44,1,2,0,1,2,3,0,24,0,1,3,3,2,65,2,2,2,1,0,0,0,1,1,0,0,99,99,99,99,99,99,0,0,0,0,1,1,0,61513,0,282,2007,SR-152,1E+20,0,37011864,121340419,1,1
6,59,7,8,13,38,2,5,0,1,12,3,0,12,1,1,1,2,4,65,1,2,2,1,0,0,0,1,1,0,0,99,99,99,99,99,99,0,0,0,0,1,1,1,61514,80,369,2007,SR-241,1E+20,0,33491032,117430338,2,1
6,21,7,8,16,20,2,7,0,1,1,1,0,41,0,1,3,2,2,70,1,1,2,1,0,0,0,1,1,0,0,99,99,99,99,99,99,0,0,0,0,4,1,1,61515,0,92,2007,I-5,1E+20,0,39254258,122113547,2,1
6,19,7,8,18,27,3,6,0,0,4,4,0,12,8,1,1,1,2,55,2,2,2,1,0,0,1,1,1,0,0,99,99,99,99,99,99,0,0,0,0,2,1,1,61516,0,0,2007,FRIANT RD,1E+20,0,36544127,119443118,3,1
6,103,7,8,18,45,1,6,0,1,1,1,0,34,0,1,4,2,2,70,1,1,2,1,0,0,0,1,1,0,0,99,99,99,99,99,99,0,0,0,0,2,1,0,61517,0,163,2007,I-5,1E+20,0,40045124,122125995,1,1
6,59,7,8,20,30,1,1,0,0,16,6,0,33,0,1,4,1,2,25,2,2,2,1,0,0,0,3,1,0,0,99,99,99,99,0,0,0,0,0,0,1,1,1,61518,3250,0,2007,CALLE EXTREMO,1E+20,0,33302069,117385177,1,1
6,71,7,8,20,48,2,3,0,1,11,1,0,12,7,1,1,3,3,65,1,2,1,1,0,0,0,2,1,0,0,99,99,99,99,0,0,0,0,0,0,1,1,1,61519,3210,62,2007,I- 215,1E+20,0,34053642,117180641,2,1
6,77,7,8,21,15,2,2,0,0,6,4,0,12,1,2,1,1,2,55,1,1,2,1,0,0,0,2,1,0,0,99,99,99,99,99,99,0,0,0,0,1,1,1,61520,0,0,2007,E FRONTAGE RD,CARPENTER RD,0,37552838,121134972,2,1
6,95,7,9,2,25,1,1,0,0,16,6,0,30,0,1,4,4,1,35,1,1,2,1,0,0,0,2,1,0,0,99,99,99,99,99,99,0,0,0,0,1,2,0,61521,1020,0,2007,OLD HWY 40,1E+20,0,38263757,121493748,1,1
6,9,7,9,15,48,2,3,0,0,3,3,0,1,0,1,1,1,2,55,2,2,2,1,0,0,0,1,1,0,0,99,99,99,99,0,0,0,0,0,0,1,2,0,61522,0,434,2007,SR-4,1E+20,0,38084080,120270088,2,1
6,55,7,10,4,45,1,4,0,0,4,4,0,18,0,1,1,1,2,55,2,2,2,1,0,0,0,2,1,0,0,99,99,99,99,99,99,0,0,0,0,1,3,0,61523,0,0,2007,CHILES-POPE VLY RD,1E+20,0,38370328,122252262,1,1
6,37,7,10,15,17,2,2,0,1,11,1,0,12,7,1,1,3,5,65,2,2,1,1,0,0,0,1,1,0,0,99,99,99,99,99,99,0,0,0,0,1,3,0,61524,30,227,2007,I-10,1E+20,0,34041797,118084340,2,1
6,1,7,10,18,45,1,2,1,0,4,4,0,43,0,1,4,1,2,50,2,2,2,1,28,3,0,1,1,0,0,99,99,99,99,99,99,0,0,0,0,1,3,0,61525,0,0,2007,PATTERSON PASS RD,1E+20,0,37422667,121343002,1,1
6,101,7,11,4,48,2,3,0,0,2,3,0,12,2,1,1,5,4,60,1,1,2,1,0,0,0,2,1,0,0,99,99,99,99,99,99,0,0,0,0,1,4,0,61526,0,242,2007,SR-99,1E+20,0,39025365,121375934,2,1
6,111,7,11,11,2,2,2,0,1,12,2,0,12,1,1,1,3,5,65,1,1,2,1,0,0,0,1,1,0,0,99,99,99,99,0,0,0,0,0,0,1,4,0,61527,3860,11,2007,US-101,1E+20,0,34093737,118494603,2,1
6,19,7,11,14,58,1,3,0,0,5,4,0,42,0,1,4,1,2,50,1,1,2,1,0,0,0,1,1,0,0,99,99,99,99,99,99,0,0,0,0,3,4,1,61528,0,0,2007,KEARNEY BLVD,1E+20,0,36434179,119503428,1,1
6,65,7,11,22,55,1,1,0,0,3,3,0,1,0,1,4,1,2,55,2,1,2,1,0,0,0,2,1,0,0,99,99,99,99,0,0,0,0,0,0,1,4,1,61529,0,57,2007,SR-74,1E+20,0,33450306,116434131,1,1
6,39,7,12,1,0,1,1,0,0,4,4,0,1,0,1,4,1,2,55,2,1,2,1,40,3,0,2,1,0,0,99,99,99,99,0,0,0,0,0,0,1,5,1,61530,0,0,2007,AVENUE 20 1/2,1E+20,0,37025185,120090884,1,1
6,71,7,12,5,56,3,7,0,0,13,6,0,12,5,2,1,1,2,50,1,1,2,1,3,3,0,1,1,0,0,99,99,99,99,99,99,0,0,0,0,1,5,1,61531,2550,0,2007,RIVERSIDE DR,MILLIKEN AVE,0,34010799,117332970,3,1
6,31,7,12,11,55,1,3,0,1,1,1,0,1,0,1,2,2,2,70,1,1,2,1,0,0,0,1,1,0,0,99,99,99,99,99,99,0,0,0,0,1,5,0,61532,0,10,2007,I-5,1E+20,0,36040978,120052408,1,1
6,95,7,12,15,2,3,3,0,0,14,6,0,12,1,3,1,1,6,35,1,1,2,1,3,3,0,1,1,0,0,99,99,99,99,99,99,0,0,0,0,1,5,0,61533,4010,0,2007,ELMIRA RD,ALISON DR,0,38210791,121575397,3,1
6,109,7,12,16,0,2,5,0,0,3,3,0,12,2,1,1,1,2,55,2,1,2,1,0,0,0,1,1,0,0,99,99,99,99,99,99,0,0,0,0,1,5,0,61534,0,335,2007,SR-108,1E+20,0,38115958,120002601,2,1
6,89,7,12,17,35,2,5,0,1,11,1,0,1,0,5,1,6,2,70,1,2,2,1,0,0,0,1,1,0,0,99,99,99,99,99,99,0,0,0,0,1,5,0,61535,90,34,2007,I-5 RAMP,1E+20,0,40252531,122165673,2,1
6,9,7,12,17,50,1,1,0,0,4,4,0,33,0,1,4,1,2,55,1,1,2,1,0,0,0,1,1,0,0,99,99,99,99,99,99,0,0,0,0,1,5,0,61536,0,0,2007,S CAMANCHE PKWY,1E+20,0,38131881,120530368,1,1
6,13,7,12,18,10,1,1,0,1,11,1,0,25,0,1,3,3,4,65,1,1,2,1,0,0,0,1,1,0,0,99,99,99,99,99,99,0,0,0,0,1,5,0,61537,3010,64,2007,I-80,1E+20,0,37585003,122190174,1,1
6,97,7,12,19,55,1,1,0,1,12,2,0,1,0,1,8,2,2,55,1,1,2,1,0,0,0,1,1,0,1,99,99,99,99,99,99,0,0,0,0,1,5,1,61538,3490,200,2007,US-101,1E+20,0,38260485,122430092,1,1
6,51,7,12,20,27,1,1,0,1,3,3,0,17,0,1,4,1,2,55,1,1,2,1,0,0,0,5,1,0,0,99,99,99,99,0,0,0,0,0,0,1,5,0,61539,0,49,2007,SR-120,1E+20,0,37560849,119135849,1,1
6,1,7,12,21,50,1,1,0,0,3,4,0,38,0,1,2,1,2,45,2,2,2,1,0,0,0,2,1,0,0,99,99,99,99,0,0,0,0,0,0,1,5,1,61540,0,0,2007,CALAVERAS RD,1E+20,0,37340637,121514627,1,1
6,37,7,12,22,30,3,3,0,1,12,2,0,12,1,1,1,3,5,55,1,2,2,1,0,0,1,3,1,0,0,99,99,99,99,99,99,0,0,0,0,1,5,1,61541,1980,89,2007,US-101,1E+20,0,34072946,118203762,3,1
6,73,7,13,1,21,2,4,0,0,13,6,0,12,5,2,1,2,3,45,1,1,2,1,3,3,0,3,1,0,0,99,99,99,99,99,99,0,0,0,0,1,6,1,61542,3260,0,2007,GENESEE AVE,LA JOLLA VILLAGE DR,0,32522141,117125100,2,1
6,111,7,13,7,33,2,2,0,0,16,6,0,12,5,2,1,1,2,25,1,1,2,1,0,0,0,1,1,0,0,99,99,99,99,99,99,0,0,0,0,1,6,0,61543,3641,0,2007,MAYFAIR ST,WINTHROP CT,0,34164974,118460774,2,1
6,31,7,13,14,38,2,4,0,1,2,3,0,12,2,1,1,1,2,55,1,1,2,1,0,0,0,1,1,0,0,99,99,99,99,99,99,0,0,0,0,1,6,0,61544,0,71,2007,SR-41,1E+20,0,35523725,120032862,2,1
6,29,7,13,14,40,1,2,1,0,14,4,0,8,0,1,1,5,4,40,1,1,2,1,0,0,0,1,1,0,0,99,99,99,99,99,99,0,0,0,0,1,6,0,61545,0,0,2007,ROBERTS LN,1E+20,0,35245263,119030694,1,1
6,37,7,13,15,15,2,4,0,0,13,4,0,12,5,2,1,1,6,40,1,1,2,1,3,3,0,1,1,0,0,99,99,99,99,99,99,0,0,0,0,2,6,0,61546,0,0,2007,MULBERRY DR,MILLS AVE,0,33563432,118013946,2,1
6,17,7,13,16,8,3,3,0,0,4,4,0,12,5,2,1,1,2,55,1,1,2,1,20,3,0,1,1,0,0,99,99,99,99,99,99,0,0,0,0,1,6,0,61547,0,0,2007,MOTHER LODE DR,EL DORADO RD,0,38413028,120513705,3,1
6,79,7,13,19,40,4,7,0,0,3,3,0,24,0,1,4,1,2,55,2,2,2,1,0,0,0,5,1,0,0,99,99,99,99,99,99,0,0,0,0,1,6,0,61548,0,434,2007,SR-166,1E+20,0,34560412,119345138,4,1
6,73,7,14,1,40,2,2,0,1,11,1,0,14,1,1,2,3,4,65,1,1,1,1,0,0,3,2,1,0,0,99,99,99,99,0,0,0,0,0,0,1,7,1,61549,3260,43,2007,I-8,1E+20,0,32461789,117075804,1,1
6,29,7,14,2,58,1,2,0,0,14,4,0,1,0,1,4,1,2,55,1,1,2,1,0,0,0,3,1,0,0,99,99,99,99,99,99,0,0,0,0,1,7,1,61550,0,0,2007,FELSITE AVE,1E+20,0,34521710,118105406,1,1
6,113,7,14,3,57,1,1,0,0,15,6,0,33,0,3,4,3,2,45,2,1,2,1,3,3,0,3,1,0,0,99,99,99,99,0,0,0,0,0,0,1,7,1,61551,4163,0,2007,15TH ST,JEFFERSON BL,0,38341678,121312456,1,1
6,37,7,14,4,0,1,2,0,0,16,6,0,33,0,1,4,1,2,20,2,2,1,1,0,0,0,2,1,0,0,99,99,99,99,99,99,0,0,0,0,1,7,0,61552,1980,0,2007,GOLD CREEK RD,1E+20,0,34191461,118190743,1,1
6,77,7,14,4,57,5,4,0,1,3,3,0,12,5,2,1,1,2,55,1,1,2,1,20,3,0,2,1,0,0,99,99,99,99,99,99,0,0,0,0,1,7,1,61553,0,127,2007,SR-12,DEVRIES RD,0,38065658,121210881,2,1
6,73,7,14,6,30,1,3,0,0,4,4,0,33,0,1,4,1,2,55,2,1,2,1,0,0,0,1,1,0,0,99,99,99,99,99,99,0,0,0,0,1,7,0,61554,0,0,2007,CHAMPAGN BL,1E+20,0,33124179,117080262,1,1
6,73,7,14,11,20,2,2,0,0,3,3,0,12,1,2,1,1,2,55,1,1,2,1,0,0,0,1,1,0,0,99,99,99,99,99,99,0,0,0,0,1,7,0,61555,0,125,2007,SR-79,YAQUI DR,0,32592707,116344869,2,1
6,19,7,14,11,50,2,4,0,1,2,3,0,12,7,1,1,1,2,55,1,1,2,1,0,0,0,1,1,0,0,99,99,99,99,99,99,0,0,0,0,1,7,1,61556,0,689,2007,SR-180,1E+20,0,36435762,120204573,2,1
6,65,6,17,2,5,1,2,0,0,14,4,0,53,0,1,4,1,4,45,1,1,2,1,0,0,0,3,1,0,0,99,99,99,99,99,99,0,0,0,0,1,1,1,61557,0,0,2007,MISSION BL,1E+20,0,34004281,117292176,1,1
6,59,6,17,16,37,1,3,1,0,13,6,0,9,0,1,1,3,3,40,1,1,2,1,3,3,0,1,1,0,0,99,99,99,99,99,99,0,0,0,0,1,1,2,61558,470,0,2007,KNOTT AVE,1E+20,0,33502226,118003953,1,1
6,65,6,20,1,43,1,2,0,0,14,6,0,33,0,1,4,3,2,45,2,1,2,1,99,9,0,3,1,0,0,99,99,99,99,99,99,0,0,0,0,1,4,2,61559,3070,0,2007,CANYON CREST DR,1E+20,0,33565258,117195666,1,1
6,71,6,24,4,42,1,2,1,0,16,6,0,8,0,1,1,1,2,25,1,1,2,1,0,0,0,3,1,0,0,99,99,99,99,99,99,0,0,0,0,1,1,1,61560,680,0,2007,YALE CT,1E+20,0,34001494,117395480,1,1
6,13,6,30,18,26,1,2,0,0,14,3,0,1,0,1,1,1,4,40,1,1,2,1,0,0,0,1,1,0,0,99,99,99,99,99,99,0,0,0,0,1,7,1,61561,460,378,2007,SR-4,1E+20,0,37570518,121414585,1,1
6,71,7,4,22,20,1,2,0,1,1,1,0,1,0,1,3,2,2,70,1,1,2,1,0,0,0,2,1,0,0,99,99,99,99,99,99,0,0,0,0,1,4,1,61562,0,1029,2007,I-15,1E+20,0,34564268,116411287,1,1
6,65,7,8,6,31,2,2,0,0,14,6,0,12,1,3,1,2,2,40,1,1,2,1,3,3,0,1,1,0,0,99,99,99,99,99,99,0,0,0,0,1,1,1,61563,850,0,2007,MAIN ST,1E+20,0,33520901,117340244,2,1
6,67,7,14,12,35,2,4,0,0,15,4,0,12,5,2,1,1,2,25,1,1,2,1,20,3,0,1,1,0,0,99,99,99,99,99,99,0,0,0,0,1,7,1,61564,0,0,2007,23RD AVE,DEL NORTE BL,0,38315614,121273202,2,1
6,13,7,14,17,25,1,3,0,0,13,4,0,27,0,1,2,3,3,45,1,1,2,1,0,0,0,1,1,0,0,99,99,99,99,99,99,0,0,0,0,1,7,1,61565,0,0,2007,CAMINO TASSAJARA,1E+20,0,37480052,121554401,1,1
6,13,1,13,0,45,1,1,0,0,16,6,0,41,0,1,4,9,9,25,9,9,9,1,0,0,0,3,1,0,0,99,99,99,99,0,0,0,0,0,0,1,7,1,61566,2275,0,2007,FERNWOOD DR,1E+20,0,37505197,122064266,1,1
6,37,2,19,20,45,2,2,0,1,11,1,0,12,1,1,1,3,6,65,1,1,1,1,0,0,0,3,1,0,0,99,99,99,99,99,99,0,0,0,0,1,2,0,61567,1970,124,2007,I-710,1E+20,0,33520517,118114589,2,1
6,67,4,22,20,3,4,11,2,0,13,6,0,8,0,3,1,2,6,45,1,1,2,2,2,3,2,3,2,0,0,99,99,99,99,99,99,0,0,0,0,1,1,1,61568,2934,0,2007,SUNRISE BL,COLOMA RD,0,38370598,121160508,4,2
6,37,4,28,23,9,1,2,1,1,11,1,0,8,0,1,1,3,7,65,1,1,1,1,0,0,0,2,1,0,0,99,99,99,99,99,99,0,0,0,0,1,7,1,61569,1980,212,2007,I-405,1E+20,0,33554618,118220674,1,1
6,19,5,15,22,33,1,2,0,1,12,3,0,1,0,13,1,6,2,99,2,1,2,1,0,0,0,3,1,0,0,99,99,99,99,99,99,0,0,0,0,1,3,1,61570,1370,616,2007,SR-180 RAMP,1E+20,0,36451247,119430550,1,1
6,37,5,31,5,40,2,2,0,0,14,6,0,12,5,2,1,1,4,30,1,1,2,1,2,3,0,3,1,0,0,99,99,99,99,99,99,0,0,0,0,1,5,0,61571,3470,0,2007,4TH ST,COLORADO AVE,0,34004947,118293129,2,1
6,77,5,31,11,40,2,1,0,1,2,3,0,14,1,1,2,3,2,55,1,1,2,1,0,0,0,1,1,0,2,99,99,99,99,99,99,0,0,0,0,1,5,0,61572,0,196,2007,SR-99,1E+20,0,38142395,121170340,1,1
6,29,5,31,23,33,2,7,0,1,12,3,0,12,1,1,1,3,4,65,1,1,1,1,0,0,0,3,1,0,0,99,99,99,99,99,99,0,0,0,0,3,5,0,61573,240,245,2007,SR-99,1E+20,0,35215993,119022749,2,1
6,37,6,2,18,0,2,2,0,0,15,6,0,12,1,2,1,1,4,35,1,1,2,1,40,3,0,1,1,0,0,99,99,99,99,99,99,0,0,0,0,1,7,0,61574,1980,0,2007,VINELAND AVE,CALIFA ST,0,34103941,118221307,2,1
6,29,6,2,19,0,2,3,0,0,3,3,0,12,2,1,1,1,2,55,2,2,2,1,0,0,0,5,1,0,0,99,99,99,99,99,99,0,0,0,0,2,7,0,61575,0,812,2007,SR-178,1E+20,0,35372731,117571925,2,1
6,59,6,2,21,33,1,3,1,0,13,6,0,9,0,1,1,2,3,40,1,1,2,1,0,0,2,3,1,0,0,99,99,99,99,0,0,0,0,0,0,1,7,1,61576,880,0,2007,ADAMS AVE,1E+20,0,33402416,117551218,1,1
6,47,6,3,5,0,2,2,0,0,5,4,0,12,5,2,1,1,2,55,1,1,2,1,20,3,0,2,1,0,0,99,99,99,99,99,99,0,0,0,0,1,1,1,61577,0,0,2007,AUGUST AVE,TEGNER RD,0,37250831,120531084,2,1
6,37,6,3,9,40,1,2,1,0,14,6,0,8,0,1,1,2,2,45,1,1,2,1,0,0,0,1,1,0,0,99,99,99,99,0,0,0,0,0,0,1,1,0,61578,4126,0,2007,LINDERO CYN RD,1E+20,0,34083785,118482978,1,1
6,79,6,3,10,26,4,5,0,0,3,3,0,1,0,1,1,1,2,55,2,1,2,1,0,0,0,1,1,0,0,99,99,99,99,99,99,0,0,0,0,1,1,0,61579,0,157,2007,SR-166,1E+20,0,35005781,120195883,4,1
6,73,6,3,13,5,2,3,0,0,15,6,0,12,5,1,1,2,4,50,1,1,2,1,0,0,0,1,1,0,0,99,99,99,99,99,99,0,0,0,0,1,1,0,61580,1182,0,2007,MANCHESTER AVE,1E+20,0,33010471,117152037,2,1