STATE,COUNTY,MONTH,DAY,HOUR,MINUTE,VE_TOTAL,PERSONS,PEDS,NHS,ROAD_FNC,ROUTE,SP_JUR,HARM_EV,MAN_COLL,REL_JUNC,REL_ROAD,TRAF_FLO,NO_LANES,SP_LIMIT,ALIGNMNT,PROFILE,PAVE_TYP,SUR_COND,TRA_CONT,T_CONT_F,HIT_RUN,LGT_COND,WEATHER1,WEATHER2,C_M_ZONE,NOT_HOUR,NOT_MIN,ARR_HOUR,ARR_MIN,HOSP_HR,HOSP_MN,SCH_BUS,CF1,CF2,CF3,FATALS,DAY_WEEK,DRUNK_DR,ST_CASE,CITY,MILEPT,YEAR,TWAY_ID,TWAY_ID2,RAIL,LATITUDE,LONGITUD,VE_FORMS,WEATHER
6,75,6,3,16,23,1,2,1,0,13,3,0,8,0,3,1,2,3,35,1,1,2,1,3,3,0,1,1,0,0,99,99,99,99,0,0,0,0,0,0,1,1,0,61581,3290,33,2007,SR-1,NORIEGA ST,0,37451525,122283502,1,1
6,41,6,4,7,49,1,2,1,0,13,6,0,8,0,1,3,2,2,25,1,1,1,1,0,0,0,1,5,0,0,99,99,99,99,0,0,0,0,0,0,1,2,0,61582,3540,0,2007,BRIDGEWAY BLVD,1E+20,0,37511322,122284429,1,5
6,115,6,4,10,27,1,2,1,0,15,6,0,8,0,3,1,1,2,25,1,1,2,1,0,0,0,1,1,0,0,99,99,99,99,99,99,0,0,0,0,1,2,0,61583,2100,0,2007,C ST,4TH ST,0,39082162,121351442,1,1
6,73,6,5,5,35,1,2,1,0,14,4,0,9,0,1,1,5,2,35,1,2,2,1,0,0,0,4,1,0,0,99,99,99,99,99,99,0,0,0,0,1,3,0,61584,0,0,2007,BANCROFT DR,1E+20,0,32443846,117001317,1,1
6,37,6,5,7,25,1,3,1,0,13,6,0,8,0,1,1,2,2,40,1,2,2,1,0,0,0,1,1,0,0,99,99,99,99,99,99,0,0,0,0,1,3,0,61585,890,0,2007,BADILLO ST,1E+20,0,34051014,117515652,1,1
6,19,6,5,8,40,2,2,0,0,14,4,0,12,5,2,1,1,2,55,1,1,2,1,20,3,0,1,1,0,0,99,99,99,99,99,99,0,0,0,0,1,3,0,61586,0,0,2007,DE WOLF AVE,MANNING AVE,0,36361982,119384745,2,1
6,7,6,5,9,45,2,2,0,1,12,3,0,12,5,2,1,2,2,65,1,2,2,1,20,3,0,1,1,0,0,99,99,99,99,0,0,0,0,0,0,1,3,0,61587,0,260,2007,SR-99,NEAL RD,0,39395672,121443866,2,1
6,77,6,5,22,53,3,2,0,0,14,6,0,14,5,1,5,1,4,40,1,1,2,1,0,0,0,3,1,0,0,22,54,23,8,99,99,0,0,0,0,1,3,2,61588,1940,0,2007,TURNER RD,1E+20,0,38084437,121165162,1,1
6,67,6,6,12,1,2,3,0,0,13,6,0,12,2,3,1,1,2,25,1,1,2,1,20,3,0,1,1,0,0,99,99,99,99,99,99,0,0,0,0,1,4,0,61589,3150,0,2007,12TH AVE,RIVERSIDE BLVD,0,38324677,121302969,2,1
6,1,6,6,19,44,1,2,1,0,13,6,0,8,0,3,1,5,4,25,1,1,2,1,0,0,0,1,1,0,0,99,99,99,99,99,99,0,0,0,0,1,4,2,61590,20,0,2007,MARIN AVE,TALBOT AVE,0,37531450,122173960,1,1
6,37,6,6,19,50,3,5,0,0,13,6,0,12,8,1,1,5,6,35,1,1,2,1,0,0,0,1,1,0,0,99,99,99,99,99,99,0,0,0,0,1,4,0,61591,1980,0,2007,ROSCOE BLVD,1E+20,0,34131086,118361740,3,1
6,7,6,6,23,35,1,2,1,0,14,4,0,8,0,1,1,1,2,40,1,1,2,1,0,0,0,2,1,0,0,99,99,99,99,99,99,0,0,0,0,1,4,1,61592,0,0,2007,LOWER WYANDOTTE RD,1E+20,0,39285444,121315002,1,1
6,1,6,9,8,0,1,2,1,0,14,6,0,8,0,2,1,2,2,30,1,1,2,1,2,3,0,1,1,0,0,99,99,99,99,99,99,0,0,0,0,1,7,0,61593,2480,0,2007,98TH AVE,INTERNATIONAL BLVD,0,37443956,122101404,1,1
6,73,6,9,9,35,1,2,1,0,4,4,0,9,0,2,1,1,4,55,1,2,2,1,20,3,0,1,1,0,0,99,99,99,99,99,99,0,0,0,0,1,7,0,61594,0,0,2007,OLD HWY 395,LILAC RD,0,33180418,117091238,1,1
6,87,6,9,15,15,3,5,0,0,4,3,0,1,0,1,1,1,2,45,2,2,2,1,40,3,0,1,1,0,0,15,24,15,43,99,99,0,0,0,0,1,7,0,61595,0,247,2007,SR-9,1E+20,0,37145614,122090939,3,1
6,69,6,9,16,37,3,4,0,1,3,3,0,54,11,1,1,1,2,55,1,2,2,1,0,0,0,1,1,0,0,99,99,99,99,99,99,0,14,0,0,1,7,0,61596,0,103,2007,SR-156,1E+20,0,36514507,121345901,3,1
6,29,6,9,17,22,1,4,0,0,3,3,0,1,0,1,6,1,2,55,1,1,2,1,0,0,0,1,1,0,0,99,99,99,99,99,99,0,0,0,0,1,7,0,61597,0,51,2007,SR-119,1E+20,0,35114406,119253412,1,1
6,83,6,9,22,33,1,2,0,0,6,4,0,30,0,1,4,1,2,55,1,1,2,1,0,0,0,2,1,0,0,99,99,99,99,99,99,0,0,0,0,1,7,0,61598,0,0,2007,BAILEY AVE,1E+20,0,34383663,120290330,1,1
6,13,6,9,22,34,2,3,0,0,14,6,0,1,0,2,1,1,2,35,1,1,2,1,20,3,0,3,1,0,0,99,99,99,99,0,0,0,0,0,0,2,7,3,61599,820,0,2007,OLIVERA RD,MARS ST,0,37592567,122011750,2,1
6,29,6,9,22,35,1,2,0,0,3,3,0,38,0,1,6,1,2,55,1,1,2,1,0,0,0,2,1,0,0,99,99,99,99,0,0,0,0,0,0,2,7,2,61600,0,164,2007,SR-119,1E+20,0,35160298,119165391,1,1
6,19,6,9,22,58,1,3,1,0,5,4,0,8,0,1,1,1,2,55,1,1,2,1,0,0,0,2,1,0,0,99,99,99,99,0,0,0,0,0,0,1,7,1,61601,0,0,2007,DINUBA AVE,1E+20,0,36352632,119342624,1,1
6,71,6,10,0,54,1,1,0,0,16,6,0,33,0,3,4,2,2,35,1,9,2,1,0,0,0,3,1,0,0,99,99,99,99,0,0,0,0,0,0,1,1,0,61602,1305,0,2007,BEECH AVE,SUNFLOWER LN,0,34071272,117281573,1,1
6,67,6,10,1,40,1,4,0,1,12,2,0,42,0,1,6,2,3,65,1,1,1,1,0,0,0,2,1,0,0,99,99,99,99,99,99,0,0,0,0,1,1,0,61603,1300,38,2007,US-50,1E+20,0,38331378,121243049,1,1
6,111,6,10,1,25,1,4,0,0,13,4,0,34,0,1,6,1,2,55,1,1,2,1,0,0,0,3,1,0,0,99,99,99,99,99,99,0,0,0,0,1,1,1,61604,0,0,2007,PLEASANT VALLEY RD,1E+20,0,34121975,119022462,1,1
6,1,6,10,6,36,1,1,0,0,14,6,0,39,0,1,3,3,2,35,1,2,2,1,0,0,0,4,1,0,0,99,99,99,99,0,0,0,0,0,0,1,1,0,61605,2480,0,2007,8TH ST,1E+20,0,37473722,122153962,1,1
6,83,6,12,3,41,2,4,1,1,2,2,0,18,0,1,1,2,1,65,2,2,2,1,40,3,0,2,1,0,1,99,99,99,99,99,99,0,0,0,0,1,3,0,61606,0,637,2007,US-101,1E+20,0,34414762,120094681,1,1
6,37,6,12,4,53,2,3,0,1,12,3,0,12,7,1,1,3,4,65,1,2,1,1,0,0,0,3,1,0,0,99,99,99,99,99,99,0,0,0,0,1,3,0,61607,0,270,2007,SR-14,1E+20,0,34222066,118295681,2,1
6,85,6,12,16,51,1,1,0,0,13,6,0,33,0,1,4,2,3,45,2,1,2,1,0,0,0,1,1,0,0,99,99,99,99,99,99,0,0,0,0,1,3,0,61608,3790,0,2007,MATHILDA AVE,1E+20,0,37245477,122013010,1,1
6,71,6,12,4,25,2,2,0,1,11,1,0,12,3,1,1,3,4,70,1,2,2,1,0,0,0,2,1,0,0,99,99,99,99,0,0,0,0,0,0,1,3,0,61609,1305,124,2007,I-15,1E+20,0,34103684,117263721,2,1
6,65,6,12,15,52,5,7,0,1,11,1,0,12,7,1,1,3,3,70,1,1,1,1,0,0,0,1,1,0,0,99,99,99,99,99,99,0,0,0,0,1,3,0,61610,0,224,2007,I-15,1E+20,0,33413437,117201734,5,1
6,65,6,12,17,33,1,3,1,0,14,4,0,9,0,1,1,1,2,40,1,1,2,1,0,0,0,1,1,0,0,99,99,99,99,99,99,0,0,0,0,1,3,1,61611,0,0,2007,JURUPA RD,1E+20,0,33593379,117311932,1,1
6,41,6,12,19,25,1,2,0,0,3,3,0,30,0,1,6,1,2,40,2,1,2,1,0,0,0,1,1,0,0,99,99,99,99,99,99,0,0,0,0,1,3,2,61612,0,271,2007,SR-1,1E+20,0,38025035,122473237,1,1
6,1,6,12,20,1,1,1,0,0,13,3,0,27,0,1,4,1,2,45,2,1,2,1,0,0,0,5,1,0,0,99,99,99,99,0,0,0,0,0,0,1,3,1,61613,1364,124,2007,SR-84,1E+20,0,37331771,121565225,1,1
6,59,6,13,5,0,1,2,1,0,12,3,0,9,0,5,2,6,1,55,1,1,2,1,0,0,0,3,1,0,0,99,99,99,99,0,0,0,0,0,0,1,4,0,61614,972,199,2007,SR-1 RAMP,1E+20,0,33280497,117401382,1,1
6,29,6,13,11,25,2,2,0,0,4,4,0,12,2,1,1,1,2,55,2,1,2,1,0,0,0,1,1,0,0,99,99,99,99,99,99,0,0,0,0,1,4,0,61615,0,0,2007,WOODFORD TEHACHAPI,1E+20,0,35124697,118331195,2,1
6,37,6,13,18,5,9,22,0,1,12,3,0,12,7,1,1,3,6,65,1,2,1,1,0,0,0,1,1,0,0,99,99,99,99,99,99,0,14,0,0,1,4,0,61616,1980,162,2007,SR-170,1E+20,0,34102563,118232823,9,1
6,37,4,15,12,30,1,1,0,1,11,1,0,33,0,1,4,3,5,65,1,1,1,1,0,0,0,1,1,0,0,99,99,99,99,0,0,0,0,0,0,1,1,0,61617,1980,246,2007,I-405,1E+20,0,33582837,118225752,1,1
6,67,5,20,14,20,1,3,0,0,4,3,0,30,0,1,4,1,2,55,1,1,2,1,0,0,0,1,1,0,0,99,99,99,99,99,99,0,0,0,0,1,1,0,61618,0,54,2007,SR-104,1E+20,0,38192877,121113207,1,1
6,77,5,29,19,0,2,2,0,0,4,6,0,12,2,1,1,1,2,55,2,1,2,1,0,0,0,1,1,0,0,99,99,99,99,99,99,0,0,0,0,1,3,1,61619,0,0,2007,MCKINLEY AVE,1E+20,0,37542925,121162775,2,1
6,97,5,29,22,0,1,2,1,0,14,3,0,8,0,1,1,1,3,55,1,1,2,1,0,0,0,2,1,0,0,99,99,99,99,0,0,0,0,0,0,1,3,0,61620,0,333,2007,SR-116,1E+20,0,38201467,122444483,1,1
6,71,5,30,9,25,2,2,0,1,14,3,0,12,4,1,1,5,4,60,1,1,2,1,0,0,0,1,1,0,0,99,99,99,99,99,99,0,0,0,0,1,4,0,61621,4291,146,2007,SR-62,1E+20,0,34080592,116224785,2,1
6,37,5,30,12,20,2,1,0,0,13,4,0,14,1,1,7,5,4,40,1,1,2,1,0,0,0,1,1,0,0,99,99,99,99,99,99,0,0,0,0,1,4,0,61622,0,0,2007,BROADWAY,1E+20,0,33544965,118164189,1,1
6,33,5,29,15,40,2,6,0,1,2,3,0,12,5,2,1,5,4,55,1,2,2,1,20,3,0,1,1,0,0,99,99,99,99,99,99,0,0,0,0,1,3,0,61623,0,279,2007,SR-29,SR-281,0,39010080,122544644,2,1
6,71,5,30,16,16,2,6,0,0,15,6,0,12,5,8,1,5,4,25,1,2,2,1,0,0,0,1,1,0,0,99,99,99,99,99,99,0,0,0,0,1,4,0,61624,3210,0,2007,G ST,1E+20,0,34060535,117175508,2,1
6,37,5,30,21,5,2,2,0,0,13,3,0,12,5,1,1,1,4,35,1,1,2,1,28,3,0,3,1,0,0,99,99,99,99,99,99,0,0,0,0,1,4,1,61625,1980,322,2007,SR-1,1E+20,0,33593962,118271195,2,1
6,35,6,1,14,10,1,1,0,0,4,4,0,1,0,1,1,1,2,35,2,1,2,1,0,0,0,1,1,0,0,99,99,99,99,99,99,0,0,0,0,1,6,0,61626,0,0,2007,EAGLE LAKE RD,1E+20,0,40280539,120394445,1,1
6,1,6,1,14,13,3,3,0,0,14,6,0,12,5,2,1,1,2,25,1,1,2,1,20,3,0,1,1,0,0,99,99,99,99,99,99,0,0,0,0,1,6,1,61627,2480,0,2007,MARKET ST,56TH ST,0,37502451,122162674,2,1
6,21,6,1,15,15,2,2,0,0,4,4,0,12,5,2,1,1,2,55,1,1,2,1,20,3,0,1,1,0,0,99,99,99,99,99,99,0,0,0,0,1,6,0,61628,0,0,2007,ROAD P,ROAD 45,0,39331202,122081270,2,1
6,73,6,1,20,20,2,3,0,1,1,1,0,12,7,1,1,2,4,70,1,2,1,1,0,0,0,2,1,0,0,99,99,99,99,99,99,0,0,0,0,1,6,0,61629,0,394,2007,I-15,1E+20,0,33135618,117084831,2,1
6,85,6,1,21,10,1,2,1,1,11,1,0,8,0,1,1,3,4,65,1,1,2,1,0,0,0,2,1,0,0,99,99,99,99,0,0,0,0,0,0,1,6,0,61630,940,107,2007,I-280,1E+20,0,37200336,122014857,1,1
6,65,6,1,22,15,2,1,0,0,13,4,0,12,5,1,1,5,4,55,1,2,2,1,0,0,0,2,1,0,0,99,99,99,99,99,99,0,0,0,0,1,6,0,61631,0,0,2007,VAN BUREN BLVD,1E+20,0,33525647,117231288,2,1
6,71,6,2,10,7,1,2,1,0,13,3,0,8,0,1,1,3,2,45,1,2,2,1,29,3,0,1,1,0,0,99,99,99,99,99,99,0,0,0,0,1,7,0,61632,2550,78,2007,SR-83,1E+20,0,34022068,117390250,1,1
6,85,6,2,17,37,2,4,0,0,14,6,0,33,0,1,3,2,2,40,2,2,2,1,0,0,0,1,1,0,0,99,99,99,99,99,99,0,0,0,0,2,7,0,61633,3340,0,2007,YERBA BUENA RD,1E+20,0,37181690,121451720,2,1
6,1,6,7,8,3,1,2,1,0,13,3,0,8,0,1,1,3,2,45,1,2,2,1,0,0,0,1,1,0,0,99,99,99,99,99,99,0,0,0,0,1,5,1,61634,1364,39,2007,SR-238,1E+20,0,37344324,121583452,1,1
6,85,6,7,17,14,2,3,0,0,13,6,0,12,4,2,1,2,2,45,1,1,2,1,3,3,0,1,1,0,0,99,99,99,99,99,99,0,0,0,0,1,5,0,61635,3340,0,2007,CAPITOL EXPY,OCALA AVE,0,37202669,121491274,2,1
6,79,6,8,11,35,2,3,0,0,4,4,0,1,0,1,1,1,2,55,2,1,2,1,40,3,0,1,1,0,0,99,99,99,99,99,99,0,0,0,0,1,6,0,61636,0,0,2007,NACIMIENTO LAKE DR,1E+20,0,35454816,120530807,2,1
6,45,6,8,15,25,2,3,0,0,3,3,0,1,0,1,1,1,2,55,2,1,2,1,0,0,0,1,1,0,0,99,99,99,99,99,99,0,0,0,0,1,6,0,61637,0,503,2007,SR-128,1E+20,0,38513652,123045517,2,1
6,65,6,8,19,29,2,1,0,0,16,6,0,14,1,1,6,1,2,25,1,1,2,1,40,3,0,1,1,0,1,99,99,99,99,0,0,0,0,0,0,1,6,0,61638,1690,0,2007,AVENUE 48,1E+20,0,33415965,116155213,1,1
6,53,6,8,19,59,2,2,0,1,2,2,0,12,5,2,1,1,4,55,1,1,2,1,20,3,0,1,1,0,0,99,99,99,99,99,99,0,0,0,0,1,6,0,61639,0,1004,2007,US-101,DUNBARTON RD,0,36504316,121380498,2,1
6,73,6,8,20,9,2,3,0,0,3,3,0,12,4,1,1,1,2,50,2,1,2,1,0,0,0,2,1,0,0,99,99,99,99,99,99,0,0,0,0,1,6,1,61640,3260,300,2007,SR-78,1E+20,0,33050948,116552502,2,1
6,59,6,8,21,7,1,4,1,0,13,3,0,9,0,2,1,1,2,99,1,1,2,1,3,3,0,3,1,0,0,99,99,99,99,0,0,0,0,0,0,1,6,1,61641,2400,200,2007,SR-1,HOAG DR,0,33371832,117560008,1,1
6,37,6,9,0,45,2,4,0,0,13,3,0,12,5,2,1,1,6,35,1,1,2,1,3,3,0,3,1,0,0,99,99,99,99,99,99,0,0,0,0,1,7,1,61642,1980,105,2007,SR-1,AVALON,0,33472824,118154810,2,1
6,19,6,9,5,56,1,6,0,0,5,4,0,42,0,1,4,1,2,55,1,1,2,1,0,0,0,1,1,0,0,99,99,99,99,99,99,0,0,0,0,2,7,1,61643,0,0,2007,ELKHORN AVE,1E+20,2,36291630,120082584,1,1
6,99,6,10,11,30,1,5,0,0,4,4,0,1,0,1,4,1,2,55,1,1,2,1,40,3,0,1,1,0,0,99,99,99,99,99,99,0,0,0,0,2,1,0,61644,0,0,2007,LAKE RD,1E+20,0,37365242,120371687,1,1
6,37,6,10,11,50,4,2,0,0,14,6,0,12,2,1,1,5,4,40,1,1,2,1,0,0,0,1,1,0,0,99,99,99,99,99,99,0,0,0,0,1,1,0,61645,1980,0,2007,WILOBUR AVE,1E+20,0,34120242,118324129,2,1
6,29,6,10,15,38,1,4,0,1,2,3,0,1,0,1,4,1,4,65,2,1,2,1,0,0,0,1,1,0,0,99,99,99,99,99,99,0,0,0,0,1,1,0,61646,0,363,2007,SR-14,1E+20,0,35164378,118013059,1,1
6,105,6,10,19,0,1,1,0,1,2,3,0,1,0,1,4,1,3,55,2,2,2,1,0,0,0,1,1,0,0,99,99,99,99,99,99,0,0,0,0,1,1,0,61647,0,486,2007,SR-299,1E+20,0,40442134,122585327,1,1
6,65,6,10,21,35,1,1,0,0,4,3,0,1,0,1,3,2,2,65,1,1,2,1,0,0,0,2,6,0,0,99,99,99,99,99,99,0,0,0,0,1,1,1,61648,0,576,2007,SR-111,1E+20,0,33524546,116352402,1,6
6,71,6,10,23,40,2,1,0,0,13,3,0,14,2,1,2,2,2,45,1,1,2,1,0,0,0,3,1,0,0,99,99,99,99,0,0,0,0,0,0,1,1,1,61649,1305,143,2007,SR-66,1E+20,0,34062348,117271573,1,1
6,71,6,11,8,26,2,2,0,0,3,2,0,12,8,1,1,1,2,55,2,1,2,1,0,0,0,1,1,0,0,99,99,99,99,0,0,0,0,0,0,1,2,1,61650,0,417,2007,US-95,1E+20,0,34373105,114381532,2,1
6,37,6,11,15,0,2,2,0,0,14,6,0,12,5,8,1,1,4,40,1,1,2,1,0,0,0,1,1,0,0,99,99,99,99,99,99,0,0,0,0,1,2,0,61651,1440,0,2007,GLENDORA AVE,1E+20,0,34071808,117515024,2,1
6,37,6,11,15,7,2,3,0,0,13,6,0,12,5,2,1,1,2,40,1,1,2,1,3,3,0,1,1,0,0,99,99,99,99,99,99,0,0,0,0,1,2,0,61652,4120,0,2007,BADILLO ST,SUNSET AVE,0,34051218,117560322,2,1
6,77,6,11,99,99,1,2,0,0,3,3,0,1,0,1,4,1,2,55,1,1,2,1,0,0,0,2,1,0,0,99,99,99,99,0,0,0,0,0,0,1,2,1,61653,0,59,2007,SR-4,1E+20,0,37540387,121281009,1,1
6,111,6,12,10,43,1,1,0,1,13,2,0,1,0,3,4,1,2,25,2,1,2,1,0,0,0,1,1,0,0,99,99,99,99,99,99,0,0,0,0,1,3,0,61654,2620,190,2007,US-101,DEL NORTE BLVD,0,34131928,119073663,1,1
6,61,6,11,14,42,2,3,0,0,13,6,0,12,5,2,1,1,5,45,1,1,2,1,3,3,0,1,1,0,0,99,99,99,99,0,0,0,0,0,0,1,2,0,61655,3110,0,2007,PLEASANT GROVE BLVD,ROSEVILLE PKWY,0,38464182,121171684,2,1
6,39,6,13,13,5,2,3,0,1,2,3,0,12,2,1,1,1,2,55,1,1,2,1,0,0,0,1,1,0,0,99,99,99,99,0,0,0,0,0,0,1,4,0,61656,0,46,2007,SR-41,1E+20,0,36542130,119473252,2,1
6,1,6,13,13,30,1,1,0,1,1,1,0,35,0,1,4,3,4,65,1,2,1,1,0,0,0,1,1,0,0,99,99,99,99,0,0,0,0,0,0,1,4,0,61657,0,46,2007,I-580,1E+20,0,37532557,122183027,1,1
6,71,6,13,15,9,2,11,0,0,14,6,0,12,7,1,1,1,4,45,2,1,2,1,0,0,0,1,1,0,0,99,99,99,99,99,99,0,0,0,0,2,4,0,61658,4290,0,2007,OAK GLEN RD,1E+20,0,34024483,117031317,2,1
6,77,6,13,21,5,1,2,1,0,4,4,0,8,0,1,1,1,2,55,1,1,2,1,0,0,2,2,1,0,0,99,99,99,99,0,0,0,0,0,0,1,4,0,61659,0,0,2007,COLLIER RD,1E+20,0,38130713,121123319,1,1
6,61,6,13,21,50,1,2,1,0,13,4,0,8,0,1,4,5,2,45,1,1,2,1,0,0,2,2,1,0,0,99,99,99,99,99,99,0,0,0,0,1,4,0,61660,0,0,2007,AUBURN-FOLSOM RD,1E+20,0,38445047,121101407,1,1
6,111,6,13,23,58,1,3,1,0,16,6,0,9,0,3,1,1,4,45,1,1,2,1,3,3,2,3,1,0,0,99,99,99,99,99,99,0,0,0,0,1,4,1,61661,3641,0,2007,ROYAL AVE,ERRINGER RD,0,34154932,118454106,1,1
6,1,6,14,1,24,1,1,0,0,15,6,0,30,0,1,2,1,2,35,1,1,1,1,0,0,0,3,1,0,0,99,99,99,99,99,99,0,0,0,0,1,5,0,61662,2480,0,2007,85TH AVE,1E+20,0,37444373,122112718,1,1
6,73,6,14,4,40,1,1,0,0,12,3,0,39,0,3,4,1,2,55,1,1,2,1,0,0,0,3,5,0,0,99,99,99,99,99,99,0,0,0,0,1,5,0,61663,0,210,2007,SR-78,SUMMIT DR,0,33062692,117024268,1,5
6,65,5,12,20,58,2,2,1,1,1,1,0,8,0,1,2,3,3,70,1,1,2,1,0,0,2,2,1,0,0,99,99,99,99,99,99,0,0,0,0,1,7,0,61664,0,510,2007,I-10,1E+20,0,33441928,116131694,1,1
6,107,5,13,9,20,1,2,1,0,4,4,0,9,0,1,1,1,2,55,1,1,2,1,0,0,0,1,1,0,0,99,99,99,99,0,0,0,0,0,0,1,1,0,61665,0,0,2007,ROAD 132,1E+20,0,36291126,119163712,1,1
6,109,5,15,13,50,2,3,0,0,3,3,0,1,0,1,1,1,2,35,1,1,2,1,0,0,0,1,1,0,0,99,99,99,99,99,99,0,0,0,0,1,3,0,61666,0,155,2007,SR-108,1E+20,0,38035991,120112282,2,1
6,99,5,17,11,57,1,2,1,0,13,6,0,8,0,3,1,4,3,25,1,1,1,1,3,3,2,1,1,0,0,99,99,99,99,99,99,0,0,0,0,1,5,0,61667,2200,0,2007,H ST,5TH ST,0,37281760,121080021,1,1
6,25,5,17,12,10,2,4,0,0,2,3,0,12,5,2,1,2,2,65,1,1,1,1,20,3,0,1,1,0,0,99,99,99,99,0,0,0,0,0,0,1,5,0,61668,0,132,2007,SR-86,BRAWLEY AVE,0,33222770,116013227,2,1
6,37,5,17,20,30,2,2,0,0,13,6,0,1,0,2,1,1,9,40,1,1,9,1,3,3,0,2,1,0,0,99,99,99,99,99,99,0,0,0,0,1,5,0,61669,1980,0,2007,VICTORY BLVD,WILBUR AVE,0,34111171,118324113,2,1
6,19,5,18,12,30,2,3,0,0,3,3,0,12,5,1,1,1,2,55,1,1,2,1,0,0,0,1,1,0,0,99,99,99,99,99,99,0,0,0,0,1,6,0,61670,0,236,2007,SR-145,1E+20,0,36342538,120044966,2,1
6,77,5,18,13,40,2,1,0,0,4,4,0,38,0,1,6,1,2,55,2,2,2,1,0,0,0,1,1,0,0,99,99,99,99,0,0,0,0,0,0,1,6,0,61671,0,0,2007,MARIPOSA RD,1E+20,0,37500118,120595207,1,1
6,95,5,18,15,25,2,3,0,1,11,1,0,12,1,1,1,3,4,65,1,2,1,1,0,0,0,1,1,0,0,99,99,99,99,99,99,0,0,0,0,1,6,0,61672,1260,113,2007,I-80,1E+20,0,38120327,122092945,2,1
6,65,5,19,1,5,2,8,0,1,11,1,0,12,1,1,1,3,3,65,1,1,1,1,0,0,0,2,1,0,0,99,99,99,99,99,99,0,0,0,0,1,7,1,61673,3070,417,2007,I-215,1E+20,0,33584133,117201681,2,1
6,75,4,3,7,31,1,2,1,0,15,6,0,8,0,3,1,4,3,25,1,1,2,1,2,3,0,1,1,0,0,99,99,99,99,0,0,0,0,0,0,1,3,0,61674,3290,0,2007,LEAVENWORTH ST,ELLIS ST,0,37470510,122245206,1,1
6,31,6,22,0,43,2,3,0,0,3,4,0,12,5,2,1,1,2,55,1,1,2,1,20,3,0,3,1,0,0,99,99,99,99,99,99,0,0,0,0,1,6,1,61675,0,0,2007,AVENAL CUTOFF,NEVADA AVE,0,36081606,120004091,2,1
6,85,6,16,11,30,1,2,1,0,14,6,0,9,0,2,1,1,2,35,1,1,2,1,20,3,0,1,1,0,0,99,99,99,99,99,99,0,0,0,0,1,7,0,61676,3340,0,2007,BRANHAM LN,LYRIC LN,0,37160893,121484892,1,1
6,59,3,21,1,42,1,2,0,0,13,6,0,29,0,3,4,1,2,40,1,1,2,2,3,3,0,2,1,0,0,99,99,99,99,99,99,0,0,0,0,1,4,1,61677,960,0,2007,MOODY ST,MERTEN AVE,0,33500720,118024496,1,1
6,65,5,21,2,39,1,3,0,0,15,6,0,33,0,2,4,1,2,25,2,2,2,1,0,0,0,2,1,0,0,99,99,99,99,0,0,0,0,0,0,1,2,2,61678,3070,0,2007,JEFFERSON ST,CLEVELAND AVE,0,33550606,117240525,1,1
6,83,5,30,2,32,1,4,0,0,4,4,0,30,0,1,2,1,2,55,2,1,2,1,40,3,0,2,1,0,0,99,99,99,99,99,99,0,0,0,0,2,4,2,61679,0,0,2007,FOXEN CYN RD,1E+20,0,34534766,120185517,1,1
6,73,5,30,13,58,1,4,0,1,11,1,0,17,0,1,4,3,4,65,1,1,1,1,0,0,0,1,1,0,0,99,99,99,99,99,99,0,0,0,0,4,4,2,61680,1200,319,2007,I-15,1E+20,0,33075721,117061903,1,1
6,29,5,31,0,55,1,1,0,0,4,4,0,42,0,1,2,1,2,30,1,1,2,1,0,0,0,3,1,0,0,99,99,99,99,99,99,0,0,0,0,1,5,1,61681,0,0,2007,BURLANDO RD,1E+20,0,35461899,118262384,1,1
6,43,5,31,13,0,1,2,0,0,6,6,0,37,0,1,2,1,2,45,2,2,2,1,0,0,0,1,1,0,0,99,99,99,99,99,99,0,0,0,0,1,5,1,61682,0,0,2007,LAKE MCCLURE RD,1E+20,0,37311367,120144487,1,1
6,55,5,31,17,43,1,1,0,0,6,4,0,30,0,1,6,1,2,55,2,1,2,1,0,0,0,1,1,0,0,99,99,99,99,0,0,0,0,0,0,1,5,1,61683,0,0,2007,CONN CREEK RD,1E+20,0,38280757,122235469,1,1
6,65,6,1,17,5,1,3,0,0,2,3,0,1,0,5,8,6,1,55,2,1,2,1,0,0,0,1,1,0,0,99,99,99,99,99,99,0,0,0,0,1,6,1,61684,0,222,2007,SR-60 RAMP,1E+20,0,33561647,117073557,1,1
6,37,6,2,2,59,1,1,0,0,13,6,0,33,0,1,4,1,4,35,1,1,2,1,3,3,0,3,1,0,0,0,0,0,0,0,0,0,0,0,0,1,7,1,61685,480,0,2007,HOLLYWOOD WY,1E+20,0,34111816,118205666,1,1
6,47,6,2,10,50,1,1,0,1,2,3,0,1,0,1,4,1,4,65,1,1,2,1,0,0,0,1,1,0,0,99,99,99,99,0,0,0,0,0,0,1,7,0,61686,0,42,2007,SR-152,1E+20,0,37032483,120591844,1,1