STATE,COUNTY,MONTH,DAY,HOUR,MINUTE,VE_TOTAL,PERSONS,PEDS,NHS,ROAD_FNC,ROUTE,SP_JUR,HARM_EV,MAN_COLL,REL_JUNC,REL_ROAD,TRAF_FLO,NO_LANES,SP_LIMIT,ALIGNMNT,PROFILE,PAVE_TYP,SUR_COND,TRA_CONT,T_CONT_F,HIT_RUN,LGT_COND,WEATHER1,WEATHER2,C_M_ZONE,NOT_HOUR,NOT_MIN,ARR_HOUR,ARR_MIN,HOSP_HR,HOSP_MN,SCH_BUS,CF1,CF2,CF3,FATALS,DAY_WEEK,DRUNK_DR,ST_CASE,CITY,MILEPT,YEAR,TWAY_ID,TWAY_ID2,RAIL,LATITUDE,LONGITUD,VE_FORMS,WEATHER
6,73,6,2,20,0,1,1,0,0,6,4,0,32,0,1,4,1,2,35,2,1,2,1,0,0,0,2,1,0,0,99,99,99,99,99,99,0,0,0,0,1,7,1,61687,0,0,2007,SAN DIEGO AVE,1E+20,0,33012361,116530486,1,1
6,59,6,2,23,21,1,2,0,1,12,3,0,24,0,1,4,3,5,65,1,1,2,1,0,0,0,3,1,0,0,99,99,99,99,99,99,0,0,0,0,1,7,0,61688,1410,50,2007,SR-22,1E+20,0,33455702,117581380,1,1
6,71,6,3,5,20,1,1,0,0,6,4,0,33,0,1,4,1,2,55,1,1,5,1,0,0,0,4,1,0,0,99,99,99,99,99,99,0,0,0,0,1,1,1,61689,0,0,2007,TUSSING RANCH RD,1E+20,0,34263312,117123430,1,1
6,37,5,27,99,99,1,1,0,0,4,4,0,27,0,1,4,1,2,55,2,2,2,1,28,3,0,2,1,0,0,99,99,99,99,0,0,0,18,0,0,1,1,0,61690,0,0,2007,MULHOLLAND HWY,1E+20,0,34060774,118413518,1,1
6,73,5,28,1,8,1,1,0,0,14,6,0,33,0,1,4,5,4,40,2,1,2,1,0,0,0,2,1,0,0,99,99,99,99,99,99,0,0,0,0,1,2,0,61691,3260,0,2007,LINDA VISTA RD,1E+20,0,32461754,117104670,1,1
6,85,5,28,2,39,1,3,0,1,12,2,0,33,0,13,4,6,1,65,2,1,2,1,0,0,0,2,1,0,0,99,99,99,99,99,99,0,0,0,0,2,2,3,61692,2660,501,2007,US-101 RAMP,1E+20,0,37253821,122060051,1,1
6,59,5,28,5,7,1,1,0,0,13,6,0,33,0,1,4,1,2,40,1,1,2,1,0,0,0,3,1,0,0,99,99,99,99,99,99,0,0,0,0,1,2,1,61693,1410,0,2007,MAGNOLIA ST,1E+20,0,33472200,117583154,1,1
6,67,5,28,14,27,1,1,0,0,13,6,0,30,0,1,4,3,3,45,1,1,2,1,0,0,0,1,1,0,0,99,99,99,99,0,0,0,0,0,0,1,2,0,61694,712,0,2007,MADISON AVE,1E+20,0,38394960,121171618,1,1
6,25,5,28,17,55,1,1,0,0,6,4,0,5,0,8,1,1,2,55,1,1,2,1,0,0,0,1,1,0,0,99,99,99,99,0,0,0,0,0,0,1,2,0,61695,0,0,2007,CITRUS AVE,1E+20,0,33161712,115565171,1,1
6,83,5,28,19,36,1,2,0,1,2,2,0,1,0,1,3,2,2,65,1,2,2,1,0,0,0,1,1,0,0,99,99,99,99,99,99,0,0,0,0,1,2,0,61696,0,801,2007,US-101,1E+20,0,34530018,120244322,1,1
6,73,5,29,0,21,1,4,0,0,15,6,0,1,0,3,6,1,2,30,1,1,2,1,0,0,0,3,1,0,0,99,99,99,99,99,99,0,0,0,0,1,3,1,61697,4060,0,2007,MONTE VISTA DR,CHELSEA CT,0,33112509,117132166,1,1
6,69,5,29,16,48,1,2,0,0,4,4,0,22,0,1,2,1,2,55,1,1,2,1,0,0,0,1,1,0,0,99,99,99,99,99,99,0,0,0,0,1,3,0,61698,0,0,2007,ANZAR RD,1E+20,0,36523160,121333379,1,1
6,55,5,30,0,46,1,1,0,0,15,6,0,42,0,1,5,1,2,30,1,1,2,1,0,0,0,3,1,0,0,99,99,99,99,0,0,0,0,0,0,1,4,1,61699,2330,0,2007,MAIN ST,1E+20,0,38185162,122174174,1,1
6,37,6,21,12,31,2,3,0,0,14,6,0,12,2,1,1,1,2,45,1,1,2,1,0,0,0,1,1,0,0,99,99,99,99,99,99,0,0,0,0,1,5,0,61700,1840,0,2007,AVENUE M,1E+20,0,34384443,118113757,2,1
6,37,4,2,11,50,2,3,0,0,13,4,0,12,5,2,1,1,3,35,1,1,2,1,0,0,0,1,1,0,0,99,99,99,99,99,99,0,0,0,0,1,2,0,61701,0,0,2007,VERMONT AVE,104TH ST,0,33563236,118172979,2,1
6,59,6,1,20,48,3,7,0,0,14,6,0,12,1,1,1,5,4,40,1,1,2,1,0,0,0,3,1,0,0,99,99,99,99,99,99,0,0,0,0,3,6,4,61702,880,0,2007,VICTORIA ST,1E+20,0,33390834,117563969,3,1
6,85,6,10,11,10,1,1,0,0,13,6,0,30,0,1,4,1,2,35,2,2,2,1,0,0,0,1,1,0,0,99,99,99,99,0,0,0,0,0,0,1,1,0,61703,3340,0,2007,BAILEY AVE,1E+20,0,37105579,121454200,1,1
6,19,6,14,5,20,2,5,0,0,4,4,0,12,5,2,1,1,2,55,1,1,2,1,20,3,0,1,1,0,0,99,99,99,99,99,99,0,0,0,0,1,5,0,61704,0,0,2007,ROSE AVE,MENDOCINO AVE,0,36340723,119325238,2,1
6,61,7,2,21,16,1,4,0,0,13,6,0,5,0,1,1,3,4,45,1,2,2,1,0,0,0,3,1,0,0,99,99,99,99,99,99,0,0,0,0,1,2,2,61705,3110,0,2007,PLEASANT GROVE BLVD,1E+20,0,38463966,121171962,1,1
6,37,7,6,20,30,3,6,0,0,14,6,0,12,1,1,1,1,2,35,2,1,2,1,0,0,0,5,1,0,0,99,99,99,99,99,99,0,0,0,0,1,6,1,61706,3270,0,2007,GLADSTONE ST,1E+20,0,34065023,117493781,2,1
6,79,5,19,8,20,2,2,0,0,14,4,0,12,2,1,1,1,2,35,2,1,2,1,0,0,0,1,1,0,0,99,99,99,99,99,99,0,0,0,0,1,7,0,61707,0,0,2007,OAK PARK BLVD,1E+20,0,35081765,120361467,2,1
6,9,5,19,9,51,2,3,0,0,4,4,0,1,0,1,1,1,2,35,2,2,2,1,0,0,0,1,1,0,0,99,99,99,99,0,0,0,0,0,0,1,7,0,61708,0,0,2007,MURPHYS GRADE RD,1E+20,0,38060756,120312422,2,1
6,107,5,20,12,35,2,13,0,0,5,4,0,12,5,2,1,1,2,55,1,1,2,1,20,3,0,1,1,0,0,99,99,99,99,99,99,0,0,0,0,1,1,0,61709,0,0,2007,AVENUE 224,ROAD 140,0,36114715,119153637,2,1
6,109,5,20,15,30,2,2,0,0,5,4,0,1,0,1,1,1,2,55,2,2,2,1,0,0,0,1,1,0,0,99,99,99,99,99,99,0,0,0,0,1,1,1,61710,0,0,2007,HUNTS RD,1E+20,0,38004960,120150992,2,1
6,43,5,20,18,45,2,4,0,0,5,4,0,12,5,1,1,1,2,55,1,2,2,1,0,0,0,1,1,0,0,99,99,99,99,99,99,0,0,0,0,1,1,0,61711,0,0,2007,BANDERILLA DR,1E+20,0,37390524,120202473,2,1
6,73,5,21,16,15,1,2,1,1,11,1,0,8,0,1,1,3,4,65,1,1,2,1,0,0,0,1,1,0,0,99,99,99,99,99,99,0,0,0,0,1,2,0,61712,1200,324,2007,I-15,1E+20,0,33081136,117061865,1,1
6,111,5,22,8,20,2,3,0,0,5,4,0,12,5,2,1,1,2,55,1,1,2,1,20,3,0,1,1,0,0,99,99,99,99,99,99,0,0,0,0,1,3,0,61713,0,0,2007,BRIGGS RD,SANTA PAULA ST,0,34200113,119063935,2,1
6,65,5,22,15,50,3,3,0,1,3,3,0,12,8,1,1,1,2,55,1,1,2,1,0,0,0,1,1,0,0,99,99,99,99,99,99,0,0,0,0,1,3,0,61714,3320,312,2007,SR-79,1E+20,0,33485220,116592206,3,1
6,29,5,22,16,37,2,5,0,0,14,4,0,12,5,2,1,1,2,55,1,1,2,1,20,3,0,1,1,0,0,99,99,99,99,99,99,0,0,0,0,1,3,0,61715,0,0,2007,VINELAND RD,DI GIORGIO RD,0,35150895,118534654,2,1
6,37,5,22,19,20,3,1,0,0,15,6,0,14,1,1,4,1,2,25,1,1,2,1,0,0,0,5,1,0,0,99,99,99,99,0,0,0,0,0,0,1,3,0,61716,1980,0,2007,2ND AVE,1E+20,0,33585018,118191080,1,1
6,37,5,22,21,16,1,2,1,1,11,1,0,8,0,1,1,3,5,65,1,1,1,1,0,0,0,3,1,0,0,99,99,99,99,99,99,0,0,0,0,1,3,0,61717,2700,273,2007,I-210,1E+20,0,34090936,118065194,1,1
6,67,8,6,14,14,1,2,0,0,16,6,0,30,0,1,4,1,2,55,2,1,2,1,0,0,0,1,1,0,0,99,99,99,99,99,99,0,0,0,0,1,2,1,61718,3150,0,2007,NEW HOPE RD,1E+20,0,38145036,121203345,1,1
6,1,6,3,22,51,1,2,1,0,14,6,0,8,0,3,1,1,2,25,1,2,2,1,40,3,0,3,1,0,0,99,99,99,99,99,99,0,0,0,0,1,1,1,61719,340,0,2007,SOLANO AVE,FRESNO AVE,0,37532910,122164165,1,1
6,37,6,11,11,40,2,3,0,0,3,3,0,12,2,1,1,5,4,55,1,1,2,1,0,0,0,1,1,0,0,99,99,99,99,99,99,0,0,0,0,1,2,2,61720,2054,606,2007,SR-1,1E+20,0,34023531,118542337,2,1
6,29,8,18,15,5,3,3,0,0,3,3,0,12,2,1,1,1,2,55,2,1,2,1,40,3,0,1,1,0,0,99,99,99,99,99,99,0,0,0,0,1,7,0,61721,0,195,2007,SR-178,1E+20,0,35282058,118425540,3,1
6,67,2,2,1,35,1,2,0,0,14,4,0,1,0,1,99,9,9,35,1,1,2,1,0,0,0,3,1,0,0,99,99,99,99,99,99,0,0,0,0,1,6,2,61722,0,0,2007,DIABLO DR,1E+20,0,38411581,121201181,1,1
6,37,3,4,7,36,1,1,0,0,15,6,0,1,0,1,1,1,2,25,2,1,2,1,0,0,0,1,1,0,0,99,99,99,99,99,99,0,20,0,0,1,1,0,61723,1980,0,2007,MANNING AVE,1E+20,0,34032220,118260463,1,1
6,37,6,29,18,26,2,3,0,0,13,6,0,12,5,2,1,1,4,65,1,1,2,1,3,3,1,1,1,0,0,99,99,99,99,99,99,0,0,0,0,1,6,1,61724,2645,0,2007,PEARBLOSSOM HWY,40TH ST,0,34323386,118033059,2,1
6,35,7,3,22,35,1,2,0,1,2,3,0,1,0,1,1,1,2,65,1,2,2,1,0,0,0,2,1,0,0,99,99,99,99,99,99,0,0,0,0,1,3,0,61725,0,225,2007,SR-44,1E+20,0,40301685,120592890,1,1
6,37,7,4,13,50,1,1,0,0,15,6,0,1,0,1,1,1,2,99,2,2,2,1,0,0,0,1,1,0,0,99,99,99,99,99,99,0,0,0,0,1,4,0,61726,2645,0,2007,ELIZABETH LAKE RD,1E+20,0,34351389,118090853,1,1
6,37,7,4,22,20,1,2,1,0,13,6,0,8,0,1,1,1,4,35,1,1,2,1,0,0,0,3,1,0,0,99,99,99,99,99,99,0,0,0,0,1,4,1,61727,1700,0,2007,LA BREA AVE,1E+20,0,33574999,118211242,1,1
6,85,7,5,19,55,2,4,0,0,13,6,0,12,4,1,1,1,2,45,2,1,2,1,0,0,0,1,1,0,0,99,99,99,99,0,0,0,0,0,0,1,5,1,61728,3340,0,2007,SANTA TFERESA BL,1E+20,0,37120211,121440949,2,1
6,1,7,7,15,51,1,2,0,0,14,6,0,33,0,1,4,5,4,40,1,1,2,1,0,0,0,1,1,0,0,99,99,99,99,0,0,0,0,0,0,2,7,2,61729,3993,0,2007,WHIPPLE RD,1E+20,0,37362163,122022380,1,1
6,19,7,7,21,25,1,1,0,1,1,1,0,1,0,1,4,2,2,70,1,1,2,1,0,0,0,2,1,0,0,99,99,99,99,99,99,0,0,0,0,1,7,0,61730,0,639,2007,I-5,1E+20,0,36052308,120064287,1,1
6,65,7,12,21,25,1,1,0,0,3,3,0,1,0,1,4,1,2,55,2,1,2,1,0,0,0,2,1,0,0,99,99,99,99,99,99,0,0,0,0,1,5,1,61731,0,666,2007,SR-371,1E+20,0,33282097,116511502,1,1
6,13,7,14,17,28,1,1,0,0,16,6,0,33,0,1,4,1,2,25,2,9,2,1,0,0,0,1,1,0,0,99,99,99,99,0,0,0,0,0,0,1,7,0,61732,820,0,2007,CAMPUS DRIVE,1E+20,0,37565069,121584256,1,1
6,75,7,14,20,29,5,2,1,0,15,6,0,14,1,1,7,1,2,25,9,9,9,1,29,3,0,3,1,0,0,99,99,99,99,99,99,0,0,0,0,1,7,0,61733,3290,0,2007,WASHINGTON ST,1E+20,0,37474056,122244017,1,1
6,65,7,14,23,25,1,1,0,1,1,1,0,21,0,1,4,3,4,70,1,1,1,1,0,0,0,2,1,0,0,99,99,99,99,0,0,0,0,0,0,1,7,0,61734,0,252,2007,I-10,1E+20,0,34001469,117035365,1,1
6,73,7,14,99,99,1,1,0,0,14,6,0,33,0,1,4,1,2,45,2,2,2,1,0,0,0,3,9,0,0,99,99,99,99,0,0,0,0,0,0,1,7,1,61735,3260,0,2007,POMERADO RD,1E+20,0,32533671,117070375,1,9
6,71,7,15,1,5,1,2,0,1,1,1,0,1,0,1,4,2,3,70,1,2,2,1,0,0,0,2,1,0,0,99,99,99,99,0,0,0,0,0,0,1,1,0,61736,0,1406,2007,I-5,1E+20,0,34040918,117324117,1,1
6,19,7,15,5,30,1,1,0,0,4,4,0,34,0,1,4,1,2,55,1,1,2,1,0,0,0,1,1,0,0,99,99,99,99,0,0,0,0,0,0,1,1,0,61737,0,0,2007,MT WHITNEY AVE,1E+20,0,36254654,120103046,1,1
6,47,7,15,12,5,2,3,0,0,4,3,0,12,4,1,1,1,2,55,1,1,2,1,0,0,0,1,1,0,0,99,99,99,99,0,0,0,0,0,0,1,1,0,61738,0,287,2007,SR-33,1E+20,0,37165211,121002735,2,1
6,37,7,15,12,27,2,5,0,0,13,6,0,12,5,2,1,1,2,55,1,1,2,1,20,3,0,1,1,0,0,99,99,99,99,99,99,0,0,0,0,1,1,0,61739,1840,0,2007,AVENUE I,70TH ST W,0,34421668,118001968,2,1
6,73,7,15,17,24,3,4,0,0,14,6,0,12,8,1,1,1,4,45,1,1,1,1,0,0,0,1,1,0,0,99,99,99,99,99,99,0,14,0,0,1,1,0,61740,3499,0,2007,MAGNOLIA AVE,1E+20,0,32505209,116581055,3,1
6,19,7,15,21,50,2,3,0,1,1,1,0,12,1,1,1,2,2,70,1,1,2,1,0,0,0,2,1,0,0,99,99,99,99,99,99,0,0,0,0,1,1,0,61741,0,645,2007,I-5,1E+20,0,36495996,120454319,2,1
6,59,7,15,22,25,1,3,0,0,19,3,0,1,0,1,1,2,3,65,1,1,2,1,0,0,0,2,1,0,0,99,99,99,99,99,99,0,0,0,0,1,1,0,61742,0,191,2007,SR-73,1E+20,0,33410328,117534550,1,1
6,111,7,15,99,99,1,1,0,0,3,3,0,33,0,1,4,1,2,55,2,9,2,1,0,0,0,2,1,0,0,99,99,99,99,0,0,0,0,0,0,1,1,1,61743,0,209,2007,SR-150,1E+20,0,34262562,119115533,1,1
6,67,7,16,18,52,1,1,0,1,12,2,0,24,0,5,4,6,2,65,1,1,2,1,0,0,0,1,1,0,0,99,99,99,99,0,0,0,0,0,0,1,2,1,61744,0,51,2007,US-50 RAMP,1E+20,0,38333388,121222667,1,1
6,81,7,17,21,17,1,3,1,0,13,3,0,9,0,3,1,1,4,45,1,1,2,1,3,3,0,3,1,0,0,99,99,99,99,99,99,0,0,0,0,1,3,0,61745,2625,420,2007,SR-1,ROCKAWAY BEACH AVE,0,37363170,122294304,1,1
6,105,7,17,19,5,1,3,0,1,2,3,0,35,0,1,4,1,2,55,2,1,2,2,0,0,0,1,2,0,0,99,99,99,99,99,99,0,0,0,0,1,3,0,61746,0,125,2007,SR-299,1E+20,0,40475705,123274831,1,2
6,29,7,18,7,52,1,2,1,0,16,6,0,8,0,4,2,1,2,15,1,1,9,1,0,0,0,1,1,0,0,99,99,99,99,99,99,0,0,0,0,1,4,1,61747,240,0,2007,JULIAN AVE,1E+20,0,35192460,119011792,1,1
6,89,7,18,14,30,1,1,0,1,2,3,0,35,0,1,4,1,2,55,2,2,2,2,0,0,0,1,2,0,0,99,99,99,99,99,99,0,0,0,0,1,4,0,61748,0,71,2007,SR-299,1E+20,0,40395599,122381300,1,2
6,37,7,18,16,50,1,6,0,0,14,6,0,39,0,3,4,4,2,35,1,1,2,1,0,0,0,1,1,0,0,99,99,99,99,99,99,0,0,0,0,1,4,0,61749,2700,0,2007,MAPLE ST,MAR VISTA AVE,0,34090871,118073635,1,1
6,13,7,18,22,0,1,2,1,0,13,6,0,8,0,1,1,2,2,35,1,1,2,1,0,0,0,3,1,0,0,99,99,99,99,99,99,0,0,0,0,1,4,1,61750,2790,0,2007,E LELAND RD,1E+20,0,38004287,121532497,1,1
6,71,7,19,0,51,1,1,0,0,14,6,0,33,0,1,6,1,2,45,2,2,2,1,0,0,0,2,1,0,0,99,99,99,99,0,0,0,0,0,0,1,5,0,61751,4291,0,2007,JOSHUA LN,1E+20,0,34055591,116250068,1,1
6,41,7,19,7,0,3,4,0,0,14,4,0,12,1,1,1,1,4,40,1,1,2,1,0,0,0,1,1,0,0,99,99,99,99,99,99,0,0,0,0,1,5,0,61752,0,0,2007,ATHERTON AVE,1E+20,0,38065977,122333627,3,1
6,25,7,19,9,40,2,6,0,1,1,1,0,12,3,13,1,6,1,99,1,1,2,1,0,0,0,1,1,0,0,99,99,99,99,99,99,0,0,0,0,1,5,0,61753,0,411,2007,I-8 RAMP,1E+20,0,32462184,115300228,2,1
6,67,7,19,11,15,2,3,0,0,3,3,0,12,4,1,1,1,2,55,1,1,2,1,0,0,0,1,1,0,0,99,99,99,99,99,99,0,0,0,0,3,5,0,61754,0,75,2007,SR-160,1E+20,0,38065790,121414281,2,1
6,65,7,19,15,0,1,2,1,0,14,4,0,9,0,1,1,1,2,55,2,1,2,1,0,0,2,1,1,0,0,99,99,99,99,99,99,0,0,0,0,1,5,0,61755,0,0,2007,RIVER RD,1E+20,0,33433426,117165999,1,1
6,65,7,20,7,25,1,3,0,1,11,1,0,1,0,1,1,3,2,65,1,1,2,1,0,0,0,1,1,0,0,99,99,99,99,99,99,0,0,0,0,1,6,0,61756,0,206,2007,I-215,1E+20,0,33424205,117111860,1,1
6,13,7,20,14,40,1,1,0,0,14,6,0,33,0,1,4,3,2,30,1,1,2,1,0,0,0,1,1,0,0,99,99,99,99,99,99,0,0,0,0,1,6,0,61757,110,0,2007,BUCHANAN RD,1E+20,0,37595664,121500398,1,1
6,111,7,20,21,7,1,2,1,0,13,6,0,9,0,3,1,2,4,40,1,1,2,1,3,3,2,3,1,0,0,99,99,99,99,99,99,0,0,0,0,1,6,2,61758,4027,0,2007,VICTORIA AVE,THILLE ST,0,34160507,119124634,1,1
6,19,7,20,21,17,1,2,1,0,6,4,0,8,0,1,1,1,2,55,1,2,2,1,0,0,2,2,1,0,0,99,99,99,99,0,0,0,0,0,0,1,6,1,61759,0,0,2007,ELM AVE,1E+20,0,36373098,119472708,1,1
6,29,7,20,21,45,3,3,2,0,13,4,0,14,1,4,5,1,2,40,1,1,2,1,0,0,0,2,1,0,0,99,99,99,99,99,99,0,0,0,0,1,6,1,61760,0,0,2007,CASA LOMA DR,1E+20,0,35202206,118593256,1,1
6,97,7,20,22,15,2,2,0,0,15,4,0,12,5,1,1,1,3,30,2,1,2,1,0,0,0,2,1,0,0,99,99,99,99,0,0,0,0,0,0,1,6,1,61761,0,0,2007,VERANO AVE,1E+20,0,38181016,122283849,2,1
6,37,7,20,23,0,1,2,1,0,13,6,0,8,0,3,1,1,4,35,1,1,2,1,0,0,0,3,1,0,0,99,99,99,99,0,0,0,0,0,0,1,6,2,61762,1980,0,2007,CENTINELA AVE,MITCHELL AVE,0,34000078,118255136,1,1
6,47,7,20,23,40,1,1,0,0,4,4,0,1,0,1,4,1,2,55,2,1,2,1,40,3,0,2,1,0,0,99,99,99,99,0,0,0,0,0,0,1,6,0,61763,0,0,2007,HENRY MILLER AVE,1E+20,0,37055948,120521447,1,1
6,65,7,21,6,52,3,2,1,0,16,6,0,14,1,1,7,1,2,25,1,2,2,1,0,0,2,4,1,0,0,99,99,99,99,99,99,0,0,0,0,1,7,1,61764,750,0,2007,FIESTA RD,1E+20,0,33412772,116115165,1,1
6,111,7,21,9,8,2,4,0,0,3,3,0,12,2,1,1,1,2,55,2,2,2,1,0,0,0,1,1,0,0,99,99,99,99,0,0,0,0,0,0,1,7,0,61765,0,192,2007,SR-23,1E+20,0,34203091,118541865,2,1
6,37,7,21,9,29,2,2,0,0,13,6,0,1,0,2,1,1,4,35,1,1,2,1,3,3,0,1,1,0,0,99,99,99,99,99,99,0,0,0,0,1,7,0,61766,1700,0,2007,LA BREA AVE,CENTINELA AVE,0,33583447,118212741,2,1
6,71,7,21,10,40,1,1,0,1,1,1,0,1,0,1,1,2,2,55,1,1,2,1,0,0,0,1,1,0,0,99,99,99,99,0,0,0,0,0,0,1,7,0,61767,0,1184,2007,I-40,1E+20,0,34512859,114551599,1,1
6,29,7,21,11,15,2,5,0,0,3,4,0,12,5,2,1,1,2,55,1,1,2,1,20,3,0,1,1,0,0,99,99,99,99,99,99,0,0,0,0,2,7,0,61768,0,0,2007,SCOFIELD AVE,KIMBERLINA RD,0,35332852,119241074,2,1
6,107,7,21,12,45,1,1,0,0,4,4,0,41,0,1,4,1,2,55,2,1,2,1,0,0,0,1,1,0,0,99,99,99,99,0,0,0,0,0,0,1,7,1,61769,0,0,2007,WESTERN DIVIDE HWY,1E+20,0,36041217,118322781,1,1
6,93,7,21,14,35,1,4,0,0,3,3,0,1,0,1,4,1,2,55,2,2,2,1,0,0,0,1,1,0,0,99,99,99,99,99,99,0,0,0,0,1,7,0,61770,0,435,2007,SR-96,1E+20,0,41482668,123205267,1,1
6,19,7,21,20,50,1,3,0,0,4,4,0,38,0,1,4,1,2,55,2,1,2,1,0,0,0,2,1,0,0,99,99,99,99,99,99,0,0,0,0,1,7,1,61771,0,0,2007,LYON AVE,1E+20,0,36413904,120284018,1,1
6,99,7,21,21,30,1,1,0,1,1,1,0,35,0,1,4,2,2,70,1,1,2,1,0,0,0,1,1,0,0,99,99,99,99,0,0,0,0,0,0,1,7,0,61772,0,108,2007,I-5,1E+20,0,37235217,121081951,1,1
6,85,7,22,2,33,1,6,0,1,2,2,0,1,0,1,4,3,2,65,1,1,2,1,0,0,0,2,1,0,0,99,99,99,99,99,99,0,0,0,0,1,1,0,61773,0,35,2007,US-101,1E+20,0,36575429,121330776,1,1
6,75,7,22,2,42,2,3,0,0,13,6,0,12,5,2,1,1,4,25,1,1,2,1,3,3,0,3,1,0,0,99,99,99,99,99,99,0,0,0,0,1,1,0,61774,3290,0,2007,MISSION ST,9TH ST,0,37463445,122245293,2,1
6,71,7,22,13,0,2,3,0,0,3,3,0,12,2,1,1,1,2,55,2,9,2,1,0,0,0,1,1,0,0,99,99,99,99,0,0,0,0,0,0,1,1,1,61775,0,586,2007,SR-18,1E+20,0,34173468,116484464,2,1
6,23,7,22,14,50,2,3,0,0,4,4,0,12,2,1,1,1,2,45,1,2,2,1,0,0,0,1,1,0,0,99,99,99,99,99,99,0,0,0,0,1,1,0,61776,0,0,2007,MURRAY RD,1E+20,0,40572237,124055806,2,1
6,19,7,23,5,45,2,19,0,0,4,4,0,12,5,2,1,1,2,55,1,1,2,1,20,3,1,1,1,0,0,99,99,99,99,99,99,0,0,0,0,2,2,0,61777,0,0,2007,JENSEN AVE,LYON AVE,0,36422429,119340964,2,1
6,67,7,23,12,34,2,4,0,0,13,6,0,12,4,1,1,5,4,45,1,1,2,1,0,0,1,1,1,0,0,99,99,99,99,99,99,0,0,0,0,1,2,0,61778,3150,0,2007,FOLSOM BL,1E+20,0,38325381,121241657,2,1
6,37,7,23,18,45,1,2,1,0,13,6,0,8,0,3,1,2,3,35,1,1,2,1,0,0,0,5,1,0,0,99,99,99,99,99,99,0,0,0,0,1,2,0,61779,1980,0,2007,BURTON WY,HOLT AVE,0,34042041,118224178,1,1
6,87,7,23,19,28,1,1,0,0,12,3,0,32,0,1,4,3,2,65,2,2,2,1,0,0,0,1,1,0,0,99,99,99,99,0,0,0,0,0,0,1,2,1,61780,0,21,2007,SR-17,1E+20,0,37002738,122011593,1,1
6,73,7,23,21,19,1,3,1,0,13,6,0,8,0,3,1,2,2,65,1,1,2,1,20,3,0,2,1,0,0,99,99,99,99,0,0,0,0,0,0,1,2,1,61781,1200,0,2007,CENTRE CITY PKWY,TOWNE CENTRE DRWY,0,33044047,117042491,1,1
6,67,7,24,8,19,1,2,1,0,3,3,0,8,0,1,1,1,2,55,2,1,2,1,0,0,0,1,1,0,0,99,99,99,99,99,99,0,0,0,0,1,3,0,61782,0,140,2007,SR-16,1E+20,0,38294904,121114730,1,1
6,77,7,24,11,35,1,1,0,0,4,4,0,42,0,1,6,1,2,55,1,1,2,1,0,0,0,1,1,0,0,99,99,99,99,0,0,0,0,0,0,1,3,0,61783,0,0,2007,WOODBRIDGE RD,1E+20,0,38093668,121195056,1,1
6,37,7,24,12,50,4,6,0,0,13,6,0,12,1,3,1,1,4,65,1,2,2,1,3,3,0,1,1,0,0,99,99,99,99,0,0,0,0,0,0,1,3,0,61784,2645,0,2007,PEARBLOSSOM HWY,BARREL SPRINGS RD,0,34321664,118045767,4,1
6,75,7,24,14,18,1,2,1,0,16,6,0,9,0,3,1,3,2,25,1,1,2,1,3,3,0,1,1,0,0,99,99,99,99,99,99,0,0,0,0,1,3,0,61785,3290,0,2007,MARIN ST,3 RD ST,0,37445645,122231454,1,1
6,37,7,24,16,35,2,3,0,0,13,6,0,12,2,1,1,1,2,50,1,1,2,1,0,0,0,1,1,0,0,99,99,99,99,99,99,0,0,0,0,1,3,0,61786,1980,0,2007,LA TUNA CYN RD,1E+20,0,34140118,118181399,2,1
6,89,7,24,16,44,1,1,0,1,2,3,0,1,0,1,6,1,2,55,9,9,2,1,0,0,0,1,1,0,0,99,99,99,99,0,0,0,0,0,0,1,3,1,61787,0,210,2007,SR-299,1E+20,0,40350900,122270513,1,1
6,23,7,24,18,5,1,1,0,1,2,2,0,1,0,1,1,1,4,65,2,1,2,1,0,0,0,1,1,0,0,99,99,99,99,0,0,0,0,0,0,1,3,1,61788,0,208,2007,US-101,1E+20,0,40005339,123472924,1,1
6,73,7,24,20,42,1,2,1,0,14,6,0,8,0,3,1,1,7,35,1,2,2,1,2,3,0,5,1,0,0,99,99,99,99,99,99,0,0,0,0,1,3,0,61789,710,0,2007,BROADWAY RD,G ST,0,32380384,117052694,1,1
6,79,7,24,21,45,1,3,0,0,3,3,0,42,0,1,4,1,2,55,1,1,2,1,0,0,0,2,1,0,0,99,99,99,99,99,99,0,0,0,0,1,3,0,61790,0,94,2007,SR-41,1E+20,0,35273262,120445395,1,1
6,19,7,25,3,25,3,5,0,1,1,1,0,1,0,1,4,2,2,70,2,1,9,1,0,0,0,2,1,0,0,99,99,99,99,99,99,0,0,0,0,1,4,0,61791,0,374,2007,I-5,1E+20,0,36311495,120283022,3,1