STATE,COUNTY,MONTH,DAY,HOUR,MINUTE,VE_TOTAL,PERSONS,PEDS,NHS,ROAD_FNC,ROUTE,SP_JUR,HARM_EV,MAN_COLL,REL_JUNC,REL_ROAD,TRAF_FLO,NO_LANES,SP_LIMIT,ALIGNMNT,PROFILE,PAVE_TYP,SUR_COND,TRA_CONT,T_CONT_F,HIT_RUN,LGT_COND,WEATHER1,WEATHER2,C_M_ZONE,NOT_HOUR,NOT_MIN,ARR_HOUR,ARR_MIN,HOSP_HR,HOSP_MN,SCH_BUS,CF1,CF2,CF3,FATALS,DAY_WEEK,DRUNK_DR,ST_CASE,CITY,MILEPT,YEAR,TWAY_ID,TWAY_ID2,RAIL,LATITUDE,LONGITUD,VE_FORMS,WEATHER
6,67,7,25,6,4,1,1,0,0,16,6,0,34,0,1,4,1,2,55,1,1,2,1,0,0,0,1,1,0,0,99,99,99,99,0,0,0,0,0,0,1,4,0,61792,3150,0,2007,WHITE ROCK RD,1E+20,0,38372982,121060007,1,1
6,103,7,25,13,21,1,2,1,0,5,4,0,8,0,1,1,1,2,55,1,1,2,1,0,0,0,1,1,0,0,99,99,99,99,99,99,0,0,0,0,1,4,0,61793,0,0,2007,LIVE OAK RD,1E+20,0,40090075,122152512,1,1
6,77,7,25,18,0,2,3,0,0,6,4,0,12,2,1,1,1,2,55,1,2,2,1,0,0,0,1,1,0,0,99,99,99,99,0,0,0,0,0,0,3,4,2,61794,0,0,2007,ATKINS RD,1E+20,0,38101460,121054752,2,1
6,37,7,25,18,46,1,2,1,0,16,6,0,9,0,3,1,1,2,25,2,1,2,1,0,0,0,1,1,0,0,99,99,99,99,99,99,0,0,0,0,1,4,0,61795,1440,0,2007,PALM DR,FAWN SPRINGS LN,0,34090208,117502650,1,1
6,47,7,25,18,50,1,1,0,0,4,4,0,38,0,1,6,1,2,55,1,1,2,1,0,0,0,1,1,0,0,99,99,99,99,99,99,0,0,0,0,1,4,0,61796,0,0,2007,THIRD AVE,1E+20,0,37193978,120520781,1,1
6,13,7,26,7,0,1,1,0,1,12,3,0,25,0,1,4,3,3,65,2,2,2,1,0,0,0,1,1,0,0,99,99,99,99,0,0,0,0,0,0,1,5,1,61797,2790,236,2007,SR-4,1E+20,0,38005174,121524578,1,1
6,39,7,26,13,22,2,5,0,0,3,3,0,12,5,1,1,1,2,55,1,1,2,1,0,0,0,1,1,0,0,99,99,99,99,99,99,0,0,0,0,1,5,1,61798,0,167,2007,SR-145,1E+20,0,37002350,119570717,2,1
6,61,7,26,19,31,1,4,0,0,15,6,0,5,0,3,1,1,2,35,1,2,2,1,0,0,0,1,1,0,0,19,34,19,36,99,99,0,0,0,0,1,5,0,61799,3110,0,2007,SUN CITY BL,COTTAGE LN,0,38461196,121210935,1,1
6,19,7,27,2,57,1,2,1,0,13,6,0,8,0,1,1,2,3,50,1,1,2,1,0,0,0,3,1,0,0,99,99,99,99,99,99,0,0,0,0,1,6,0,61800,1370,0,2007,HERNDON AVE,1E+20,0,36501409,119462857,1,1
6,57,7,27,6,59,2,2,0,0,2,3,0,12,5,2,1,1,2,55,9,2,2,1,20,3,0,1,1,0,0,99,99,99,99,0,0,0,0,0,0,1,6,0,61801,3900,28,2007,SR-89,ALDER CREED RD,0,39220250,120105545,2,1
6,1,7,27,13,25,5,12,0,1,12,3,0,12,1,1,1,3,4,65,1,1,2,1,0,0,0,1,1,0,0,99,99,99,99,99,99,0,0,0,0,1,6,0,61802,1560,30,2007,SR-92,1E+20,0,37371259,122084342,5,1
6,71,7,27,13,25,3,5,0,0,3,3,0,12,2,1,1,1,2,55,1,1,2,1,0,0,0,1,1,0,0,99,99,99,99,99,99,0,0,0,0,1,6,0,61803,0,262,2007,SR-247,1E+20,0,34221215,116384810,3,1
6,65,7,27,14,0,1,6,0,1,11,1,0,1,0,1,3,3,3,70,1,1,1,1,0,0,0,1,1,0,0,99,99,99,99,99,99,0,0,0,0,1,6,0,61804,0,189,2007,I-15,1E+20,0,99999999,999999999,1,1
6,19,7,27,14,35,1,5,0,1,1,1,0,1,0,1,3,2,2,70,1,1,2,1,0,0,0,1,1,0,0,99,99,99,99,99,99,0,0,0,0,2,6,0,61805,0,523,2007,I-5,523,0,99999999,999999999,1,1
6,107,7,27,14,47,3,1,0,0,4,3,0,1,0,1,6,1,2,55,2,1,2,1,40,3,0,1,1,0,0,99,99,99,99,99,99,0,14,0,0,1,6,0,61806,0,132,2007,SR-137,1E+20,0,99999999,999999999,1,1
6,77,7,27,17,4,2,2,0,0,3,3,0,12,3,1,1,1,2,55,1,1,2,1,0,0,0,1,1,0,0,99,99,99,99,0,0,0,0,0,0,1,6,0,61807,0,19,2007,SR-4,1E+20,0,99999999,999999999,2,1
6,21,7,27,17,40,1,3,0,1,1,1,0,1,0,1,1,2,2,70,1,1,2,1,0,0,0,1,1,0,0,99,99,99,99,99,99,0,0,0,0,1,6,0,61808,0,116,2007,I-5,1E+20,0,99999999,999999999,1,1
6,13,7,27,17,57,2,2,0,0,4,4,0,12,1,3,1,1,2,30,1,1,2,1,0,0,0,1,1,0,0,99,99,99,99,99,99,0,0,0,0,1,6,0,61809,0,0,2007,ALHAMBRA VALLEY RD,PEREIRA RD,0,99999999,999999999,2,1
6,95,7,27,18,26,1,1,0,0,13,4,0,1,0,1,1,2,2,35,2,2,2,1,0,0,0,1,1,0,0,99,99,99,99,99,99,0,0,0,0,1,6,0,61810,0,0,2007,LAKE HERMAN RD,1E+20,0,99999999,999999999,1,1
6,29,7,27,19,47,2,3,0,1,2,3,0,12,1,1,1,3,2,65,2,2,9,1,0,0,0,5,1,0,0,99,99,99,99,99,99,0,0,0,0,1,6,0,61811,0,774,2007,SR-58,1E+20,0,99999999,999999999,2,1
6,71,7,27,22,10,2,9,0,1,1,1,0,24,0,1,4,2,2,70,1,1,2,1,0,0,0,2,1,0,0,99,99,99,99,99,99,0,0,0,0,2,6,1,61812,0,887,2007,I-15,1E+20,0,99999999,999999999,2,1
6,85,7,27,23,25,1,2,1,0,13,6,0,8,0,1,1,2,3,45,1,1,2,1,0,0,2,3,1,0,0,99,99,99,99,99,99,0,0,0,0,1,6,0,61813,3340,0,2007,MONTEREY RD,1E+20,0,99999999,999999999,1,1
6,19,7,28,0,55,2,3,0,1,2,3,0,12,2,1,1,1,2,55,1,1,2,1,0,0,0,2,1,0,0,99,99,99,99,99,99,0,0,0,0,1,7,0,61814,0,38,2007,SR-41,1E+20,0,99999999,999999999,2,1
6,37,7,28,6,50,2,3,0,0,13,6,0,12,5,2,1,1,4,40,1,1,2,1,3,3,0,1,1,0,0,99,99,99,99,99,99,0,0,0,0,2,7,0,61815,305,0,2007,ROSECRANS AVE,BELLFLOWER,0,99999999,999999999,2,1
6,71,7,28,7,35,2,2,0,0,13,4,0,12,3,2,1,1,2,35,2,1,2,1,0,0,0,1,1,0,0,99,99,99,99,99,99,0,0,0,0,1,7,0,61816,0,0,2007,EUCLUID AVE,SAN ANTONIO CRESENT,0,99999999,999999999,2,1
6,37,7,28,7,35,1,3,1,0,14,4,0,9,0,1,1,1,2,55,1,1,2,1,0,0,0,1,1,0,0,99,99,99,99,0,0,0,0,0,0,1,7,0,61817,0,0,2007,90TH ST E,1E+20,0,99999999,999999999,1,1
6,17,7,28,11,45,1,1,0,0,5,4,0,24,0,1,4,1,2,55,2,1,2,1,0,0,0,1,1,0,0,99,99,99,99,0,0,0,0,0,0,1,7,0,61818,0,0,2007,WENTWORTH SPRINGS RD,1E+20,0,99999999,999999999,1,1
6,65,7,28,16,5,2,6,0,0,14,6,0,12,5,2,1,1,4,40,1,1,2,1,3,3,0,1,1,0,0,99,99,99,99,99,99,0,0,0,0,1,7,0,61819,850,0,2007,LINCOLN AVE,RAILROAD ST,0,99999999,999999999,2,1
6,37,7,28,16,10,3,5,0,0,4,4,0,12,7,1,1,1,2,55,1,1,2,1,0,0,0,1,1,0,0,99,99,99,99,99,99,0,0,0,0,1,7,1,61820,0,0,2007,AVENUE J,1E+20,0,99999999,999999999,3,1
6,37,7,28,16,13,2,3,0,1,11,1,0,12,1,1,1,3,6,65,1,1,1,1,0,0,0,1,1,0,0,99,99,99,99,99,99,0,0,0,0,1,7,0,61821,1110,283,2007,I-10,1E+20,0,99999999,999999999,2,1
6,1,7,28,17,15,1,2,1,0,15,4,0,9,0,3,1,1,2,25,1,1,2,1,20,3,0,1,1,0,0,99,99,99,99,99,99,0,16,0,0,1,7,0,61822,0,0,2007,BOCKMAN RD,CHANNEL ST,0,99999999,999999999,1,1
6,37,7,29,0,59,2,5,0,0,13,6,0,12,1,3,1,2,3,40,1,1,2,1,3,3,0,3,1,0,0,99,99,99,99,0,0,0,0,0,0,1,1,1,61823,2458,0,2007,IMPERIAL HWY,DOMART AVE,0,99999999,999999999,2,1
6,37,7,29,4,0,2,3,0,0,13,6,0,12,5,2,1,1,4,35,1,1,2,1,3,3,1,3,1,0,0,99,99,99,99,99,99,0,0,0,0,1,1,0,61824,1980,0,2007,CRENSHAW BL,HYDE PARK BL,0,99999999,999999999,2,1
6,37,7,29,6,10,1,1,0,1,12,2,0,33,0,1,4,3,5,65,2,1,2,1,0,0,0,1,1,0,0,99,99,99,99,0,0,0,0,0,0,1,1,1,61825,1980,170,2007,US-101,1E+20,0,99999999,999999999,1,1
6,25,7,29,7,5,2,4,0,0,4,4,0,12,2,1,1,1,2,55,2,1,2,1,40,3,0,1,1,0,0,99,99,99,99,99,99,0,0,0,0,1,1,0,61826,0,0,2007,FORRESTER RD,1E+20,0,99999999,999999999,2,1
6,75,7,29,8,0,1,4,1,0,13,3,0,8,0,3,1,9,3,35,1,1,2,2,2,3,0,1,1,0,0,99,99,99,99,99,99,0,0,0,0,1,1,0,61827,3290,34,2007,SR-1,MORAGA ST,0,99999999,999999999,1,1
6,29,7,29,11,6,2,4,0,1,2,3,0,12,4,1,2,1,2,65,1,1,2,1,0,0,0,1,1,0,0,99,99,99,99,99,99,0,0,0,0,2,1,0,61828,0,586,2007,SR-14,1E+20,0,99999999,999999999,2,1
6,37,7,29,13,15,1,1,0,0,16,6,0,33,0,1,4,1,2,25,1,1,2,1,0,0,0,1,1,0,0,99,99,99,99,99,99,0,0,0,0,1,1,0,61829,1980,0,2007,12TH AVE,1E+20,0,99999999,999999999,1,1
6,29,7,29,17,25,1,3,0,1,1,1,0,7,0,1,3,2,2,70,1,1,1,1,0,0,0,1,1,0,0,99,99,99,99,99,99,0,0,0,0,1,1,0,61830,0,426,2007,I-5,1E+20,0,99999999,999999999,1,1
6,63,7,29,18,30,1,1,0,0,3,3,0,42,0,1,6,1,2,55,2,1,2,1,0,0,0,1,1,0,0,99,99,99,99,0,0,0,0,0,0,1,1,0,61831,0,2,2007,SR-70,1E+20,0,99999999,999999999,1,1
6,107,7,29,19,54,2,5,0,0,4,4,0,12,5,2,1,1,2,55,1,1,2,1,0,0,0,1,1,0,0,99,99,99,99,99,99,0,0,0,0,1,1,0,61832,0,0,2007,ROAD 56,LAWRENCE AVE,0,99999999,999999999,2,1
6,75,7,30,6,24,1,1,0,0,14,6,0,30,0,1,4,1,2,25,1,1,2,1,20,3,0,1,1,0,0,99,99,99,99,99,99,0,0,0,0,1,2,0,61833,3290,0,2007,NORIEGA ST,1E+20,0,99999999,999999999,1,1
6,31,7,30,11,45,1,1,0,1,2,3,0,1,0,3,4,1,2,55,1,1,2,1,20,3,0,1,1,0,0,99,99,99,99,0,0,0,0,0,0,1,2,0,61834,0,249,2007,SR-41,OMAHA AVE,0,99999999,999999999,1,1
6,73,7,30,14,54,2,2,0,0,13,6,0,12,5,2,1,2,3,55,1,1,2,1,3,3,0,1,1,0,0,99,99,99,99,0,0,0,0,0,0,1,2,0,61835,560,0,2007,PALOMAR AIRPORT RD,EL FUERTE ST,0,99999999,999999999,2,1
6,73,7,30,21,54,1,2,1,0,15,6,0,8,0,3,1,1,2,25,1,1,2,1,0,0,0,1,1,0,0,99,99,99,99,99,99,0,0,0,0,1,2,0,61836,2510,0,2007,NEPTUNE WY,COASTAL HWY,0,99999999,999999999,1,1
6,59,7,31,20,51,1,1,0,0,14,6,0,33,0,1,4,5,4,45,1,1,2,1,0,0,0,3,1,0,0,99,99,99,99,0,0,0,0,0,0,1,3,0,61837,1660,0,2007,SPRINGDALE ST,1E+20,0,99999999,999999999,1,1
6,13,7,31,20,54,1,1,0,0,16,6,0,33,0,1,4,1,2,35,2,1,2,1,0,0,0,5,1,0,0,99,99,99,99,0,0,0,0,0,0,1,3,0,61838,3010,0,2007,MARINA WY,1E+20,0,99999999,999999999,1,1
6,99,7,31,23,32,1,2,0,0,15,6,0,37,0,3,4,1,2,55,1,1,2,1,0,0,0,2,1,0,0,99,99,99,99,99,99,0,0,0,0,1,3,2,61839,2200,0,2007,MILNES RD,SANTA FE AVE,0,99999999,999999999,1,1
6,59,7,1,1,21,1,6,0,1,12,3,0,1,0,5,2,6,2,65,2,1,1,1,0,0,0,3,1,0,0,99,99,99,99,99,99,0,0,0,0,1,1,2,61840,80,90,2007,SR-91 RAMP,1E+20,0,99999999,999999999,1,1
6,71,7,22,4,32,2,2,0,1,12,3,0,12,1,1,1,3,4,65,1,1,1,1,0,0,1,3,1,0,0,99,99,99,99,99,99,0,0,0,0,1,1,2,61841,2922,80,2007,SR-210,1E+20,0,99999999,999999999,2,1
6,53,7,22,17,20,1,4,0,0,6,4,0,1,0,1,1,1,2,35,2,2,2,1,0,0,0,1,1,0,0,99,99,99,99,99,99,0,0,0,0,1,1,1,61842,0,0,2007,BOUNDARY RD,1E+20,0,99999999,999999999,1,1
6,37,7,25,20,35,1,2,1,0,13,4,0,8,0,1,1,1,4,35,1,1,2,1,0,0,0,3,1,0,0,99,99,99,99,99,99,0,0,0,0,1,4,1,61843,0,0,2007,LAMBERT RD,1E+20,0,99999999,999999999,1,1
6,29,7,28,21,0,1,2,1,0,3,3,0,8,0,3,1,1,2,45,1,1,2,1,0,0,0,3,1,0,0,99,99,99,99,0,0,0,0,0,0,1,7,2,61844,0,340,2007,SR-33,D ST,0,99999999,999999999,1,1
6,37,7,29,1,35,2,7,0,1,11,1,0,33,0,5,4,6,2,65,2,1,2,1,0,0,1,3,1,0,0,99,99,99,99,99,99,0,0,0,0,1,1,1,61845,30,240,2007,I-10 RAMP,1E+20,0,99999999,999999999,2,1
6,1,7,3,20,55,2,6,0,0,13,3,0,33,0,1,3,2,9,30,1,1,2,1,28,3,1,3,1,0,0,99,99,99,99,99,99,0,0,0,0,1,3,1,61846,2480,80,2007,SR-185,1E+20,0,99999999,999999999,2,1
6,1,8,9,8,25,1,2,1,0,13,6,0,9,0,2,1,2,2,30,1,1,2,1,2,3,0,1,1,0,0,99,99,99,99,0,0,0,0,0,0,1,5,0,61847,2480,0,2007,SAN PABLO AVE,WEST ST,0,99999999,999999999,1,1
6,47,8,9,19,39,1,3,1,0,14,6,0,9,0,1,1,1,9,35,1,1,2,1,0,0,0,1,1,0,0,99,99,99,99,99,99,0,0,0,0,1,5,0,61848,2150,0,2007,CHILDS AVE,1E+20,0,99999999,999999999,1,1
6,37,8,14,20,20,2,2,1,0,14,6,0,8,0,1,1,1,2,35,1,1,2,1,0,0,0,3,1,0,0,99,99,99,99,99,99,0,0,0,0,1,3,0,61849,1980,0,2007,FRANKLIN AVE,1E+20,0,99999999,999999999,1,1
6,89,8,23,0,53,1,1,0,0,3,4,0,31,0,1,4,1,2,45,2,1,2,1,0,0,0,2,1,0,0,99,99,99,99,0,0,0,0,0,0,1,5,1,61850,0,0,2007,OLD OREGON TRL,1E+20,0,99999999,999999999,1,1
6,77,8,23,16,36,2,2,0,1,13,6,0,1,0,1,1,1,4,35,1,1,2,1,20,3,0,1,1,0,0,99,99,99,99,99,99,0,0,0,0,1,5,0,61851,3770,0,2007,AIRPORT WY,1E+20,0,99999999,999999999,2,1
6,59,8,23,16,39,3,5,0,1,11,1,0,12,1,1,1,2,6,65,1,1,1,1,0,0,0,1,1,0,0,99,99,99,99,99,99,0,0,0,0,1,5,0,61852,1713,71,2007,I-405,1E+20,0,99999999,999999999,3,1
6,67,8,23,19,40,1,1,0,0,4,4,0,42,0,1,4,1,2,35,2,1,2,1,0,0,0,5,1,0,0,99,99,99,99,0,0,0,0,0,0,1,5,0,61853,0,0,2007,RIVER RD,1E+20,0,99999999,999999999,1,1
6,37,8,23,20,20,1,2,1,0,14,6,0,8,0,1,1,1,4,35,1,1,2,1,0,0,0,3,1,0,0,99,99,99,99,99,99,0,0,0,0,1,5,1,61854,1980,0,2007,JEFFERSON BLVD,1E+20,0,99999999,999999999,1,1
6,79,8,24,11,11,1,1,0,1,2,2,0,42,0,1,4,2,2,65,1,1,1,1,0,0,0,1,1,0,0,99,99,99,99,0,0,0,0,0,0,1,6,0,61855,0,385,2007,US-101,1E+20,0,99999999,999999999,1,1
6,25,8,24,20,50,1,1,0,0,6,4,0,37,0,1,4,1,2,55,2,1,2,1,0,0,0,2,1,0,0,99,99,99,99,99,99,0,0,0,0,1,6,1,61856,0,0,2007,ARAZ RD,1E+20,0,99999999,999999999,1,1
6,65,8,25,12,45,2,2,0,0,3,3,0,24,0,1,4,1,2,55,2,2,2,1,28,3,0,1,1,0,0,99,99,99,99,0,0,0,0,0,0,1,7,0,61857,0,105,2007,SR-74,1E+20,0,99999999,999999999,2,1
6,37,8,25,14,5,2,3,0,0,3,3,0,12,2,1,1,1,2,55,2,1,2,1,0,0,0,1,1,0,0,99,99,99,99,0,0,0,0,0,0,1,7,0,61858,0,450,2007,SR-2,1E+20,0,99999999,999999999,2,1
6,95,8,1,1,5,1,3,0,1,1,1,0,1,0,1,4,3,3,65,1,1,1,1,0,0,0,2,1,0,0,99,99,99,99,99,99,0,0,0,0,1,4,1,61859,0,335,2007,I-80,1E+20,0,99999999,999999999,1,1
6,65,8,1,6,15,4,4,0,1,12,3,0,14,1,1,2,3,4,55,1,1,1,1,0,0,0,1,1,0,0,99,99,99,99,0,0,0,14,0,0,1,4,0,61860,3070,105,2007,SR-91,1E+20,0,99999999,999999999,2,1
6,37,8,1,6,51,1,1,0,0,13,6,0,42,0,1,3,3,2,40,1,1,2,1,0,0,0,1,1,0,0,99,99,99,99,99,99,0,0,0,0,1,4,0,61861,639,0,2007,SOUTH ST,1E+20,0,99999999,999999999,1,1
6,13,8,1,7,35,1,2,1,1,12,3,0,8,0,1,1,3,5,65,1,1,2,1,0,0,0,1,1,0,0,99,99,99,99,99,99,0,19,0,0,1,4,0,61862,1779,83,2007,SR-24,1E+20,0,99999999,999999999,1,1
6,37,8,1,10,35,1,3,2,0,13,6,0,9,0,2,1,1,6,35,1,1,2,1,20,3,0,1,1,0,0,99,99,99,99,99,99,0,16,0,0,1,4,1,61863,1980,0,2007,FIGUEROA ST,52ND PL,0,99999999,999999999,1,1
6,29,8,1,16,55,2,4,0,0,3,3,0,12,5,2,1,1,2,55,1,1,2,1,20,3,0,1,1,0,0,99,99,99,99,99,99,0,0,0,0,1,4,1,61864,0,367,2007,SR-43,GARCES HWY,0,99999999,999999999,2,1
6,75,8,1,21,7,1,3,1,0,14,6,0,9,0,2,1,1,9,25,1,2,2,1,20,3,0,3,1,0,0,99,99,99,99,99,99,0,16,0,0,1,4,0,61865,3290,0,2007,JUDAH ST,17TH AVE,0,99999999,999999999,1,1
6,95,8,1,21,50,1,2,0,0,15,4,0,30,0,1,4,1,2,45,1,3,2,1,0,0,0,2,1,0,0,99,99,99,99,99,99,0,0,0,0,1,4,0,61866,0,0,2007,PLEASANTS VALLEY RD,1E+20,0,99999999,999999999,1,1
6,83,8,1,23,33,1,6,0,1,12,2,0,1,0,1,3,2,2,65,1,1,2,1,0,0,0,3,1,0,0,99,99,99,99,99,99,0,0,0,0,2,4,1,61867,0,819,2007,US-101,1E+20,0,99999999,999999999,1,1
6,37,8,2,7,17,2,4,1,0,13,6,0,8,0,1,1,5,4,35,1,1,2,1,0,0,0,1,1,0,0,99,99,99,99,0,0,0,0,0,0,1,5,0,61868,1970,0,2007,PARAMOUNT BL,1E+20,0,99999999,999999999,2,1
6,65,8,2,11,20,1,2,0,1,1,1,0,1,0,1,4,2,2,70,2,2,2,1,0,0,0,1,1,0,0,99,99,99,99,99,99,0,0,0,0,1,5,0,61869,0,701,2007,I-10,1E+20,0,99999999,999999999,1,1
6,85,8,2,13,43,3,2,0,0,16,6,0,12,99,1,1,1,2,25,2,1,2,1,0,0,0,1,1,0,0,99,99,99,99,0,0,0,0,0,0,1,5,0,61870,3340,0,2007,AIELLO,1E+20,0,99999999,999999999,2,1
6,29,8,2,16,46,1,2,0,1,12,3,0,35,0,1,4,2,2,70,2,2,1,1,0,0,0,1,1,0,0,99,99,99,99,99,99,0,0,0,0,1,5,0,61871,0,39,2007,SR-14,1E+20,0,99999999,999999999,1,1
6,33,8,2,17,55,3,3,0,0,3,3,0,12,2,1,1,1,2,55,2,1,2,1,0,0,0,1,1,0,0,99,99,99,99,0,0,0,0,0,0,2,5,1,61872,0,160,2007,SR-20,1E+20,0,99999999,999999999,3,1
6,19,8,2,18,48,2,5,0,0,15,4,0,12,5,2,1,1,2,55,1,1,2,1,20,3,0,1,1,0,0,99,99,99,99,0,0,0,0,0,0,1,5,0,61873,0,0,2007,PARLIER AVE,ENGLEHART AVE,0,99999999,999999999,2,1
6,73,8,2,19,0,1,1,0,0,14,4,0,1,0,1,1,1,2,45,2,2,2,1,0,0,0,1,1,0,0,99,99,99,99,0,0,0,0,0,0,1,5,1,61874,0,0,2007,BUENA CREEK RD,1E+20,0,99999999,999999999,1,1
6,53,8,2,19,2,2,3,0,1,2,2,0,13,4,1,1,2,2,65,2,1,2,1,0,0,0,1,1,0,0,99,99,99,99,99,99,0,0,0,0,1,5,1,61875,0,629,2007,US-101,1E+20,0,99999999,999999999,2,1
6,93,8,2,20,20,1,1,0,0,3,3,0,1,0,1,4,1,2,55,2,1,2,1,0,0,0,1,1,0,0,99,99,99,99,0,0,0,0,0,0,1,5,1,61876,0,24,2007,SR-96,1E+20,0,99999999,999999999,1,1
6,71,8,2,21,0,3,3,0,0,13,6,0,13,2,1,1,2,2,50,2,2,2,1,0,0,0,5,1,0,0,99,99,99,99,0,0,0,0,0,0,1,5,1,61877,680,0,2007,GRAND AVE,1E+20,0,99999999,999999999,3,1
6,71,8,2,23,38,2,2,0,0,3,3,0,12,2,1,1,1,2,55,1,1,2,1,0,0,0,2,1,0,0,99,99,99,99,99,99,0,0,0,0,1,5,0,61878,0,1100,2007,SR-18,1E+20,0,99999999,999999999,2,1
6,1,8,3,2,10,1,1,0,1,1,1,0,1,0,1,4,3,3,65,2,1,1,1,0,0,0,2,1,0,0,99,99,99,99,0,0,0,0,0,0,1,6,1,61879,0,100,2007,I-680,1E+20,0,99999999,999999999,1,1
6,73,8,3,2,11,2,4,0,0,13,6,0,12,7,1,1,2,2,55,1,2,2,1,0,0,1,3,1,0,0,99,99,99,99,99,99,0,0,0,0,2,6,2,61880,3260,0,2007,FAIRMOUNT AVE,1E+20,0,99999999,999999999,2,1
6,71,8,3,5,40,1,1,0,0,4,4,0,1,0,1,5,1,2,55,1,1,2,1,0,0,0,4,1,0,0,99,99,99,99,0,0,0,0,0,0,1,6,0,61881,0,0,2007,NATIONAL TRAILS HWY,1E+20,0,99999999,999999999,1,1
6,71,8,3,11,40,3,9,0,0,3,3,0,12,1,3,1,1,4,65,1,1,2,1,20,3,0,1,1,0,0,99,99,99,99,99,99,0,0,0,0,1,6,0,61882,0,171,2007,SR-62,SUNNY VISTA RD,0,99999999,999999999,3,1
6,37,8,3,17,43,1,2,0,0,16,6,0,42,0,1,3,2,3,40,1,1,2,1,0,0,0,1,1,0,0,99,99,99,99,99,99,0,0,0,0,1,6,0,61883,1970,0,2007,CHERRY AVE,1E+20,0,99999999,999999999,1,1
6,37,8,3,18,57,1,3,2,0,13,6,0,8,0,3,1,3,3,40,1,1,2,1,0,0,0,1,1,0,0,99,99,99,99,99,99,0,0,0,0,1,6,0,61884,3720,0,2007,HUNTINGTON DR,COURT AVE,0,99999999,999999999,1,1
6,107,8,3,21,10,2,3,0,0,3,3,0,12,5,2,1,1,2,55,1,1,2,1,20,3,0,2,1,0,0,99,99,99,99,99,99,0,0,0,0,1,6,0,61885,0,171,2007,SR-43,AVENUE 120,0,99999999,999999999,2,1
6,97,8,3,22,27,1,1,0,0,14,6,0,42,0,1,4,1,2,40,2,1,2,1,0,0,0,2,1,0,0,99,99,99,99,0,0,0,0,0,0,1,6,1,61886,3490,0,2007,MONTGOMERY DR,1E+20,0,99999999,999999999,1,1
6,17,8,3,22,45,1,1,0,0,5,4,0,42,0,1,4,1,2,55,2,1,2,1,0,0,0,2,1,0,0,99,99,99,99,0,0,0,0,0,0,1,6,1,61887,0,0,2007,SAND RIDGE RD,1E+20,0,99999999,999999999,1,1
6,47,8,4,1,30,1,4,0,1,1,1,0,1,0,1,4,2,2,70,1,1,2,1,0,0,0,2,1,0,0,99,99,99,99,99,99,0,0,0,0,1,7,0,61888,0,34,2007,I-5,1E+20,0,99999999,999999999,1,1
6,37,8,4,1,45,2,3,0,1,2,3,0,12,1,3,1,1,4,60,1,1,2,1,3,3,0,2,1,0,0,99,99,99,99,0,0,0,0,0,0,1,7,1,61889,0,49,2007,SR-126,COMMERCE CENTER DR,0,99999999,999999999,2,1
6,67,8,4,3,44,1,1,0,0,13,6,0,33,0,1,4,3,3,45,2,1,2,1,0,0,0,3,1,0,0,99,99,99,99,0,0,0,0,0,0,1,7,1,61890,3150,0,2007,HOWE AVE,1E+20,0,99999999,999999999,1,1
6,73,8,4,9,30,1,1,0,0,3,3,0,42,0,1,4,1,2,55,2,2,2,1,0,0,0,1,1,0,0,99,99,99,99,0,0,0,0,0,0,1,7,0,61891,0,607,2007,SR-78,1E+20,0,99999999,999999999,1,1
6,19,8,4,11,17,2,3,0,0,13,4,0,12,5,2,1,2,2,55,1,1,2,1,20,3,0,1,1,0,0,99,99,99,99,99,99,0,0,0,0,1,7,0,61892,0,0,2007,JENSEN AVE,TEMPERANCE,0,99999999,999999999,2,1
6,67,8,4,11,25,1,1,0,0,6,4,0,1,0,1,4,1,2,25,2,1,2,1,0,0,0,1,1,0,0,99,99,99,99,99,99,0,0,0,0,1,7,0,61893,0,0,2007,NEPHI WY,1E+20,0,99999999,999999999,1,1
6,99,8,4,14,35,1,3,0,1,3,3,0,42,0,1,4,1,2,55,2,1,2,1,0,0,0,1,1,0,0,99,99,99,99,99,99,0,0,0,0,1,7,1,61894,0,39,2007,SR-132,1E+20,0,99999999,999999999,1,1
6,75,8,4,14,42,3,4,0,0,16,6,0,1,0,1,1,2,2,25,1,2,2,1,0,0,0,1,1,0,0,99,99,99,99,99,99,0,0,0,0,1,7,0,61895,3290,0,2007,OCTAVIA ST,1E+20,0,99999999,999999999,3,1
6,19,8,4,18,30,1,2,1,0,14,6,0,8,0,1,1,1,2,40,1,1,2,1,0,0,0,1,1,0,0,99,99,99,99,0,0,0,0,0,0,1,7,0,61896,1370,0,2007,ASHLAN AVE,1E+20,0,99999999,999999999,1,1