STATE,COUNTY,MONTH,DAY,HOUR,MINUTE,VE_TOTAL,PERSONS,PEDS,NHS,ROAD_FNC,ROUTE,SP_JUR,HARM_EV,MAN_COLL,REL_JUNC,REL_ROAD,TRAF_FLO,NO_LANES,SP_LIMIT,ALIGNMNT,PROFILE,PAVE_TYP,SUR_COND,TRA_CONT,T_CONT_F,HIT_RUN,LGT_COND,WEATHER1,WEATHER2,C_M_ZONE,NOT_HOUR,NOT_MIN,ARR_HOUR,ARR_MIN,HOSP_HR,HOSP_MN,SCH_BUS,CF1,CF2,CF3,FATALS,DAY_WEEK,DRUNK_DR,ST_CASE,CITY,MILEPT,YEAR,TWAY_ID,TWAY_ID2,RAIL,LATITUDE,LONGITUD,VE_FORMS,WEATHER
6,37,8,4,23,20,2,3,0,0,14,6,0,12,1,1,1,1,2,25,1,1,2,1,0,0,0,3,1,0,0,99,99,99,99,99,99,0,0,0,0,1,7,0,61897,1980,0,2007,79TH ST,1E+20,0,99999999,999999999,2,1
6,37,8,5,0,20,1,5,1,0,13,6,0,8,0,2,1,1,6,35,1,1,2,1,2,3,0,3,1,0,0,99,99,99,99,99,99,0,0,0,0,1,1,1,61898,1980,0,2007,OLYMPIC BLVD,ALBANY ST,0,99999999,999999999,1,1
6,65,8,5,0,36,2,3,1,0,13,3,0,8,0,1,1,1,4,50,1,1,2,1,0,0,2,2,1,0,0,99,99,99,99,0,0,0,0,0,0,1,1,1,61899,2650,520,2007,SR-111,1E+20,0,99999999,999999999,2,1
6,73,8,5,4,10,3,3,2,1,11,1,0,14,1,1,2,3,4,65,1,1,2,1,0,0,0,3,1,0,0,99,99,99,99,99,99,0,0,0,0,1,1,0,61900,3260,227,2007,I-805,1E+20,0,99999999,999999999,1,1
6,19,8,5,10,0,1,1,0,0,5,4,0,30,0,1,4,1,2,55,1,1,2,1,0,0,0,1,1,0,0,99,99,99,99,99,99,0,0,0,0,1,1,0,61901,0,0,2007,HUDSON AVE,1E+20,0,99999999,999999999,1,1
6,1,8,5,13,15,2,3,0,0,2,4,0,12,2,1,1,1,2,50,2,2,2,1,0,0,0,1,1,0,0,99,99,99,99,99,99,0,0,0,0,1,1,1,61902,0,0,2007,ALTAMONTJ PASS RD,1E+20,0,99999999,999999999,2,1
6,39,8,5,99,99,1,1,0,0,6,4,0,1,0,1,5,1,2,55,1,1,2,1,0,0,0,9,1,0,0,99,99,99,99,0,0,0,0,0,0,1,1,1,61903,0,0,2007,AVENUE 18,1E+20,0,99999999,999999999,1,1
6,37,8,6,8,30,3,2,0,0,13,6,0,12,5,2,1,1,2,35,1,1,1,1,20,3,0,1,1,0,0,99,99,99,99,0,0,0,0,0,0,1,2,0,61904,2020,0,2007,SANTA FE AVE,WEBER AVE,0,99999999,999999999,2,1
6,37,8,6,17,30,1,2,0,0,13,6,0,43,0,1,2,1,2,55,2,1,2,1,0,0,0,1,1,0,0,99,99,99,99,99,99,0,0,0,0,1,2,1,61905,2645,0,2007,50TH ST,1E+20,0,99999999,999999999,1,1
6,73,8,6,21,58,1,2,1,1,11,1,0,8,0,1,1,3,4,65,1,1,1,1,0,0,2,2,1,0,0,99,99,99,99,0,0,0,0,0,0,1,2,1,61906,3260,63,2007,I-805,1E+20,0,99999999,999999999,1,1
6,65,8,6,22,22,1,2,1,0,13,4,0,8,0,1,1,1,2,45,1,1,2,1,0,0,0,2,1,0,0,99,99,99,99,0,0,0,0,0,0,1,2,0,61907,0,0,2007,MAGNILIA AVE,1E+20,0,99999999,999999999,1,1
6,37,8,6,23,15,2,3,1,0,13,6,0,8,0,1,1,2,3,99,1,1,2,1,0,0,2,3,1,0,0,99,99,99,99,0,0,0,0,0,0,1,2,0,61908,1970,0,2007,LONG BEACH BL,1E+20,0,99999999,999999999,2,1
6,67,8,6,23,36,1,3,1,1,11,1,0,8,0,1,1,3,4,65,2,1,2,1,0,0,0,2,1,0,0,99,99,99,99,0,0,0,0,0,0,1,2,0,61909,3150,209,2007,I-5,1E+20,0,99999999,999999999,1,1
6,37,8,7,4,10,2,3,0,0,13,3,0,12,5,2,1,2,3,40,1,1,2,1,3,3,0,3,1,0,0,99,99,99,99,99,99,0,0,0,0,1,3,0,61910,305,61,2007,SR-19,PARK ST,0,99999999,999999999,2,1
6,77,8,7,5,20,1,1,0,0,4,4,0,27,0,1,2,1,2,45,1,1,2,1,0,0,0,2,1,0,0,99,99,99,99,0,0,0,0,0,0,1,3,0,61911,0,0,2007,CORRAL HOLLOW RD,1E+20,0,99999999,999999999,1,1
6,65,8,7,7,27,3,7,0,1,1,1,0,24,0,1,3,3,4,70,1,1,2,1,0,0,0,1,1,0,0,99,99,99,99,99,99,0,0,0,0,1,3,0,61912,0,253,2007,I-10,1E+20,0,99999999,999999999,3,1
6,87,8,7,8,11,1,2,1,0,13,3,0,9,0,3,1,1,4,25,1,1,2,1,3,3,0,1,1,0,0,99,99,99,99,0,0,0,0,0,0,1,3,0,61913,3450,190,2007,SR-1,BAY ST,0,99999999,999999999,1,1
6,7,8,7,9,38,3,4,0,0,2,3,0,12,2,2,1,1,2,55,1,1,2,1,3,3,0,1,1,0,0,99,99,99,99,99,99,0,0,0,0,1,3,1,61914,0,132,2007,SR-99,SR-162,0,99999999,999999999,3,1
6,31,8,7,11,55,1,2,0,0,4,4,0,1,0,1,2,1,2,55,1,1,2,1,0,0,0,1,1,0,0,99,99,99,99,99,99,0,0,0,0,2,3,0,61915,0,0,2007,14TH AVE,1E+20,0,99999999,999999999,1,1
6,39,8,7,12,45,1,4,0,1,2,3,0,1,0,1,3,2,2,65,2,2,2,1,0,0,0,1,1,0,0,99,99,99,99,99,99,0,0,0,0,1,3,1,61916,0,228,2007,SR-99,1E+20,0,99999999,999999999,1,1
6,107,8,7,17,48,2,2,0,0,14,6,0,12,5,2,1,1,3,50,1,1,2,1,0,0,0,1,1,0,0,99,99,99,99,99,99,0,0,0,0,1,3,0,61917,4050,0,2007,WALNUT AVE,PINKHAM ST,0,99999999,999999999,2,1
6,65,8,7,21,15,5,9,4,1,12,3,0,12,1,1,1,3,3,65,1,1,2,1,0,0,0,3,1,0,0,99,99,99,99,99,99,0,0,0,0,1,3,1,61918,0,166,2007,SR-60,1E+20,0,99999999,999999999,4,1
6,37,8,7,22,56,2,4,0,0,16,6,0,12,5,2,1,3,2,45,1,2,2,1,3,3,0,3,1,0,0,99,99,99,99,99,99,0,0,0,0,1,3,1,61919,1695,0,2007,COLIMA RD,STONER CREEK RD,0,99999999,999999999,2,1
6,39,8,7,99,99,1,1,0,0,4,4,0,42,0,1,4,1,2,55,1,2,2,1,0,0,0,2,1,0,0,99,99,99,99,0,0,0,0,0,0,1,3,1,61920,0,0,2007,ROAD 222,1E+20,0,99999999,999999999,1,1
6,37,8,8,0,31,3,4,0,0,13,6,0,12,5,2,1,3,2,35,1,1,2,1,0,0,0,3,1,0,0,99,99,99,99,0,0,0,0,0,0,1,4,1,61921,230,0,2007,AZUSA AVE,ROLAND ST,0,99999999,999999999,3,1
6,83,8,8,8,17,1,2,1,0,15,6,0,9,0,3,1,1,2,25,1,1,2,1,3,3,0,1,1,0,0,99,99,99,99,0,0,0,0,0,0,1,4,0,61922,1445,0,2007,KELLOGG AVE,HOLLISTER AVE,0,99999999,999999999,1,1
6,29,8,8,14,18,1,2,0,1,2,3,0,1,0,1,1,3,2,55,1,2,2,1,0,0,0,1,1,0,0,99,99,99,99,99,99,0,0,0,0,1,4,0,61923,0,625,2007,SR-14,1E+20,0,99999999,999999999,1,1
6,7,8,8,16,32,1,3,0,0,14,4,0,42,0,1,4,1,2,55,2,1,2,1,0,0,0,1,1,0,0,99,99,99,99,99,99,0,0,0,0,1,4,0,61924,0,0,2007,OPHIR RD,1E+20,0,99999999,999999999,1,1
6,19,8,9,0,29,1,3,1,0,14,6,0,8,0,1,1,3,3,40,1,1,2,1,0,0,0,3,1,0,0,99,99,99,99,99,99,0,0,0,0,1,5,0,61925,1370,0,2007,BLACKSTONE AVE,1E+20,0,99999999,999999999,1,1
6,73,8,9,7,15,2,2,0,0,4,4,0,1,0,1,1,1,2,55,9,1,2,1,0,0,0,1,1,0,0,99,99,99,99,0,0,0,0,0,0,1,5,0,61926,0,0,2007,W LILAC RD,1E+20,0,99999999,999999999,2,1
6,65,8,9,7,46,2,2,0,0,14,6,0,12,2,1,1,5,3,55,1,1,2,1,0,0,0,1,1,0,0,99,99,99,99,99,99,0,0,0,0,2,5,0,61927,2276,0,2007,REDLANDS AVE,1E+20,0,99999999,999999999,2,1
6,109,8,9,13,55,1,1,0,0,3,4,0,35,0,1,4,1,2,55,2,1,2,1,0,0,0,1,1,0,0,99,99,99,99,99,99,0,0,0,0,1,5,1,61928,0,0,2007,LA GRANGE RD,1E+20,0,99999999,999999999,1,1
6,73,8,9,17,0,1,2,0,1,3,3,0,30,0,1,4,1,2,55,2,2,2,1,40,3,0,1,1,0,0,99,99,99,99,99,99,0,0,0,0,1,5,0,61929,0,156,2007,SR-79,1E+20,0,99999999,999999999,1,1
6,99,8,9,17,28,1,4,0,0,5,4,0,43,0,1,4,1,2,55,1,1,2,1,0,0,0,1,1,0,0,99,99,99,99,99,99,0,0,0,0,1,5,0,61930,0,0,2007,FAITH HOME RD,1E+20,0,99999999,999999999,1,1
6,73,8,9,20,56,1,1,0,1,1,1,0,1,0,5,4,6,1,70,9,9,2,1,0,0,0,2,1,0,0,99,99,99,99,0,0,0,0,0,0,1,5,1,61931,0,405,2007,I-15 RAMP,1E+20,0,99999999,999999999,1,1
6,1,8,9,22,52,4,4,0,0,13,6,0,1,0,1,99,3,2,30,9,9,2,1,0,0,0,3,1,0,0,99,99,99,99,99,99,0,20,0,0,2,5,0,61932,2480,0,2007,MIDDLE HARBOR RD,1E+20,0,99999999,999999999,4,1
6,59,8,10,2,2,1,2,0,0,13,6,0,33,0,1,4,5,4,45,1,1,2,1,0,0,0,3,1,0,0,99,99,99,99,99,99,0,0,0,0,1,6,1,61933,3420,0,2007,FAIRVIEW ST,1E+20,0,99999999,999999999,1,1
6,85,8,10,2,15,1,1,0,0,4,4,0,42,0,1,4,1,2,35,1,1,1,2,0,0,0,2,1,0,1,99,99,99,99,0,0,0,0,0,0,1,6,0,61934,0,0,2007,SUMMIT RD,1E+20,0,99999999,999999999,1,1
6,87,8,10,5,28,2,5,0,0,3,3,0,12,2,1,1,1,2,55,2,1,2,2,40,3,0,2,2,5,0,99,99,99,99,99,99,0,0,0,0,3,6,0,61935,0,54,2007,SR-129,1E+20,0,99999999,999999999,2,2
6,65,8,10,7,5,1,2,1,0,16,6,0,8,0,1,1,1,2,35,1,1,2,1,0,0,0,1,1,0,0,99,99,99,99,99,99,0,0,0,0,1,6,0,61936,2276,0,2007,DELPHINIUM AVE,1E+20,0,99999999,999999999,1,1
6,65,8,10,10,45,1,3,1,0,6,4,0,15,0,3,1,1,2,55,1,1,2,2,0,0,0,1,1,0,0,99,99,99,99,99,99,0,0,0,0,1,6,0,61937,0,0,2007,HOLLAND RD,HANOVER  LANE,0,99999999,999999999,1,1
6,65,8,10,13,4,1,2,1,0,13,6,0,8,0,1,1,5,4,35,1,1,2,1,0,0,0,1,1,0,0,99,99,99,99,99,99,0,0,0,0,1,6,1,61938,2730,274,2007,SR-74,1E+20,0,99999999,999999999,1,1
6,73,8,10,19,40,1,1,0,0,3,4,0,41,0,1,2,1,2,50,2,1,2,1,28,3,0,2,1,0,0,99,99,99,99,99,99,0,0,0,0,1,6,0,61939,0,0,2007,OTAY LAKES RD,1E+20,0,99999999,999999999,1,1
6,83,8,10,20,41,2,3,0,0,3,3,0,12,5,2,1,1,2,55,1,1,2,1,0,0,0,3,1,0,0,99,99,99,99,99,99,0,0,0,0,1,6,0,61940,0,81,2007,SR-154,SR-246,0,99999999,999999999,2,1
6,19,8,10,21,26,1,2,1,0,14,6,0,8,0,3,1,1,2,45,1,1,2,1,0,0,0,3,1,0,0,99,99,99,99,99,99,0,0,0,0,1,6,0,61941,1370,0,2007,SHIELDS AVE,SELLAND AVE,0,99999999,999999999,1,1
6,65,8,11,19,55,1,1,0,0,6,4,0,1,0,1,2,1,2,55,1,1,2,1,0,0,0,5,1,0,0,99,99,99,99,99,99,0,0,0,0,1,7,1,61942,0,0,2007,CARY RD,1E+20,0,99999999,999999999,1,1
6,37,8,11,20,0,2,2,0,1,13,6,0,1,0,3,1,5,6,35,1,1,2,1,3,3,0,1,1,0,0,99,99,99,99,99,99,0,0,0,0,1,7,1,61943,1980,0,2007,SEPULVEDA BL,VANOWEN ST,0,99999999,999999999,2,1
6,59,8,11,20,26,1,2,1,0,13,6,0,8,0,3,1,1,6,40,1,1,2,1,2,3,2,3,1,0,0,99,99,99,99,99,99,0,0,0,0,1,7,0,61944,4130,0,2007,MAGNOLIA ST,MCFADDEN AVE,0,99999999,999999999,1,1
6,107,8,11,20,32,1,2,1,0,14,3,0,9,0,1,1,1,2,55,1,1,2,1,0,0,2,2,1,0,0,99,99,99,99,0,0,0,0,0,0,1,7,1,61945,0,146,2007,SR-216,1E+20,0,99999999,999999999,1,1
6,77,8,12,1,11,1,2,1,1,13,4,0,9,0,1,1,5,4,35,1,1,2,1,0,0,0,2,1,0,0,99,99,99,99,99,99,0,0,0,0,1,1,1,61946,0,0,2007,11TH ST,1E+20,0,99999999,999999999,1,1
6,67,8,12,2,0,1,1,0,0,13,6,0,43,0,1,4,3,3,40,1,2,1,1,0,0,0,3,1,0,0,99,99,99,99,0,0,0,0,0,0,1,1,1,61947,712,0,2007,SUNRISE BLVD,1E+20,0,99999999,999999999,1,1
6,37,8,12,7,20,2,2,0,1,11,1,0,12,1,1,1,3,5,65,1,1,2,1,0,0,0,1,1,0,0,99,99,99,99,99,99,0,0,0,0,1,1,0,61948,30,235,2007,I-10,1E+20,0,99999999,999999999,2,1
6,93,8,12,9,25,2,3,0,1,2,2,0,12,2,1,1,1,2,65,1,1,2,1,0,0,0,1,1,0,0,99,99,99,99,99,99,0,0,0,0,1,1,0,61949,0,350,2007,US-97,1E+20,0,99999999,999999999,2,1
6,65,8,12,13,42,1,1,0,0,14,6,0,31,0,1,4,1,2,35,2,1,2,1,0,0,0,1,1,0,0,99,99,99,99,99,99,0,0,0,0,1,1,1,61950,1801,0,2007,LAKES SHORE DR,1E+20,0,99999999,999999999,1,1
6,37,8,12,18,12,1,3,1,0,13,6,0,8,0,3,1,1,7,35,1,1,2,1,0,0,0,1,1,0,0,99,99,99,99,99,99,0,0,0,0,1,1,0,61951,1980,0,2007,CENTURY BLVD,GLASGOW PL,0,99999999,999999999,1,1
6,15,8,2,0,25,2,6,0,1,2,2,0,12,2,1,1,1,2,55,1,1,2,1,0,0,1,2,1,0,0,99,99,99,99,99,99,0,0,0,0,2,5,1,61952,0,362,2007,US-101,1E+20,0,99999999,999999999,2,1
6,71,8,3,23,40,3,9,0,0,3,3,0,12,2,1,1,1,2,55,2,2,2,1,0,0,0,2,1,0,0,99,99,99,99,99,99,0,0,0,0,1,6,1,61953,0,402,2007,SR-330,1E+20,0,99999999,999999999,3,1
6,63,8,4,18,40,1,2,0,0,4,4,0,42,0,1,4,1,2,35,2,2,2,1,0,0,0,1,1,0,0,99,99,99,99,99,99,0,0,0,0,1,7,1,61954,0,0,2007,BUCKS LAKE RD,1E+20,0,99999999,999999999,1,1
6,29,8,5,18,1,2,5,0,0,4,4,0,12,5,2,1,1,2,55,1,1,2,1,20,3,0,1,1,0,0,99,99,99,99,99,99,0,0,0,0,1,1,0,61955,0,0,2007,LERDO HWY,MAGNOLIA AVE,0,99999999,999999999,2,1
6,77,8,6,18,50,1,6,0,0,3,4,0,42,0,1,4,1,2,25,2,1,2,1,0,0,0,1,1,0,0,99,99,99,99,99,99,0,0,0,0,1,2,2,61956,0,0,2007,MCHENRY AVE,1E+20,0,99999999,999999999,1,1
6,19,8,8,20,40,2,3,0,0,3,3,0,12,2,1,1,1,2,55,1,1,2,1,0,0,0,2,1,0,0,99,99,99,99,99,99,0,0,0,0,1,4,1,61957,0,504,2007,SR-33,1E+20,0,99999999,999999999,2,1
6,39,8,10,18,30,1,2,0,0,4,4,0,1,0,1,5,1,2,55,1,1,2,1,0,0,0,1,1,0,0,99,99,99,99,99,99,0,0,0,0,1,6,2,61958,0,0,2007,AVENUE 12,1E+20,0,99999999,999999999,1,1
6,13,3,13,2,21,1,1,0,0,15,6,0,33,0,2,4,1,2,35,1,1,2,1,0,0,0,3,1,0,0,99,99,99,99,0,0,0,0,0,0,1,3,1,61959,2275,0,2007,RHEEM BLVD,FERNWOOD DR,0,99999999,999999999,1,1
6,19,4,12,12,0,2,2,0,0,5,4,0,12,5,2,1,1,2,55,1,1,2,1,20,3,0,1,1,0,0,99,99,99,99,99,99,0,0,0,0,1,5,0,61960,0,0,2007,CRAWFORD AVE,ADAMS AVE,0,99999999,999999999,2,1
6,73,5,12,13,10,1,1,0,0,3,3,0,35,0,1,4,1,2,55,2,2,2,1,0,0,0,1,1,0,0,99,99,99,99,99,99,0,0,0,0,1,7,0,61961,0,626,2007,SR-78,1E+20,0,99999999,999999999,1,1
6,37,1,8,16,27,2,2,0,0,14,4,0,12,5,2,1,1,4,35,1,1,2,1,3,3,0,1,1,0,0,99,99,99,99,99,99,0,0,0,0,1,2,0,61962,0,0,2007,COMPTON AVE,118TH ST,0,99999999,999999999,2,1
6,97,1,19,18,5,3,8,0,1,12,2,0,12,1,1,1,3,2,65,1,1,1,1,0,0,0,5,1,0,0,99,99,99,99,99,99,0,0,0,0,5,6,0,61963,0,263,2007,US-101,1E+20,0,99999999,999999999,3,1
6,85,3,3,6,58,3,3,0,0,14,6,0,12,2,1,1,5,6,40,1,1,2,1,0,0,0,1,1,0,0,99,99,99,99,99,99,0,0,0,0,1,7,1,61964,3340,0,2007,HILLSDALE AVE,1E+20,0,99999999,999999999,2,1
6,13,3,8,11,29,1,3,1,0,15,6,0,33,0,3,5,9,9,15,1,1,2,1,20,3,0,1,1,0,0,99,99,99,99,99,99,0,0,0,0,1,5,1,61965,4070,0,2007,GOLDEN RAIN RD,GATEWAY CLUBHOUSE,0,99999999,999999999,1,1
6,37,4,8,9,23,2,6,0,0,13,6,0,12,5,2,1,2,3,40,1,1,2,1,3,3,0,1,1,0,0,99,99,99,99,99,99,0,0,0,0,1,1,1,61966,1700,0,2007,CRENSHAW BLVD,108TH ST,0,99999999,999999999,2,1
6,47,4,11,14,21,2,5,0,0,15,4,0,12,5,2,1,1,2,55,1,1,2,1,20,3,0,1,1,0,0,99,99,99,99,99,99,0,0,0,0,1,4,0,61967,0,0,2007,ROBIN AVE,LONGVIEW AVE,0,99999999,999999999,2,1
6,65,4,29,19,15,2,1,0,0,16,6,0,1,0,1,1,1,2,25,2,1,2,1,0,0,0,1,1,0,0,99,99,99,99,99,99,0,0,0,0,1,1,1,61968,2276,0,2007,CAMINO SONRISA,1E+20,0,99999999,999999999,1,1
6,59,5,2,22,6,2,3,0,0,13,6,0,12,5,2,1,3,3,45,1,1,2,1,0,0,0,3,1,0,0,99,99,99,99,99,99,0,0,0,0,1,4,0,61969,960,0,2007,VALLEY VIEW ST,BELLE AVE,0,99999999,999999999,2,1
6,71,5,5,13,2,2,7,3,0,14,6,0,12,2,2,1,1,2,40,1,1,2,1,3,3,0,1,1,0,0,99,99,99,99,99,99,0,0,0,0,1,7,0,61970,2922,0,2007,GROVE AVE,ARROW RTE,0,99999999,999999999,2,1
6,113,5,5,18,44,2,4,0,0,6,4,0,12,5,1,1,1,2,55,1,1,2,1,0,0,0,1,1,0,0,99,99,99,99,99,99,0,0,0,0,1,7,0,61971,0,0,2007,COUNTRY RD 95,1E+20,0,99999999,999999999,2,1
6,77,5,8,21,10,1,2,0,0,14,6,0,17,0,1,4,1,4,45,1,1,2,1,0,0,0,3,1,0,0,99,99,99,99,99,99,0,0,0,0,1,3,1,61972,3770,0,2007,EL DORADO ST,1E+20,0,99999999,999999999,1,1
6,25,5,14,11,51,1,1,0,1,1,1,0,1,0,1,2,2,2,70,1,1,2,1,0,0,0,1,1,0,0,99,99,99,99,99,99,0,0,0,0,1,2,0,61973,0,595,2007,I-8,1E+20,0,99999999,999999999,1,1
6,37,5,17,22,52,1,1,0,0,14,6,0,33,0,1,4,1,2,40,1,1,2,1,0,0,0,3,1,0,0,99,99,99,99,0,0,0,0,0,0,1,5,0,61974,1700,0,2007,PRAIRIE AVE,1E+20,0,99999999,999999999,1,1
6,37,5,19,14,45,2,2,0,0,13,6,0,12,5,2,1,1,4,45,1,2,2,1,20,3,0,1,1,0,0,99,99,99,99,0,0,0,0,0,0,1,7,0,61975,1825,0,2007,VALLEY VIEW AVE,ADOREE ST,0,99999999,999999999,2,1
6,37,5,19,17,55,2,2,1,0,13,6,0,8,0,3,4,1,4,35,1,1,2,1,0,0,0,1,1,0,0,99,99,99,99,99,99,0,0,0,0,1,7,0,61976,1980,0,2007,WESTERN AVE,58TH ST,0,99999999,999999999,1,1
6,73,5,19,23,2,1,2,1,1,11,1,0,8,0,1,1,3,5,65,1,1,1,1,0,0,2,2,1,0,0,99,99,99,99,0,0,0,0,0,0,1,7,1,61977,710,52,2007,I-805,1E+20,0,99999999,999999999,1,1
6,53,5,20,2,55,2,3,0,0,3,3,0,12,2,1,1,1,2,55,1,2,2,1,0,0,0,2,1,0,0,99,99,99,99,99,99,0,0,0,0,1,1,1,61978,0,67,2007,SR-198,1E+20,0,99999999,999999999,2,1
6,37,5,20,11,30,2,3,1,0,13,6,0,12,5,2,1,1,6,35,1,1,2,1,3,3,0,1,1,0,0,99,99,99,99,0,0,0,0,0,0,1,1,0,61979,1980,0,2007,VICTORY BL,WHITSETT AVE,0,99999999,999999999,2,1
6,73,5,20,19,6,1,2,0,1,11,1,0,24,0,13,2,6,2,65,2,2,1,1,0,0,0,1,1,0,0,99,99,99,99,0,0,0,20,0,0,2,1,0,61980,3260,42,2007,I-8,1E+20,0,99999999,999999999,1,1
6,37,5,25,15,25,3,2,0,0,13,4,0,12,3,1,1,3,2,40,1,1,2,1,0,0,0,1,1,0,0,99,99,99,99,99,99,0,0,0,0,1,6,0,61981,0,0,2007,WESTERN AVE,1E+20,0,99999999,999999999,2,1
6,1,5,26,1,44,1,3,0,1,11,1,0,42,0,1,4,3,4,65,1,1,2,1,0,0,0,2,1,0,0,99,99,99,99,99,99,0,0,0,0,1,7,0,61982,2480,44,2007,I-80,1E+20,0,99999999,999999999,1,1
6,59,5,27,0,35,1,2,1,0,16,6,0,8,0,3,1,1,4,45,1,1,2,1,0,0,2,2,1,0,0,99,99,99,99,99,99,0,0,0,0,1,1,1,61983,3250,0,2007,MUIRLANDS BLVD,TULIP ST,0,99999999,999999999,1,1
6,113,6,2,16,43,2,3,0,1,1,1,0,13,5,1,1,2,2,70,1,1,2,1,0,0,0,1,1,0,0,99,99,99,99,99,99,0,0,0,0,2,7,1,61984,0,163,2007,I-5,1E+20,0,99999999,999999999,2,1
6,65,6,3,22,30,2,3,0,0,16,6,0,12,5,2,1,1,2,25,1,1,2,1,0,0,0,3,1,0,0,99,99,99,99,99,99,0,0,0,0,1,1,2,61985,2276,0,2007,CHARA ST,TIMO ST,0,99999999,999999999,2,1
6,25,6,10,9,7,1,1,0,1,1,1,0,1,0,1,99,2,9,70,9,9,2,1,0,0,0,1,1,0,0,99,99,99,99,99,99,0,0,0,0,1,1,0,61986,0,838,2007,I-8,1E+20,0,99999999,999999999,1,1
6,71,6,6,17,48,2,3,0,0,14,6,0,12,5,2,1,1,3,55,1,2,2,1,20,3,0,1,1,0,0,99,99,99,99,99,99,0,0,0,0,2,4,0,61987,4040,0,2007,AMETHYST RD,HOOK BLVD,0,99999999,999999999,2,1
6,37,6,10,22,25,1,1,0,0,13,6,0,33,0,1,4,1,2,35,2,1,2,1,0,0,0,2,1,0,0,99,99,99,99,99,99,0,0,0,0,1,1,0,61988,2929,0,2007,PALOS VERDES DR S,1E+20,0,99999999,999999999,1,1
6,71,6,15,4,54,1,2,1,0,14,6,0,8,0,1,1,5,4,45,1,1,2,1,0,0,0,4,1,0,0,99,99,99,99,99,99,0,0,0,0,1,6,1,61989,2922,0,2007,ARROW RTE,1E+20,0,99999999,999999999,1,1
6,23,6,17,14,45,1,4,0,0,3,3,0,33,0,1,2,1,2,55,1,1,2,1,0,0,0,1,1,0,0,99,99,99,99,99,99,0,0,0,0,1,1,1,61990,0,232,2007,SR-96,1E+20,0,99999999,999999999,1,1
6,99,6,17,22,40,2,4,1,1,12,3,0,8,0,1,1,3,3,65,1,1,2,1,0,0,0,3,1,0,0,99,99,99,99,0,0,0,0,0,0,1,1,1,61991,0,164,2007,SR-99,1E+20,0,99999999,999999999,2,1
6,37,6,18,1,25,2,3,0,0,14,6,0,12,5,2,1,3,2,30,1,1,2,1,3,3,0,3,1,0,0,99,99,99,99,99,99,0,0,0,0,1,2,1,61992,30,0,2007,VALLEY BL,GARFIELD AVE,0,99999999,999999999,2,1
6,37,6,18,12,25,2,4,0,1,11,1,0,12,1,1,1,3,6,65,1,1,2,1,0,0,0,1,1,0,0,99,99,99,99,99,99,0,0,0,0,1,2,0,61993,0,218,2007,I-405,1E+20,0,99999999,999999999,2,1
6,53,6,18,18,52,1,1,0,0,6,4,0,38,0,1,4,1,2,45,2,1,2,1,0,0,0,1,1,0,0,99,99,99,99,0,0,0,0,0,0,1,2,0,61994,0,0,2007,STRAWBERRY RD,1E+20,0,99999999,999999999,1,1
6,77,6,19,7,20,2,2,0,0,4,4,0,12,2,1,1,1,2,55,1,1,2,1,0,0,0,4,1,0,0,99,99,99,99,99,99,0,0,0,0,1,3,0,61995,0,0,2007,LONE TREE RD,1E+20,0,99999999,999999999,2,1
6,65,6,22,0,33,2,2,0,1,13,3,0,12,5,2,1,2,2,45,1,1,2,1,3,3,0,3,1,0,0,99,99,99,99,99,99,0,20,0,0,1,6,1,61996,290,401,2007,SR-79,1ST ST,0,99999999,999999999,2,1
6,111,6,22,21,40,1,1,0,0,12,3,0,25,0,1,3,3,2,65,2,1,2,1,0,0,0,2,1,0,0,99,99,99,99,0,0,0,0,0,0,1,6,1,61997,0,32,2007,SR-33,1E+20,0,99999999,999999999,1,1
6,37,6,23,1,45,1,1,0,0,13,4,0,33,0,1,4,2,9,45,9,9,9,1,0,0,0,3,1,0,0,99,99,99,99,0,0,0,0,0,0,1,7,1,61998,0,0,2007,E ALAMEDA ST,1E+20,0,99999999,999999999,1,1
6,113,6,24,6,0,1,3,0,1,1,1,0,38,0,1,4,2,2,70,1,1,2,1,0,0,0,4,1,0,0,99,99,99,99,99,99,0,0,0,0,1,1,0,61999,0,58,2007,I-505,1E+20,0,99999999,999999999,1,1
6,111,6,24,10,45,2,6,0,0,13,6,0,12,1,2,1,2,3,45,1,1,2,1,0,0,0,1,1,0,0,99,99,99,99,99,99,0,0,0,0,1,1,0,62000,4027,0,2007,TELEPHONE RD,JOHNSON DR,0,99999999,999999999,2,1
6,37,6,24,16,10,1,4,0,0,13,4,0,1,0,1,4,9,9,35,9,9,9,1,0,0,0,1,1,0,0,99,99,99,99,99,99,0,0,0,0,1,1,0,62001,0,0,2007,SAN GABRIEL CYN RD,1E+20,0,99999999,999999999,1,1