STATE,COUNTY,MONTH,DAY,HOUR,MINUTE,VE_TOTAL,PERSONS,PEDS,NHS,ROAD_FNC,ROUTE,SP_JUR,HARM_EV,MAN_COLL,REL_JUNC,REL_ROAD,TRAF_FLO,NO_LANES,SP_LIMIT,ALIGNMNT,PROFILE,PAVE_TYP,SUR_COND,TRA_CONT,T_CONT_F,HIT_RUN,LGT_COND,WEATHER1,WEATHER2,C_M_ZONE,NOT_HOUR,NOT_MIN,ARR_HOUR,ARR_MIN,HOSP_HR,HOSP_MN,SCH_BUS,CF1,CF2,CF3,FATALS,DAY_WEEK,DRUNK_DR,ST_CASE,CITY,MILEPT,YEAR,TWAY_ID,TWAY_ID2,RAIL,LATITUDE,LONGITUD,VE_FORMS,WEATHER
6,71,6,23,15,5,3,15,0,1,2,2,0,12,2,1,1,1,3,65,9,9,9,1,0,0,0,1,1,0,0,99,99,99,99,99,99,0,0,0,0,5,7,0,62002,0,415,2007,US-395,1E+20,0,99999999,999999999,3,1
6,19,6,25,0,20,2,2,0,0,14,4,0,12,5,2,1,1,2,40,1,1,2,1,20,3,0,2,1,0,0,99,99,99,99,0,0,0,0,0,0,1,2,2,62003,0,0,2007,OLIVE AVE,VALENTINE AVE,0,99999999,999999999,2,1
6,101,6,25,6,38,2,2,0,0,5,4,0,12,5,2,1,1,2,55,1,1,2,1,20,3,0,1,1,0,0,99,99,99,99,0,0,0,0,0,0,1,2,0,62004,0,0,2007,OSWALD RD,TOWNSHIP RD,0,99999999,999999999,2,1
6,113,6,26,15,39,2,2,0,0,15,6,0,12,2,1,1,1,9,25,9,9,9,1,0,0,0,1,1,0,0,99,99,99,99,99,99,0,0,0,0,1,3,0,62005,4258,0,2007,BEAMER ST,1E+20,0,99999999,999999999,2,1
6,61,6,27,9,15,2,2,0,0,3,3,0,12,2,1,1,1,2,55,1,1,2,1,0,0,0,1,1,0,0,99,99,99,99,99,99,0,0,0,0,1,4,0,62006,0,177,2007,SR-65,1E+20,0,99999999,999999999,2,1
6,37,6,28,6,38,1,1,0,0,13,6,0,18,0,1,1,2,4,40,1,1,2,1,0,0,0,1,1,0,0,99,99,99,99,99,99,0,0,0,0,1,5,0,62007,4120,0,2007,SUNSET AVE,1E+20,0,99999999,999999999,1,1
6,111,6,29,4,57,2,4,0,0,14,6,0,12,5,2,1,9,9,40,9,9,9,1,99,9,0,9,1,0,0,99,99,99,99,99,99,0,0,0,0,1,6,0,62008,2620,0,2007,ROSE AVE,EASTMAN AVE,0,99999999,999999999,2,1
6,73,6,29,15,23,2,2,0,0,16,6,0,12,5,10,1,1,4,35,1,1,2,1,3,3,0,1,1,0,0,99,99,99,99,0,0,0,20,0,0,1,6,1,62009,2340,101,2007,PLAZA BL,I-805 RAMP,0,99999999,999999999,2,1
6,37,6,29,21,28,1,2,1,0,13,6,0,8,0,1,1,2,4,50,1,1,2,1,0,0,0,3,1,0,0,99,99,99,99,99,99,0,0,0,0,1,6,0,62010,1970,0,2007,SHORELINE DR,1E+20,0,99999999,999999999,1,1
6,37,6,30,5,45,1,1,0,1,11,1,0,39,0,1,99,9,9,65,9,9,9,1,0,0,0,1,1,0,0,99,99,99,99,0,0,0,0,0,0,1,7,0,62011,1045,170,2007,I-105,1E+20,0,99999999,999999999,1,1
6,113,8,25,15,13,2,2,0,0,6,4,0,12,2,1,1,1,2,55,1,1,2,1,0,0,0,1,1,0,0,99,99,99,99,0,0,0,0,0,0,2,7,0,62012,0,0,2007,COUNTY ROAD 22,1E+20,0,99999999,999999999,2,1
6,29,8,25,17,0,2,3,0,0,6,4,0,1,0,1,1,1,2,99,2,1,1,1,0,0,0,1,1,0,0,99,99,99,99,0,0,0,0,0,0,1,7,0,62013,0,0,2007,LA QUEDUCT RD,1E+20,0,99999999,999999999,2,1
6,9,8,25,18,30,1,3,0,0,4,4,0,42,0,1,2,1,2,55,2,1,2,1,0,0,0,1,1,0,0,99,99,99,99,99,99,0,0,0,0,3,7,2,62014,0,0,2007,RAILROAD FLAT RD,1E+20,0,99999999,999999999,1,1
6,65,8,25,20,27,1,1,0,1,11,1,0,39,0,1,3,3,3,65,2,2,1,1,0,0,0,2,1,0,1,99,99,99,99,0,0,0,0,0,0,1,7,1,62015,3070,408,2007,I-215,1E+20,0,99999999,999999999,1,1
6,37,8,26,0,11,1,6,1,0,13,6,0,9,0,1,1,2,2,35,1,1,2,1,20,3,0,3,1,0,0,99,99,99,99,99,99,0,0,0,0,1,1,0,62016,3690,0,2007,FIRESTONE BLVD,1E+20,0,99999999,999999999,1,1
6,67,8,26,0,40,1,1,0,0,14,4,0,42,0,1,6,1,2,25,1,1,2,1,0,0,0,3,1,0,0,99,99,99,99,0,0,0,0,0,0,1,1,1,62017,0,0,2007,RIO LINDA BLVD,1E+20,0,99999999,999999999,1,1
6,79,8,26,1,30,1,1,0,1,12,2,0,42,0,1,6,3,2,65,1,2,2,1,0,0,0,2,1,0,0,99,99,99,99,0,0,0,0,0,0,1,1,1,62018,170,469,2007,US-101,1E+20,0,99999999,999999999,1,1
6,59,8,26,9,16,1,2,1,0,14,6,0,8,0,8,4,1,2,30,1,1,2,1,0,0,2,1,1,0,0,99,99,99,99,99,99,0,0,0,0,1,1,0,62019,2800,0,2007,BRADFORD AVE,1E+20,0,99999999,999999999,1,1
6,89,8,26,17,37,4,1,0,0,13,3,0,31,0,3,6,4,3,35,1,1,2,1,3,3,0,1,1,0,0,99,99,99,99,0,0,0,0,0,0,1,1,0,62020,2950,160,2007,SR-273,CYPRESS AVE,0,99999999,999999999,1,1
6,77,8,26,18,15,1,2,0,0,6,4,0,1,0,1,6,1,2,55,2,1,2,1,0,0,0,1,1,0,0,99,99,99,99,99,99,0,0,0,0,1,1,1,62021,0,0,2007,LOWER SACRAMENTO RD,1E+20,0,99999999,999999999,1,1
6,65,8,26,18,50,2,2,0,0,15,4,0,12,2,1,1,1,2,55,1,1,2,1,0,0,0,1,1,0,0,99,99,99,99,99,99,0,0,0,0,2,1,1,62022,0,0,2007,MENIFEE RD,1E+20,0,99999999,999999999,2,1
6,37,9,7,15,20,3,5,0,0,14,6,0,25,0,1,3,2,2,40,1,1,2,1,0,0,0,1,1,0,0,99,99,99,99,99,99,0,0,0,0,1,6,0,62023,1015,0,2007,DIAMOND BAR BLVD,1E+20,0,99999999,999999999,3,1
6,37,9,9,5,13,1,2,1,1,11,1,0,8,0,1,1,3,5,65,1,1,1,1,0,0,0,2,1,0,0,99,99,99,99,99,99,0,0,0,0,1,1,0,62024,1980,153,2007,I-110,1E+20,0,99999999,999999999,1,1
6,19,9,9,19,43,3,5,0,0,15,4,0,12,5,2,1,1,2,55,1,1,2,1,20,3,0,2,1,0,0,99,99,99,99,99,99,0,0,0,0,2,1,2,62025,0,0,2007,PARLIER AVE,JACOBS,0,99999999,999999999,2,1
6,29,6,3,16,36,1,2,0,1,1,1,0,38,0,1,2,2,2,70,1,1,2,1,0,0,0,1,1,0,0,99,99,99,99,99,99,0,0,0,0,1,1,0,62026,0,503,2007,I-5,1E+20,0,99999999,999999999,1,1
6,65,6,4,2,0,1,2,0,0,13,3,0,1,0,1,4,3,3,45,2,1,2,1,0,0,0,3,1,0,0,99,98,99,98,0,0,0,0,0,0,2,2,2,62027,2646,400,2007,SR-111,1E+20,0,99999999,999999999,1,1
6,19,6,4,5,3,1,3,0,1,1,1,0,1,0,1,3,2,2,70,1,1,2,1,0,0,0,2,1,0,0,99,99,99,99,99,99,0,0,0,0,1,2,0,62028,0,3,2007,I-5,1E+20,0,99999999,999999999,1,1
6,77,6,6,1,7,1,1,0,0,4,4,0,38,0,1,2,1,2,55,1,1,2,1,0,0,0,2,1,0,0,99,99,99,99,0,0,0,0,0,0,1,4,1,62029,0,0,2007,COLLIER RD,1E+20,0,99999999,999999999,1,1
6,29,6,6,20,58,1,2,0,0,6,4,0,39,0,3,2,1,2,55,1,1,2,1,20,3,0,2,1,0,0,99,99,99,99,99,99,0,0,0,0,1,4,0,62030,0,0,2007,ROAD 192,AVE O,0,99999999,999999999,1,1
6,59,6,6,23,20,1,1,0,1,12,3,0,25,0,1,3,3,7,65,1,1,2,1,0,0,0,2,1,0,0,99,99,99,99,99,99,0,0,0,0,1,4,1,62031,4267,181,2007,SR-91,1E+20,0,99999999,999999999,1,1
6,111,6,7,6,0,1,1,0,0,4,4,0,35,0,1,4,1,2,55,2,3,2,1,0,0,0,1,1,0,0,99,99,99,99,0,0,0,0,0,0,1,5,1,62032,0,0,2007,SOUTH MOUNTAIN RD,1E+20,0,99999999,999999999,1,1
6,61,6,7,17,21,1,2,0,1,1,1,0,33,0,1,2,3,3,65,2,2,2,1,0,0,0,1,1,0,0,99,99,99,99,99,99,0,0,0,0,2,5,0,62033,0,230,2007,I-80,1E+20,0,99999999,999999999,1,1
6,37,6,7,19,10,1,3,0,0,14,4,0,27,0,1,2,1,2,40,2,1,2,1,40,3,0,1,1,0,0,99,99,99,99,99,99,0,0,0,0,2,5,0,62034,0,0,2007,COVINA HILLS RD,1E+20,0,99999999,999999999,1,1
6,49,6,30,16,26,1,2,0,0,6,4,0,27,0,1,2,1,2,55,2,1,2,1,0,0,0,1,1,0,0,99,99,99,99,99,99,0,0,0,0,1,7,0,62035,0,0,2007,COUNTY ROAD 87,1E+20,0,99999999,999999999,1,1
6,65,7,13,16,30,1,2,0,0,5,4,0,31,0,1,4,1,2,0,1,1,5,1,0,0,4,1,1,0,0,99,99,99,99,99,99,0,4,0,0,1,6,1,62036,0,0,2007,64TH AVE,1E+20,0,99999999,999999999,1,1
6,107,7,13,17,20,1,1,0,0,5,4,0,30,0,1,2,1,2,55,1,1,2,1,0,0,0,1,1,0,0,99,99,99,99,99,99,0,0,0,0,1,6,0,62037,0,0,2007,AVENUE 264,1E+20,0,99999999,999999999,1,1
6,13,7,17,13,57,1,1,0,0,16,6,0,39,0,1,5,1,2,25,1,1,2,1,0,0,0,1,1,0,0,99,99,99,99,0,0,0,0,0,0,1,3,0,62038,2790,0,2007,CAMBRIA CT,1E+20,0,99999999,999999999,1,1
6,71,7,22,13,55,1,4,0,0,4,4,0,1,0,1,4,1,2,35,1,1,2,1,40,3,0,1,1,0,2,99,99,99,99,99,99,0,0,0,0,1,1,0,62039,0,0,2007,AMBOY RD,1E+20,0,99999999,999999999,1,1
6,65,7,29,19,59,1,1,0,0,14,6,0,33,0,1,3,2,2,50,1,1,2,1,0,0,0,3,1,0,0,99,99,99,99,99,99,0,0,0,0,1,1,1,62040,2327,0,2007,JEFERSON AVE,1E+20,0,99999999,999999999,1,1
6,59,8,2,2,19,1,2,0,0,13,6,0,33,0,1,6,2,2,45,1,1,2,1,0,0,0,3,1,0,0,99,99,99,99,99,99,0,0,0,0,2,5,2,62041,2199,0,2007,LOS ALISOS BLVD,1E+20,0,99999999,999999999,1,1
6,113,8,7,0,47,1,8,0,1,1,1,0,1,0,1,1,2,2,70,2,1,2,1,0,0,0,2,1,0,0,99,99,99,99,99,99,0,0,0,0,1,3,0,62042,0,192,2007,I-5,1E+20,0,99999999,999999999,1,1
6,65,8,7,11,53,1,1,0,1,1,1,0,1,0,1,6,2,3,70,1,1,2,1,0,0,0,1,1,0,0,99,99,99,99,99,99,0,0,0,0,1,3,0,62043,0,358,2007,I-15,1E+20,0,99999999,999999999,1,1
6,111,8,9,20,25,1,1,0,0,3,3,0,17,0,1,5,1,3,65,1,1,2,1,0,0,0,2,1,0,0,99,99,99,99,0,0,0,0,0,0,1,5,0,62044,0,27,2007,SR-1,1E+20,0,99999999,999999999,1,1
6,37,8,12,4,15,1,4,0,0,3,3,0,35,0,1,2,1,2,40,2,3,2,1,0,0,0,2,1,0,0,99,99,99,99,99,99,0,0,0,0,1,1,0,62045,0,212,2007,SR-39,1E+20,0,99999999,999999999,1,1
6,71,8,12,21,10,1,2,0,0,2,3,0,41,0,1,2,1,2,55,2,1,2,1,0,0,0,2,1,0,0,99,99,99,99,99,99,0,0,0,0,1,1,1,62046,0,530,2007,SR-38,1E+20,0,99999999,999999999,1,1
6,107,8,12,21,35,1,1,0,1,2,3,0,33,0,13,2,6,1,55,2,1,2,1,0,0,0,2,1,0,0,99,99,99,99,0,0,0,0,0,0,1,1,1,62047,0,334,2007,SR-99 RAMP,1E+20,0,99999999,999999999,1,1
6,67,8,13,0,44,1,1,0,0,13,6,0,39,0,3,6,1,2,25,1,1,2,1,20,3,0,3,1,0,0,99,99,99,99,0,0,0,0,0,0,1,2,1,62048,0,0,2007,MARCONI AVE,MORSE AVE,0,99999999,999999999,1,1
6,65,8,13,1,0,1,4,0,0,6,4,0,1,0,1,6,1,2,35,2,2,2,1,0,0,0,2,1,0,0,99,99,99,99,99,99,0,0,0,0,1,2,1,62049,0,0,2007,SANTIAGO CANYON RD,1E+20,0,99999999,999999999,1,1
6,83,8,13,6,55,1,2,0,1,12,2,0,1,0,1,3,2,2,65,1,1,1,1,0,0,0,1,1,0,0,99,99,99,99,99,99,0,0,0,0,1,2,0,62050,0,834,2007,US-101,1E+20,0,99999999,999999999,1,1
6,29,8,13,20,10,1,1,0,0,4,3,0,24,0,1,4,1,2,55,1,2,2,1,0,0,0,5,1,0,0,99,99,99,99,99,99,0,0,0,0,1,2,1,62051,0,699,2007,SR-155,1E+20,0,99999999,999999999,1,1
6,9,8,14,1,30,1,3,0,0,4,4,0,1,0,1,6,1,2,50,2,1,2,1,0,0,0,2,1,0,0,99,99,99,99,99,99,0,0,0,0,1,3,2,62052,0,0,2007,MURPHYS GRADE RD,1E+20,0,99999999,999999999,1,1
6,77,8,13,21,40,1,5,0,0,5,4,0,1,0,1,2,1,2,55,2,1,2,1,0,0,0,2,1,0,0,99,99,99,99,0,0,0,0,0,0,1,2,0,62053,0,0,2007,FINCK RD,1E+20,0,99999999,999999999,1,1
6,109,8,13,21,41,1,1,0,0,3,3,0,24,0,1,2,1,2,55,1,1,2,1,0,0,0,3,1,0,0,99,99,99,99,99,99,0,0,0,0,1,2,1,62054,0,31,2007,SR-108,1E+20,0,99999999,999999999,1,1
6,89,8,13,22,47,1,1,0,0,4,4,0,38,0,1,2,1,2,55,1,1,2,1,0,0,0,2,1,0,0,99,99,99,99,0,0,0,0,0,0,1,2,1,62055,0,0,2007,MILLVILLE PLAINS RD,1E+20,0,99999999,999999999,1,1
6,81,8,14,99,99,1,1,0,0,4,3,0,36,0,1,2,1,2,50,1,1,2,1,0,0,0,2,1,0,0,99,99,99,99,99,99,0,0,0,0,1,3,1,62056,0,145,2007,SR-35,1E+20,0,99999999,999999999,1,1
6,97,5,12,21,30,1,5,0,0,3,3,0,34,0,1,4,1,2,55,1,2,2,1,0,0,0,2,1,0,0,99,99,99,99,99,99,0,0,0,0,1,7,1,62057,0,454,2007,SR-116,1E+20,0,99999999,999999999,1,1
6,47,5,13,17,34,1,2,1,0,15,6,0,8,0,4,5,1,2,15,1,1,2,1,0,0,2,1,1,0,0,99,99,99,99,99,99,0,0,0,0,1,1,0,62058,2150,0,2007,8TH ST,1E+20,0,99999999,999999999,1,1
6,19,5,14,19,40,1,2,0,0,4,4,0,1,0,1,2,1,2,55,1,1,2,1,0,0,0,5,1,0,0,99,99,99,99,99,99,0,0,0,0,1,2,0,62059,0,0,2007,ALTA AVE,1E+20,0,99999999,999999999,1,1
6,77,6,7,4,37,2,2,0,0,15,4,0,12,4,1,1,1,2,35,1,1,2,1,0,0,1,4,1,0,0,99,99,99,99,99,99,0,0,0,0,1,5,1,62060,0,0,2007,GOLDEN GATE AVE,1E+20,0,99999999,999999999,2,1
6,55,7,14,17,37,3,4,0,0,12,3,0,12,1,3,1,2,2,50,1,1,2,1,0,0,0,1,1,0,0,99,99,99,99,99,99,0,0,0,0,1,7,1,62061,2330,148,2007,SR-29,N SALVADOR,0,99999999,999999999,3,1
6,37,7,10,21,43,1,2,1,0,13,6,0,8,0,1,1,1,4,35,1,1,2,1,2,3,2,3,1,0,0,99,99,99,99,0,0,0,0,0,0,1,3,0,62062,1430,0,2007,GLENDALE AVE,1E+20,0,99999999,999999999,1,1
6,67,7,10,22,35,1,1,0,0,13,6,0,33,0,1,4,1,4,35,2,2,2,2,0,0,0,3,1,0,1,99,99,99,99,99,99,0,0,0,0,1,3,1,62063,3150,0,2007,WEST EL CAMINO AVE,1E+20,0,99999999,999999999,1,1
6,71,8,9,13,20,1,1,0,0,14,6,0,1,0,1,1,5,4,35,2,1,2,1,40,3,0,1,1,0,0,99,99,99,99,0,0,0,0,0,0,1,5,1,62064,0,0,2007,ADELANTO RD,1E+20,0,99999999,999999999,1,1
6,83,8,18,1,1,2,1,0,0,15,6,0,14,2,1,6,1,2,30,1,1,2,1,0,0,0,3,1,0,0,99,99,99,99,99,99,0,0,0,0,1,7,1,62065,1950,0,2007,PINE AVE,1E+20,0,99999999,999999999,1,1
6,59,8,19,1,50,1,2,1,0,16,6,0,8,0,1,1,5,6,45,1,1,2,1,0,0,2,3,1,0,0,99,99,99,99,99,99,0,0,0,0,1,1,1,62066,3420,0,2007,1ST ST,1E+20,0,99999999,999999999,1,1
6,37,9,8,19,55,1,1,0,0,14,6,0,30,0,1,6,1,2,45,2,2,2,1,0,0,0,2,1,0,0,99,99,99,99,0,0,0,0,0,0,1,7,1,62067,518,0,2007,MULHOLLAND HWY,1E+20,0,99999999,999999999,1,1
6,37,9,9,3,40,2,2,0,0,14,6,0,12,5,2,1,1,2,35,1,1,2,1,3,3,0,3,1,0,0,99,99,99,99,99,99,0,0,0,0,1,1,1,62068,1980,0,2007,8TH ST,HAUSER BL,0,99999999,999999999,2,1
6,111,9,9,6,5,1,1,0,1,12,2,0,24,0,1,3,3,3,65,1,1,1,1,0,0,0,4,1,0,0,99,99,99,99,0,0,0,0,0,0,1,1,0,62069,4027,314,2007,US-101,1E+20,0,99999999,999999999,1,1
6,19,9,9,22,50,1,3,0,0,15,4,0,30,0,1,2,1,2,55,1,1,2,1,0,0,0,2,1,0,0,99,99,99,99,99,99,0,0,0,0,1,1,1,62070,0,0,2007,ELM AVE,1E+20,0,99999999,999999999,1,1
6,67,9,9,99,99,1,1,0,0,3,3,0,42,0,1,6,1,2,55,1,1,2,1,0,0,0,2,1,0,0,99,99,99,99,0,0,0,0,0,0,1,1,1,62071,0,72,2007,SR-160,1E+20,0,99999999,999999999,1,1
6,37,9,10,10,24,1,2,1,0,13,3,0,8,0,8,4,2,2,40,1,1,2,1,0,0,0,1,1,0,0,99,99,99,99,99,99,0,0,0,0,1,2,0,62072,4190,35,2007,SR-72,1E+20,0,99999999,999999999,1,1
6,1,3,7,10,44,2,1,0,0,13,6,0,14,1,1,6,1,4,25,1,1,2,1,0,0,0,1,1,0,0,99,99,99,99,99,99,0,0,0,0,1,4,0,62073,2480,0,2007,TELEGRAPH AVE,1E+20,0,99999999,999999999,1,1
6,37,6,19,15,0,3,4,0,0,15,6,0,1,0,1,1,4,3,30,1,1,2,1,0,0,0,1,1,0,0,99,99,99,99,99,99,0,0,0,0,1,3,0,62074,2700,0,2007,GREEN ST,1E+20,0,99999999,999999999,3,1
6,1,7,1,2,48,1,1,0,0,14,6,0,1,0,3,3,2,3,30,1,1,2,1,0,0,0,3,1,0,0,99,99,99,99,99,99,0,0,0,0,1,1,1,62075,2480,0,2007,E 12TH ST,1ST ST,0,99999999,999999999,1,1
6,37,7,11,16,50,6,10,0,1,11,1,0,12,1,1,1,3,3,55,1,1,1,1,0,0,0,1,1,0,0,99,99,99,99,99,99,0,0,0,0,1,4,0,62076,1980,7,2007,I-105,1E+20,0,99999999,999999999,6,1
6,53,9,10,14,30,1,1,0,0,6,4,0,35,0,1,2,1,2,55,2,1,2,1,0,0,0,1,1,0,0,99,99,99,99,0,0,0,0,0,0,1,2,1,62077,0,0,2007,LONOAK RD,1E+20,0,99999999,999999999,1,1
6,37,9,10,17,10,1,1,0,0,13,6,0,33,0,1,4,2,2,35,1,1,2,1,0,0,0,1,1,0,0,99,99,99,99,99,99,0,0,0,0,1,2,0,62078,1980,0,2007,EXPOSITION BLVD,1E+20,0,99999999,999999999,1,1
6,19,9,10,18,57,2,2,0,0,3,3,0,1,0,1,1,1,2,30,2,2,2,1,0,0,0,5,1,0,0,99,99,99,99,0,0,0,0,0,0,1,2,1,62079,0,443,2007,SR-168,1E+20,0,99999999,999999999,2,1
6,77,9,10,20,20,2,2,0,0,3,3,0,1,0,1,1,2,4,55,1,1,2,1,0,0,1,3,1,0,0,99,99,99,99,0,0,0,0,0,0,1,2,1,62080,0,102,2007,SR-12,1E+20,0,99999999,999999999,2,1
6,1,9,15,13,45,3,5,0,1,11,1,0,39,0,1,4,3,5,65,1,1,2,1,0,0,0,1,1,0,0,99,99,99,99,0,0,0,0,0,0,1,7,1,62081,340,54,2007,I-80,1E+20,0,99999999,999999999,3,1
6,37,9,16,2,35,2,1,0,0,13,6,0,14,1,1,4,5,2,40,1,1,2,1,0,0,0,3,1,0,0,99,99,99,99,99,99,0,0,0,0,1,1,0,62082,1980,0,2007,DEVONSHIRE ST,1E+20,0,99999999,999999999,1,1
6,113,9,16,22,20,1,1,0,0,4,4,0,1,0,1,4,1,2,55,2,1,2,1,0,0,0,2,1,0,0,99,99,99,99,0,0,0,0,0,0,1,1,1,62083,0,0,2007,SOUTH RIVER RD,1E+20,0,99999999,999999999,1,1
6,19,9,17,14,10,2,9,0,0,3,3,0,12,5,2,1,1,2,55,1,1,2,1,20,3,0,1,1,0,0,99,99,99,99,99,99,0,0,0,0,1,2,0,62084,0,188,2007,SR-269,OAKLAND AVE,0,99999999,999999999,2,1
6,87,5,14,20,24,1,2,1,0,13,3,0,24,0,1,2,1,2,35,2,2,2,1,0,0,0,5,1,0,0,99,99,99,99,99,99,0,0,0,0,1,2,1,62085,0,133,2007,SR-9,1E+20,0,99999999,999999999,1,1
6,19,5,14,21,56,1,2,1,0,14,4,0,8,0,1,1,3,3,50,1,1,2,1,0,0,0,2,1,0,0,99,99,99,99,99,99,0,0,0,0,1,2,1,62086,0,0,2007,CLOVIS AVE,1E+20,0,99999999,999999999,1,1
6,1,5,15,18,45,1,1,0,0,3,4,0,42,0,1,4,1,2,45,1,1,2,1,0,0,0,1,1,0,0,99,99,99,99,0,0,0,0,0,0,1,3,1,62087,0,0,2007,MINES RD,1E+20,0,99999999,999999999,1,1
6,37,5,20,0,58,2,7,5,0,3,6,0,12,7,1,1,2,3,55,1,1,2,1,0,0,1,3,1,0,0,99,99,99,99,99,99,0,0,0,0,2,1,2,62088,1840,0,2007,AVENUE G,1E+20,0,99999999,999999999,2,1
6,65,3,23,20,50,2,2,0,0,12,3,0,1,0,1,1,5,4,60,1,2,2,1,0,0,0,2,1,0,0,99,99,99,99,0,0,0,0,0,0,1,6,0,62089,0,256,2007,SR-74,1E+20,0,99999999,999999999,2,1
6,37,3,30,15,31,1,1,0,0,13,6,0,33,0,1,99,9,9,35,1,1,2,1,0,0,0,1,1,0,0,99,99,99,99,99,99,0,0,0,0,1,6,0,62090,0,0,2007,LA BREA AVE,1E+20,0,99999999,999999999,1,1
6,19,5,2,14,37,2,1,0,0,14,6,0,33,0,1,4,1,4,40,1,1,2,1,0,0,0,1,1,0,0,99,99,99,99,0,0,0,0,0,0,1,4,0,62091,1370,0,2007,ASHLAN AVE,1E+20,0,99999999,999999999,1,1
6,71,6,14,7,46,2,6,0,0,14,6,0,12,5,2,1,1,2,45,1,1,2,1,20,3,0,1,1,0,1,99,99,99,99,99,99,1,0,0,0,1,5,1,62092,3,0,2007,MOJAVE DR,BELLFLOWER ST,0,99999999,999999999,2,1
6,59,6,14,7,49,3,4,0,0,13,3,0,12,7,1,1,1,6,35,1,1,2,1,0,0,0,1,1,0,0,99,99,99,99,0,0,0,0,0,0,1,5,0,62093,470,156,2007,SR-39,1E+20,0,99999999,999999999,3,1
6,71,6,14,9,35,2,3,0,0,3,3,0,12,5,1,1,1,2,55,1,2,2,1,0,0,0,1,1,0,0,99,99,99,99,99,99,0,0,0,0,1,5,0,62094,0,392,2007,SR-38,1E+20,0,99999999,999999999,2,1
6,13,6,14,12,45,1,1,0,0,13,4,0,42,0,1,3,2,2,35,1,1,2,1,0,0,0,1,1,0,0,99,99,99,99,99,99,0,0,0,0,1,5,0,62095,0,0,2007,PLEASANT HILL RD,1E+20,0,99999999,999999999,1,1
6,7,6,14,13,25,1,4,0,0,4,4,0,34,0,3,5,1,2,55,1,1,2,1,20,3,0,1,1,0,0,99,99,99,99,99,99,0,0,0,0,1,5,0,62096,0,0,2007,LARKIN RD,DOS RIOS RD,0,99999999,999999999,1,1
6,37,6,14,21,19,2,4,0,0,14,6,0,12,1,3,1,2,2,35,1,1,2,1,3,3,0,3,1,0,0,99,99,99,99,99,99,0,0,0,0,1,5,0,62097,1970,0,2007,WARLOW RD,CLARK AVE,0,99999999,999999999,2,1
6,85,7,1,21,19,2,2,0,0,14,6,0,12,2,2,1,1,2,35,2,1,2,1,20,3,1,3,1,0,0,99,99,99,99,0,0,0,0,0,0,1,1,1,62098,3340,0,2007,FARNSWORTH DR,SILVER RIDGE DR,0,99999999,999999999,2,1
6,85,7,26,7,35,3,3,0,1,11,1,0,12,1,1,1,3,5,65,1,1,2,1,0,0,0,1,1,0,0,99,99,99,99,99,99,0,0,0,0,1,5,0,62099,3340,37,2007,I-280,1E+20,0,99999999,999999999,3,1
6,37,7,26,20,40,2,3,0,0,14,4,0,12,5,2,1,1,4,35,1,1,2,1,3,3,0,3,1,0,0,99,99,99,99,99,99,0,0,0,0,1,5,1,62100,0,0,2007,WILMINGTON AVE,120TH ST,0,99999999,999999999,2,1
6,37,5,15,23,25,1,2,1,0,14,6,0,8,0,1,1,1,2,25,1,1,2,1,0,0,2,3,1,0,0,99,99,99,99,0,0,0,0,0,0,1,3,1,62101,1980,0,2007,3RD ST,1E+20,0,99999999,999999999,1,1
6,107,5,16,5,30,1,2,0,1,2,3,0,24,0,1,4,3,2,70,1,1,2,1,0,0,0,4,1,0,0,99,99,99,99,0,0,0,0,0,0,2,4,0,62102,0,127,2007,SR-99,1E+20,0,99999999,999999999,1,1
6,73,5,16,22,29,1,2,1,1,11,1,0,8,0,1,1,3,6,65,1,1,1,1,0,0,0,3,1,0,0,99,99,99,99,99,99,0,0,0,0,1,4,1,62103,3260,44,2007,I-805,1E+20,0,99999999,999999999,1,1
6,65,6,3,21,52,1,2,1,0,6,4,0,8,0,3,1,1,2,40,1,1,2,1,0,0,2,3,1,0,0,99,99,99,99,0,0,0,0,0,0,1,1,0,62104,0,0,2007,OPAL ST,RUSTIC LN,0,99999999,999999999,1,1
6,73,8,9,18,46,1,1,0,1,12,3,0,1,0,5,2,6,1,65,2,2,2,1,0,0,0,1,1,0,0,99,99,99,99,0,0,0,20,0,0,1,5,1,62105,1876,83,2007,SR-94 RAMP,1E+20,0,99999999,999999999,1,1
6,37,8,11,2,27,1,5,0,0,14,6,0,33,0,3,3,2,1,35,2,1,2,1,3,3,0,3,1,0,0,99,99,99,99,99,99,0,0,0,0,1,7,2,62106,480,0,2007,OLIVE AVE,PASS AVE,0,99999999,999999999,1,1
6,85,8,15,0,27,1,1,0,0,12,3,0,1,0,1,1,3,3,65,1,1,2,1,0,0,0,2,1,0,0,99,99,99,99,99,99,0,19,0,0,1,4,1,62107,3790,40,2007,SR-237,1E+20,0,99999999,999999999,1,1