STATE,COUNTY,MONTH,DAY,HOUR,MINUTE,VE_TOTAL,PERSONS,PEDS,NHS,ROAD_FNC,ROUTE,SP_JUR,HARM_EV,MAN_COLL,REL_JUNC,REL_ROAD,TRAF_FLO,NO_LANES,SP_LIMIT,ALIGNMNT,PROFILE,PAVE_TYP,SUR_COND,TRA_CONT,T_CONT_F,HIT_RUN,LGT_COND,WEATHER1,WEATHER2,C_M_ZONE,NOT_HOUR,NOT_MIN,ARR_HOUR,ARR_MIN,HOSP_HR,HOSP_MN,SCH_BUS,CF1,CF2,CF3,FATALS,DAY_WEEK,DRUNK_DR,ST_CASE,CITY,MILEPT,YEAR,TWAY_ID,TWAY_ID2,RAIL,LATITUDE,LONGITUD,VE_FORMS,WEATHER
6,85,8,15,17,13,1,1,0,0,4,4,0,1,0,1,1,1,2,45,2,1,2,1,0,0,0,1,1,0,0,99,99,99,99,99,99,0,0,0,0,1,4,0,62108,0,0,2007,UVAS RD,1E+20,0,99999999,999999999,1,1
6,83,8,16,2,10,1,2,0,0,14,4,0,33,0,1,2,1,2,55,1,1,2,1,0,0,0,2,1,0,0,99,99,99,99,99,99,0,0,0,0,1,5,2,62109,0,0,2007,PURISIMA RD,1E+20,0,99999999,999999999,1,1
6,71,8,16,5,50,1,1,0,1,11,1,0,39,0,1,4,3,4,65,1,1,1,1,0,0,0,1,1,0,0,99,99,99,99,0,0,0,0,0,0,1,5,0,62110,2550,57,2007,I-10,1E+20,0,99999999,999999999,1,1
6,73,8,16,10,32,1,1,0,0,14,6,0,42,0,1,4,1,2,40,1,2,2,1,0,0,0,1,1,0,0,99,99,99,99,99,99,0,0,0,0,1,5,1,62111,1182,0,2007,RANCHO SANTA FE RD,1E+20,0,99999999,999999999,1,1
6,63,8,16,17,40,1,1,0,0,4,4,0,36,0,1,4,2,2,55,1,1,2,1,0,0,0,1,1,0,0,99,99,99,99,0,0,0,0,0,0,1,5,0,62112,0,0,2007,GRAEAGLE JOHNSVILLE,1E+20,0,99999999,999999999,1,1
6,65,8,22,21,22,1,1,0,0,13,6,0,1,0,1,1,3,2,50,1,1,2,1,9,3,0,3,1,0,0,99,99,99,99,0,0,0,0,0,0,1,4,0,62113,1690,0,2007,INDIO BL,1E+20,0,99999999,999999999,1,1
6,97,8,25,17,35,1,2,0,0,4,4,0,27,0,1,6,1,2,50,1,1,2,1,0,0,0,1,1,0,0,99,99,99,99,99,99,0,0,0,0,1,7,1,62114,0,0,2007,DRY CREEK RD,1E+20,0,99999999,999999999,1,1
6,37,8,25,17,39,1,3,0,0,13,6,0,46,0,3,4,1,5,40,1,1,2,1,9,3,0,1,1,0,0,99,99,99,99,99,99,0,0,0,0,1,7,0,62115,480,0,2007,HOLLYWOOD WY,TULARE AVE,0,99999999,999999999,1,1
6,29,8,30,11,55,1,2,0,0,6,4,0,1,0,1,2,1,2,55,1,1,2,1,0,0,0,1,1,0,0,99,99,99,99,99,99,0,0,0,0,1,5,1,62116,0,0,2007,MALAGA RD,1E+20,0,99999999,999999999,1,1
6,105,8,31,23,50,1,6,0,0,5,4,0,42,0,1,4,1,2,55,2,3,2,1,0,0,0,2,1,0,0,99,99,99,99,99,99,0,0,0,0,4,6,5,62117,0,0,2007,RUTH ZENIA RD,1E+20,0,99999999,999999999,1,1
6,71,9,6,15,54,1,2,1,0,13,6,0,8,0,3,1,5,4,45,1,1,2,1,9,3,0,1,1,0,0,99,99,99,99,99,99,0,0,0,0,1,5,0,62118,3210,0,2007,RIVERSIDE AVE,RANDALL,0,99999999,999999999,1,1
6,79,9,9,2,40,1,2,1,0,4,4,0,8,0,1,1,1,2,45,1,1,2,1,28,3,2,3,1,0,0,99,98,99,98,0,0,0,0,0,0,1,1,1,62119,0,0,2007,EL CAMINO REAL,1E+20,0,99999999,999999999,1,1
6,37,9,9,21,12,1,1,0,0,13,6,0,33,0,1,3,3,2,40,2,2,2,1,0,0,0,3,1,0,0,99,99,99,99,0,0,0,0,0,0,1,1,0,62120,2240,0,2007,MONTEBELLO BL,1E+20,0,99999999,999999999,1,1
6,73,9,10,22,58,1,1,0,1,11,1,0,25,0,1,3,3,4,65,2,1,1,1,0,0,0,2,1,0,0,99,99,99,99,0,0,0,0,0,0,1,2,1,62121,560,490,2007,I-5,1E+20,0,99999999,999999999,1,1
6,83,9,11,18,22,1,2,1,0,16,6,0,8,0,1,1,9,9,25,1,9,2,1,0,0,2,1,1,0,0,99,99,99,99,99,99,0,0,0,0,1,3,0,62122,3430,0,2007,HERMOSA ST,1E+20,0,99999999,999999999,1,1
6,71,9,11,19,38,1,2,1,0,15,6,0,8,0,1,1,9,9,55,9,9,2,1,0,0,0,2,1,0,0,99,98,99,98,0,0,0,0,0,0,1,3,0,62123,1603,0,2007,MAPLE AVE,1E+20,0,99999999,999999999,1,1
6,67,9,11,23,1,1,1,0,0,13,6,0,18,0,2,2,1,2,55,1,1,2,1,3,3,0,3,1,0,1,99,99,99,99,99,99,0,0,0,0,1,3,0,62124,1108,0,2007,GRANT LINE RD,E STOCKTON BL,0,99999999,999999999,1,1
6,37,9,12,18,40,1,1,0,0,14,6,0,29,0,13,2,6,1,55,1,9,2,1,0,0,0,5,1,0,0,99,99,99,99,0,0,0,0,0,0,1,4,1,62125,1970,0,2007,QUEENS WY,1E+20,0,99999999,999999999,1,1
6,37,9,15,4,20,1,2,0,1,11,1,0,1,0,1,1,3,5,65,1,1,1,1,0,0,0,2,1,0,0,99,99,99,99,99,99,0,0,0,0,1,7,1,62126,1980,437,2007,I-405,1E+20,0,99999999,999999999,1,1
6,95,9,15,7,30,1,2,1,0,16,6,0,8,0,1,1,1,2,25,1,1,2,1,0,0,0,1,1,0,0,99,99,99,99,0,0,0,0,0,0,1,7,0,62127,4010,0,2007,KENDAL ST,1E+20,0,99999999,999999999,1,1
6,59,9,16,3,5,1,1,0,0,16,6,0,33,0,1,4,5,2,25,1,1,2,1,0,0,0,3,1,0,0,99,99,99,99,0,0,0,0,0,0,1,1,1,62128,880,0,2007,JUNIPERO DR,1E+20,0,99999999,999999999,1,1
6,97,9,18,10,0,1,1,0,0,4,4,0,42,0,1,2,1,2,45,1,2,2,1,0,0,0,1,1,0,0,99,99,99,99,99,99,0,0,0,0,1,3,1,62129,0,0,2007,GRANGE RD,1E+20,0,99999999,999999999,1,1
6,37,9,18,13,7,1,2,0,0,14,6,0,42,0,1,3,2,2,40,1,1,2,1,0,0,0,1,1,0,0,99,99,99,99,13,55,0,0,0,0,1,3,0,62130,720,0,2007,MILLS AVE,1E+20,0,99999999,999999999,1,1
6,79,9,18,16,28,1,1,0,0,14,4,0,38,0,1,2,1,2,55,1,1,2,1,0,0,0,1,1,0,0,99,99,99,99,0,0,0,0,0,0,1,3,0,62131,0,0,2007,HUTTON RD,1E+20,0,99999999,999999999,1,1
6,39,9,18,17,24,1,7,0,0,6,4,0,33,0,1,2,1,2,35,1,1,2,1,0,0,0,1,1,0,0,99,99,99,99,99,99,0,0,0,0,1,3,0,62132,0,0,2007,LONG HOLLOW DR,1E+20,0,99999999,999999999,1,1
6,89,9,18,19,0,1,1,0,0,4,4,0,1,0,1,1,1,2,55,2,2,2,1,0,0,0,2,1,0,0,99,99,99,99,0,0,0,0,0,0,1,3,1,62133,0,0,2007,OAK RUN RD,1E+20,0,99999999,999999999,1,1
6,67,9,19,3,13,1,1,0,1,1,1,0,29,0,1,2,2,2,65,1,1,2,1,0,0,0,3,1,0,0,99,99,99,99,0,0,0,0,0,0,1,4,0,62134,3150,326,2007,I-5,1E+20,0,99999999,999999999,1,1
6,73,9,20,8,22,1,3,0,0,14,6,0,33,0,1,2,3,2,45,1,2,2,2,0,0,0,1,1,0,0,99,99,99,99,99,99,0,0,0,0,1,5,0,62135,2904,0,2007,POMERADO RD,1E+20,0,99999999,999999999,1,1
6,37,9,20,12,43,1,1,0,0,16,6,0,38,0,1,6,1,2,25,1,9,2,1,20,3,0,1,1,0,0,99,99,99,99,99,99,0,0,0,0,1,5,0,62136,810,0,2007,BARRON AVE,1E+20,0,99999999,999999999,1,1
6,111,9,21,16,56,1,1,0,0,4,4,0,35,0,1,4,1,2,55,1,1,2,2,0,0,0,1,2,0,0,99,99,99,99,0,0,0,0,0,0,1,6,1,62137,0,0,2007,LA LOMA AVE,1E+20,0,99999999,999999999,1,2
6,9,9,21,99,99,1,1,0,0,4,4,0,1,0,1,4,1,2,45,2,1,2,1,0,0,0,2,1,0,0,99,99,99,99,0,0,0,0,0,0,1,6,1,62138,0,0,2007,MILTON RD,1E+20,0,99999999,999999999,1,1
6,29,9,21,99,99,1,1,0,0,3,3,0,27,0,3,6,1,2,55,1,1,2,1,20,3,0,2,1,0,0,99,99,99,99,0,0,0,0,0,0,1,6,1,62139,0,21,2007,SR-43,PANAMA LN,0,99999999,999999999,1,1
6,89,9,21,22,15,1,2,0,0,4,4,0,42,0,1,6,1,2,45,2,1,2,1,40,3,0,2,1,0,0,99,99,99,99,99,99,0,0,0,0,1,6,2,62140,0,0,2007,OAK ST,1E+20,0,99999999,999999999,1,1
6,65,9,25,2,37,1,3,0,0,13,6,0,33,0,1,4,2,3,45,1,1,2,1,0,0,0,2,1,0,0,99,99,99,99,99,99,0,0,0,0,1,3,2,62141,2646,0,2007,FRED WARING DR,1E+20,0,99999999,999999999,1,1
6,41,9,26,6,45,1,2,0,1,12,2,0,30,0,1,2,3,2,65,1,1,2,1,0,0,0,4,1,0,0,99,99,99,99,0,0,0,0,0,0,2,4,1,62142,0,250,2007,US-101,1E+20,0,99999999,999999999,1,1
6,113,9,26,7,53,1,5,1,0,15,6,0,8,0,3,1,1,2,35,1,1,2,1,20,3,0,1,1,0,0,99,99,99,99,99,99,0,0,0,0,1,4,0,62143,4258,0,2007,E GUM AVE,KATE LN,0,99999999,999999999,1,1
6,29,9,26,20,5,1,1,0,0,3,3,0,1,0,1,6,1,2,55,2,1,2,1,0,0,0,2,1,0,0,99,99,99,99,0,0,0,0,0,0,1,4,1,62144,0,34,2007,SR-119,1E+20,0,99999999,999999999,1,1
6,73,9,26,20,40,1,1,0,0,3,3,0,17,0,1,4,1,2,55,2,1,2,1,0,0,0,2,1,0,0,99,99,99,99,0,0,0,0,0,0,1,4,1,62145,0,535,2007,SR-78,1E+20,0,99999999,999999999,1,1
6,73,9,27,1,0,1,2,1,1,11,1,0,8,0,1,1,3,4,65,1,1,2,1,0,0,0,2,5,0,0,99,99,99,99,0,0,0,0,0,0,1,5,1,62146,3260,296,2007,I-5,1E+20,0,99999999,999999999,1,5
6,71,9,27,1,15,1,1,0,0,14,6,0,33,0,3,4,1,2,25,1,2,2,1,3,3,0,3,1,0,1,99,99,99,99,1,15,0,0,0,0,1,5,1,62147,4290,0,2007,OAK GLEN RD,14TH ST,0,99999999,999999999,1,1
6,67,9,27,16,30,1,1,0,0,4,4,0,1,0,1,1,1,2,55,2,3,2,1,0,0,0,1,1,0,0,99,99,99,99,99,99,0,0,0,0,1,5,0,62148,0,0,2007,SCOTT RD,1E+20,0,99999999,999999999,1,1
6,41,9,27,99,99,1,1,0,0,6,4,0,43,0,1,4,1,2,35,2,1,2,1,0,0,0,9,1,0,0,99,99,99,99,0,0,0,0,0,0,1,5,0,62149,0,0,2007,RAILROAD AVE,1E+20,0,99999999,999999999,1,1
6,65,9,28,2,35,1,1,0,0,4,4,0,27,0,1,2,1,2,55,1,1,2,1,0,0,0,2,1,0,0,99,99,99,99,0,0,0,0,0,0,1,6,1,62150,0,0,2007,CAJALCO RD,1E+20,0,99999999,999999999,1,1
6,71,9,28,9,20,1,2,0,0,3,3,0,1,0,1,5,1,2,55,1,1,2,1,0,0,0,1,1,0,0,99,99,99,99,99,99,0,0,0,0,1,6,0,62151,0,598,2007,SR-247,1E+20,0,99999999,999999999,1,1
6,57,9,28,10,0,1,1,0,0,4,4,0,42,0,1,2,1,2,40,2,1,2,1,9,3,0,1,1,0,0,99,99,99,99,0,0,0,0,0,0,1,6,0,62152,0,0,2007,DUGGANS RD,1E+20,0,99999999,999999999,1,1
6,37,9,28,13,30,1,1,0,0,14,4,0,34,0,1,6,1,2,55,2,2,2,1,0,0,0,1,1,0,0,99,99,99,99,0,0,0,0,0,0,1,6,0,62153,0,0,2007,BIG TUJUNGA CYN RD,1E+20,0,99999999,999999999,1,1
6,67,9,28,18,40,1,6,0,1,12,3,0,1,0,1,1,3,2,65,1,1,2,1,0,0,0,5,1,0,0,99,99,99,99,99,99,0,0,0,0,3,6,0,62154,0,347,2007,SR-99,1E+20,0,99999999,999999999,1,1
6,67,9,28,20,9,1,2,1,1,11,1,0,8,0,13,1,6,1,50,2,2,2,1,0,0,0,3,1,0,0,99,99,99,99,0,0,0,0,0,0,1,6,0,62155,3150,289,2007,I-5 RAMP,1E+20,0,99999999,999999999,1,1
6,17,9,29,1,0,1,1,0,0,3,4,0,35,0,1,2,1,2,55,2,1,2,2,0,0,0,2,1,0,0,99,99,99,99,0,0,0,0,0,0,1,7,1,62156,0,0,2007,GREEN VALLEY RD,1E+20,0,99999999,999999999,1,1
6,37,9,29,2,51,1,2,1,1,11,1,0,8,0,1,1,3,5,65,1,1,2,1,0,0,2,2,1,0,0,99,99,99,99,0,0,0,19,0,0,1,7,1,62157,120,0,2007,I-210,1E+20,0,99999999,999999999,1,1
6,17,9,29,6,42,1,7,0,1,2,2,0,27,0,1,2,1,4,55,2,2,2,4,0,0,0,4,1,0,0,99,99,99,99,99,99,0,0,0,0,1,7,0,62158,0,664,2007,US-50,1E+20,0,99999999,999999999,1,1
6,45,9,29,21,15,1,2,1,1,2,2,0,8,0,1,1,1,2,55,1,2,2,1,0,0,2,2,8,0,0,99,99,99,99,0,0,0,0,0,0,1,7,1,62159,0,120,2007,US-101,1E+20,0,99999999,999999999,1,8
6,39,9,30,3,0,1,4,0,1,2,3,0,1,0,1,2,3,2,65,1,1,2,1,0,0,4,2,1,0,0,99,99,99,99,99,99,0,0,0,0,1,1,2,62160,0,70,2007,SR-99,1E+20,0,99999999,999999999,1,1
6,17,9,30,3,40,1,1,0,0,4,3,0,42,0,1,6,1,2,55,2,1,2,1,0,0,0,2,1,0,0,99,99,99,99,0,0,0,0,0,0,1,1,1,62161,0,53,2007,SR-193,1E+20,0,99999999,999999999,1,1
6,37,10,3,4,5,1,2,1,0,13,6,0,8,0,3,1,2,2,35,1,1,2,1,2,3,0,3,1,0,0,99,99,99,99,99,99,0,0,0,0,1,4,1,62162,1110,0,2007,RAMONA BL,COGSWELL RD,0,99999999,999999999,1,1
6,37,10,4,7,10,1,2,1,0,14,6,0,8,0,3,1,1,2,25,1,1,2,1,20,3,0,1,1,0,0,99,99,99,99,0,0,0,0,0,0,1,5,0,62163,155,0,2007,GRIDLEY RD,178TH ST,0,99999999,999999999,1,1
6,73,10,4,22,30,1,1,0,1,11,1,0,24,0,13,3,6,1,25,2,2,1,1,0,0,0,3,1,0,0,99,99,99,99,0,0,0,0,0,0,1,5,1,62164,3260,200,2007,I-5,1E+20,0,99999999,999999999,1,1
6,1,10,6,2,0,1,3,0,1,11,1,0,41,0,1,6,3,4,99,1,1,1,1,0,0,0,3,1,0,0,99,99,99,99,99,99,0,0,0,0,1,7,2,62165,20,70,2007,I-80 RAMP,1E+20,0,99999999,999999999,1,1
6,97,10,6,2,44,1,4,0,0,6,4,0,34,0,1,6,1,2,55,2,1,2,1,40,3,0,2,1,0,0,99,99,99,99,99,99,0,0,0,0,1,7,2,62166,0,0,2007,SANDERS RD,1E+20,0,99999999,999999999,1,1
6,73,10,7,2,30,1,1,0,0,15,6,0,33,0,3,4,1,2,35,2,2,1,1,29,3,0,3,1,0,0,99,99,99,99,0,0,0,0,0,0,1,1,1,62167,1182,0,2007,SANTA FE DR,RUBENSTEIN AVE,0,99999999,999999999,1,1
6,93,10,9,13,50,1,1,0,1,1,1,0,1,0,1,2,3,2,55,1,1,1,1,0,0,0,1,1,0,0,99,99,99,99,0,0,0,0,0,0,1,3,0,62168,0,371,2007,I-5,1E+20,0,99999999,999999999,1,1
6,17,10,10,17,26,1,1,0,0,16,6,0,1,0,1,1,1,2,45,2,2,2,1,0,0,0,1,1,0,0,99,99,99,99,99,99,0,0,0,0,1,4,0,62169,2810,0,2007,SACRAMENTO ST,1E+20,0,99999999,999999999,1,1
6,109,10,11,21,30,1,1,0,0,3,3,0,42,0,1,2,1,2,55,2,2,2,1,0,0,0,2,1,0,0,99,99,99,99,0,0,0,0,0,0,1,5,0,62170,0,540,2007,SR-108,1E+20,0,99999999,999999999,1,1
6,59,10,11,22,10,1,3,1,0,13,6,0,8,0,1,1,5,4,45,1,1,1,1,0,0,0,2,1,0,0,99,99,99,99,0,0,0,0,0,0,1,5,1,62171,2560,0,2007,LINCOLN AVE,1E+20,0,99999999,999999999,1,1
6,53,10,13,23,24,1,1,0,1,12,3,0,33,0,5,4,6,1,65,2,2,1,1,28,3,0,3,1,0,0,99,99,99,99,99,99,0,20,0,0,1,7,1,62172,2250,788,2007,SR-1 RAMP,1E+20,0,99999999,999999999,1,1
6,95,10,14,2,30,1,1,0,0,4,4,0,1,0,1,6,1,2,55,1,1,2,1,0,0,0,2,1,0,0,99,99,99,99,0,0,0,0,0,0,1,1,1,62173,0,0,2007,FRY RD,1E+20,0,99999999,999999999,1,1
6,95,1,20,11,37,6,13,0,1,11,1,0,24,0,1,3,3,4,65,1,1,2,1,0,0,0,1,1,0,0,99,99,99,99,99,99,0,0,0,0,4,7,0,62174,4010,239,2007,I-80,1E+20,0,99999999,999999999,6,1
6,71,5,4,23,9,2,3,0,0,14,6,0,12,5,2,1,1,4,40,1,1,2,1,3,3,0,3,1,0,0,99,99,99,99,99,99,0,20,0,0,1,6,1,62175,3210,0,2007,ARROWHEAD AVE,RIALTO AVE,0,99999999,999999999,2,1
6,77,5,19,14,0,1,1,0,0,3,3,0,1,0,1,1,1,2,55,2,1,2,1,0,0,0,1,1,0,0,99,99,99,99,99,99,0,0,0,0,1,7,0,62176,0,152,2007,SR-26,1E+20,0,99999999,999999999,1,1
6,37,6,7,3,56,2,3,0,1,11,1,0,12,2,1,1,3,5,65,1,1,1,1,0,0,0,3,1,0,0,99,99,99,99,99,99,0,19,0,0,1,5,0,62177,1550,28,2007,I-105,1E+20,0,99999999,999999999,2,1
6,59,6,8,16,9,2,3,0,0,13,6,0,1,0,2,1,2,2,35,1,1,2,1,3,3,0,1,1,0,0,99,99,99,99,99,99,0,0,0,0,1,6,0,62178,80,0,2007,S ANAHEIM BLVD,E VERMONT AVE,0,99999999,999999999,2,1
6,83,6,17,11,29,2,2,0,0,14,6,0,12,5,3,1,1,4,40,1,1,2,1,9,3,0,1,1,0,0,99,99,99,99,99,99,0,0,0,0,1,1,0,62179,3430,0,2007,CLIFF DR,SANTA CRUZ BLVD,0,99999999,999999999,2,1
6,95,6,18,5,38,2,3,0,0,14,6,0,12,2,1,1,1,4,30,1,1,2,1,0,0,0,4,1,0,0,99,99,99,99,99,99,0,0,0,0,1,2,0,62180,4020,0,2007,FAIRGROUNDS DR,1E+20,0,99999999,999999999,2,1
6,71,6,18,5,57,3,3,0,0,14,6,0,12,2,1,1,1,4,45,1,1,2,1,0,0,0,4,1,0,0,99,99,99,99,99,99,0,0,0,0,1,2,1,62181,3210,0,2007,TIPPECANOE AVE,1E+20,0,99999999,999999999,3,1
6,37,7,7,2,27,2,5,0,0,13,6,0,12,1,3,1,1,4,35,1,1,2,2,3,3,0,3,1,0,1,99,99,99,99,99,99,0,0,0,0,1,7,1,62182,1980,0,2007,AVALON BLVD,SLAUSON AVE,0,99999999,999999999,2,1
6,59,8,16,18,8,2,3,0,0,13,6,0,1,0,2,1,2,3,45,1,1,2,1,0,0,0,2,1,0,0,99,99,99,99,0,0,0,0,0,0,1,5,0,62183,3420,0,2007,WESTMINSTER AVE,LA BONITA AVE,0,99999999,999999999,2,1
6,73,8,17,7,22,2,2,0,0,13,6,0,7,0,2,1,2,2,40,1,1,2,1,3,3,0,1,1,0,0,99,99,99,99,99,99,0,14,0,0,1,6,0,62184,3375,0,2007,SAN MARCOS BLVD,KNOLL RD,0,99999999,999999999,2,1
6,107,8,17,14,55,1,2,1,0,15,6,0,8,0,1,1,1,2,25,1,1,2,1,0,0,0,1,1,0,0,99,99,99,99,0,0,0,0,0,0,1,6,1,62185,1900,0,2007,TULARE RD,1E+20,0,99999999,999999999,1,1
6,67,8,17,15,0,5,6,1,0,13,6,0,12,1,3,1,5,4,45,1,1,2,1,3,3,0,1,1,0,0,99,99,99,99,99,99,0,0,0,0,1,6,0,62186,3150,0,2007,POWER INN RD,SCOTTSDALE DR,0,99999999,999999999,5,1
6,95,8,17,15,55,2,1,0,1,11,1,0,14,1,1,2,3,4,65,1,2,2,1,0,0,0,1,1,0,0,99,99,99,99,0,0,0,0,0,0,1,6,0,62187,0,68,2007,I-80,1E+20,0,99999999,999999999,1,1
6,71,8,17,22,24,1,2,1,0,15,6,0,8,0,3,1,2,2,40,1,1,2,1,0,0,0,3,1,0,0,99,99,99,99,0,0,0,0,0,0,1,6,1,62188,4040,0,2007,6TH ST,D ST,0,99999999,999999999,1,1
6,67,8,17,23,10,1,4,1,0,13,4,0,8,0,3,1,1,4,40,1,1,2,1,3,3,0,3,1,0,0,99,99,99,99,99,99,0,0,0,0,1,6,1,62189,0,0,2007,STOCKTON BLVD,66TH AVE,0,99999999,999999999,1,1
6,65,8,17,23,21,1,3,0,1,1,1,0,24,0,1,3,3,4,70,1,1,2,1,0,0,0,2,1,0,0,99,99,99,99,99,99,0,0,0,0,1,6,0,62190,0,347,2007,I-10,1E+20,0,99999999,999999999,1,1
6,75,8,18,1,52,1,2,1,0,13,6,0,8,0,2,1,3,3,35,1,1,2,1,3,3,2,3,1,0,0,99,99,99,99,0,0,0,0,0,0,1,7,1,62191,3290,0,2007,THE EMBARCADERO,HOWARD ST,0,99999999,999999999,1,1
6,25,8,18,2,10,1,5,0,1,2,3,0,34,0,1,3,2,2,65,2,1,2,1,40,3,0,2,1,0,0,99,99,99,99,99,99,0,0,0,0,1,7,0,62192,0,464,2007,SR-86,1E+20,0,99999999,999999999,1,1
6,71,8,18,4,37,1,1,0,1,1,1,0,1,0,1,2,3,4,70,1,1,2,1,0,0,0,2,1,0,0,99,99,99,99,0,0,0,0,0,0,1,7,1,62193,1603,300,2007,I-15,1E+20,0,99999999,999999999,1,1
6,73,8,18,5,34,2,2,0,1,11,1,0,12,1,1,1,3,6,65,1,1,1,1,0,0,0,4,1,0,0,99,99,99,99,99,99,0,0,0,0,1,7,1,62194,3260,241,2007,I-805,1E+20,0,99999999,999999999,2,1
6,1,8,18,8,45,1,1,0,1,11,1,0,42,0,1,4,2,4,65,1,1,1,1,0,0,0,1,1,0,0,99,99,99,99,0,0,0,0,0,0,1,7,0,62195,0,287,2007,I-580,1E+20,0,99999999,999999999,1,1
6,73,8,18,10,0,3,3,0,0,3,3,0,12,4,1,1,1,2,55,2,2,2,1,0,0,0,1,1,0,0,99,99,99,99,99,99,0,0,0,0,1,7,0,62196,0,331,2007,SR-76,1E+20,0,99999999,999999999,3,1
6,29,8,18,10,27,2,3,0,1,2,3,0,13,2,1,1,2,2,65,2,1,2,1,0,0,0,1,1,0,0,99,99,99,99,99,99,0,0,0,0,1,7,1,62197,0,1008,2007,SR-58,1E+20,0,99999999,999999999,2,1
6,73,8,18,14,5,2,2,0,0,15,6,0,12,1,3,1,1,2,35,1,1,2,1,20,3,0,1,1,0,0,99,99,99,99,99,99,0,0,0,0,1,7,0,62198,710,0,2007,EAST J ST,FLOYD AVE,0,99999999,999999999,2,1
6,27,8,18,15,0,3,12,0,1,2,2,0,12,2,1,1,1,2,65,1,1,2,1,0,0,0,1,1,0,0,99,99,99,99,99,99,0,0,0,0,2,7,0,62199,0,315,2007,US-395,1E+20,0,99999999,999999999,3,1
6,71,8,18,15,20,3,7,0,0,13,6,0,12,2,1,1,1,4,50,1,1,2,1,0,0,0,1,1,0,0,99,99,99,99,99,99,0,0,0,0,4,7,0,62200,2550,0,2007,ETIWANDA AVE,1E+20,0,99999999,999999999,3,1
6,77,8,18,20,31,1,3,1,1,13,3,0,9,0,2,1,2,2,35,1,1,2,1,2,3,0,3,1,0,0,99,99,99,99,99,99,0,16,0,0,1,7,1,62201,1940,177,2007,SR-12,S CENTRAL AVE,0,99999999,999999999,1,1
6,37,8,18,21,10,1,2,1,0,13,6,0,8,0,1,1,1,4,35,9,9,2,1,0,0,0,2,1,0,0,99,99,99,99,0,0,0,0,0,0,1,7,1,62202,1980,0,2007,CULVER BL,1E+20,0,99999999,999999999,1,1
6,19,8,18,21,56,2,4,0,0,13,4,0,12,5,2,1,2,2,65,1,1,2,1,0,0,0,2,1,0,0,99,99,99,99,99,99,0,0,0,0,2,7,0,62203,0,0,2007,JENSEN AVE,TEMPERANCE AVE,0,99999999,999999999,2,1
6,75,8,19,1,28,1,2,1,0,16,6,0,8,0,1,1,1,2,25,1,1,2,1,0,0,2,3,1,0,0,99,99,99,99,0,0,0,0,0,0,1,1,1,62204,3290,0,2007,SANCHEZ ST,1E+20,0,99999999,999999999,1,1
6,7,8,19,1,30,1,2,0,0,6,6,0,1,0,1,6,1,2,55,2,1,2,1,0,0,4,2,1,0,0,99,99,99,99,99,99,0,0,0,0,1,1,1,62205,0,0,2007,HAMILTON RD,1E+20,0,99999999,999999999,1,1
6,83,8,19,2,30,1,2,1,1,12,2,0,8,0,1,1,3,3,65,1,2,2,1,0,0,0,2,1,0,0,99,99,99,99,0,0,0,0,0,0,1,1,0,62206,3430,135,2007,US-101,1E+20,0,99999999,999999999,1,1
6,37,8,19,12,27,1,2,1,0,13,6,0,8,0,1,1,2,2,35,1,1,2,1,0,0,0,1,1,0,0,99,99,99,99,99,99,0,0,0,0,1,1,0,62207,4190,0,2007,PAINTER AVE,1E+20,0,99999999,999999999,1,1
6,23,8,19,12,45,2,5,0,1,2,3,0,12,2,1,1,1,2,55,2,2,2,2,0,0,0,1,2,0,0,99,99,99,99,99,99,0,0,0,0,1,1,0,62208,0,204,2007,SR-299,1E+20,0,99999999,999999999,2,2
6,71,8,19,17,35,2,5,0,0,14,3,0,12,2,1,1,5,4,65,1,1,2,1,0,0,0,1,1,0,0,99,99,99,99,99,99,0,0,0,0,3,1,0,62209,3970,258,2007,SR-62,1E+20,0,99999999,999999999,2,1
6,71,8,19,17,55,2,2,0,0,15,6,0,12,2,1,1,1,2,25,2,1,2,1,0,0,0,1,1,0,0,99,99,99,99,99,99,0,0,0,0,1,1,1,62210,681,0,2007,LOS SERRANOS RD,1E+20,0,99999999,999999999,2,1
6,29,8,19,99,99,1,1,0,0,6,4,0,18,0,1,2,1,2,55,1,1,2,1,0,0,0,2,1,0,0,99,99,99,99,99,99,0,0,0,0,1,1,1,62211,0,0,2007,LEONARD AVE,1E+20,0,99999999,999999999,1,1
6,37,8,20,5,49,1,2,1,0,13,6,0,8,0,3,1,1,6,35,1,1,2,1,3,3,2,4,1,0,0,99,99,99,99,0,0,0,0,0,0,1,2,0,62212,306,0,2007,FLORENCE AVE,IRA AVE,0,99999999,999999999,1,1