STATE,COUNTY,MONTH,DAY,HOUR,MINUTE,VE_TOTAL,PERSONS,PEDS,NHS,ROAD_FNC,ROUTE,SP_JUR,HARM_EV,MAN_COLL,REL_JUNC,REL_ROAD,TRAF_FLO,NO_LANES,SP_LIMIT,ALIGNMNT,PROFILE,PAVE_TYP,SUR_COND,TRA_CONT,T_CONT_F,HIT_RUN,LGT_COND,WEATHER1,WEATHER2,C_M_ZONE,NOT_HOUR,NOT_MIN,ARR_HOUR,ARR_MIN,HOSP_HR,HOSP_MN,SCH_BUS,CF1,CF2,CF3,FATALS,DAY_WEEK,DRUNK_DR,ST_CASE,CITY,MILEPT,YEAR,TWAY_ID,TWAY_ID2,RAIL,LATITUDE,LONGITUD,VE_FORMS,WEATHER
6,37,8,20,6,28,1,3,0,1,12,2,0,1,0,1,1,3,5,55,9,9,2,1,0,0,0,1,1,0,0,99,99,99,99,99,99,0,0,0,0,1,2,0,62213,1980,89,2007,US-101,1E+20,0,99999999,999999999,1,1
6,71,8,20,6,28,2,2,0,1,3,3,0,12,2,1,1,5,4,65,1,2,2,1,0,0,0,1,1,0,0,99,99,99,99,99,99,0,0,0,0,1,2,0,62214,0,45,2007,SR-62,1E+20,0,99999999,999999999,2,1
6,73,8,20,8,5,4,4,0,1,11,1,0,12,1,1,1,3,5,65,1,1,2,1,0,0,0,1,1,0,0,99,99,99,99,99,99,0,0,0,0,1,2,0,62215,3260,9,2007,I-8,1E+20,0,99999999,999999999,4,1
6,103,8,20,12,0,1,2,0,1,2,3,0,32,0,1,4,1,2,65,2,1,2,1,0,0,0,1,1,0,0,99,99,99,99,99,99,0,0,0,0,1,2,0,62216,0,53,2007,SR-99,1E+20,0,99999999,999999999,1,1
6,73,8,20,14,2,2,2,0,0,14,6,0,12,5,2,1,2,4,35,1,2,2,1,20,3,0,1,1,0,0,99,99,99,99,0,0,0,0,0,0,1,2,0,62217,3260,0,2007,SOLEDAD MTN RD,LORING ST,0,99999999,999999999,2,1
6,67,8,20,14,45,1,1,0,0,6,4,0,30,0,1,4,1,2,55,2,1,2,1,40,3,0,1,1,0,0,99,99,99,99,0,0,0,0,0,0,1,2,0,62218,0,0,2007,MATHER BLVD,1E+20,0,99999999,999999999,1,1
6,73,8,20,17,43,1,7,0,0,5,4,0,33,0,1,4,1,2,55,1,1,2,1,0,0,3,1,1,0,0,99,99,99,99,99,99,0,0,0,0,1,2,0,62219,0,0,2007,LA POSTA TRUCK TRL,1E+20,0,99999999,999999999,1,1
6,37,8,20,18,10,3,4,0,0,14,6,0,12,2,1,1,1,2,30,1,2,2,1,0,0,0,1,1,0,0,99,99,99,99,99,99,0,0,0,0,1,2,0,62220,1980,0,2007,EL PASO DR,1E+20,0,99999999,999999999,2,1
6,71,8,20,20,35,1,1,0,0,3,3,0,1,0,1,1,1,2,55,2,9,2,1,0,0,0,1,1,0,0,99,99,99,99,0,0,0,0,0,0,1,2,1,62221,0,199,2007,SR-138,1E+20,0,99999999,999999999,1,1
6,71,8,20,21,10,1,2,1,0,3,3,0,8,0,1,1,1,2,55,2,9,2,1,0,0,0,1,1,0,0,99,99,99,99,99,99,0,0,0,0,1,2,1,62222,0,100,2007,SR-38,1E+20,0,99999999,999999999,1,1
6,13,8,20,22,41,1,3,0,1,3,3,0,27,0,5,4,6,1,99,1,1,2,1,0,0,0,3,1,0,0,99,99,99,99,99,99,0,0,0,0,2,2,0,62223,0,53,2007,SR-4 RAMP,1E+20,0,99999999,999999999,1,1
6,65,8,20,22,50,1,1,0,0,14,4,0,27,0,1,4,1,4,45,2,9,2,1,40,3,0,3,1,0,0,99,99,99,99,0,0,0,0,0,0,1,2,0,62224,0,0,2007,MISSION BLVD,1E+20,0,99999999,999999999,1,1
6,37,8,20,23,55,1,1,0,0,14,4,0,1,0,1,4,1,2,35,2,9,2,1,40,3,0,2,1,0,0,99,99,99,99,0,0,0,0,0,0,1,2,1,62225,0,0,2007,AVENUE M,1E+20,0,99999999,999999999,1,1
6,53,8,21,1,20,1,1,0,0,15,4,0,33,0,1,4,1,2,50,1,1,2,1,0,0,0,2,1,0,0,99,99,99,99,0,0,0,0,0,0,1,3,1,62226,0,0,2007,CARMEL VALLEY RD,1E+20,0,99999999,999999999,1,1
6,71,8,21,2,35,1,2,0,1,1,1,0,1,0,1,3,2,2,70,1,1,2,1,0,0,0,2,1,0,0,99,99,99,99,99,99,0,0,0,0,1,3,0,62227,0,941,2007,I-40,1E+20,0,99999999,999999999,1,1
6,71,8,21,2,54,2,2,0,0,16,6,0,12,2,1,1,1,4,50,1,1,2,1,0,0,0,3,1,0,0,99,99,99,99,99,99,0,0,0,0,1,3,1,62228,1305,0,2007,FOOTHILL BLVD,1E+20,0,99999999,999999999,2,1
6,13,8,21,4,30,2,2,0,1,11,1,0,12,1,1,1,3,4,65,1,2,2,1,0,0,0,3,1,0,0,99,99,99,99,0,0,0,0,0,0,1,3,1,62229,2770,88,2007,I-80,1E+20,0,99999999,999999999,2,1
6,101,8,21,22,30,2,4,0,0,2,3,0,12,1,1,1,2,2,65,1,1,2,1,0,0,0,2,1,0,0,99,99,99,99,99,99,0,0,0,0,2,3,2,62230,0,333,2007,SR-99,1E+20,0,99999999,999999999,2,1
6,79,8,22,2,10,1,1,0,1,12,2,0,24,0,1,3,3,2,65,1,1,2,1,0,0,0,3,1,0,0,99,99,99,99,0,0,0,0,0,0,1,4,1,62231,0,254,2007,US-101,1E+20,0,99999999,999999999,1,1
6,37,8,22,23,5,1,2,1,0,14,6,0,8,0,1,1,5,6,35,9,9,9,1,0,0,0,3,1,0,0,99,99,99,99,0,0,0,0,0,0,1,4,1,62232,1980,0,2007,VICTORY BLVD,1E+20,0,99999999,999999999,1,1
6,37,8,22,23,55,3,3,0,1,12,3,0,25,0,1,3,3,5,65,1,1,2,1,0,0,1,3,1,0,0,99,99,99,99,0,0,0,0,0,0,1,4,0,62233,2240,65,2007,SR-60,1E+20,0,99999999,999999999,3,1
6,37,8,23,12,0,2,4,0,0,13,6,0,12,2,1,1,5,4,50,1,1,2,1,0,0,0,1,1,0,0,99,99,99,99,99,99,0,0,0,0,1,5,1,62234,1840,0,2007,SIERRA HWY,1E+20,0,99999999,999999999,2,1
6,59,8,24,1,25,1,1,0,0,13,6,0,43,0,1,4,3,2,45,1,1,2,1,0,0,0,3,1,0,0,99,99,99,99,0,0,0,0,0,0,1,6,1,62235,1786,0,2007,CROWN VALLEY PKY,1E+20,0,99999999,999999999,1,1
6,47,8,24,6,5,3,3,0,0,3,3,0,12,8,1,1,1,2,55,1,1,2,1,0,0,0,1,1,0,0,99,99,99,99,99,99,0,0,0,0,1,6,1,62236,0,293,2007,SR-165,1E+20,0,99999999,999999999,3,1
6,29,8,24,6,12,1,6,0,1,1,1,0,38,0,1,6,9,2,70,1,1,2,1,0,0,0,1,1,0,0,99,99,99,99,99,99,0,0,0,0,1,6,0,62237,0,612,2007,I-5,1E+20,0,99999999,999999999,1,1
6,37,8,24,18,50,2,2,0,0,14,6,0,1,0,1,1,1,9,25,1,1,2,1,0,0,0,1,1,0,0,99,99,99,99,99,99,0,0,0,0,1,6,0,62238,1980,0,2007,INGLEWOOD BL,1E+20,0,99999999,999999999,2,1
6,37,8,25,1,30,2,2,0,1,11,1,0,12,3,1,1,3,6,65,1,1,9,1,0,0,0,3,1,0,0,99,99,99,99,99,99,0,0,0,0,1,7,1,62239,1980,417,2007,I-5,1E+20,0,99999999,999999999,2,1
6,97,8,25,3,15,1,1,0,1,2,2,0,33,0,1,4,2,2,65,1,1,2,1,0,0,0,2,1,0,0,99,99,99,99,0,0,0,0,0,0,1,7,1,62240,0,468,2007,US-101,1E+20,0,99999999,999999999,1,1
6,37,8,25,4,55,1,1,0,1,1,1,0,35,0,1,3,2,4,65,2,1,2,1,0,0,0,2,1,0,0,99,99,99,99,0,0,0,0,0,0,1,7,1,62241,0,618,2007,I-5,1E+20,0,99999999,999999999,1,1
6,65,8,26,1,40,2,4,0,0,13,6,0,12,5,2,1,9,4,45,1,1,2,1,3,3,0,3,1,0,0,99,99,99,99,99,99,0,0,0,0,1,1,1,62242,1688,0,2007,FRED WARING DR,COOK ST,0,99999999,999999999,2,1
6,65,8,26,2,10,1,2,0,0,14,6,0,33,0,1,4,1,4,35,2,9,2,1,0,0,0,3,1,0,0,99,99,99,99,99,99,0,0,0,0,1,1,1,62243,3070,0,2007,STREETER AVE,1E+20,0,99999999,999999999,1,1
6,95,8,26,3,5,1,1,0,1,11,1,0,33,0,5,4,6,1,99,2,2,9,1,0,0,0,2,1,0,0,99,99,99,99,0,0,0,0,0,0,1,1,1,62244,4010,281,2007,I-505 RAMP,1E+20,0,99999999,999999999,1,1
6,37,8,26,11,45,2,2,0,0,13,6,0,12,5,2,1,1,2,40,1,1,2,1,3,3,0,1,1,0,0,99,99,99,99,99,99,0,0,0,0,1,1,0,62245,1045,0,2007,PARAMOUNT BLVD,5TH ST,0,99999999,999999999,2,1
6,65,8,26,13,50,2,6,0,0,6,4,0,12,2,1,1,1,2,55,1,1,2,1,0,0,0,1,1,0,0,99,99,99,99,99,99,0,0,0,0,1,1,0,62246,0,0,2007,winchester rd,1E+20,0,99999999,999999999,2,1
6,73,8,26,16,45,1,1,0,1,11,1,0,31,0,1,6,9,2,65,1,2,1,1,0,0,0,1,1,0,0,99,99,99,99,0,0,0,0,0,0,1,1,0,62247,2340,3,2007,I-5,1E+20,0,99999999,999999999,1,1
6,29,8,26,19,28,2,3,0,1,1,1,0,1,0,1,3,2,2,70,1,1,2,1,0,0,0,1,1,0,0,99,99,99,99,99,99,0,14,0,0,1,1,0,62248,0,602,2007,I-5,1E+20,0,99999999,999999999,2,1
6,85,8,26,20,19,2,3,0,0,14,3,0,12,2,1,1,1,2,30,2,9,2,1,0,0,0,2,1,0,0,99,99,99,99,99,99,0,0,0,0,1,1,0,62249,3520,59,2007,SR-9,1E+20,0,99999999,999999999,2,1
6,33,8,26,20,43,2,5,0,1,2,3,0,12,2,1,1,1,2,55,1,1,2,1,0,0,0,2,1,0,0,99,99,99,99,99,99,0,0,0,0,1,1,1,62250,0,245,2007,SR-29,1E+20,0,99999999,999999999,2,1
6,71,8,26,21,45,3,11,0,1,11,1,0,12,3,1,1,3,4,65,1,1,1,1,0,0,0,1,1,0,0,99,99,99,99,99,99,0,0,0,0,1,1,0,62251,3000,202,2007,I-10,1E+20,0,99999999,999999999,3,1
6,71,8,26,23,25,1,2,0,0,3,3,0,35,0,1,4,1,2,55,2,2,2,1,0,0,0,2,1,0,0,99,99,99,99,99,99,0,0,0,0,1,1,0,62252,0,260,2007,SR-18,1E+20,0,99999999,999999999,1,1
6,109,8,26,99,99,1,1,0,0,6,4,0,35,0,1,4,1,2,55,1,1,2,1,0,0,0,2,1,0,0,99,99,99,99,0,0,0,0,0,0,1,1,1,62253,0,0,2007,ROCK RIVER RD,1E+20,0,99999999,999999999,1,1
6,59,8,27,0,27,1,1,0,0,6,4,0,43,0,1,6,1,2,35,2,1,2,1,0,0,0,2,1,0,0,99,99,99,99,99,99,0,0,0,0,1,2,0,62254,0,0,2007,LIVE OAK CANYON DR,1E+20,0,99999999,999999999,1,1
6,73,8,27,1,0,1,1,0,0,6,4,0,11,0,1,1,1,2,0,1,1,2,1,0,0,0,2,1,0,0,99,99,99,99,0,0,0,0,0,0,1,2,1,62255,0,0,2007,N CALAC LN,1E+20,0,99999999,999999999,1,1
6,73,8,27,1,31,1,1,0,0,14,6,0,33,0,1,4,2,2,45,2,9,2,1,0,0,0,3,1,0,0,99,99,99,99,0,0,0,0,0,0,1,2,1,62256,3260,0,2007,BERNARDO HEIGHTS PKY,1E+20,0,99999999,999999999,1,1
6,59,8,27,1,50,1,1,0,0,12,6,0,24,0,1,4,3,3,45,2,2,2,1,0,0,0,2,1,0,0,99,99,99,99,0,0,0,0,0,0,1,2,1,62257,80,0,2007,SANTA ANA CAYNON RD,1E+20,0,99999999,999999999,1,1
6,73,8,27,3,33,1,2,1,1,11,1,0,8,0,1,1,3,5,65,2,9,1,1,0,0,0,3,1,0,1,99,99,99,99,0,0,0,0,0,0,1,2,1,62258,3260,170,2007,I-805,1E+20,0,99999999,999999999,1,1
6,47,8,27,4,15,1,2,0,1,1,1,0,1,0,1,3,2,2,70,1,1,2,1,0,0,0,2,1,0,0,99,99,99,99,0,0,0,0,0,0,1,2,0,62259,0,80,2007,I-5,1E+20,0,99999999,999999999,1,1
6,9,8,27,13,50,1,1,0,0,3,3,0,35,0,1,4,1,2,55,2,2,2,1,40,3,0,1,1,0,0,99,99,99,99,99,99,0,0,0,0,1,2,0,62260,0,27,2007,SR-49,1E+20,0,99999999,999999999,1,1
6,47,8,27,14,40,1,1,0,0,5,4,0,42,0,1,6,1,2,55,1,1,2,1,0,0,0,1,1,0,0,99,99,99,99,0,0,0,0,0,0,1,2,0,62261,0,0,2007,ATWATER JORDAN RD,1E+20,0,99999999,999999999,1,1
6,107,8,27,14,48,2,2,0,0,5,4,0,12,2,1,1,1,2,55,1,1,2,1,0,0,1,1,1,0,0,99,99,99,99,99,99,0,0,0,0,1,2,0,62262,0,0,2007,ROAD 140,1E+20,0,99999999,999999999,2,1
6,37,8,27,19,31,2,5,0,0,13,3,0,33,0,1,4,1,4,45,1,1,2,1,0,0,0,5,1,0,0,99,99,99,99,99,99,0,0,0,0,1,2,0,62263,4190,46,2007,SR-72,1E+20,0,99999999,999999999,2,1
6,65,8,27,20,45,2,6,0,0,4,4,0,12,2,1,1,5,4,60,1,1,2,1,0,0,0,2,1,0,0,99,99,99,99,99,99,0,0,0,0,2,2,2,62264,0,0,2007,PALM DR,1E+20,0,99999999,999999999,2,1
6,71,8,28,4,35,1,10,0,1,1,1,0,24,0,1,4,2,2,70,1,2,2,1,0,0,0,2,1,0,0,99,99,99,99,99,99,0,0,0,0,1,3,0,62265,0,786,2007,I-40,1E+20,0,99999999,999999999,1,1
6,113,8,28,13,58,2,5,0,1,1,1,0,24,0,1,4,2,2,65,2,2,2,1,0,0,0,1,1,0,0,99,99,99,99,99,99,0,0,0,0,1,3,0,62266,0,92,2007,I-5,1E+20,0,99999999,999999999,2,1
6,107,8,28,15,40,2,5,0,0,5,4,0,12,2,1,1,1,2,55,1,1,2,1,0,0,0,1,1,0,0,99,99,99,99,99,99,0,0,0,0,2,3,0,62267,0,0,2007,ROAD 192,1E+20,0,99999999,999999999,2,1
6,1,8,28,15,52,2,2,0,0,14,6,0,12,5,1,1,1,2,40,1,1,1,1,0,0,0,1,1,0,0,99,99,99,99,99,99,0,0,0,0,1,3,0,62268,3993,0,2007,WHIPPLE RD,1E+20,0,99999999,999999999,2,1
6,79,8,28,17,57,1,1,0,0,14,6,0,43,0,1,6,1,2,25,1,1,2,1,0,0,0,1,5,0,0,99,99,99,99,0,0,0,0,0,0,1,3,0,62269,2290,0,2007,MORRO BAY BLVD,MARKET AVE,0,99999999,999999999,1,5
6,37,8,28,21,44,2,2,0,0,13,6,0,12,5,2,1,1,6,40,1,1,2,1,3,3,0,3,1,0,0,99,99,99,99,99,99,0,0,0,0,1,3,1,62270,1045,0,2007,TELEGRAPH RD,TRUE AVE,0,99999999,999999999,2,1
6,71,8,28,21,50,1,1,0,0,13,4,0,36,0,1,4,1,2,35,2,1,2,1,0,0,0,2,1,0,0,99,99,99,99,0,0,0,0,0,0,1,3,1,62271,0,0,2007,MOUNTAIN AVE,1E+20,0,99999999,999999999,1,1
6,59,8,29,6,14,1,1,0,0,15,6,0,33,0,1,4,1,2,35,2,1,2,1,0,0,0,4,1,0,0,99,99,99,99,0,0,0,0,0,0,1,4,0,62272,1786,0,2007,RANCHO NIGUEL,1E+20,0,99999999,999999999,1,1
6,59,8,29,14,10,1,2,1,0,14,6,0,9,0,2,1,9,4,40,1,1,2,1,20,3,0,1,1,0,0,99,99,99,99,99,99,0,0,0,0,1,4,0,62273,1660,0,2007,INDIANAPOLIS AVE,EVERGLADES,0,99999999,999999999,1,1
6,37,8,29,14,20,1,1,0,1,12,3,0,39,0,1,4,3,7,65,1,1,1,1,0,0,0,1,1,0,0,99,99,99,99,99,99,0,0,0,0,1,4,0,62274,1970,138,2007,SR-91,1E+20,0,99999999,999999999,1,1
6,19,8,29,18,54,1,9,0,0,4,4,0,1,0,1,1,1,2,55,1,1,2,1,0,0,0,1,1,0,0,99,99,99,99,99,99,0,0,0,0,1,4,0,62275,0,0,2007,MANNING AVE,1E+20,0,99999999,999999999,1,1
6,19,8,29,99,99,1,1,0,0,6,4,0,35,0,1,6,1,2,55,2,1,2,1,0,0,0,5,1,0,0,99,99,99,99,0,0,0,0,0,0,1,4,1,62276,0,0,2007,DICKENSON AVE,1E+20,0,99999999,999999999,1,1
6,65,8,30,1,30,1,4,0,1,2,3,0,24,0,1,3,2,2,65,1,1,2,1,0,0,0,2,1,0,0,99,99,99,99,99,99,0,0,0,0,1,5,1,62277,0,7,2007,SR-86,1E+20,0,99999999,999999999,1,1
6,73,8,30,2,45,1,1,0,0,13,6,0,1,0,1,6,3,3,30,2,1,2,1,0,0,0,3,1,0,0,99,99,99,99,0,0,0,0,0,0,1,5,1,62278,3260,0,2007,MISSION GORGE RD,1E+20,0,99999999,999999999,1,1
6,73,8,30,3,51,2,3,0,0,12,3,0,12,5,2,1,2,2,35,1,1,2,1,3,3,0,3,1,0,0,99,99,99,99,99,99,0,0,0,0,1,5,0,62279,1200,193,2007,SR-78,VALLEY PKWY,0,99999999,999999999,2,1
6,29,8,30,5,36,2,6,0,1,2,3,0,14,3,1,2,3,3,70,1,1,2,2,0,0,0,2,2,0,0,99,99,99,99,0,0,0,0,0,0,1,5,0,62280,0,401,2007,SR-99,1E+20,0,99999999,999999999,1,2
6,19,8,30,5,55,2,3,0,0,4,4,0,12,1,1,1,1,2,55,1,1,2,1,0,0,0,4,1,0,0,99,99,99,99,99,99,0,0,0,0,1,5,0,62281,0,0,2007,REED AVE,1E+20,0,99999999,999999999,2,1
6,109,8,30,8,20,1,1,0,0,5,4,0,29,0,1,6,1,2,25,2,1,2,1,0,0,0,1,1,0,0,99,99,99,99,0,0,0,0,0,0,1,5,0,62282,0,0,2007,pine mountain dr,1E+20,0,99999999,999999999,1,1
6,59,8,30,9,32,2,2,0,0,13,6,0,12,5,2,1,2,3,45,1,1,2,1,0,0,0,1,1,0,0,99,99,99,99,99,99,0,0,0,0,1,5,0,62283,1345,0,2007,EUCLID ST,STONECRESS AVE,0,99999999,999999999,2,1
6,23,8,30,20,43,1,2,1,0,13,6,0,8,0,3,1,4,3,25,1,1,2,1,0,0,0,3,1,0,0,99,99,99,99,99,99,0,0,0,0,1,5,0,62284,1220,0,2007,H ST,12TH ST,0,99999999,999999999,1,1
6,71,8,30,22,24,1,1,0,0,13,6,0,40,0,1,6,5,4,40,9,9,2,1,0,0,0,3,1,0,0,99,99,99,99,0,0,0,0,0,0,1,5,1,62285,3000,0,2007,RIVERSIDE AVE,1E+20,0,99999999,999999999,1,1
6,65,8,31,4,40,2,2,0,0,3,3,0,12,2,1,1,5,4,65,1,2,2,1,0,0,0,2,1,0,0,99,99,99,99,0,0,0,0,0,0,1,6,0,62286,0,212,2007,SR-74,1E+20,0,99999999,999999999,2,1
6,65,8,31,6,50,2,2,0,1,12,3,0,12,7,1,1,3,3,65,1,1,2,1,0,0,0,1,1,0,0,99,99,99,99,0,0,0,0,0,0,1,6,0,62287,2278,187,2007,SR-60,1E+20,0,99999999,999999999,2,1
6,59,8,31,15,0,1,3,1,0,16,6,0,8,0,1,1,1,2,25,1,1,2,1,0,0,0,1,1,0,0,99,99,99,99,99,99,0,0,0,0,1,6,0,62288,3420,0,2007,MARY COMMON,1E+20,0,99999999,999999999,1,1
6,7,8,31,19,0,2,6,0,0,4,4,0,1,0,1,1,1,2,35,1,1,2,1,0,0,0,1,1,0,0,99,99,99,99,0,0,0,0,0,0,1,6,1,62289,0,0,2007,MIDWAY,1E+20,0,99999999,999999999,2,1
6,33,8,31,19,30,2,2,0,0,4,4,0,12,2,1,1,1,2,55,2,2,2,1,0,0,0,1,1,0,0,99,99,99,99,99,99,0,0,0,0,1,6,0,62290,0,0,2007,POINT LAKEVIEW RD,1E+20,0,99999999,999999999,2,1
6,73,8,31,21,45,2,3,0,0,14,6,0,12,5,2,1,9,9,35,1,1,2,1,3,3,0,3,1,0,0,99,99,99,99,99,99,0,0,0,0,1,6,0,62291,1820,0,2007,LA MESA BLVD,GLEN ST,0,99999999,999999999,2,1
6,37,8,31,21,50,1,2,1,0,14,6,0,8,0,1,1,5,4,35,1,1,2,1,0,0,0,2,1,0,0,99,99,99,99,99,99,0,0,0,0,1,6,1,62292,1980,0,2007,WHITE OAK AV,1E+20,0,99999999,999999999,1,1
6,37,8,31,22,0,1,1,0,1,11,1,0,24,0,1,3,3,4,65,1,1,1,1,0,0,0,2,1,0,0,99,99,99,99,0,0,0,0,0,0,1,6,1,62293,0,480,2007,I-5,1E+20,0,99999999,999999999,1,1
6,61,8,31,22,25,1,2,1,0,13,6,0,8,0,1,1,9,9,45,1,1,9,1,99,9,0,3,1,0,0,99,99,99,99,99,99,0,0,0,0,1,6,1,62294,1794,0,2007,EL TORO RD,1E+20,0,99999999,999999999,1,1
6,53,2,3,1,43,1,3,0,0,5,4,0,35,0,1,2,1,2,55,2,1,2,1,0,0,0,2,1,0,0,99,99,99,99,99,99,0,0,0,0,1,7,0,62295,0,0,2007,OLD STAGE RD,1E+20,0,99999999,999999999,1,1
6,97,4,1,15,15,1,1,0,0,3,3,0,1,0,1,1,1,2,55,1,1,2,1,0,0,0,1,1,0,0,99,99,99,99,99,99,0,0,0,0,1,1,0,62296,0,499,2007,SR-1,1E+20,0,99999999,999999999,1,1
6,37,4,10,19,10,4,2,0,0,14,6,0,12,5,2,1,1,2,25,1,1,2,1,20,3,1,1,1,0,0,99,99,99,99,99,99,0,0,0,0,1,3,0,62297,1980,0,2007,SAN FERNANDO RD,HALLETT AVE,0,99999999,999999999,2,1
6,37,5,11,16,15,2,2,0,1,11,1,0,12,7,1,1,3,5,65,1,1,1,1,0,0,0,1,1,0,0,99,99,99,99,99,99,0,0,0,0,1,6,0,62298,1980,128,2007,I-10,1E+20,0,99999999,999999999,2,1
6,71,6,10,1,50,1,2,0,1,1,1,0,43,0,1,3,2,2,70,1,1,2,1,0,0,0,2,1,0,1,99,99,99,99,99,99,0,0,0,0,1,1,0,62299,0,1842,2007,I-15,1E+20,0,99999999,999999999,1,1
6,37,6,21,5,30,3,5,0,1,11,1,0,39,0,1,6,2,5,65,2,1,2,1,0,0,0,1,1,0,0,99,99,99,99,99,99,0,0,0,0,1,5,0,62300,1970,17,2007,I-405,1E+20,0,99999999,999999999,3,1
6,67,6,23,9,48,1,2,1,0,16,6,0,8,0,1,1,1,2,25,2,1,2,1,0,0,0,1,1,0,0,99,99,99,99,99,99,0,0,0,0,1,7,0,62301,1108,0,2007,SPRING FLOWER DR,1E+20,0,99999999,999999999,1,1
6,71,7,19,5,18,2,2,0,0,14,6,0,12,4,3,1,5,4,50,1,2,2,1,0,0,0,3,1,0,0,99,99,99,99,99,99,0,0,0,0,1,5,0,62302,4040,0,2007,AMARGOSA RD,TOPANGO RD,0,99999999,999999999,2,1
6,53,7,20,12,20,2,4,0,1,2,3,0,12,7,1,1,2,2,65,1,2,1,1,0,0,0,1,1,0,0,99,99,99,99,0,0,0,0,0,0,1,6,0,62303,0,874,2007,SR-1,1E+20,0,99999999,999999999,2,1
6,111,7,20,15,31,3,8,0,1,2,3,0,12,3,1,1,2,2,60,1,2,2,1,0,0,0,1,1,0,0,99,99,99,99,99,99,0,0,0,0,3,6,0,62304,0,169,2007,SR-126,1E+20,0,99999999,999999999,3,1
6,77,7,21,15,5,2,5,0,1,3,3,0,12,5,2,1,1,2,55,1,1,2,1,20,3,0,1,1,0,0,99,99,99,99,99,99,0,0,0,0,1,7,0,62305,0,221,2007,SR-88,LIBERTY RD,0,99999999,999999999,2,1
6,73,7,22,2,29,1,2,0,0,12,6,0,46,0,3,4,2,3,35,1,1,2,1,3,3,0,3,1,0,0,99,99,99,99,99,99,0,0,0,0,1,1,1,62306,1080,0,2007,ELETCHER PKWY,MARSHALL AVE,0,99999999,999999999,1,1
6,37,7,22,2,39,1,2,1,0,14,6,0,8,0,1,1,9,4,30,1,1,2,1,2,3,0,3,1,0,0,99,99,99,99,99,99,0,0,0,0,1,1,1,62307,1970,0,2007,ANAHEIM ST,1E+20,0,99999999,999999999,1,1
6,37,7,25,12,20,2,6,0,0,13,4,0,12,5,1,1,2,2,40,1,1,2,1,0,0,0,1,1,0,0,99,99,99,99,99,99,0,0,0,0,1,4,0,62308,0,0,2007,VERMONT AVE,1E+20,0,99999999,999999999,2,1
6,37,7,26,7,33,1,1,0,0,14,4,0,10,0,6,1,1,4,35,1,1,2,1,60,3,0,1,1,0,0,99,99,99,99,0,0,0,0,0,0,1,5,0,62309,0,0,2007,135TH ST,1E+20,9999999,99999999,999999999,1,1
6,73,7,31,6,5,1,2,1,0,13,4,0,8,0,3,1,1,4,35,1,1,2,1,2,3,0,4,1,0,0,99,99,99,99,0,0,0,0,0,0,1,3,0,62310,0,0,2007,ALAMEDA ST,92ND ST,0,99999999,999999999,1,1
6,73,8,18,22,55,2,2,0,0,3,3,0,12,4,1,1,1,2,55,2,2,2,1,0,0,0,2,1,0,0,99,99,99,99,99,99,0,0,0,0,1,7,2,62311,0,551,2007,SR-78,1E+20,0,99999999,999999999,2,1
6,65,8,19,19,55,2,3,0,0,15,4,0,12,5,2,1,1,3,50,1,1,2,1,20,3,1,5,1,0,0,99,99,99,99,99,99,0,0,0,0,1,1,1,62312,0,0,2007,BELLEGRAVE AVE,JURUPA RD,0,99999999,999999999,2,1
6,73,8,21,0,7,2,4,0,0,13,6,0,12,1,3,1,2,6,40,1,1,2,1,3,3,0,3,1,0,0,99,99,99,99,99,99,0,0,0,0,1,3,1,62313,3260,0,2007,MIRA MESA FBLVD,CAMINO RUIZ,0,99999999,999999999,2,1
6,59,8,22,23,0,2,2,0,1,11,1,0,12,1,5,1,6,2,65,1,1,1,1,0,0,0,3,1,0,0,99,99,99,99,99,99,0,0,0,0,1,4,1,62314,1713,213,2007,I-5 RAMP,1E+20,0,99999999,999999999,2,1
6,37,8,25,1,20,1,4,0,1,11,1,0,25,0,1,3,3,6,65,1,1,1,1,0,0,0,2,1,0,0,99,99,99,99,99,99,0,0,0,0,1,7,1,62315,2458,61,2007,I-605,1E+20,0,99999999,999999999,1,1
6,65,8,25,19,50,3,4,0,0,3,3,0,12,1,1,1,5,4,65,1,1,2,1,0,0,1,5,1,0,0,99,99,99,99,99,99,0,0,0,0,1,7,1,62316,0,223,2007,SR-74,1E+20,0,99999999,999999999,3,1
6,29,8,26,15,18,1,5,0,0,3,4,0,1,0,1,1,1,2,55,2,2,2,1,0,0,0,1,1,0,0,99,99,99,99,99,99,0,0,0,0,1,1,2,62317,0,0,2007,TEHACHAPI WILLOW SPG,1E+20,0,99999999,999999999,1,1