STATE,COUNTY,MONTH,DAY,HOUR,MINUTE,VE_TOTAL,PERSONS,PEDS,NHS,ROAD_FNC,ROUTE,SP_JUR,HARM_EV,MAN_COLL,REL_JUNC,REL_ROAD,TRAF_FLO,NO_LANES,SP_LIMIT,ALIGNMNT,PROFILE,PAVE_TYP,SUR_COND,TRA_CONT,T_CONT_F,HIT_RUN,LGT_COND,WEATHER1,WEATHER2,C_M_ZONE,NOT_HOUR,NOT_MIN,ARR_HOUR,ARR_MIN,HOSP_HR,HOSP_MN,SCH_BUS,CF1,CF2,CF3,FATALS,DAY_WEEK,DRUNK_DR,ST_CASE,CITY,MILEPT,YEAR,TWAY_ID,TWAY_ID2,RAIL,LATITUDE,LONGITUD,VE_FORMS,WEATHER
6,111,8,27,2,10,1,3,0,1,12,2,0,27,0,1,4,2,4,65,2,1,1,1,0,0,0,3,1,0,0,99,99,99,99,99,99,0,0,0,0,1,2,1,62318,3860,27,2007,US-101,1E+20,0,99999999,999999999,1,1
6,107,8,29,18,15,1,4,0,0,6,4,0,1,0,1,6,1,2,55,2,9,2,1,0,0,0,1,1,0,0,99,99,99,99,99,99,0,0,0,0,1,4,1,62319,0,0,2007,ROAD 48,1E+20,0,99999999,999999999,1,1
6,67,8,31,1,44,1,2,0,0,13,6,0,38,0,1,6,5,4,45,1,2,2,1,0,0,0,2,1,0,0,99,99,99,99,99,99,0,0,0,0,1,6,2,62320,0,0,2007,GREENBACK LN,1E+20,0,99999999,999999999,1,1
6,73,8,31,2,42,1,3,0,0,13,3,0,33,0,1,4,2,4,45,2,1,2,1,0,0,0,3,1,0,0,99,99,99,99,99,99,0,0,0,0,1,6,1,62321,0,111,2007,SR-54,1E+20,0,99999999,999999999,1,1
6,37,8,31,3,10,1,2,1,0,13,6,0,43,0,1,4,1,4,35,1,1,2,1,0,0,2,3,1,0,0,99,99,99,99,99,99,0,0,0,0,1,6,1,62322,1980,0,2007,SAN FERNANDO RD,1E+20,0,99999999,999999999,1,1
6,73,9,1,2,58,1,2,1,0,3,3,0,8,0,1,1,1,2,55,2,1,2,1,0,0,0,2,1,0,0,99,99,99,99,0,0,0,0,0,0,1,7,1,62323,0,267,2007,SR-76,1E+20,0,99999999,999999999,1,1
6,65,9,1,6,59,1,2,0,0,3,2,0,35,0,1,4,1,2,55,2,2,2,1,0,0,0,1,1,0,0,99,99,99,99,0,0,0,0,0,0,2,7,0,62324,0,228,2007,US-95,1E+20,0,99999999,999999999,1,1
6,75,9,1,12,27,1,1,0,1,11,1,0,18,0,1,8,3,3,65,1,1,2,1,0,0,0,1,1,0,0,99,99,99,99,0,0,0,0,0,0,1,7,0,62325,3290,65,2007,I-280,1E+20,0,99999999,999999999,1,1
6,29,9,1,13,20,2,9,0,0,6,4,0,12,5,2,1,1,2,55,1,1,2,1,20,3,0,1,1,0,0,99,99,99,99,99,99,0,0,0,0,1,7,0,62326,0,0,2007,MELCHER RD,SCHUSTER RD,0,99999999,999999999,2,1
6,71,9,1,13,58,2,1,0,0,14,6,0,14,1,1,4,1,2,45,1,1,2,1,0,0,0,1,1,0,0,99,99,99,99,0,0,0,0,0,0,1,7,1,62327,3000,0,2007,BASELINE RD,1E+20,0,99999999,999999999,1,1
6,73,9,1,14,45,1,11,0,0,3,3,0,1,0,1,2,1,2,55,2,2,2,1,0,0,0,1,1,0,0,99,99,99,99,99,99,0,0,0,0,2,7,1,62328,0,402,2007,SR-94,1E+20,0,99999999,999999999,1,1
6,1,9,1,18,48,3,3,0,0,13,6,0,12,2,1,1,3,2,45,1,2,2,1,0,0,0,1,1,0,0,99,99,99,99,99,99,0,0,0,0,1,7,0,62329,1364,0,2007,MISSION BLVD,1E+20,0,99999999,999999999,3,1
6,37,9,1,21,0,1,2,1,1,13,6,0,8,0,1,1,2,3,35,1,1,2,1,0,0,0,3,1,0,0,99,99,99,99,99,99,0,0,0,0,1,7,2,62330,1980,0,2007,FIGUEROA ST,1E+20,0,99999999,999999999,1,1
6,65,9,1,23,42,1,6,0,1,1,1,0,1,0,1,4,3,4,70,1,1,2,1,0,0,0,2,1,0,0,99,99,99,99,99,99,0,0,0,0,2,7,0,62331,612,402,2007,I-10,1E+20,0,99999999,999999999,1,1
6,1,9,1,99,99,1,1,0,0,15,6,0,38,0,1,4,1,2,45,2,2,2,1,0,0,0,9,1,0,0,99,99,99,99,0,0,0,0,0,0,1,7,0,62332,0,0,2007,TESLA RD,1E+20,0,99999999,999999999,1,1
6,13,9,2,5,4,1,1,0,1,12,3,0,24,0,1,3,3,2,65,1,1,2,1,0,0,0,9,1,0,0,99,99,99,99,0,0,0,0,0,0,1,1,0,62333,0,137,2007,SR-4,1E+20,0,99999999,999999999,1,1
6,29,9,2,7,0,1,1,0,0,6,4,0,1,0,1,4,1,2,55,1,1,2,1,0,0,0,1,1,0,0,99,99,99,99,99,99,0,0,0,0,1,1,1,62334,0,0,2007,POPLAR AVE,1E+20,0,99999999,999999999,1,1
6,71,9,2,7,14,1,5,0,1,1,1,0,43,0,1,2,2,2,70,1,1,2,1,0,0,0,1,1,0,0,99,99,99,99,99,99,0,0,0,0,4,1,0,62335,0,1262,2007,I-15,1E+20,0,99999999,999999999,1,1
6,61,9,2,8,34,1,1,0,0,14,6,0,33,0,1,4,5,4,45,1,2,2,1,0,0,0,1,1,0,0,99,99,99,99,99,99,0,0,0,0,1,1,0,62336,3110,0,2007,TAYLOR RD,1E+20,0,99999999,999999999,1,1
6,37,9,2,9,32,2,3,0,0,14,4,0,12,5,2,1,1,2,35,1,1,2,1,0,0,1,1,1,0,0,99,99,99,99,99,99,0,0,0,0,1,1,0,62337,0,0,2007,DUARTE RD,SULTANA AVE,0,99999999,999999999,2,1
6,29,9,2,11,10,1,1,0,1,2,3,0,1,0,1,3,2,2,65,2,1,1,1,0,0,0,1,1,0,0,99,99,99,99,0,0,0,0,0,0,1,1,1,62338,0,1134,2007,SR-58,1E+20,0,99999999,999999999,1,1
6,39,9,2,13,0,2,4,0,0,3,3,0,1,0,1,1,1,2,55,2,1,2,1,0,0,0,1,1,0,0,99,99,99,99,99,99,0,0,0,0,1,1,0,62339,0,65,2007,SR-49,1E+20,0,99999999,999999999,2,1
6,85,9,2,14,15,4,8,0,1,12,2,0,12,7,1,1,3,5,65,1,1,2,1,0,0,0,1,1,0,0,99,99,99,99,99,99,0,0,0,0,1,1,0,62340,3340,256,2007,US-101,1E+20,0,99999999,999999999,4,1
6,77,9,2,14,20,1,1,0,1,11,1,0,33,0,1,2,3,3,65,1,1,2,1,0,0,0,1,1,0,0,99,99,99,99,0,0,0,0,0,0,1,1,0,62341,3770,303,2007,I-5,1E+20,0,99999999,999999999,1,1
6,29,9,2,15,39,2,2,0,0,13,6,0,12,5,2,1,1,2,45,1,1,2,1,99,9,0,1,1,0,0,99,99,99,99,99,99,0,0,0,0,1,1,0,62342,240,0,2007,CHESTER AVE,LA FRANCE DR,0,99999999,999999999,2,1
6,37,9,2,17,0,1,6,1,0,14,6,0,8,0,1,1,1,2,25,1,1,2,1,0,0,0,1,1,0,1,99,99,99,99,99,99,0,0,0,0,1,1,0,62343,1980,0,2007,UNION AVE,1E+20,0,99999999,999999999,1,1
6,7,9,2,18,30,1,1,0,0,15,4,0,42,0,1,4,1,2,55,1,1,2,1,0,0,0,1,1,0,0,99,99,99,99,0,0,0,0,0,0,1,1,1,62344,0,0,2007,PALERMO RD,1E+20,0,99999999,999999999,1,1
6,19,9,2,18,48,2,6,0,0,4,4,0,12,5,2,1,1,2,55,1,1,2,1,20,3,0,1,1,0,0,99,99,99,99,99,99,0,0,0,0,1,1,1,62345,0,0,2007,ADAMS AVE,KENNETH AVE,0,99999999,999999999,2,1
6,37,9,2,20,58,1,2,1,0,16,6,0,8,0,1,1,9,9,25,1,1,2,1,0,0,0,3,1,0,0,99,99,99,99,99,99,0,0,0,0,1,1,2,62346,1970,0,2007,MARRON AVE,1E+20,0,99999999,999999999,1,1
6,37,9,2,21,34,1,2,1,0,13,6,0,8,0,1,1,2,2,50,1,1,2,1,0,0,0,3,1,0,0,99,99,99,99,0,0,0,0,0,0,1,1,0,62347,1840,0,2007,SIERRA HWY,1E+20,0,99999999,999999999,1,1
6,29,9,2,99,99,1,2,0,0,15,4,0,43,0,1,4,1,2,55,1,1,2,1,0,0,0,2,1,0,0,99,99,99,99,99,99,0,0,0,0,1,1,1,62348,0,0,2007,SYCAMORE RD,1E+20,0,99999999,999999999,1,1
6,29,9,3,0,1,1,2,0,0,5,4,0,35,0,1,4,1,2,55,1,1,2,1,0,0,0,2,1,0,0,99,99,99,99,0,0,0,0,0,0,1,2,1,62349,0,0,2007,KIMBERLINA RD,1E+20,0,99999999,999999999,1,1
6,71,9,3,2,20,1,2,1,1,12,3,0,8,0,1,1,3,4,65,1,1,1,1,0,0,0,2,1,0,0,99,99,99,99,99,99,0,0,0,0,1,2,1,62350,680,45,2007,SR-60,1E+20,0,99999999,999999999,1,1
6,47,9,3,3,5,1,2,0,1,12,3,0,24,0,1,2,3,2,65,1,1,1,1,0,0,0,2,1,0,0,99,99,99,99,99,99,0,0,0,0,1,2,1,62351,2150,131,2007,SR-99,1E+20,0,99999999,999999999,1,1
6,19,9,3,7,40,2,2,0,0,14,4,0,12,5,2,1,1,2,45,1,1,2,1,20,3,0,1,1,0,0,99,99,99,99,0,0,0,0,0,0,1,2,0,62352,0,0,2007,AMERICAN AVE,CEDAR AVE,0,99999999,999999999,2,1
6,77,9,3,19,0,2,4,0,0,14,4,0,12,5,2,1,1,4,25,1,1,2,1,0,0,1,1,1,0,0,99,99,99,99,99,99,0,0,0,0,1,2,0,62353,0,0,2007,ALPINE AVE,FRANKLIN AVE,0,99999999,999999999,2,1
6,45,9,3,19,50,1,1,0,0,4,4,0,1,0,1,4,9,9,55,9,9,9,1,0,0,0,2,1,0,0,99,99,99,99,99,99,0,0,0,0,1,2,1,62354,0,0,2007,OLD RIVER RD,1E+20,0,99999999,999999999,1,1
6,59,9,4,5,24,1,2,1,0,13,3,0,8,0,1,1,3,4,45,1,1,2,1,0,0,0,3,1,0,0,99,99,99,99,99,99,0,0,0,0,1,3,0,62355,80,126,2007,SR-39,1E+20,0,99999999,999999999,1,1
6,25,9,4,13,46,2,3,0,1,2,3,0,12,5,2,1,2,2,65,1,1,2,1,20,3,0,1,1,0,0,99,99,99,99,99,99,0,0,0,0,1,3,1,62356,0,218,2007,SR-86,BRANDT RD,0,99999999,999999999,2,1
6,89,9,4,15,0,1,2,1,0,14,6,0,8,0,3,1,1,4,30,1,1,2,1,3,3,0,1,1,0,0,99,99,99,99,99,99,1,0,0,0,1,3,0,62357,2950,0,2007,COURT ST,SOUTH ST,0,99999999,999999999,1,1
6,37,9,4,20,30,1,2,1,0,16,6,0,9,0,1,1,1,2,25,1,2,2,1,0,0,2,3,1,0,0,99,99,99,99,99,99,0,0,0,0,1,3,1,62358,1845,0,2007,ALBERT ST,1E+20,0,99999999,999999999,1,1
6,37,9,4,23,5,1,1,0,0,13,6,0,25,0,1,3,3,3,35,2,1,2,1,40,3,0,3,1,0,0,99,99,99,99,0,0,0,0,0,0,1,3,1,62359,930,0,2007,ADAMS BLVD,1E+20,0,99999999,999999999,1,1
6,55,9,5,1,58,1,1,0,0,13,3,0,1,0,1,2,1,3,45,2,1,2,1,0,0,0,2,1,0,0,99,99,99,99,0,0,0,20,0,0,1,4,0,62360,0,94,2007,SR-121,TRANCAS,0,99999999,999999999,1,1
6,81,9,5,8,55,1,2,0,0,6,4,0,34,0,1,4,1,2,15,2,2,1,2,0,0,0,1,1,0,0,99,99,99,99,0,0,0,0,0,0,1,4,1,62361,0,0,2007,QUARRY RD,1E+20,0,99999999,999999999,1,1
6,37,9,5,10,3,1,2,1,0,13,3,0,8,0,3,1,2,2,25,1,1,2,1,3,3,0,1,1,0,0,99,99,99,99,99,99,0,0,0,0,1,4,1,62362,1970,81,2007,SR-1,JUDSON AVE,0,99999999,999999999,1,1
6,67,9,5,14,25,1,2,0,1,1,1,0,24,0,1,3,3,3,65,1,1,2,1,0,0,0,1,1,0,0,99,99,99,99,99,99,0,0,0,0,1,4,0,62363,0,122,2007,I-5,1E+20,0,99999999,999999999,1,1
6,67,9,5,14,45,1,2,0,0,16,6,0,33,0,1,4,1,2,25,1,1,2,1,0,0,0,1,1,0,0,99,99,99,99,99,99,0,0,0,0,2,4,0,62364,1108,0,2007,BENEDIX WY,1E+20,0,99999999,999999999,1,1
6,101,9,6,1,0,1,1,0,0,3,4,0,1,0,1,4,1,2,55,1,1,2,1,0,0,0,2,1,0,0,99,99,99,99,0,0,0,0,0,0,1,5,1,62365,0,0,2007,SANKEY RD,1E+20,0,99999999,999999999,1,1
6,71,9,6,5,27,3,4,0,1,12,3,0,1,0,1,1,3,5,65,1,1,1,1,0,0,1,4,1,0,0,99,99,99,99,99,99,0,0,0,0,1,5,0,62366,680,1,2007,SR-60,1E+20,0,99999999,999999999,3,1
6,25,9,6,11,27,1,1,0,0,5,4,0,43,0,1,4,1,2,55,1,1,2,1,0,0,0,1,1,0,0,99,99,99,99,99,99,0,0,0,0,1,5,0,62367,0,0,2007,FREDRICKS RD,1E+20,0,99999999,999999999,1,1
6,37,9,6,20,19,1,4,1,0,14,6,0,9,0,3,1,1,4,40,1,1,2,1,20,3,0,3,1,0,0,99,99,99,99,0,0,0,0,0,0,1,5,0,62368,1845,0,2007,TEMPLE AVE,SUNKIST DR,0,99999999,999999999,1,1
6,59,9,7,5,37,1,1,0,0,14,6,0,33,0,1,4,1,4,40,2,1,2,1,0,0,0,3,1,0,0,99,99,99,99,0,0,0,0,0,0,1,6,0,62369,4130,0,2007,EDWARDS ST,1E+20,0,99999999,999999999,1,1
6,99,9,7,7,0,2,2,0,0,5,4,0,12,2,1,1,1,2,55,1,1,2,1,0,0,0,1,1,0,0,99,99,99,99,99,99,0,0,0,0,1,6,0,62370,0,0,2007,SHILOH RD,1E+20,0,99999999,999999999,2,1
6,33,9,7,8,18,1,1,0,0,3,3,0,1,0,1,4,1,2,55,2,2,2,1,0,0,0,1,1,0,0,99,99,99,99,0,0,0,0,0,0,1,6,0,62371,0,210,2007,SR-20,1E+20,0,99999999,999999999,1,1
6,17,9,7,12,40,1,1,0,0,5,4,0,24,0,1,4,1,2,55,2,1,2,1,0,0,0,1,1,0,0,99,99,99,99,99,99,0,0,0,0,1,6,0,62372,0,0,2007,ICE HOUSE RD,1E+20,0,99999999,999999999,1,1
6,59,5,16,21,9,2,2,0,0,14,6,0,12,8,2,1,2,2,35,1,1,2,1,3,3,0,3,1,0,0,99,99,99,99,0,0,0,0,0,0,1,4,0,62373,3420,0,2007,MAIN ST,POMONA ST,0,99999999,999999999,2,1
6,17,9,7,15,35,1,2,0,1,12,2,0,1,0,1,1,2,2,65,1,2,1,1,0,0,0,1,1,0,0,99,99,99,99,99,99,0,0,0,0,1,6,1,62374,0,59,2007,US-50,1E+20,0,99999999,999999999,1,1
6,73,9,7,16,29,2,4,0,0,14,6,0,12,5,2,1,3,2,45,1,2,2,1,20,3,0,1,1,0,0,99,99,99,99,99,99,0,0,0,0,1,6,0,62375,3260,0,2007,WOODMAN ST,RAMFOS PL,0,99999999,999999999,2,1
6,31,9,7,17,30,2,2,0,0,3,4,0,12,8,1,1,1,2,55,1,1,2,1,0,0,0,1,1,0,0,99,99,99,99,0,0,0,0,0,0,1,6,0,62376,0,0,2007,GRANGEVILLE BLVD,1E+20,0,99999999,999999999,2,1
6,73,9,7,17,45,2,2,0,1,11,1,0,5,0,1,1,3,5,65,1,1,2,1,0,0,1,1,1,0,0,99,99,99,99,0,0,0,0,0,0,1,6,0,62377,1200,205,2007,I-15,1E+20,0,99999999,999999999,2,1
6,61,9,7,17,50,3,6,0,1,11,1,0,12,7,1,1,3,4,65,1,1,2,1,0,0,0,1,1,0,0,99,99,99,99,0,0,0,0,0,0,1,6,0,62378,3110,38,2007,I-80,1E+20,0,99999999,999999999,3,1
6,65,9,7,19,40,1,2,0,1,11,1,0,27,0,1,4,3,5,65,1,1,1,1,0,0,0,3,1,0,0,99,99,99,99,99,99,0,0,0,0,1,6,1,62379,2420,434,2007,I-15,1E+20,0,99999999,999999999,1,1
6,7,9,7,21,30,1,1,0,0,6,4,0,42,0,1,4,1,2,55,2,2,2,1,0,0,0,2,1,0,0,99,99,99,99,99,99,0,0,0,0,1,6,1,62380,0,0,2007,BALD ROCK RD,1E+20,0,99999999,999999999,1,1
6,107,9,7,21,40,1,2,0,0,5,4,0,42,0,1,4,1,2,55,1,1,2,1,0,0,0,2,1,0,0,99,99,99,99,99,99,0,0,0,0,1,6,0,62381,0,0,2007,ROAD 236,1E+20,0,99999999,999999999,1,1
6,59,9,8,2,2,2,2,0,0,14,6,0,12,5,2,1,1,4,40,1,1,2,1,3,3,0,3,1,0,0,99,99,99,99,99,99,0,0,0,0,1,7,1,62382,880,0,2007,VICTORIA ST,PLACENTIA AVE,0,99999999,999999999,2,1
6,1,9,8,2,53,1,2,1,0,13,3,0,8,0,1,1,2,2,30,1,1,2,1,0,0,0,3,1,0,0,99,99,99,99,99,99,0,0,0,0,1,7,0,62383,1170,2,2007,SR-123,1E+20,0,99999999,999999999,1,1
6,65,9,8,4,24,3,5,0,1,1,1,0,12,2,1,1,3,3,70,1,2,1,1,0,0,0,2,1,0,0,99,99,99,99,99,99,0,0,0,0,3,7,1,62384,0,182,2007,I-15,1E+20,0,99999999,999999999,3,1
6,65,9,8,10,55,2,2,0,0,3,3,0,12,2,1,1,1,2,55,2,1,2,1,40,3,0,1,1,0,0,99,99,99,99,99,99,0,0,0,0,1,7,0,62385,0,528,2007,SR-74,1E+20,0,99999999,999999999,2,1
6,95,9,8,12,30,2,3,0,0,4,4,0,12,5,2,1,1,2,55,1,1,2,1,20,3,0,1,1,0,0,99,99,99,99,99,99,0,0,0,0,1,7,0,62386,0,0,2007,LEWIS RD,FRY RD,0,99999999,999999999,2,1
6,19,9,8,13,0,2,9,0,0,4,4,0,12,5,2,1,1,2,55,1,1,2,1,20,3,0,1,1,0,0,99,99,99,99,99,99,0,0,0,0,1,7,0,62387,0,0,2007,MOUNTAIN VIEW AVE,CEDAR AVE,0,99999999,999999999,2,1
6,85,9,8,13,30,1,1,0,0,4,4,0,1,0,1,4,1,2,45,2,2,2,1,0,0,0,1,1,0,0,99,99,99,99,0,0,0,0,0,0,1,7,0,62388,0,0,2007,UVAS RD,1E+20,0,99999999,999999999,1,1
6,73,9,8,14,4,1,2,0,0,13,6,0,33,0,1,4,3,2,45,1,1,2,1,0,0,0,1,1,0,0,99,99,99,99,99,99,0,0,0,0,1,7,0,62389,3260,0,2007,TORREY PINES RD,1E+20,0,99999999,999999999,1,1
6,77,9,8,17,0,2,7,0,0,2,3,0,12,7,1,1,1,2,55,1,1,2,1,0,0,0,1,1,0,0,99,99,99,99,99,99,0,0,0,0,1,7,0,62390,0,250,2007,SR-4,1E+20,0,99999999,999999999,2,1
6,37,9,8,18,20,1,4,2,1,13,6,0,15,0,2,1,1,2,25,1,2,2,1,20,3,0,1,1,0,0,99,99,99,99,99,99,0,0,0,0,1,7,0,62391,1980,0,2007,SEPULVEDA ST,MARSHALL CT,0,99999999,999999999,1,1
6,37,9,8,18,40,1,2,1,0,15,6,0,8,0,1,1,1,2,25,1,1,2,1,0,0,0,1,1,0,0,99,99,99,99,99,99,0,0,0,0,1,7,0,62392,305,0,2007,FLORA VISTA ST,1E+20,0,99999999,999999999,1,1
6,37,9,8,20,0,1,2,1,0,13,6,0,8,0,1,1,2,3,35,1,1,2,1,0,0,2,3,1,0,0,99,99,99,99,0,0,0,0,0,0,1,7,1,62393,1980,0,2007,MANCHESTER AVE,1E+20,0,99999999,999999999,1,1
6,67,9,8,21,54,1,2,1,1,11,1,0,8,0,1,1,3,3,65,1,1,2,1,0,0,0,3,1,0,0,99,99,99,99,0,0,0,0,0,0,1,7,1,62394,3150,15,2007,I-80,1E+20,0,99999999,999999999,1,1
6,19,9,8,23,43,2,3,0,0,14,4,0,12,5,2,1,1,4,45,1,1,2,1,20,3,1,2,1,0,0,99,99,99,99,99,99,0,0,0,0,1,7,1,62395,0,0,2007,OLIVE AVE,VILLA AVE,0,99999999,999999999,2,1
6,65,9,9,0,13,1,2,0,0,6,4,0,35,0,1,4,1,2,55,2,2,2,1,0,0,0,2,1,0,0,99,99,99,99,99,99,0,0,0,0,1,1,1,62396,0,0,2007,PARADO DEL SOL DR,1E+20,0,99999999,999999999,1,1
6,59,9,9,2,34,1,3,0,0,13,6,0,25,0,1,4,5,4,40,1,1,2,1,0,0,0,3,1,0,0,99,99,99,99,99,99,0,0,0,0,1,1,1,62397,1380,0,2007,CHAPMAN AVE,1E+20,0,99999999,999999999,1,1
6,37,9,9,18,25,1,2,1,0,14,6,0,8,0,3,1,1,2,25,1,1,2,1,20,3,0,5,1,0,0,99,99,99,99,99,99,0,0,0,0,1,1,0,62398,1980,0,2007,VESPER AVE,FRIARS ST,0,99999999,999999999,1,1
6,23,9,9,99,99,1,1,0,0,6,4,0,1,0,1,1,1,2,99,1,1,4,1,0,0,0,2,1,0,0,99,99,99,99,99,99,0,0,0,0,1,1,1,62399,0,0,2007,CHINA CREEK RD,1E+20,0,99999999,999999999,1,1
6,83,9,10,99,99,1,1,0,0,3,3,0,34,0,1,4,1,2,55,2,1,2,1,0,0,0,2,1,0,0,99,99,99,99,0,0,0,0,0,0,1,2,1,62400,0,29,2007,SR-166,1E+20,0,99999999,999999999,1,1
6,79,9,11,8,15,1,1,0,1,12,2,0,38,0,1,3,3,2,65,1,1,2,1,0,0,0,1,1,0,0,99,99,99,99,99,99,0,0,0,0,1,3,0,62401,0,181,2007,US-101,1E+20,0,99999999,999999999,1,1
6,37,9,11,10,57,2,2,0,1,11,1,0,12,1,1,1,3,4,65,1,1,2,1,0,0,0,1,1,0,0,99,99,99,99,0,0,0,0,0,0,1,3,0,62402,0,483,2007,I-5,1E+20,0,99999999,999999999,2,1
6,37,9,11,12,20,5,5,1,0,13,6,0,14,7,1,7,1,6,35,1,1,2,1,0,0,0,1,1,0,0,99,99,99,99,99,99,0,0,0,0,1,3,0,62403,1980,0,2007,MARTIN LUTHER KING,1E+20,0,99999999,999999999,3,1
6,75,9,11,13,17,1,2,1,0,13,6,0,8,0,1,1,2,4,35,1,1,2,1,0,0,0,1,1,0,0,99,99,99,99,99,99,0,0,0,0,1,3,0,62404,3290,0,2007,GEARY BLVD,1E+20,0,99999999,999999999,1,1
6,37,9,11,13,25,2,2,0,0,14,6,0,12,2,1,1,2,2,35,1,1,2,1,0,0,0,1,1,0,0,99,99,99,99,99,99,0,0,0,0,1,3,0,62405,1980,0,2007,MACLAY ST,1E+20,0,99999999,999999999,2,1
6,5,9,11,13,40,1,1,0,0,6,4,0,33,0,3,4,1,2,15,2,2,2,1,20,3,0,1,1,0,0,99,99,99,99,99,99,0,0,0,0,1,3,0,62406,0,0,2007,EMERSON DR,BINGO WY,0,99999999,999999999,1,1
6,73,9,11,14,18,2,2,0,0,4,3,0,12,2,1,1,1,2,55,2,1,2,1,0,0,0,1,1,0,0,99,99,99,99,99,99,0,0,0,0,1,3,0,62407,0,165,2007,SR-76,1E+20,0,99999999,999999999,2,1
6,37,9,11,20,40,1,1,0,0,6,4,0,5,0,1,4,1,9,99,1,1,2,1,0,0,0,2,1,0,0,99,99,99,99,99,99,0,0,0,0,1,3,0,62408,0,0,2007,27TH ST W,1E+20,0,34383972,118104343,1,1
6,29,9,12,5,47,2,6,0,0,14,6,0,12,5,2,1,1,2,35,1,1,2,1,20,3,0,3,1,0,0,99,99,99,99,99,99,0,0,0,0,1,4,0,62409,1000,0,2007,CECIL AVE,HIETT AVE,0,99999999,999999999,2,1
6,85,9,12,14,50,2,5,0,0,14,6,0,12,2,2,1,9,9,35,9,9,9,1,0,0,0,1,1,0,0,99,99,99,99,99,99,0,0,0,0,1,4,0,62410,3340,0,2007,WHITE RD,LOCHNER DR,0,99999999,999999999,2,1
6,65,9,13,0,12,1,3,0,0,15,4,0,33,0,3,4,1,4,45,1,1,2,1,3,3,0,3,1,0,0,99,99,99,99,99,99,0,0,0,0,1,5,1,62411,0,0,2007,PALM DR,DILLON DR,0,33505960,117240212,1,1
6,19,9,13,0,40,2,3,0,1,2,3,0,12,1,1,1,3,2,55,1,1,2,1,0,0,0,3,1,0,1,99,99,99,99,99,99,0,19,0,0,1,5,0,62412,3590,71,2007,SR-99,1E+20,0,99999999,999999999,2,1
6,37,9,13,3,40,1,1,0,0,13,6,0,42,0,1,4,5,4,35,1,1,2,1,0,0,0,3,1,0,0,99,99,99,99,99,99,0,0,0,0,1,5,1,62413,1980,0,2007,LAUREL CANYON BL,1E+20,0,99999999,999999999,1,1
6,19,9,13,4,50,2,2,0,1,12,3,0,12,1,5,1,6,3,65,1,1,1,1,0,0,0,2,1,0,0,99,99,99,99,99,99,0,0,0,0,1,5,0,62414,1370,626,2007,SR-180 RAMP,1E+20,0,99999999,999999999,2,1
6,71,9,13,7,18,1,2,0,1,1,1,0,1,0,1,3,2,2,70,1,2,2,1,0,0,0,1,1,0,0,99,99,99,99,99,99,0,0,0,0,1,5,0,62415,0,451,2007,I-40,1E+20,0,99999999,999999999,1,1
6,67,9,13,12,20,1,3,1,0,14,6,0,9,0,1,1,5,2,35,1,1,1,1,0,0,0,1,1,0,0,99,99,99,99,99,99,0,0,0,0,1,5,0,62416,1390,0,2007,LINCOLN WY,1E+20,0,99999999,999999999,1,1
6,71,9,13,13,30,2,1,0,1,1,1,0,14,7,1,2,2,2,70,1,1,2,1,0,0,0,1,1,0,0,99,99,99,99,99,99,0,0,0,0,1,5,0,62417,0,1251,2007,I-40,1E+20,0,99999999,999999999,1,1
6,37,9,13,13,50,2,3,0,0,13,6,0,12,5,2,1,2,2,45,1,1,2,1,28,3,0,1,1,0,0,99,99,99,99,99,99,0,0,0,0,1,5,0,62418,1716,0,2007,ARROW HWY,GAYHURST AVE,0,99999999,999999999,2,1
6,37,9,13,17,55,4,5,0,0,14,6,0,12,2,1,1,1,4,35,1,1,2,1,0,0,0,1,1,0,0,99,99,99,99,99,99,0,0,0,0,2,5,0,62419,1980,0,2007,CORBIN AVE,1E+20,0,99999999,999999999,4,1
6,37,9,13,22,53,2,2,0,0,14,6,0,12,5,2,1,3,2,45,1,1,2,1,3,3,0,3,1,0,0,99,99,99,99,99,99,0,0,0,0,1,5,0,62420,3445,0,2007,ORCHARD VILLAGE RD,WILEY CANYON RD,0,99999999,999999999,2,1
6,29,9,14,5,15,1,1,0,0,6,4,0,1,0,1,4,1,2,55,1,1,2,1,0,0,0,2,1,0,1,99,99,99,99,99,99,0,0,0,0,1,6,0,62421,0,0,2007,TEJON HWY,1E+20,0,99999999,999999999,1,1
6,111,9,14,7,42,1,2,1,0,14,6,0,9,0,2,1,1,4,40,1,1,2,1,0,0,0,1,1,0,0,99,99,99,99,99,99,0,0,0,0,1,6,0,62422,3641,0,2007,FITZGERALD RD,TALBERT AVE,0,99999999,999999999,1,1
6,37,9,14,9,20,1,2,1,0,13,6,0,8,0,1,1,1,4,35,1,1,2,1,0,0,0,1,1,0,0,99,99,99,99,0,0,0,0,0,0,1,6,0,62423,30,0,2007,GARFIELD AVE,1E+20,0,99999999,999999999,1,1