STATE,COUNTY,MONTH,DAY,HOUR,MINUTE,VE_TOTAL,PERSONS,PEDS,NHS,ROAD_FNC,ROUTE,SP_JUR,HARM_EV,MAN_COLL,REL_JUNC,REL_ROAD,TRAF_FLO,NO_LANES,SP_LIMIT,ALIGNMNT,PROFILE,PAVE_TYP,SUR_COND,TRA_CONT,T_CONT_F,HIT_RUN,LGT_COND,WEATHER1,WEATHER2,C_M_ZONE,NOT_HOUR,NOT_MIN,ARR_HOUR,ARR_MIN,HOSP_HR,HOSP_MN,SCH_BUS,CF1,CF2,CF3,FATALS,DAY_WEEK,DRUNK_DR,ST_CASE,CITY,MILEPT,YEAR,TWAY_ID,TWAY_ID2,RAIL,LATITUDE,LONGITUD,VE_FORMS,WEATHER
6,71,9,14,11,43,1,3,0,1,11,1,0,29,0,1,2,3,3,70,1,1,2,1,0,0,0,1,1,0,0,99,99,99,99,99,99,0,0,0,0,1,6,0,62424,1603,339,2007,I-15,1E+20,0,99999999,999999999,1,1
6,37,9,14,15,25,3,2,0,0,16,6,0,12,1,1,1,1,2,25,1,1,2,1,0,0,1,1,1,0,0,99,99,99,99,99,99,0,0,0,0,1,6,1,62425,1980,0,2007,110TH ST,1E+20,0,99999999,999999999,2,1
6,83,9,14,19,43,2,5,0,0,16,6,0,12,2,1,1,1,2,45,1,1,2,1,0,0,0,2,1,0,0,99,99,99,99,99,99,0,0,0,0,2,6,2,62426,3460,0,2007,BLACK RD,1E+20,0,99999999,999999999,2,1
6,79,9,14,22,44,1,5,0,1,12,2,0,1,0,1,4,2,2,65,1,1,2,1,0,0,0,3,1,0,0,99,99,99,99,99,99,0,0,0,0,1,6,0,62427,150,122,2007,US-101,1E+20,0,99999999,999999999,1,1
6,71,9,15,0,5,1,3,0,1,12,3,0,1,0,1,1,3,3,65,1,1,2,1,0,0,0,2,1,0,0,99,99,99,99,99,99,0,0,0,0,1,7,0,62428,3210,254,2007,SR-30,1E+20,0,99999999,999999999,1,1
6,37,9,15,1,19,1,1,0,1,11,1,0,33,0,5,4,6,2,65,1,2,2,1,0,0,0,3,1,0,0,99,99,99,99,0,0,0,0,0,0,1,7,1,62429,2700,242,2007,I-210 RAMP,1E+20,0,99999999,999999999,1,1
6,21,9,15,1,41,2,2,0,1,1,1,0,12,2,1,1,2,2,70,1,1,2,1,0,0,0,2,1,0,0,99,99,99,99,0,0,0,0,0,0,2,7,1,62430,0,256,2007,I-5,1E+20,0,99999999,999999999,2,1
6,79,9,15,8,5,1,1,0,0,3,3,0,1,0,1,4,1,2,55,1,2,2,1,0,0,0,1,1,0,0,99,99,99,99,0,0,0,0,0,0,1,7,0,62431,0,440,2007,SR-1,1E+20,0,99999999,999999999,1,1
6,17,9,15,12,18,1,1,0,0,4,4,0,17,0,1,4,1,2,55,2,1,2,1,0,0,0,1,1,0,0,99,99,99,99,0,0,0,0,0,0,1,7,1,62432,0,0,2007,MOUNT AUKUM RD,1E+20,0,99999999,999999999,1,1
6,71,9,15,20,54,1,2,0,0,16,6,0,42,0,1,4,5,6,50,1,2,2,1,0,0,0,3,1,0,0,99,99,99,99,99,99,0,0,0,0,1,7,1,62433,2550,0,2007,ETIWANDA AVE,1E+20,0,99999999,999999999,1,1
6,37,9,16,3,15,1,10,0,0,13,6,0,33,0,1,4,5,4,40,1,1,2,1,0,0,5,3,1,0,0,99,99,99,99,99,99,0,0,0,0,2,1,3,62434,804,0,2007,EASTERN AVE,1E+20,0,99999999,999999999,1,1
6,37,9,16,3,40,1,3,1,1,11,1,0,8,0,1,1,3,7,65,1,1,1,1,0,0,2,2,1,0,0,99,99,99,99,99,99,0,0,0,0,1,1,2,62435,1980,170,2007,I-110,1E+20,0,99999999,999999999,1,1
6,35,9,16,3,53,1,1,0,1,2,2,0,43,0,5,8,6,1,65,1,1,2,1,40,3,0,3,1,0,0,99,99,99,99,0,0,0,0,0,0,1,1,0,62436,0,45,2007,US-395 RAMP,1E+20,0,99999999,999999999,1,1
6,37,9,16,9,0,2,2,0,0,3,3,0,35,0,1,4,1,2,55,2,2,2,1,0,0,0,1,1,0,0,99,99,99,99,0,0,0,0,0,0,1,1,0,62437,0,387,2007,SR-2,1E+20,0,99999999,999999999,2,1
6,33,9,16,13,46,1,2,1,0,14,6,0,8,0,1,1,1,2,30,2,3,2,1,0,0,0,1,1,0,0,99,99,99,99,99,99,0,0,0,0,1,1,1,62438,719,0,2007,OLD HWY 53,1E+20,0,99999999,999999999,1,1
6,29,9,16,13,55,1,1,0,1,2,3,0,1,0,1,4,3,2,65,2,2,2,1,0,0,0,1,1,0,0,99,99,99,99,0,0,0,0,0,0,1,1,0,62439,0,722,2007,SR-58,1E+20,0,99999999,999999999,1,1
6,71,9,16,17,51,1,2,1,0,15,6,0,15,0,1,1,1,2,99,1,1,2,1,0,0,0,1,1,0,0,99,99,99,99,0,0,0,0,0,0,1,1,0,62440,4000,0,2007,SAN BERNARDINO RD,1E+20,0,99999999,999999999,1,1
6,97,9,16,18,40,2,2,0,0,14,3,0,1,0,2,1,1,2,45,1,1,2,1,0,0,0,1,1,0,0,99,99,99,99,99,99,0,0,0,0,1,1,0,62441,0,261,2007,SR-12,ADOBE CANYON RD,0,99999999,999999999,2,1
6,37,9,16,19,10,1,1,0,0,13,4,0,30,0,1,4,1,2,55,1,1,2,1,0,0,0,5,1,0,0,99,99,99,99,0,0,0,0,0,0,1,1,1,62442,0,0,2007,SIERRA HWY,1E+20,0,99999999,999999999,1,1
6,37,9,16,19,35,1,3,0,0,15,4,0,1,0,1,4,1,2,55,2,1,2,1,0,0,0,2,1,0,0,99,99,99,99,99,99,0,0,0,0,1,1,1,62443,0,0,2007,LANCASTER RD,1E+20,0,99999999,999999999,1,1
6,71,9,16,22,52,1,1,0,0,13,4,0,33,0,1,4,1,2,45,1,2,2,1,0,0,0,2,1,0,0,99,99,99,99,99,99,0,0,0,0,1,1,0,62444,0,0,2007,MOUNTAIN AVE,1E+20,0,99999999,999999999,1,1
6,97,7,1,1,30,1,3,0,0,4,4,0,42,0,1,2,1,2,35,1,1,2,1,0,0,0,2,1,0,0,99,99,99,99,99,99,0,0,0,0,1,1,1,62445,0,0,2007,ARMSTRONG WOODS RD,1E+20,0,99999999,999999999,1,1
6,65,7,9,18,51,1,2,1,0,16,6,0,8,0,3,1,1,2,25,1,2,2,1,20,3,0,1,1,0,0,99,99,99,99,99,99,0,0,0,0,1,2,0,62446,1801,0,2007,CEDARHILL LN,POPPY LN,0,99999999,999999999,1,1
6,1,7,15,18,45,1,3,0,1,1,1,0,33,0,1,2,9,4,65,1,2,2,1,0,0,0,1,1,0,0,99,99,99,99,99,99,0,0,0,0,1,1,0,62447,0,51,2007,I-580,1E+20,0,99999999,999999999,1,1
6,71,8,8,18,51,1,2,1,0,16,6,0,8,0,1,1,1,2,25,1,2,2,1,4,3,0,1,1,0,0,99,99,99,99,99,99,0,0,0,0,1,4,1,62448,1305,0,2007,MARYGOLD AVE,1E+20,0,99999999,999999999,1,1
6,37,8,11,2,45,1,2,1,0,14,6,0,8,0,1,1,5,4,35,1,9,2,1,0,0,0,2,1,0,0,99,99,99,99,99,99,0,0,0,0,1,7,2,62449,810,0,2007,WILMINGTON AVE,1E+20,0,99999999,999999999,1,1
6,65,9,29,9,11,1,2,1,0,14,6,0,9,0,3,1,2,2,40,1,1,2,1,20,3,2,1,1,0,0,99,99,99,99,99,99,0,0,0,0,1,7,0,62450,1690,0,2007,JACKSON ST,VIA VENECIA,0,99999999,999999999,1,1
6,31,9,30,2,14,1,2,1,1,12,3,0,8,0,1,1,3,2,65,1,1,2,1,0,0,0,2,1,0,0,99,99,99,99,0,0,0,0,0,0,1,1,1,62451,1540,190,2007,SR-198,1E+20,0,99999999,999999999,1,1
6,73,9,30,17,40,1,2,1,0,4,4,0,9,0,1,2,1,2,55,1,2,2,1,0,0,0,1,1,0,0,99,99,99,99,0,0,0,0,0,0,1,1,0,62452,0,0,2007,COLE GRADE RD,1E+20,0,99999999,999999999,1,1
6,83,10,5,22,10,1,2,1,0,13,3,0,8,0,1,1,1,4,30,1,3,2,1,9,3,0,2,1,0,0,99,99,99,99,99,99,0,0,0,0,1,6,2,62453,0,42,2007,SR-225,1E+20,0,99999999,999999999,1,1
6,111,10,11,18,50,1,2,1,1,12,2,0,8,0,1,1,3,2,65,1,1,2,1,0,0,0,2,1,0,0,99,99,99,99,99,99,0,0,0,0,1,5,1,62454,4027,269,2007,US-101,1E+20,0,99999999,999999999,1,1
6,67,10,14,20,25,1,2,1,0,6,4,0,8,0,1,1,1,2,25,1,1,2,1,20,3,2,3,1,0,0,99,99,99,99,99,99,0,0,0,0,1,1,1,62455,0,0,2007,TALLYHO DR,1E+20,0,99999999,999999999,1,1
6,59,10,14,21,33,1,2,1,0,16,6,0,8,0,1,1,5,6,40,1,1,2,1,0,0,0,3,1,0,0,99,99,99,99,99,99,0,0,0,0,1,1,1,62456,3420,0,2007,1ST ST,1E+20,0,99999999,999999999,1,1
6,113,10,17,5,49,1,2,1,0,15,4,0,9,0,1,1,1,2,55,1,1,2,2,0,0,0,2,2,0,0,99,99,99,99,0,0,0,0,0,0,1,4,0,62457,0,0,2007,COUNTY RD 99,1E+20,0,99999999,999999999,1,2
6,53,10,17,13,15,1,2,1,0,15,6,0,8,0,3,1,2,2,25,1,1,2,1,20,3,0,1,1,0,0,99,99,99,99,99,99,0,0,0,0,1,4,0,62458,570,0,2007,OCEAN AVE,JUNIPERO ST,0,99999999,999999999,1,1
6,65,10,19,20,50,1,5,0,1,11,1,0,1,0,5,1,6,3,70,1,1,1,1,0,0,0,2,1,0,0,99,99,99,99,99,99,0,0,0,0,1,6,0,62459,290,68,2007,I-10,1E+20,0,99999999,999999999,1,1
6,93,10,21,1,0,1,1,0,0,3,3,0,42,0,1,4,1,2,55,2,2,2,1,0,0,0,2,1,0,0,99,99,99,99,0,0,0,0,0,0,1,1,1,62460,0,290,2007,SR-96,1E+20,0,99999999,999999999,1,1
6,71,10,22,1,12,1,3,0,0,14,6,0,33,0,1,4,2,2,45,1,1,2,1,0,0,0,3,6,0,0,99,99,99,99,99,99,0,0,0,0,1,2,0,62461,1305,0,2007,JURUPA AVE,1E+20,0,99999999,999999999,1,6
6,37,10,22,2,35,1,3,2,1,11,1,0,8,0,1,1,3,5,65,1,1,2,1,0,0,0,2,1,0,0,99,99,99,99,0,0,0,0,0,0,2,2,1,62462,2870,417,2007,I-10,1E+20,0,99999999,999999999,1,1
6,29,10,23,14,10,1,1,0,1,12,3,0,38,0,1,2,3,3,70,1,1,1,1,0,0,0,1,1,0,0,99,99,99,99,99,99,0,0,0,0,1,3,0,62463,0,289,2007,SR-99,1E+20,0,99999999,999999999,1,1
6,73,10,23,15,10,1,1,0,1,12,3,0,1,0,13,1,6,2,65,2,2,2,1,0,0,0,1,1,0,0,99,99,99,99,0,0,0,0,0,0,1,3,0,62464,3260,21,2007,SR-15 RAMP,1E+20,0,99999999,999999999,1,1
6,13,10,23,16,4,1,2,1,0,13,6,0,8,0,3,1,1,2,35,1,1,2,1,0,0,2,1,1,0,1,99,99,99,99,99,99,0,0,0,0,1,3,0,62465,2790,0,2007,W 10TH ST,WEST ST,0,99999999,999999999,1,1
6,29,10,23,17,10,1,1,0,0,6,4,0,1,0,1,1,1,2,55,1,1,2,1,0,0,0,1,1,0,0,99,99,99,99,0,0,0,0,0,0,1,3,0,62466,0,0,2007,CHERRY AVE,1E+20,0,99999999,999999999,1,1
6,83,10,23,19,48,1,2,1,1,12,2,0,8,0,1,1,3,4,65,1,1,1,1,0,0,0,2,1,0,0,99,99,99,99,0,0,0,0,0,0,1,3,0,62467,0,178,2007,US-101,1E+20,0,99999999,999999999,1,1
6,37,10,26,14,42,1,2,1,0,16,6,0,8,0,1,6,9,9,25,9,9,2,1,0,0,0,1,1,0,1,99,99,99,99,99,99,1,0,0,0,1,6,0,62468,4069,0,2007,CALLE BAJA DR,1E+20,0,99999999,999999999,1,1
6,1,11,5,5,25,1,1,0,1,12,1,0,18,0,1,1,3,2,65,1,1,2,1,0,0,0,2,1,0,1,99,99,99,99,0,0,0,0,0,0,1,2,0,62469,0,158,2007,I-238,1E+20,0,99999999,999999999,1,1
6,65,11,5,6,51,1,1,0,1,11,1,0,1,0,1,3,2,3,70,1,1,2,1,0,0,0,1,1,0,0,99,99,99,99,99,99,0,0,0,0,1,2,0,62470,1690,533,2007,I-10,1E+20,0,99999999,999999999,1,1
6,65,11,5,17,30,1,2,1,0,3,3,0,8,0,1,1,5,4,60,1,1,2,1,0,0,0,2,1,0,0,99,99,99,99,99,99,0,0,0,0,1,2,1,62471,0,216,2007,SR-74,1E+20,0,99999999,999999999,1,1
6,67,11,6,5,10,1,2,1,0,13,4,0,9,0,1,1,2,3,40,1,1,2,2,0,0,0,3,1,0,0,99,99,99,99,0,0,0,0,0,0,1,3,0,62472,0,0,2007,WATT AVE,1E+20,0,99999999,999999999,1,1
6,99,11,6,5,50,1,2,1,1,12,3,0,8,0,1,1,3,3,65,1,1,1,1,0,0,0,3,1,0,0,99,99,99,99,0,0,0,0,0,0,1,3,0,62473,2200,161,2007,SR-99,1E+20,0,99999999,999999999,1,1
6,73,11,6,12,2,1,1,0,1,12,3,0,38,0,1,5,3,4,65,2,1,1,1,0,0,0,1,1,0,0,99,99,99,99,0,0,0,0,0,0,1,3,0,62474,1876,80,2007,SR-94,1E+20,0,99999999,999999999,1,1
6,113,11,6,99,99,1,1,0,0,6,4,0,1,0,1,2,1,2,55,2,1,2,1,0,0,0,2,1,0,0,99,99,99,99,0,0,0,0,0,0,1,3,0,62475,0,0,2007,CR-92E,1E+20,0,99999999,999999999,1,1
6,13,11,7,0,1,1,1,0,0,14,4,0,33,0,1,2,1,2,35,1,1,2,1,0,0,0,3,1,0,0,99,99,99,99,0,0,0,0,0,0,1,4,1,62476,0,0,2007,MARSH DR,1E+20,0,99999999,999999999,1,1
6,99,11,7,15,13,1,2,1,0,14,6,0,8,0,3,1,1,4,45,1,1,2,1,2,3,0,1,1,0,0,99,99,99,99,99,99,0,0,0,0,1,4,0,62477,2200,0,2007,TULLY RD,SNYDER AVE,0,99999999,999999999,1,1
6,73,11,7,17,47,1,2,1,0,13,6,0,8,0,1,1,5,6,45,1,1,2,1,0,0,0,3,1,0,0,99,98,99,98,0,0,0,0,0,0,1,4,0,62478,1200,0,2007,VALLEY PKWY,1E+20,0,99999999,999999999,1,1
6,29,11,7,23,55,1,1,0,0,15,4,0,1,0,1,1,1,2,55,2,1,2,1,0,0,0,2,1,0,0,99,99,99,99,0,0,0,0,0,0,1,4,1,62479,0,0,2007,ROUND MOUNTAIN RD,1E+20,0,99999999,999999999,1,1
6,59,11,8,4,52,1,1,0,0,13,6,0,46,0,3,4,2,3,45,1,1,2,1,3,3,0,3,1,0,0,99,99,99,99,99,99,0,0,0,0,1,5,0,62480,2560,0,2007,IRVINE BL,ROBINSON DR,0,99999999,999999999,1,1
6,37,11,8,5,31,1,2,1,0,13,6,0,9,0,3,1,1,4,40,1,1,2,1,3,3,2,3,1,0,0,99,99,99,99,99,99,0,0,0,0,1,5,0,62481,2870,0,2007,TOWNE AVE,NINTH ST,0,99999999,999999999,1,1
6,89,11,8,8,13,1,3,1,1,12,3,0,9,0,1,2,1,2,55,1,1,2,1,0,0,0,1,1,0,0,99,99,99,99,99,99,0,0,0,0,1,5,0,62482,0,217,2007,SR-299,1E+20,0,99999999,999999999,1,1
6,59,6,24,1,30,2,3,0,1,12,3,0,12,1,1,1,3,6,65,1,1,1,1,0,0,0,3,1,0,0,99,99,99,99,99,99,0,0,0,0,1,1,1,62483,80,121,2007,SR-91,1E+20,0,99999999,999999999,2,1
6,111,7,3,9,27,4,4,0,0,13,6,0,12,2,2,1,2,2,45,1,1,2,1,3,3,0,1,1,0,0,99,99,99,99,99,99,0,0,0,0,1,3,0,62484,2620,0,2007,GONZALES RD,ENTRADA DR,0,99999999,999999999,4,1
6,37,7,7,14,11,2,3,0,1,11,1,0,29,0,1,2,3,5,65,1,2,2,1,0,0,0,1,1,0,0,99,99,99,99,0,0,0,0,0,0,1,7,0,62485,2870,461,2007,I-10,1E+20,0,99999999,999999999,2,1
6,97,7,7,21,15,3,5,0,0,4,4,0,12,8,1,1,1,2,50,1,1,2,1,0,0,0,2,1,0,0,99,99,99,99,99,99,0,0,0,0,1,7,2,62486,0,0,2007,OCCIDENTAL RD,1E+20,0,99999999,999999999,3,1
6,13,7,8,12,20,1,1,0,1,11,1,0,42,0,1,2,3,4,65,1,1,1,1,0,0,0,1,1,0,0,99,99,99,99,0,0,0,0,0,0,1,1,0,62487,3412,21,2007,I-680,1E+20,0,99999999,999999999,1,1
6,77,7,9,16,19,2,2,0,0,3,3,0,12,2,1,1,1,2,55,1,2,2,1,0,0,0,1,1,0,0,99,99,99,99,0,0,0,0,0,0,1,2,0,62488,0,162,2007,SR-26,1E+20,0,99999999,999999999,2,1
6,97,7,17,21,49,2,3,0,0,12,3,0,12,2,1,1,1,2,55,2,1,2,1,0,0,0,2,1,0,0,99,99,99,99,99,99,0,0,0,0,1,3,2,62489,3490,242,2007,SR-12,1E+20,0,99999999,999999999,2,1
6,71,7,27,15,37,2,2,0,1,14,3,0,12,2,1,1,1,4,65,1,1,9,1,0,0,0,1,1,0,0,99,99,99,99,99,99,0,0,0,0,1,6,1,62490,3970,252,2007,SR-62,1E+20,0,99999999,999999999,2,1
6,59,7,28,7,1,1,3,1,0,13,6,0,9,0,3,1,2,3,40,1,1,2,1,3,3,0,1,1,0,0,99,99,99,99,99,99,0,0,0,0,1,7,0,62491,80,0,2007,BROOKHURST ST,ORANGE AVE,0,99999999,999999999,1,1
6,71,4,15,1,17,1,3,0,0,16,6,0,33,0,1,4,2,2,45,1,1,2,1,0,0,0,3,1,0,0,99,99,99,99,99,99,0,0,0,0,1,1,1,62492,2922,0,2007,FOOTHILL BL,1E+20,0,99999999,999999999,1,1
6,37,5,30,22,12,1,2,1,0,14,6,0,9,0,1,1,1,2,35,1,9,2,1,0,0,0,3,1,0,0,99,99,99,99,99,99,0,0,0,0,1,4,1,62493,1110,0,2007,MERCED AVE,1E+20,0,99999999,999999999,1,1
6,29,5,31,2,35,1,2,1,1,2,3,0,8,0,1,1,2,2,55,1,1,2,1,0,0,0,2,1,0,0,99,98,99,98,0,0,0,0,0,0,1,5,0,62494,0,645,2007,SR-14,1E+20,0,99999999,999999999,1,1
6,67,6,30,21,8,1,5,0,0,16,6,0,33,0,1,3,2,2,45,1,1,2,1,0,0,0,3,1,0,0,99,99,99,99,99,99,0,0,0,0,1,7,0,62495,1108,0,2007,BRUCEVILLE RD,1E+20,0,99999999,999999999,1,1
6,77,11,10,1,42,1,2,0,1,1,1,0,1,0,1,99,9,9,55,1,9,9,1,0,0,0,3,1,0,1,99,99,99,99,99,99,0,0,0,0,1,7,1,62496,0,126,2007,I-205,1E+20,0,99999999,999999999,1,1
6,107,10,15,6,55,1,1,0,0,5,4,0,30,0,1,4,1,2,55,1,1,2,1,0,0,0,1,1,0,0,99,99,99,99,99,99,0,0,0,0,1,2,0,62497,0,0,2007,AVENUE 240,1E+20,0,99999999,999999999,1,1
6,1,10,16,6,10,1,2,0,0,16,6,0,47,0,1,1,1,2,25,1,1,2,1,0,0,4,3,1,0,0,99,99,99,99,99,99,0,0,0,0,1,3,0,62498,2480,0,2007,88TH AVE,1E+20,0,99999999,999999999,1,1
6,59,10,29,12,7,1,1,0,0,6,4,0,38,0,1,6,1,2,25,1,1,2,1,0,0,0,1,1,0,0,99,99,99,99,0,0,0,0,0,0,1,2,0,62499,2560,0,2007,RANCHO CARRILLO RD,1E+20,0,99999999,999999999,1,1
6,37,10,31,7,55,1,2,1,0,14,6,0,8,0,1,1,1,2,35,1,1,2,1,0,0,0,1,1,0,0,99,99,99,99,99,99,0,0,0,0,1,4,0,62500,1980,0,2007,COLLEGE ST,1E+20,0,99999999,999999999,1,1
6,67,11,8,11,36,1,2,1,0,13,4,0,8,0,1,1,2,3,35,1,1,2,1,0,0,0,1,1,0,0,99,99,99,99,99,99,0,0,0,0,1,5,0,62501,0,0,2007,WATT AVE,1E+20,0,99999999,999999999,1,1
6,105,11,8,20,30,1,2,0,0,3,4,0,34,0,1,5,1,2,55,2,2,2,1,0,0,0,2,1,0,0,99,99,99,99,99,99,0,0,0,0,1,5,0,62502,0,0,2007,TRINITY DAM BL,1E+20,0,99999999,999999999,1,1
6,69,11,8,21,21,1,2,1,0,16,6,0,8,0,1,1,1,2,25,1,1,2,1,0,0,0,3,1,0,0,99,99,99,99,99,99,0,4,0,0,1,5,0,62503,1620,0,2007,3RD ST,1E+20,0,99999999,999999999,1,1
6,65,11,8,23,35,1,5,0,1,11,1,0,38,0,1,2,3,3,70,1,1,2,1,0,0,0,2,1,0,0,99,99,99,99,99,99,0,0,0,0,1,5,0,62504,0,509,2007,I-10,1E+20,0,99999999,999999999,1,1
6,13,11,9,8,16,1,2,1,0,16,6,0,8,0,1,1,1,2,25,1,1,2,1,0,0,0,1,1,0,0,99,99,99,99,99,99,0,4,0,0,1,6,0,62505,460,0,2007,ARLINGTON WY,1E+20,0,99999999,999999999,1,1
6,113,11,9,20,5,1,2,0,0,5,4,0,34,0,3,4,1,2,55,1,1,2,1,20,3,0,2,1,0,0,99,99,99,99,99,99,0,0,0,0,1,6,1,62506,0,0,2007,COUNTY RD 19,COUNTY RD 87,0,99999999,999999999,1,1
6,59,11,9,22,10,1,2,1,0,13,6,0,9,0,1,1,1,4,40,1,1,2,1,0,0,0,3,1,0,0,99,99,99,99,99,99,0,0,0,0,1,6,1,62507,3760,0,2007,GARDEN GROVE BL,1E+20,0,99999999,999999999,1,1
6,85,11,10,5,48,1,1,0,1,2,2,0,42,0,1,2,3,2,65,1,1,2,9,0,0,0,9,9,0,0,99,99,99,99,0,0,0,0,0,0,1,7,0,62508,0,40,2007,US-101,1E+20,0,99999999,999999999,1,9
6,29,11,10,10,50,1,1,0,0,3,4,0,1,0,1,2,1,2,55,1,1,2,1,0,0,0,1,1,0,0,99,99,99,99,0,0,0,0,0,0,1,7,0,62509,0,0,2007,BACKUS RD,1E+20,0,99999999,999999999,1,1
6,115,11,10,14,45,1,1,0,0,3,4,0,33,0,1,2,1,2,55,2,2,2,2,0,0,0,1,2,0,0,99,99,99,99,0,0,0,0,0,0,1,7,1,62510,0,0,2007,MARYSVILLE RD,1E+20,0,99999999,999999999,1,2
6,73,11,10,15,49,1,1,0,0,15,6,0,33,0,3,4,2,2,40,2,2,2,1,20,3,0,1,1,0,0,99,99,99,99,0,0,0,0,0,0,1,7,1,62511,1200,0,2007,COUNTRY CLUB LN,VILLAGE RD,0,99999999,999999999,1,1
6,81,11,10,20,5,1,1,0,1,12,2,0,33,0,5,2,6,1,65,1,1,2,2,0,0,0,3,2,0,0,99,99,99,99,0,0,0,0,0,0,1,7,0,62512,2980,53,2007,US-101 RAMP,1E+20,0,99999999,999999999,1,2
6,71,11,10,20,10,1,4,2,0,4,4,0,8,0,1,1,1,2,55,1,1,2,1,0,0,2,3,1,0,0,99,99,99,99,99,99,0,0,0,0,1,7,0,62513,0,0,2007,SHEEP CREEK RD,1E+20,0,99999999,999999999,1,1
6,37,11,10,99,99,1,1,0,0,15,6,0,33,0,1,4,1,2,25,2,1,2,1,0,0,0,3,1,0,0,99,99,99,99,0,0,0,0,0,0,1,7,1,62514,1110,0,2007,FLAIR RD,1E+20,0,99999999,999999999,1,1
6,67,11,11,2,40,1,2,0,0,13,6,0,33,0,3,4,2,2,40,1,1,2,2,3,3,0,3,2,0,0,99,98,99,98,0,0,0,0,0,0,1,1,1,62515,3150,0,2007,NORTHGATE BL,ROSIN CT,0,99999999,999999999,1,2
6,23,11,11,99,99,1,1,0,1,2,2,0,1,0,1,6,1,2,55,1,1,2,2,0,0,0,2,1,0,0,99,99,99,99,0,0,0,0,0,0,1,1,0,62516,0,1223,2007,US-101,1E+20,0,99999999,999999999,1,1
6,79,11,11,99,99,1,1,0,0,4,4,0,38,0,1,2,1,2,55,2,1,2,2,0,0,0,2,1,0,0,99,99,99,99,0,0,0,0,0,0,1,1,1,62517,0,0,2007,ORCUTT RD,1E+20,0,99999999,999999999,1,1
6,65,11,12,0,18,1,1,0,1,12,3,0,42,0,1,2,3,3,65,2,2,1,1,0,0,0,2,1,0,0,99,99,99,99,0,0,0,0,0,0,1,2,1,62518,0,180,2007,SR-91,1E+20,0,99999999,999999999,1,1
6,83,11,12,16,35,1,1,0,0,5,4,0,1,0,1,2,1,2,55,1,2,2,1,0,0,0,1,1,0,0,99,99,99,99,0,0,0,0,0,0,1,2,0,62519,0,0,2007,ROBLAR AVE,1E+20,0,99999999,999999999,1,1
6,73,11,12,18,30,1,2,1,0,14,6,0,8,0,3,1,1,2,35,1,1,2,1,20,3,0,3,1,0,0,99,99,99,99,99,99,0,0,0,0,1,2,0,62520,3260,0,2007,PARK BL,CYPRESS AVE,0,99999999,999999999,1,1
6,59,11,12,99,99,1,2,1,0,14,6,0,8,0,1,1,1,4,45,1,9,2,1,0,0,2,9,1,0,0,99,99,99,99,0,0,0,0,0,0,1,2,0,62521,3351,0,2007,RANCHO VIEJO RD,1E+20,0,99999999,999999999,1,1
6,37,11,15,11,9,1,2,1,0,13,6,0,8,0,1,1,5,2,99,1,1,2,1,0,0,0,1,1,0,0,99,99,99,99,0,0,0,0,0,0,1,5,1,62522,1970,0,2007,PARAMOUNT BL,1E+20,0,99999999,999999999,1,1
6,15,11,15,18,30,1,1,0,1,2,2,0,42,0,1,6,1,3,55,1,1,2,2,0,0,0,2,2,0,0,99,99,99,99,0,0,0,0,0,0,1,5,0,62523,0,218,2007,US-101,1E+20,0,99999999,999999999,1,2
6,67,11,15,20,33,1,2,1,0,14,6,0,8,0,1,1,1,4,40,1,1,2,1,0,0,2,3,1,0,0,99,99,99,99,99,99,0,0,0,0,1,5,1,62524,3150,0,2007,24TH ST,1E+20,0,99999999,999999999,1,1
6,97,11,15,21,10,1,1,0,0,3,3,0,1,0,1,2,1,2,45,1,1,2,1,0,0,0,3,1,0,0,99,99,99,99,0,0,0,0,0,0,1,5,1,62525,3490,43,2007,SR-116,1E+20,0,99999999,999999999,1,1
6,71,10,14,7,10,1,1,0,0,3,3,0,27,0,1,2,1,2,55,2,1,2,1,0,0,0,1,1,0,0,99,99,99,99,0,0,0,0,0,0,1,1,1,62526,0,33,2007,SR-127,1E+20,0,99999999,999999999,1,1
6,1,10,14,7,17,1,1,0,1,12,3,0,24,0,15,6,3,4,65,1,1,2,1,0,0,0,1,1,0,0,99,99,99,99,0,0,0,0,0,0,1,1,1,62527,2480,50,2007,SR-24,1E+20,0,99999999,999999999,1,1
6,71,10,14,11,0,1,1,0,0,3,3,0,34,0,1,4,1,2,40,1,1,2,1,0,0,0,1,1,0,0,99,99,99,99,0,0,0,0,0,0,1,1,0,62528,0,325,2007,SR-18,1E+20,0,99999999,999999999,1,1
6,73,10,14,14,40,1,1,0,0,4,4,3,17,0,1,6,1,2,50,2,2,2,1,40,3,0,1,1,0,0,99,99,99,99,99,99,0,0,0,0,1,1,1,62529,0,0,2007,WILDCAT CANYON RD,1E+20,0,99999999,999999999,1,1