STATE,COUNTY,MONTH,DAY,HOUR,MINUTE,VE_TOTAL,PERSONS,PEDS,NHS,ROAD_FNC,ROUTE,SP_JUR,HARM_EV,MAN_COLL,REL_JUNC,REL_ROAD,TRAF_FLO,NO_LANES,SP_LIMIT,ALIGNMNT,PROFILE,PAVE_TYP,SUR_COND,TRA_CONT,T_CONT_F,HIT_RUN,LGT_COND,WEATHER1,WEATHER2,C_M_ZONE,NOT_HOUR,NOT_MIN,ARR_HOUR,ARR_MIN,HOSP_HR,HOSP_MN,SCH_BUS,CF1,CF2,CF3,FATALS,DAY_WEEK,DRUNK_DR,ST_CASE,CITY,MILEPT,YEAR,TWAY_ID,TWAY_ID2,RAIL,LATITUDE,LONGITUD,VE_FORMS,WEATHER
6,29,10,3,18,25,2,7,0,0,6,4,0,12,5,2,1,1,2,55,1,1,2,1,20,3,5,5,1,0,0,99,99,99,99,99,99,0,0,0,0,2,4,1,62634,0,0,2007,SUNSET BL,TOWER LINE RD,0,99999999,999999999,2,1
6,75,10,3,19,48,2,4,0,0,14,6,0,1,0,1,1,1,4,25,1,2,2,1,0,0,0,3,1,0,0,99,99,99,99,99,99,0,0,0,0,1,4,1,62635,3290,0,2007,GILMAN AVE,1E+20,0,99999999,999999999,2,1
6,65,10,4,0,53,1,1,0,0,13,3,0,42,0,1,4,1,2,40,1,1,2,1,0,0,0,2,1,0,0,99,99,99,99,0,0,0,0,0,0,1,5,1,62636,1160,120,2007,SR-74,1E+20,0,99999999,999999999,1,1
6,65,10,4,3,30,1,1,0,0,4,4,0,38,0,1,5,1,2,55,2,1,2,1,0,0,0,2,1,0,0,99,99,99,99,0,0,0,0,0,0,1,5,1,62637,0,0,2007,GILMAN SPRINGS RD,1E+20,0,99999999,999999999,1,1
6,37,10,4,5,15,2,5,0,1,11,1,0,12,1,1,1,3,6,65,1,1,1,1,0,0,0,2,1,0,0,99,99,99,99,99,99,0,0,0,0,1,5,0,62638,1980,135,2007,I-110,1E+20,0,99999999,999999999,2,1
6,67,10,4,6,31,3,2,0,0,13,6,0,14,4,1,7,9,9,40,1,1,2,1,0,0,0,4,1,0,0,99,99,99,99,99,99,0,0,0,0,1,5,0,62639,3150,0,2007,MAIN AVE,1E+20,0,99999999,999999999,1,1
6,47,10,4,7,0,2,6,0,0,4,4,0,12,5,2,1,1,2,55,1,1,2,1,20,3,0,1,1,0,0,99,99,99,99,99,99,0,0,0,0,1,5,0,62640,0,0,2007,henry miller rd,TURNER ISLAND RD,0,99999999,999999999,2,1
6,97,10,4,15,10,1,1,0,0,6,4,0,17,0,1,4,1,2,35,1,1,2,1,0,0,0,1,1,0,0,99,99,15,22,0,0,0,0,0,0,1,5,0,62641,0,0,2007,SAINT HELENA RD,1E+20,0,99999999,999999999,1,1
6,71,10,4,16,25,1,1,0,0,3,2,0,35,0,1,4,1,2,55,2,2,2,1,0,0,0,1,1,0,0,99,99,99,99,99,99,0,0,0,0,1,5,0,62642,0,514,2007,US-95,1E+20,0,99999999,999999999,1,1
6,19,10,4,21,7,1,2,1,0,14,3,0,18,0,1,1,3,3,65,1,1,1,1,0,0,0,3,1,0,0,99,99,99,99,99,99,0,0,0,0,1,5,0,62643,1370,11,2007,SR-168,1E+20,0,99999999,999999999,1,1
6,101,10,4,22,38,1,1,0,1,3,3,0,42,0,1,4,1,2,55,2,1,2,1,0,0,0,2,1,0,0,99,99,99,99,0,0,0,20,0,0,1,5,0,62644,0,69,2007,SR-20,1E+20,0,99999999,999999999,1,1
6,73,10,5,5,45,1,3,0,1,11,1,0,42,0,1,4,3,5,65,1,1,2,1,0,0,0,2,1,0,0,99,99,99,99,99,99,0,0,0,0,1,6,1,62645,3260,53,2007,I-5,1E+20,0,99999999,999999999,1,1
6,87,10,5,6,22,2,2,0,0,14,3,0,12,2,1,1,1,2,55,1,1,2,1,0,0,0,2,1,0,0,99,99,99,99,99,99,0,0,0,0,1,6,0,62646,0,18,2007,SR-129,1E+20,0,99999999,999999999,2,1
6,93,10,5,9,30,1,1,0,0,5,4,0,34,0,1,4,1,2,55,2,1,2,1,0,0,0,1,1,0,0,99,99,99,99,99,99,0,0,0,0,1,6,0,62647,0,0,2007,QUARTZ VALLEY RD,1E+20,0,99999999,999999999,1,1
6,61,10,5,13,40,1,1,0,0,15,4,0,34,0,1,4,1,2,35,2,1,2,1,0,0,0,1,1,0,0,99,99,99,99,99,99,0,0,0,0,1,6,1,62648,0,0,2007,HORSESHOE BAR RD,1E+20,0,99999999,999999999,1,1
6,87,10,5,13,40,1,1,0,0,6,4,0,1,0,1,2,1,2,35,2,2,2,1,0,0,0,1,1,0,0,99,99,99,99,0,0,0,0,0,0,1,6,0,62649,0,0,2007,BEAR CREEK RD,1E+20,0,99999999,999999999,1,1
6,29,10,5,16,35,1,5,0,0,13,4,0,33,0,1,4,1,2,55,2,2,2,1,0,0,0,1,1,0,0,16,37,99,99,99,99,0,0,0,0,1,6,0,62650,0,0,2007,TEHACHAPI WILLOW SPG,1E+20,0,99999999,999999999,1,1
6,65,10,5,18,55,1,2,1,0,15,6,0,8,0,1,1,1,2,25,1,1,2,1,0,0,0,3,1,0,0,99,99,99,99,99,99,0,0,0,0,1,6,0,62651,526,0,2007,AVENUE L,1E+20,0,99999999,999999999,1,1
6,59,10,5,21,20,3,4,0,1,12,3,0,12,1,1,1,3,6,65,1,1,2,1,0,0,0,2,1,0,0,99,99,99,99,99,99,0,0,0,0,1,6,1,62652,80,183,2007,SR-91,1E+20,0,99999999,999999999,3,1
6,31,10,5,23,10,1,2,0,0,15,4,0,27,0,3,4,1,2,55,1,1,2,1,20,3,0,2,1,0,0,99,99,99,99,99,99,0,0,0,0,1,6,2,62653,0,0,2007,ORANGE AVE,9TH AVE,0,99999999,999999999,1,1
6,37,10,5,23,10,4,6,1,1,12,3,0,12,1,1,1,3,6,65,1,1,1,1,0,0,0,3,1,0,0,99,99,99,99,99,99,0,14,0,0,1,6,0,62654,1430,61,2007,SR-134,1E+20,0,99999999,999999999,4,1
6,29,10,5,23,29,1,7,0,1,1,1,0,1,0,1,3,2,4,70,1,1,1,1,0,0,0,2,1,0,0,99,99,99,99,99,99,0,0,0,0,1,6,0,62655,0,205,2007,I-5,1E+20,0,99999999,999999999,1,1
6,37,10,6,2,0,1,1,0,0,13,6,0,39,0,1,4,3,2,40,1,1,2,1,0,0,0,3,1,0,0,99,99,99,99,0,0,0,0,0,0,1,7,0,62656,1825,0,2007,LA MIRADA BLVD,1E+20,0,99999999,999999999,1,1
6,1,10,6,2,16,1,1,0,1,11,1,0,1,0,13,1,6,1,65,2,1,2,1,0,0,0,3,1,0,0,99,99,99,99,99,99,0,20,0,0,1,7,0,62657,2840,209,2007,I-580,1E+20,0,99999999,999999999,1,1
6,81,10,6,3,40,2,2,0,0,14,3,0,12,4,1,1,1,2,45,1,2,2,1,0,0,0,3,1,0,0,99,99,99,99,99,99,0,0,0,0,1,7,1,62658,0,339,2007,SR-1,1E+20,0,99999999,999999999,2,1
6,65,10,6,4,0,1,3,0,1,11,1,0,38,0,1,4,3,4,70,1,1,1,1,0,0,0,2,1,0,0,99,99,99,99,99,99,0,0,0,0,1,7,0,62659,250,106,2007,I-10,1E+20,0,99999999,999999999,1,1
6,59,10,6,11,21,1,2,0,1,12,3,0,20,0,1,8,3,5,65,1,1,2,1,0,0,0,1,1,0,0,99,99,99,99,99,99,0,0,0,0,1,7,0,62660,80,55,2007,SR-91,1E+20,0,99999999,999999999,1,1
6,17,10,6,18,0,1,1,0,0,3,4,0,27,0,1,4,1,2,55,2,2,2,1,0,0,0,2,1,0,0,19,1,99,99,0,0,0,0,0,0,1,7,0,62661,0,0,2007,SALMON FALLS RD,1E+20,0,99999999,999999999,1,1
6,99,10,6,20,25,1,3,0,1,12,3,0,33,0,1,4,3,3,65,1,1,1,1,0,0,0,2,1,0,0,99,99,99,99,99,99,0,0,0,0,1,7,0,62662,0,128,2007,SR-99,1E+20,0,99999999,999999999,1,1
6,37,10,6,99,99,1,1,0,0,16,6,0,1,0,1,5,1,2,45,2,2,2,1,0,0,0,2,1,0,0,99,99,99,99,0,0,0,0,0,0,1,7,1,62663,3445,0,2007,SAND CANYON RD,1E+20,0,99999999,999999999,1,1
6,19,10,7,1,14,1,1,0,1,12,3,0,38,0,1,4,3,2,70,1,1,2,1,0,0,0,2,1,0,0,99,99,99,99,0,0,0,0,0,0,1,1,1,62664,1370,285,2007,SR-99,1E+20,0,99999999,999999999,1,1
6,73,10,7,4,28,1,1,0,0,14,6,0,33,0,1,4,1,2,30,2,1,2,1,0,0,0,2,1,0,0,99,99,99,99,0,0,0,0,0,0,1,1,1,62665,3260,0,2007,43RD ST,1E+20,0,99999999,999999999,1,1
6,79,10,7,8,35,1,1,0,0,3,4,0,35,0,1,4,1,2,55,2,1,2,1,0,0,0,1,1,0,0,8,40,99,99,0,0,0,0,0,0,1,1,0,62666,0,0,2007,NACIMIENTO LAKE DR,1E+20,0,99999999,999999999,1,1
6,95,10,7,11,30,2,2,0,0,15,4,0,12,5,2,1,1,2,45,2,1,2,1,20,3,0,1,1,0,0,99,99,99,99,99,99,0,0,0,0,1,1,0,62667,0,0,2007,PLEASANTS VALLEY RD,MIX CANYON RD,0,99999999,999999999,2,1
6,59,10,7,14,23,1,1,0,0,14,6,0,46,0,3,4,5,3,50,1,1,2,1,3,3,0,1,1,0,0,99,99,99,99,99,99,0,0,0,0,1,1,1,62668,880,0,2007,ADAMS AVE,MESA VERDE DRIVE,0,99999999,999999999,1,1
6,47,10,7,18,33,1,3,2,0,5,4,0,8,0,1,2,1,2,55,1,1,2,1,0,0,2,5,1,0,0,99,99,99,99,99,99,0,0,0,0,1,1,0,62669,0,0,2007,LEXINGTON AVE,1E+20,0,99999999,999999999,1,1
6,37,10,7,19,5,2,5,0,0,12,3,0,25,0,1,3,3,4,50,1,1,1,1,0,0,0,2,1,0,0,99,99,99,99,99,99,0,0,0,0,1,1,0,62670,0,19,2007,SR-164,1E+20,0,99999999,999999999,2,1
6,37,10,7,20,14,1,2,1,0,13,6,0,8,0,2,1,1,2,99,1,1,2,1,99,9,2,3,1,0,0,99,99,99,99,99,99,0,0,0,0,1,1,0,62671,1430,0,2007,COLORADO BL,CHEVY CHASE DR,0,99999999,999999999,1,1
6,99,10,7,20,25,2,3,0,0,14,6,0,12,5,2,1,1,2,55,1,1,2,1,20,3,1,2,1,0,0,99,99,99,99,99,99,0,0,0,0,2,1,0,62672,0,0,2007,TAYLOR RD,CENTRAL AVE,0,99999999,999999999,2,1
6,105,10,7,99,99,1,1,0,0,3,4,0,1,0,1,4,1,2,55,2,2,2,1,0,0,0,9,1,0,0,14,40,99,99,0,0,0,0,0,0,1,1,1,62673,0,0,2007,RUSH CREEK RD,1E+20,0,99999999,999999999,1,1
6,65,10,8,16,40,1,2,1,0,4,4,0,15,0,1,1,1,2,40,1,1,2,1,0,0,2,1,1,0,0,16,41,99,99,0,0,0,0,0,0,1,2,1,62674,0,0,2007,SAN JACINTO AVE,1E+20,0,99999999,999999999,1,1
6,37,10,8,17,38,7,12,0,0,15,6,0,12,5,2,1,1,2,30,1,1,2,1,20,3,1,1,1,0,0,99,99,99,99,99,99,0,0,0,0,3,2,0,62675,1110,0,2007,PARKWAY DR,ELLIOT AVE,0,99999999,999999999,5,1
6,73,10,8,18,31,1,2,1,0,16,6,0,8,0,1,1,1,2,25,1,1,2,1,0,0,0,5,1,0,0,99,99,99,99,99,99,0,0,0,0,1,2,0,62676,710,0,2007,DEREK WY,1E+20,0,99999999,999999999,1,1
6,71,10,8,19,19,1,2,1,0,13,6,0,8,0,1,1,2,2,50,1,1,2,1,0,0,0,3,1,0,0,99,99,99,99,0,0,0,0,0,0,1,2,1,62677,2550,0,2007,MISSION BL,1E+20,0,99999999,999999999,1,1
6,71,10,8,19,38,1,1,0,0,13,6,0,1,0,1,1,1,2,55,2,1,2,1,0,0,0,2,1,0,0,99,99,99,99,99,99,0,0,0,0,1,2,0,62678,2960,0,2007,SAN TIMOTEO CYN RD,1E+20,0,99999999,999999999,1,1
6,73,10,8,23,54,1,2,1,0,13,6,0,8,0,1,1,4,3,35,1,1,2,1,0,0,0,3,1,0,0,99,99,99,99,99,99,0,0,0,0,1,2,1,62679,3260,0,2007,INDIA ST,1E+20,0,99999999,999999999,1,1
6,45,10,8,99,99,1,1,0,0,5,3,0,1,0,1,4,1,2,55,2,2,2,1,0,0,0,2,1,0,0,99,99,99,99,0,0,0,0,0,0,1,2,1,62680,0,59,2007,SR-162,1E+20,0,99999999,999999999,1,1
6,85,10,9,6,35,1,2,1,0,14,6,0,8,0,1,1,1,2,25,1,1,2,1,0,0,0,3,1,0,0,99,99,99,99,99,99,0,0,0,0,1,3,0,62681,3340,0,2007,CANOAS GARDEN DR,1E+20,0,99999999,999999999,1,1
6,59,10,9,11,33,1,1,0,0,6,4,0,30,0,1,4,1,2,35,2,1,2,1,0,0,0,1,1,0,0,99,99,99,99,0,0,0,0,0,0,1,3,0,62682,0,0,2007,LIVE OAK CYN RD,1E+20,0,99999999,999999999,1,1
6,113,10,9,16,48,2,2,0,0,14,6,0,12,2,1,1,9,9,50,1,1,2,1,99,9,0,1,1,0,0,99,99,99,99,0,0,0,0,0,0,1,3,0,62683,4163,0,2007,SACRAMENTO AVE,REUTER DR,0,99999999,999999999,2,1
6,59,10,9,19,8,1,2,1,0,13,6,0,8,0,3,1,3,4,45,1,1,2,1,2,3,0,3,1,0,0,99,99,99,99,0,0,0,0,0,0,1,3,0,62684,4130,0,2007,GARDEN GROVE BL,GOLDENWEST ST,0,99999999,999999999,1,1
6,37,10,9,21,5,1,2,1,0,14,6,0,8,0,1,1,2,2,35,1,1,2,1,0,0,2,3,1,0,0,99,99,99,99,0,0,0,0,0,0,1,3,1,62685,1980,0,2007,GLENOAKS BL,1E+20,0,99999999,999999999,1,1
6,29,10,10,5,50,2,2,0,0,4,4,0,12,2,1,1,1,2,55,1,1,2,1,0,0,0,2,1,0,0,99,99,99,99,99,99,0,0,0,0,1,4,0,62686,0,0,2007,OLD RIVER RD,1E+20,0,99999999,999999999,2,1
6,71,10,10,16,50,2,2,0,0,14,6,0,12,4,1,1,1,2,55,2,1,2,1,0,0,0,1,1,0,0,99,99,99,99,99,99,0,0,0,0,1,4,0,62687,4040,0,2007,NATIONAL TRAILS HWY,1E+20,0,99999999,999999999,2,1
6,75,10,10,20,15,1,1,0,0,14,6,0,42,0,1,4,1,2,25,1,2,2,1,0,0,0,2,1,0,0,99,99,99,99,0,0,0,0,0,0,1,4,0,62688,3290,0,2007,EL CAMINO DEL MAR,1E+20,0,99999999,999999999,1,1
6,59,10,10,21,26,2,2,0,0,13,6,0,12,5,2,1,9,9,50,1,1,2,1,99,3,0,2,1,0,0,99,99,99,99,99,99,0,0,0,0,1,4,1,62689,1786,0,2007,CROWN VALLEY PKY,LA PLATA DR,0,99999999,999999999,2,1
6,99,10,10,23,10,2,2,0,1,2,3,0,12,2,1,2,1,2,55,2,2,2,1,0,0,0,2,1,0,0,99,99,99,99,99,99,0,0,0,0,1,4,0,62690,0,141,2007,SR-120,1E+20,0,99999999,999999999,2,1
6,31,10,11,5,27,2,2,0,0,3,4,0,12,5,2,1,1,2,55,1,1,2,1,20,3,0,2,1,0,0,99,99,99,99,0,0,0,0,0,0,1,5,0,62691,0,0,2007,KANSAS AVE,14TH AVE,0,99999999,999999999,2,1
6,59,10,11,5,29,2,2,0,0,14,6,0,12,5,2,1,9,9,45,1,1,2,1,3,3,0,2,1,0,0,99,99,99,99,99,99,0,0,0,0,1,5,0,62692,1660,0,2007,ATLANTA AVE,BUSHARD,0,99999999,999999999,2,1
6,1,10,11,5,37,1,2,0,1,11,1,0,5,0,1,1,3,5,65,1,2,2,1,0,0,0,2,1,0,0,99,99,99,99,0,0,0,0,0,0,1,5,0,62693,1560,184,2007,I-880,1E+20,0,99999999,999999999,1,1
6,67,10,11,7,35,1,2,1,0,13,3,0,9,0,1,1,3,4,40,1,1,2,1,0,0,0,1,1,0,0,99,99,99,99,99,99,0,0,0,0,1,5,0,62694,0,195,2007,SR-99 RAMP,1E+20,0,99999999,999999999,1,1
6,85,10,11,8,20,1,3,1,0,15,6,0,8,0,1,1,1,2,25,1,1,2,1,0,0,0,1,1,0,0,99,99,99,99,99,99,0,0,0,0,1,5,0,62695,3790,0,2007,CRESCENT AVE,1E+20,0,99999999,999999999,1,1
6,47,10,11,14,15,2,2,0,0,4,4,0,12,2,1,1,1,2,55,1,1,2,1,0,0,0,1,1,0,0,99,99,99,99,99,99,0,0,0,0,1,5,0,62696,0,0,2007,MITCHELL RD,1E+20,0,99999999,999999999,2,1
6,19,10,11,15,55,1,8,0,1,1,1,0,27,0,1,4,2,2,70,1,1,2,1,0,0,0,1,1,0,0,99,99,99,99,99,99,0,0,0,0,2,5,0,62697,0,511,2007,I-5,1E+20,0,99999999,999999999,1,1
6,65,10,11,16,35,2,2,0,0,4,4,0,12,2,1,1,1,2,55,1,1,2,1,0,0,0,1,1,0,0,99,99,99,99,99,99,0,0,0,0,1,5,0,62698,0,0,2007,GILMAN SPRINGS RD,1E+20,0,99999999,999999999,2,1
6,37,10,11,22,49,2,2,0,0,13,3,0,12,1,3,1,1,3,45,1,9,9,9,2,3,0,3,9,0,0,99,99,99,99,0,0,0,0,0,0,1,5,0,62699,1110,53,2007,SR-164,TELSTAR AVE,0,99999999,999999999,2,9
6,71,10,12,1,27,1,1,0,1,1,1,0,1,0,1,3,2,2,70,1,2,2,1,0,0,0,2,1,0,0,99,99,99,99,99,99,0,0,0,0,1,6,1,62700,0,1816,2007,I-15,1E+20,0,99999999,999999999,1,1
6,85,10,12,5,35,2,3,0,1,2,3,0,12,4,1,1,1,2,55,2,1,2,1,0,0,0,2,1,0,0,99,99,99,99,99,99,0,0,0,0,1,6,0,62701,0,139,2007,SR-152,1E+20,0,99999999,999999999,2,1
6,65,10,12,11,0,2,3,0,0,14,6,0,12,5,2,1,1,4,40,1,1,2,1,20,3,0,1,1,0,0,99,99,99,99,0,0,0,0,0,0,1,6,0,62702,3070,0,2007,california ave,monticello ave,0,99999999,999999999,2,1
6,65,10,12,17,55,1,1,0,0,3,3,0,1,0,1,4,1,2,55,2,2,2,1,0,0,0,5,1,0,0,99,99,99,99,99,99,0,0,0,0,1,6,0,62703,0,781,2007,SR-74,1E+20,0,99999999,999999999,1,1
6,29,10,12,19,55,1,2,0,0,14,4,0,1,0,1,1,1,2,55,1,1,2,1,0,0,0,2,1,0,0,99,99,99,99,99,99,0,0,0,0,1,6,2,62704,0,0,2007,SIERRA HWY,1E+20,0,99999999,999999999,1,1
6,75,10,12,20,40,1,3,1,0,15,6,0,8,0,3,1,9,9,25,1,1,9,1,9,3,0,3,1,0,0,99,99,99,99,99,99,0,0,0,0,1,6,1,62705,3290,0,2007,FILLMORE ST,PINE ST,0,99999999,999999999,1,1
6,37,10,13,1,35,1,1,0,0,13,4,0,33,0,1,4,2,2,45,1,2,2,2,0,0,0,3,2,0,0,99,99,99,99,0,0,0,0,0,0,1,7,1,62706,0,0,2007,COLIMA RD,1E+20,0,99999999,999999999,1,2
6,37,10,11,1,53,1,2,0,0,13,6,0,38,0,1,4,2,2,35,1,1,2,2,0,0,0,3,2,0,0,99,99,99,99,99,99,0,0,0,0,1,5,2,62707,1970,0,2007,LONG BEACH BL,1E+20,0,99999999,999999999,1,2
6,37,10,13,2,5,2,3,0,0,14,6,0,12,4,1,1,2,4,35,1,1,2,2,0,0,0,3,1,0,0,99,99,99,99,99,99,0,0,0,0,1,7,2,62708,1980,0,2007,PARTHENIA ST,1E+20,0,99999999,999999999,2,1
6,99,10,13,3,15,1,2,0,0,4,4,0,1,0,1,1,1,2,55,2,1,2,1,0,0,0,2,1,0,0,99,99,99,99,99,99,0,0,0,0,1,7,2,62709,0,0,2007,W MAIN ST,1E+20,0,99999999,999999999,1,1
6,65,10,13,4,50,2,5,0,0,13,4,0,12,5,2,1,5,2,50,1,1,2,2,2,1,0,2,2,0,0,99,99,99,99,99,99,0,0,0,0,2,7,2,62710,0,0,2007,VAN BUREN BL,WASHINGTON ST,0,99999999,999999999,2,2
6,103,10,13,7,25,2,2,0,0,3,4,0,12,2,1,1,1,2,55,1,1,2,1,0,0,0,1,1,0,0,99,99,99,99,0,0,0,0,0,0,1,7,0,62711,0,0,2007,BOWMAN RD,1E+20,0,99999999,999999999,2,1
6,107,10,13,8,40,1,1,0,1,2,3,0,38,0,1,4,2,4,65,1,1,2,2,0,0,0,1,1,0,0,99,99,99,99,99,99,0,0,0,0,1,7,0,62712,0,275,2007,SR-65,1E+20,0,99999999,999999999,1,1
6,37,10,13,9,14,1,4,0,1,11,1,0,33,0,1,4,3,6,65,1,1,2,1,0,0,0,1,1,0,0,99,99,99,99,99,99,0,0,0,0,1,7,0,62713,2684,143,2007,I-105,1E+20,0,99999999,999999999,1,1
6,113,10,13,11,15,2,2,0,0,3,3,0,12,2,2,1,1,2,35,2,1,2,1,20,3,0,1,1,0,0,99,99,99,99,99,99,0,0,0,0,1,7,0,62714,0,214,2007,SR-113,SOUTH OAK GROVE AVE,0,99999999,999999999,2,1
6,81,10,13,17,25,2,3,0,0,12,3,0,14,1,1,8,3,4,65,1,1,2,1,0,0,0,1,1,0,0,99,99,99,99,99,99,0,0,0,0,2,7,0,62715,970,476,2007,SR-1,1E+20,0,99999999,999999999,1,1
6,23,10,13,19,52,2,6,0,1,2,2,0,18,0,1,1,3,2,65,1,1,2,1,0,0,0,2,5,0,1,99,99,99,99,99,99,0,0,0,0,3,7,0,62716,0,669,2007,US-101,1E+20,0,99999999,999999999,2,5
6,37,5,28,21,40,2,3,1,0,13,6,0,8,0,1,1,2,2,35,1,1,2,1,0,0,2,3,1,0,0,99,99,99,99,99,99,0,0,0,0,1,2,0,62717,1980,0,2007,WESTERN AVE,1E+20,0,99999999,999999999,2,1
6,71,7,14,9,3,2,2,0,0,14,3,0,12,5,2,1,1,2,45,1,1,2,1,20,3,0,1,1,0,0,99,99,99,99,99,99,0,0,0,0,1,7,0,62718,4291,1,2007,SR-247,AVIATION DR,0,99999999,999999999,2,1
6,37,7,19,16,40,3,8,0,1,11,1,0,12,1,1,1,3,3,65,9,9,9,1,0,0,0,1,1,0,0,99,99,99,99,99,99,0,0,0,0,1,5,0,62719,1440,432,2007,I-210,1E+20,0,99999999,999999999,3,1
6,85,7,23,20,20,1,4,2,0,6,4,0,8,0,1,2,1,2,35,1,1,2,1,0,0,0,1,1,0,0,99,99,99,99,0,0,0,0,0,0,4,2,0,62720,0,0,2007,GRAYSTONE LN,1E+20,0,99999999,999999999,1,1
6,53,8,1,7,28,5,6,0,0,12,3,0,12,2,1,1,1,2,55,1,1,2,1,0,0,0,1,1,0,0,99,99,99,99,99,99,0,14,0,0,3,4,0,62721,2250,75,2007,SR-68,1E+20,0,99999999,999999999,5,1
6,47,8,2,20,50,2,5,0,0,4,3,0,12,1,1,1,1,2,55,1,1,2,1,0,0,0,2,1,0,0,21,18,99,99,0,0,0,0,0,0,1,5,0,62722,0,115,2007,SR-59,1E+20,0,99999999,999999999,2,1
6,37,8,2,23,45,2,3,1,0,14,6,0,8,0,1,1,2,2,35,1,1,2,1,0,0,2,3,1,0,0,99,99,99,99,99,99,0,0,0,0,1,5,0,62723,4124,0,2007,FOUNTAIN AVE,1E+20,0,99999999,999999999,1,1
6,37,8,4,13,55,2,2,0,0,16,6,0,1,0,1,1,1,2,25,2,1,2,1,0,0,0,1,1,0,0,99,99,99,99,99,99,0,0,0,0,1,7,0,62724,3870,0,2007,HUBER,1E+20,0,99999999,999999999,2,1
6,65,8,5,14,5,3,7,0,1,3,3,0,12,4,1,1,1,4,55,1,1,2,1,0,0,0,1,1,0,0,99,99,99,99,99,99,0,0,0,0,1,1,0,62725,0,304,2007,SR-74,1E+20,0,99999999,999999999,3,1
6,71,8,6,2,26,2,2,0,0,14,6,0,12,5,1,1,1,4,50,1,1,2,1,0,0,0,3,1,0,0,99,99,99,99,0,0,0,0,0,0,1,2,1,62726,1305,0,2007,FOOTHILL BLVD,1E+20,0,99999999,999999999,2,1
6,73,8,6,8,55,2,7,0,1,1,1,0,12,1,1,1,3,2,70,1,2,1,1,0,0,0,1,1,0,0,99,99,99,99,99,99,0,0,0,0,1,2,0,62727,0,595,2007,I-8,1E+20,0,99999999,999999999,2,1
6,65,8,7,14,36,3,1,0,0,16,6,0,14,8,1,7,1,2,45,1,1,2,1,0,0,0,1,1,0,0,99,99,99,99,99,99,0,0,0,0,1,3,0,62728,1690,0,2007,AVENUE 44,1E+20,0,99999999,999999999,1,1
6,85,8,8,10,30,2,2,0,0,14,6,0,12,5,2,1,2,3,35,1,1,2,1,2,3,0,1,1,0,0,99,99,99,99,99,99,0,0,0,0,1,4,0,62729,3790,0,2007,MARY AVE,FREMONT,0,99999999,999999999,2,1
6,81,8,8,16,10,2,2,0,1,12,2,0,12,4,1,1,3,5,65,1,1,2,1,0,0,0,1,1,0,0,99,99,99,99,99,99,0,0,0,0,1,4,0,62730,0,192,2007,US-101,1E+20,0,99999999,999999999,2,1
6,65,8,10,10,16,2,2,0,0,14,6,0,12,5,2,1,1,2,45,1,2,2,1,20,3,0,1,1,0,0,99,99,99,99,99,99,0,0,0,0,1,6,0,62731,3070,0,2007,CANYON CREST DR,RANSOM RD,0,99999999,999999999,2,1
6,37,8,10,23,35,2,3,1,1,11,1,0,8,0,1,1,3,5,65,1,1,1,1,0,0,2,2,1,0,0,99,99,99,99,0,0,0,0,0,0,1,6,1,62732,4120,368,2007,I-10,1E+20,0,99999999,999999999,2,1
6,107,8,11,14,40,2,4,0,0,4,4,0,12,5,2,1,1,2,55,1,1,2,1,20,3,0,1,1,0,0,99,99,99,99,99,99,0,0,0,0,3,7,2,62733,0,0,2007,AVENUE 196,ROAD 204,0,99999999,999999999,2,1
6,37,8,11,17,50,2,3,0,0,13,4,0,12,4,1,1,2,2,35,1,1,2,1,0,0,1,1,1,0,0,99,99,99,99,99,99,0,0,0,0,1,7,1,62734,0,0,2007,IMPERIAL HWY,1E+20,0,99999999,999999999,2,1
6,71,8,12,0,54,2,3,0,0,14,6,0,12,5,2,1,2,2,35,1,1,2,1,20,3,0,3,1,0,0,99,99,99,99,99,99,0,0,0,0,1,1,2,62735,4040,0,2007,BEAR VALLEY RD,SHOOTING STAR,0,99999999,999999999,2,1
6,19,8,12,6,30,4,1,0,0,14,6,0,14,1,1,4,3,2,40,1,1,2,1,0,0,0,1,1,0,0,99,99,99,99,99,99,0,0,0,0,1,1,1,62736,1370,0,2007,N MARKS AVE,1E+20,0,99999999,999999999,1,1
6,37,8,12,6,47,2,2,0,0,13,6,0,12,5,2,1,3,3,40,1,1,2,1,2,3,1,1,1,0,0,99,99,99,99,99,99,0,0,0,0,1,1,1,62737,602,0,2007,BROADWAY ST,ALONDRA BL,0,99999999,999999999,2,1