STATE,COUNTY,MONTH,DAY,HOUR,MINUTE,VE_TOTAL,PERSONS,PEDS,NHS,ROAD_FNC,ROUTE,SP_JUR,HARM_EV,MAN_COLL,REL_JUNC,REL_ROAD,TRAF_FLO,NO_LANES,SP_LIMIT,ALIGNMNT,PROFILE,PAVE_TYP,SUR_COND,TRA_CONT,T_CONT_F,HIT_RUN,LGT_COND,WEATHER1,WEATHER2,C_M_ZONE,NOT_HOUR,NOT_MIN,ARR_HOUR,ARR_MIN,HOSP_HR,HOSP_MN,SCH_BUS,CF1,CF2,CF3,FATALS,DAY_WEEK,DRUNK_DR,ST_CASE,CITY,MILEPT,YEAR,TWAY_ID,TWAY_ID2,RAIL,LATITUDE,LONGITUD,VE_FORMS,WEATHER
6,65,8,12,11,57,2,3,0,0,14,6,0,12,5,2,1,1,2,50,1,1,2,1,3,3,0,1,1,0,0,99,99,99,99,99,99,0,0,0,0,1,1,0,62738,2650,0,2007,E PALM CANYON DR,CHEROKEE DR,0,99999999,999999999,2,1
6,37,8,13,4,53,1,1,0,1,11,1,0,1,0,1,1,3,4,65,1,1,1,1,0,0,0,3,1,0,0,99,99,99,99,0,0,0,0,0,0,1,2,0,62739,3690,172,2007,I-710,1E+20,0,99999999,999999999,1,1
6,73,8,13,5,45,2,4,1,1,3,3,0,8,0,1,1,1,2,55,2,1,2,1,0,0,0,4,1,0,0,99,99,99,99,99,99,0,0,0,0,1,2,1,62740,0,191,2007,SR-94,1E+20,0,99999999,999999999,2,1
6,37,8,13,14,20,2,2,0,0,14,6,0,12,2,1,1,1,4,35,1,1,2,1,0,0,0,1,1,0,0,14,26,14,33,99,99,0,0,0,0,1,2,0,62741,1980,0,2007,MASON AVE,1E+20,0,99999999,999999999,2,1
6,29,8,13,16,41,2,5,0,0,4,4,0,12,2,1,1,1,2,55,2,2,2,1,0,0,0,1,1,0,0,16,43,99,99,99,99,0,0,0,0,2,2,0,62742,0,0,2007,REDROCK RANDSBURG RD,1E+20,0,99999999,999999999,2,1
6,89,8,13,17,8,4,5,0,1,2,3,0,12,1,1,1,1,2,55,1,1,2,1,50,3,0,1,1,0,1,99,99,99,99,99,99,0,3,0,0,1,2,0,62743,0,167,2007,SR-44,1E+20,0,99999999,999999999,4,1
6,37,8,14,2,30,5,3,0,0,13,6,0,12,5,2,1,2,3,35,1,1,2,1,3,3,0,3,1,0,0,99,99,99,99,99,99,0,20,0,0,1,3,0,62744,1980,0,2007,WASHINGTON BL,HARVARD BL,0,99999999,999999999,2,1
6,1,8,14,6,0,3,2,0,1,14,6,0,12,7,1,1,4,4,25,1,1,2,1,0,0,0,1,1,0,0,99,99,99,99,0,0,0,0,0,0,1,3,0,62745,2480,0,2007,7TH ST,1E+20,0,99999999,999999999,2,1
6,71,8,14,21,40,2,8,0,1,11,1,0,12,5,10,1,3,3,55,1,1,2,1,3,3,0,3,1,0,0,99,99,99,99,99,99,0,0,0,0,1,3,1,62746,2550,83,2007,I-10,HAVEN AVE,0,99999999,999999999,2,1
6,71,8,15,15,25,2,2,0,1,11,1,0,14,1,1,2,3,4,65,1,1,1,1,0,0,0,1,1,0,0,99,99,99,99,0,0,0,0,0,0,1,4,0,62747,0,170,2007,I-10,1E+20,0,99999999,999999999,1,1
6,71,8,15,15,40,3,7,0,1,3,2,0,12,4,1,1,1,2,65,1,2,2,1,40,3,0,1,1,0,0,99,99,99,99,99,99,0,0,0,0,2,4,0,62748,0,658,2007,US-95,1E+20,0,99999999,999999999,3,1
6,113,8,15,16,5,3,3,0,0,13,4,0,12,2,1,1,1,2,55,1,1,2,1,0,0,0,1,1,0,0,99,99,99,99,99,99,0,0,0,0,1,4,0,62749,0,0,2007,COUNTY ROAD 98,1E+20,0,99999999,999999999,3,1
6,85,8,15,17,0,2,2,0,0,13,6,0,12,1,3,1,1,4,55,1,1,2,1,3,3,0,1,1,0,0,99,99,99,99,0,0,0,0,0,0,1,4,0,62750,3340,0,2007,MONTEREY HWY,LIVE OAK AVE,0,99999999,999999999,2,1
6,73,8,16,13,25,2,2,0,0,4,4,0,12,5,1,1,1,2,50,2,1,2,1,20,3,0,1,1,0,0,99,99,99,99,99,99,0,0,0,0,1,5,0,62751,0,0,2007,GIRD RD,1E+20,0,99999999,999999999,2,1
6,17,8,23,19,40,2,3,0,0,4,3,0,12,7,1,1,1,2,45,1,2,2,1,0,0,0,1,1,0,0,99,99,99,99,0,0,0,0,0,0,1,5,2,62752,0,129,2007,SR-193,1E+20,0,99999999,999999999,2,1
6,37,8,30,17,15,2,2,0,0,19,9,0,14,10,1,99,9,9,99,9,9,9,9,0,0,0,1,9,0,0,99,99,99,99,99,99,0,0,0,0,1,5,0,62753,0,0,2007,UNKNOWN ST,1E+20,0,99999999,999999999,1,9
6,65,9,1,10,40,2,5,0,0,14,6,0,12,2,1,1,1,2,55,2,1,2,1,0,0,0,1,1,0,0,99,99,99,99,99,99,0,0,0,0,2,7,0,62754,3320,0,2007,RAMONA EXPY,1E+20,0,99999999,999999999,2,1
6,37,9,2,9,13,2,2,0,0,13,6,0,12,5,2,1,3,2,35,1,1,2,1,3,3,0,1,1,0,0,99,99,99,99,99,99,0,0,0,0,1,1,0,62755,810,0,2007,COMPTON BL,WILLOWBROOK AVE,0,99999999,999999999,2,1
6,73,9,2,20,20,2,6,0,0,4,4,0,12,2,1,1,1,2,55,2,2,2,1,0,0,0,2,1,0,0,99,99,99,99,99,99,0,0,0,0,3,1,0,62756,0,0,2007,LILAC RD,1E+20,0,99999999,999999999,2,1
6,73,9,7,2,36,2,2,0,0,12,3,0,12,2,1,1,2,2,65,1,1,1,1,0,0,0,3,1,0,0,99,99,99,99,99,99,0,0,0,0,2,6,1,62757,3260,135,2007,SR-52,1E+20,0,99999999,999999999,2,1
6,71,9,8,2,44,3,2,1,0,14,6,0,12,3,1,2,1,2,45,1,1,2,1,0,0,0,3,1,0,0,99,99,99,99,0,0,0,20,0,0,1,7,0,62758,3210,0,2007,RIALTO AVE,1E+20,0,99999999,999999999,2,1
6,65,9,8,15,17,3,2,1,0,16,6,0,15,0,1,1,3,2,40,1,1,2,1,0,0,0,1,1,0,0,99,99,99,99,99,99,0,0,0,0,1,7,0,62759,290,0,2007,6TH ST,1E+20,0,99999999,999999999,1,1
6,73,9,9,10,49,4,15,0,0,13,6,0,12,5,2,1,2,4,40,1,1,1,1,3,3,0,1,1,0,0,99,99,99,99,99,99,0,0,0,0,1,1,0,62760,4060,0,2007,MELROSE DR,COPPER DR,0,99999999,999999999,4,1
6,37,4,25,7,7,4,4,0,1,11,1,0,12,1,1,1,3,4,65,1,2,1,1,0,0,0,1,1,0,0,99,99,99,99,99,99,0,20,0,0,1,4,0,62761,0,395,2007,I-10,1E+20,0,99999999,999999999,4,1
6,37,5,4,15,3,3,3,0,0,13,6,0,12,2,3,1,2,2,40,1,1,2,1,0,0,0,1,1,0,0,99,99,99,99,99,99,0,0,0,0,1,6,0,62762,4120,0,2007,SUNSET AVE,FAIRGROVE AVE,0,99999999,999999999,3,1
6,37,7,28,12,25,2,4,0,0,14,6,0,12,5,2,1,9,9,35,1,1,2,1,3,3,0,1,1,0,0,99,99,99,99,99,99,0,0,0,0,1,7,0,62763,1980,0,2007,OXNARD ST,WILBUR AVE,0,99999999,999999999,2,1
6,37,7,30,20,43,3,5,0,0,13,6,0,12,5,2,1,2,2,45,1,1,2,1,3,3,0,3,1,0,0,99,99,99,99,99,99,0,0,0,0,1,2,0,62764,4120,0,2007,AZUSA AVE,CAMERON AVE,0,99999999,999999999,3,1
6,59,7,31,8,15,2,2,0,0,13,6,0,12,5,2,1,1,6,40,1,2,2,1,20,3,0,1,1,0,0,99,99,99,99,99,99,0,0,0,0,1,3,0,62765,80,0,2007,LA PALMA AVE,SEQUOIA AVE,0,99999999,999999999,2,1
6,73,9,12,1,26,1,1,0,1,11,1,0,18,0,13,1,6,2,65,2,2,1,1,0,0,0,2,1,0,0,99,99,99,99,0,0,0,0,0,0,1,4,0,62766,0,85,2007,I-805 RAMP,1E+20,0,99999999,999999999,1,1
6,37,9,14,7,9,2,2,1,0,16,6,0,8,0,1,1,1,2,25,1,1,2,1,0,0,0,1,1,0,1,99,99,99,99,0,0,0,4,0,0,1,6,0,62767,2458,0,2007,CHESTERTON ST,1E+20,0,99999999,999999999,2,1
6,71,9,15,16,45,2,4,0,0,13,6,0,12,5,2,1,1,4,40,1,1,2,1,3,3,0,1,1,0,0,99,99,99,99,99,99,0,0,0,0,1,7,1,62768,3210,0,2007,5TH ST,CABRERA ST,0,99999999,999999999,2,1
6,77,9,17,15,45,2,3,1,0,13,6,0,9,0,3,1,1,7,40,1,1,2,1,3,3,0,1,1,0,0,99,99,99,99,0,0,0,0,0,0,1,2,0,62769,3770,0,2007,HAMMER LN,LORRAINE AVE,0,99999999,999999999,2,1
6,37,9,17,17,10,2,2,0,0,13,6,0,12,5,2,1,2,2,40,1,1,2,1,3,3,0,1,1,0,0,99,99,99,99,99,99,0,0,0,0,1,2,0,62770,1808,0,2007,PARAMOUNT BL,HARDWICK ST,0,99999999,999999999,2,1
6,73,11,20,21,20,9,21,0,1,12,3,0,12,7,1,1,3,3,65,2,1,2,1,0,0,0,3,1,0,0,99,99,99,99,99,99,0,0,0,0,1,3,0,62771,4060,85,2007,SR-78,1E+20,0,99999999,999999999,9,1
6,73,11,22,0,14,1,4,1,1,11,1,0,8,0,1,1,3,4,65,1,1,2,1,0,0,0,3,1,0,0,99,99,99,99,0,0,0,0,0,0,1,5,1,62772,3260,292,2007,I-5,1E+20,0,99999999,999999999,1,1
6,73,11,22,0,33,1,2,1,0,15,6,0,8,0,1,1,3,2,35,1,2,2,1,0,0,0,3,1,0,0,99,99,99,99,0,0,0,0,0,0,1,5,0,62773,1200,0,2007,GRAND AV,1E+20,0,99999999,999999999,1,1
6,65,11,22,10,16,1,2,0,0,15,6,0,33,0,3,4,1,2,30,1,1,2,1,20,3,0,1,1,0,0,99,99,99,99,99,99,0,0,0,0,1,5,0,62774,1690,0,2007,REQUA AVE,RUBIDOUX ST,0,99999999,999999999,1,1
6,37,11,22,23,15,1,4,0,1,11,1,0,33,0,1,4,3,2,65,2,1,1,1,40,3,0,2,1,0,0,99,99,99,99,99,99,0,0,0,0,1,5,1,62775,1980,391,2007,I-5,1E+20,0,99999999,999999999,1,1
6,37,11,23,3,0,1,2,1,0,13,6,0,8,0,1,1,5,2,35,1,1,2,1,0,0,2,3,1,0,0,99,99,99,99,0,0,0,0,0,0,1,6,0,62776,1980,0,2007,CENTER AVE,1E+20,0,99999999,999999999,1,1
6,57,11,23,9,30,1,3,0,0,15,6,0,5,0,1,1,1,2,35,1,1,2,1,0,0,0,1,1,0,0,99,99,99,99,99,99,0,0,0,0,1,6,0,62777,3900,0,2007,PROSSER DAM RD,1E+20,0,99999999,999999999,1,1
6,13,11,23,9,45,1,2,1,0,14,6,0,15,0,3,1,1,2,35,1,1,2,1,2,3,2,1,1,0,0,99,99,99,99,99,99,0,0,0,0,1,6,0,62778,110,0,2007,JAMES DONLON BL,GENTRYTOWN DR,0,99999999,999999999,1,1
6,37,11,23,9,50,1,2,1,0,15,6,0,9,0,3,1,1,2,35,1,1,2,1,1,3,0,1,1,0,0,99,99,99,99,99,99,0,16,0,0,1,6,1,62779,1980,0,2007,BELLANCA AVE,1E+20,0,99999999,999999999,1,1
6,59,11,23,12,6,1,2,0,0,12,6,0,1,0,1,4,2,2,45,2,1,2,1,0,0,0,1,1,0,0,99,99,99,99,99,99,0,0,0,0,1,6,0,62780,80,0,2007,SANTA ANA CYN RD,1E+20,0,99999999,999999999,1,1
6,13,11,23,15,15,1,1,0,0,6,4,0,22,0,1,4,1,2,45,1,1,2,1,0,0,0,1,1,0,0,99,99,99,99,0,0,0,0,0,0,1,6,1,62781,0,0,2007,ORWOOD RD,1E+20,0,99999999,999999999,1,1
6,73,11,23,18,30,1,1,0,0,3,3,0,36,0,1,4,1,2,55,2,2,2,1,0,0,0,2,1,0,0,99,99,99,99,0,0,0,0,0,0,1,6,0,62782,0,776,2007,SR-78,1E+20,0,99999999,999999999,1,1
6,59,11,23,18,46,1,2,1,0,13,6,0,8,0,1,1,5,6,40,1,1,2,1,0,0,0,3,1,0,0,99,99,99,99,0,0,0,0,0,0,1,6,1,62783,3420,0,2007,TUSTIN AVE,1E+20,0,99999999,999999999,1,1
6,37,11,23,19,30,1,2,1,0,13,4,0,8,0,1,1,1,4,40,1,1,2,1,0,0,2,3,1,0,0,99,99,99,99,0,0,0,0,0,0,1,6,1,62784,0,0,2007,AMAR RD,1E+20,0,99999999,999999999,1,1
6,77,11,24,5,19,1,1,0,1,1,1,0,52,0,13,4,6,2,55,2,1,2,1,0,0,0,2,1,0,0,99,99,99,99,0,0,0,0,0,0,1,7,0,62785,0,122,2007,I-5 RAMP,1E+20,0,99999999,999999999,1,1
6,73,11,24,17,0,1,2,1,0,16,6,0,8,0,3,1,1,4,35,1,1,2,1,0,0,2,5,1,0,0,99,99,99,99,0,0,0,0,0,0,1,7,0,62786,1200,0,2007,GRAND AVE,FAIRDALE AVE,0,99999999,999999999,1,1
6,19,11,24,18,5,1,1,0,0,5,4,0,38,0,1,4,1,2,55,2,2,2,1,40,3,0,2,1,0,0,99,99,99,99,0,0,0,0,0,0,1,7,1,62787,0,0,2007,GEORGE SMITH RD,1E+20,0,99999999,999999999,1,1
6,19,11,24,99,99,1,1,0,0,3,3,0,17,0,1,6,1,4,60,1,1,2,1,0,0,0,2,1,0,0,99,99,99,99,0,0,0,0,0,0,1,7,0,62788,0,280,2007,SR-168,1E+20,0,99999999,999999999,1,1
6,37,11,25,0,15,1,2,0,1,11,1,0,32,0,13,4,6,1,65,2,1,1,1,40,3,0,3,1,0,0,99,99,99,99,99,99,0,0,0,0,1,1,1,62789,3455,99,2007,I-605 RAMP,1E+20,0,99999999,999999999,1,1
6,37,11,25,2,15,1,3,0,0,6,4,0,33,0,1,4,1,2,55,2,2,2,1,0,0,0,2,1,0,0,99,99,99,99,99,99,0,0,0,0,1,1,0,62790,0,0,2007,MT WILSON RED BOX RD,1E+20,0,99999999,999999999,1,1
6,37,11,28,18,10,1,2,1,0,13,6,0,8,0,1,1,1,4,35,1,1,2,1,0,0,0,2,1,0,0,99,99,99,99,99,99,0,0,0,0,1,4,1,62791,1980,0,2007,LAUREL CANYON BL,1E+20,0,99999999,999999999,1,1
6,39,11,25,21,58,1,1,0,0,4,4,0,29,0,3,4,1,2,55,1,1,2,1,0,0,0,3,1,0,0,99,99,99,99,0,0,0,0,0,0,1,1,1,62792,0,0,2007,AVENUE 7,1E+20,0,99999999,999999999,1,1
6,71,10,13,20,45,2,3,0,0,4,4,0,12,1,1,1,1,2,55,1,1,2,1,0,0,0,2,1,0,0,99,99,99,99,99,99,0,0,0,0,1,7,1,62793,0,0,2007,DUNCAN RD,1E+20,0,99999999,999999999,2,1
6,83,10,14,2,18,2,8,0,1,12,2,0,33,0,1,4,3,2,65,1,1,2,1,0,0,0,3,1,0,0,99,99,99,99,99,99,0,0,0,0,2,1,3,62794,0,102,2007,US-101 RAMP,1E+20,0,99999999,999999999,2,1
6,73,10,15,5,10,2,3,0,1,11,1,0,38,0,1,4,3,4,65,1,1,1,2,0,0,0,2,1,0,0,99,99,99,99,0,0,0,0,0,0,1,2,2,62795,1182,391,2007,I-5,1E+20,0,99999999,999999999,1,1
6,79,10,21,11,45,2,2,0,0,13,6,0,12,5,1,1,5,4,35,1,1,2,1,0,0,0,1,1,0,0,99,99,99,99,0,0,0,0,0,0,1,1,1,62796,170,0,2007,EL CAMINO REAL,1E+20,0,99999999,999999999,2,1
6,71,8,10,3,2,2,2,0,1,11,1,0,12,1,1,1,3,5,65,1,1,2,1,0,0,0,3,1,0,0,99,99,99,99,99,99,0,0,0,0,1,6,2,62797,4000,3,2007,I-10,1E+20,0,99999999,999999999,2,1
6,37,10,20,18,0,3,3,0,0,14,6,0,12,2,1,1,1,2,25,9,9,9,1,0,0,0,3,1,0,0,99,99,99,99,99,99,0,0,0,0,2,7,1,62798,1980,0,2007,120TH ST,1E+20,0,99999999,999999999,2,1
6,65,6,8,4,9,1,1,0,1,13,3,0,18,0,1,4,5,4,50,1,1,2,1,0,0,0,2,1,0,0,99,98,99,98,0,0,0,0,0,0,1,6,1,62799,1580,376,2007,SR-74,1E+20,0,99999999,999999999,1,1
6,111,6,8,21,10,1,1,0,1,12,3,0,33,0,1,2,3,3,65,1,1,2,1,0,0,0,3,1,0,0,99,99,99,99,0,0,0,0,0,0,1,6,1,62800,3641,265,2007,SR-118,1E+20,0,99999999,999999999,1,1
6,71,6,9,1,35,1,1,0,1,11,1,0,42,0,1,2,3,5,65,1,1,2,1,0,0,0,3,1,0,0,99,99,99,99,0,0,0,0,0,0,1,7,1,62801,3210,336,2007,I-10,1E+20,0,99999999,999999999,1,1
6,85,6,9,1,53,1,1,0,1,12,2,0,42,0,1,2,3,4,65,1,1,2,1,0,0,0,2,1,0,0,99,99,99,99,0,0,0,0,0,0,1,7,1,62802,3790,460,2007,US-101,1E+20,0,99999999,999999999,1,1
6,67,6,14,21,39,1,2,1,0,14,4,0,8,0,1,1,5,4,45,1,1,2,1,0,0,2,3,1,0,0,99,98,99,98,0,0,0,0,0,0,1,5,0,62803,0,0,2007,WALERGA RD,1E+20,0,99999999,999999999,1,1
6,37,6,14,22,35,2,2,0,1,11,1,0,12,1,1,1,3,5,65,1,1,2,1,0,0,0,2,1,0,0,99,99,99,99,0,0,0,0,0,0,1,5,0,62804,1980,143,2007,I-405,1E+20,0,99999999,999999999,2,1
6,73,6,17,12,40,1,1,0,0,14,6,0,33,0,3,4,1,2,35,1,1,2,1,20,3,3,1,1,0,0,99,99,99,99,0,0,0,0,0,0,1,1,0,62805,1080,0,2007,E MAIN ST,3RD ST,0,99999999,999999999,1,1
6,61,6,29,18,3,2,2,0,0,14,6,0,12,5,2,1,2,2,40,1,2,2,1,0,0,0,1,1,0,0,99,99,99,99,99,99,0,0,0,0,1,6,0,62806,3110,0,2007,EUREKA RD,PROFESSIONAL DR,0,99999999,999999999,2,1
6,71,6,30,9,24,2,2,0,0,16,6,0,1,0,3,1,1,2,55,1,1,2,1,0,0,0,1,1,0,0,99,99,99,99,99,99,0,0,0,0,1,7,0,62807,4040,0,2007,BEAR VALLEY RD,MESA VIEW DR,0,99999999,999999999,2,1
6,37,7,5,8,40,1,2,1,0,14,6,0,9,0,1,3,2,2,35,1,2,2,1,0,0,0,1,1,0,0,99,99,99,99,99,99,0,0,0,0,1,5,0,62812,1980,0,2007,RESEDA BLVD,1E+20,0,99999999,999999999,1,1
6,71,7,9,9,44,2,2,0,0,14,6,0,12,5,2,1,2,3,45,1,1,2,1,0,0,0,1,1,0,0,99,99,99,99,99,99,0,0,0,0,1,2,0,62814,2550,0,2007,MILLIKEN AVE,LOWELL ST,0,99999999,999999999,2,1
6,65,7,14,18,50,2,1,0,0,16,6,0,1,0,1,6,2,1,25,2,1,2,1,0,0,0,1,1,0,0,99,99,99,99,99,99,0,14,0,0,1,7,1,62815,2278,0,2007,PARKLAND AVE,1E+20,0,99999999,999999999,1,1
6,25,7,18,5,10,1,2,1,0,13,6,0,8,0,2,1,5,4,35,1,1,2,1,0,0,0,3,1,0,0,99,99,99,99,99,99,0,0,0,0,1,4,0,62816,1090,0,2007,IMPERIAL AVE,BARBARA WORTH,0,99999999,999999999,1,1
6,37,7,20,3,36,1,2,1,1,11,1,0,8,0,1,1,3,5,65,1,1,2,1,0,0,2,3,1,0,0,99,99,99,99,0,0,0,19,0,0,1,6,0,62817,4120,347,2007,I-10,1E+20,0,99999999,999999999,1,1
6,59,7,28,19,33,1,3,1,0,13,3,0,8,0,1,1,5,4,45,2,1,2,1,0,0,0,5,1,0,0,99,99,99,99,99,99,0,0,0,0,1,7,1,62818,3558,312,2007,SR-1,1E+20,0,99999999,999999999,1,1
6,37,7,30,15,50,1,2,1,0,14,6,0,8,0,3,1,2,2,40,1,1,2,1,3,3,0,1,1,0,0,99,99,99,99,99,99,0,0,0,0,1,2,0,62819,1970,0,2007,ARTESIA BLVD,HARBOR AVE,0,99999999,999999999,1,1
6,29,8,2,20,0,1,5,1,0,15,4,0,8,0,1,1,1,2,15,1,1,2,1,0,0,0,5,1,0,0,99,99,99,99,99,99,0,0,0,0,1,5,0,62820,0,0,2007,FLOWER ST,1E+20,0,99999999,999999999,1,1
6,73,8,4,17,40,2,9,0,0,14,6,0,33,0,1,3,2,3,40,1,1,2,1,28,3,0,1,1,0,1,99,99,99,99,99,99,0,0,0,0,1,7,0,62821,710,0,2007,OLYMPIC PKWY,1E+20,0,99999999,999999999,2,1
6,65,8,10,3,17,2,2,0,0,14,6,0,25,0,1,2,2,2,50,2,1,2,1,28,3,0,3,1,0,1,99,99,99,99,99,99,0,0,0,0,1,6,1,62822,2278,0,2007,LASSELLE ST,1E+20,0,99999999,999999999,2,1
6,99,8,13,18,32,1,2,1,0,13,3,0,9,0,4,1,1,4,35,1,1,2,1,0,0,0,1,1,0,0,99,99,99,99,99,99,0,0,0,0,1,2,1,62823,2200,152,2007,SR-132,12TH ST,0,99999999,999999999,1,1
6,67,8,13,20,35,1,3,1,1,12,3,0,9,0,1,1,3,2,65,1,1,2,1,0,0,0,2,1,0,0,99,99,99,99,99,99,0,0,0,0,1,2,1,62824,0,18,2007,SR-99,1E+20,0,99999999,999999999,1,1
6,67,8,14,6,57,1,2,1,0,13,6,0,8,0,1,1,2,3,45,1,1,2,1,0,0,0,1,1,0,0,99,99,99,99,99,99,0,0,0,0,1,3,0,62825,1108,0,2007,LAGUNA BLVD,1E+20,0,99999999,999999999,1,1
6,75,8,14,22,4,1,2,1,0,13,3,0,8,0,3,1,2,3,35,1,1,2,1,3,3,0,3,1,0,0,99,99,99,99,0,0,0,0,0,0,1,3,0,62826,3290,53,2007,SR-1,BALBOA ST,0,99999999,999999999,1,1
6,37,8,15,2,8,1,2,1,0,13,6,0,8,0,3,1,1,4,35,1,1,2,1,2,3,2,3,1,0,0,99,99,99,99,99,99,0,0,0,0,1,4,0,62827,3690,0,2007,FIRESTONE BL,LONG BEACH BL,0,99999999,999999999,1,1
6,37,8,15,20,50,1,2,1,0,14,6,0,8,0,1,4,1,2,30,1,1,2,1,0,0,0,3,1,0,0,99,99,99,99,99,99,0,0,0,0,1,4,0,62828,1980,0,2007,MAPLE AVE,1E+20,0,99999999,999999999,1,1
6,65,8,27,15,3,1,5,0,1,1,1,0,24,0,1,3,3,4,70,1,1,2,1,0,0,0,1,1,0,0,99,99,99,99,99,99,0,0,0,0,1,2,0,62829,0,365,2007,I-10,1E+20,0,99999999,999999999,1,1
6,47,9,8,22,40,1,1,0,0,15,4,0,18,0,1,2,1,2,35,2,1,2,1,0,0,0,2,1,0,0,99,99,99,99,0,0,0,0,0,0,1,7,1,62830,0,0,2007,7TH ST,1E+20,0,99999999,999999999,1,1
6,59,9,9,15,55,1,2,1,0,14,6,0,8,0,3,1,4,2,45,1,1,2,1,2,3,0,1,1,0,0,99,99,99,99,99,99,0,0,0,0,1,1,0,62831,880,0,2007,NEWPORT BLVD,BRISTOL ST,0,99999999,999999999,1,1
6,37,9,13,10,8,1,2,1,0,13,6,0,9,0,2,1,1,4,35,1,1,2,1,3,3,0,1,1,0,4,99,99,99,99,0,0,0,0,0,0,1,5,1,62832,930,0,2007,CULVER BLVD,SAWTELLE BLVD,0,99999999,999999999,1,1
6,59,9,15,10,4,1,2,1,0,13,6,0,9,0,1,1,2,3,55,1,1,2,1,0,0,0,1,1,0,0,99,99,99,99,0,0,0,0,0,0,1,7,0,62833,1713,0,2007,CULVER DR,1E+20,0,99999999,999999999,1,1
6,71,9,17,19,32,1,2,1,0,13,6,0,8,0,2,1,5,4,40,1,1,2,1,0,0,0,3,1,0,0,99,99,99,99,0,0,0,0,0,0,1,2,1,62834,2550,0,2007,GROVE AVE,ELMA ST,0,99999999,999999999,1,1
6,37,9,17,20,3,1,2,1,1,11,1,0,8,0,1,1,3,2,65,1,1,2,1,0,0,0,2,1,0,0,99,99,99,99,0,0,0,19,0,0,1,2,0,62835,30,217,2007,I-10,1E+20,0,99999999,999999999,1,1
6,67,9,17,20,5,1,2,1,0,13,4,0,8,0,1,1,2,3,40,1,1,2,1,0,0,0,3,1,0,0,99,99,99,99,0,0,0,0,0,0,1,2,1,62836,0,0,2007,WATT AVE,1E+20,0,99999999,999999999,1,1
6,99,9,18,12,27,1,2,1,0,13,6,0,9,0,1,1,2,2,45,1,1,2,1,28,3,0,1,1,0,0,99,99,99,99,99,99,0,0,0,0,1,3,1,62837,2200,0,2007,BRIGGSMORE AVE,1E+20,0,99999999,999999999,1,1
6,73,9,21,23,45,2,4,0,1,12,3,0,12,7,1,1,3,3,65,1,1,1,1,0,0,0,3,1,0,0,99,99,99,99,0,0,0,0,0,0,1,6,1,62838,3375,121,2007,SR-78,1E+20,0,99999999,999999999,2,1
6,37,10,27,1,0,1,4,0,0,3,3,0,33,0,1,2,1,2,40,1,1,2,1,0,0,0,2,1,0,0,99,99,99,99,99,99,0,0,0,0,1,7,1,62839,0,242,2007,SR-39,1E+20,0,99999999,999999999,1,1
6,71,10,27,18,9,1,1,0,1,1,1,0,24,0,1,3,3,2,70,1,1,2,1,0,0,0,1,1,0,0,99,99,99,99,0,0,0,0,0,0,1,7,0,62840,0,1734,2007,I-15,1E+20,0,99999999,999999999,1,1
6,19,11,3,15,30,1,1,0,0,16,6,0,1,0,3,1,9,9,25,1,9,2,1,9,3,0,1,1,0,0,99,99,99,99,99,99,0,0,0,0,1,7,0,62841,1370,0,2007,N PLEASANT AVE,SWIFT AVE,0,99999999,999999999,1,1
6,1,11,15,21,42,1,2,0,0,13,6,0,31,0,1,2,2,3,45,1,1,2,1,0,0,0,3,1,0,0,99,99,99,99,99,99,0,0,0,0,1,5,0,62842,2480,0,2007,HEGENBERGER RD,1E+20,0,99999999,999999999,1,1
6,65,11,15,23,30,1,1,0,0,2,3,0,33,0,1,4,2,1,40,2,1,2,1,0,0,0,3,1,0,0,99,99,99,99,99,99,0,0,0,0,1,5,1,62843,1801,118,2007,SR-74,1E+20,0,99999999,999999999,1,1
6,65,11,16,9,0,1,1,0,0,15,4,0,1,0,1,2,1,2,55,1,1,2,1,0,0,0,1,1,0,0,99,99,99,99,99,99,0,0,0,0,1,6,0,62844,0,0,2007,RAMON RD,1E+20,0,99999999,999999999,1,1
6,65,11,19,6,20,1,1,0,1,1,1,0,33,0,1,2,2,2,70,1,2,2,1,0,0,0,4,1,0,0,99,99,99,99,0,0,0,0,0,0,1,2,0,62845,0,678,2007,I-10,1E+20,0,99999999,999999999,1,1
6,19,11,19,13,50,1,1,0,0,4,4,0,38,0,1,2,1,2,35,2,2,2,1,0,0,0,1,1,0,0,99,99,99,99,0,0,0,0,0,0,1,2,1,62846,0,0,2007,AUBERRY RD,1E+20,0,99999999,999999999,1,1
6,81,11,19,14,38,1,2,1,0,13,6,0,8,0,3,1,2,3,35,1,1,2,1,2,3,0,1,1,0,0,99,99,99,99,99,99,0,0,0,0,1,2,0,62847,970,0,2007,MISSION ST,JOHN DALY BL,0,99999999,999999999,1,1