STATE,COUNTY,MONTH,DAY,HOUR,MINUTE,VE_TOTAL,PERSONS,PEDS,NHS,ROAD_FNC,ROUTE,SP_JUR,HARM_EV,MAN_COLL,REL_JUNC,REL_ROAD,TRAF_FLO,NO_LANES,SP_LIMIT,ALIGNMNT,PROFILE,PAVE_TYP,SUR_COND,TRA_CONT,T_CONT_F,HIT_RUN,LGT_COND,WEATHER1,WEATHER2,C_M_ZONE,NOT_HOUR,NOT_MIN,ARR_HOUR,ARR_MIN,HOSP_HR,HOSP_MN,SCH_BUS,CF1,CF2,CF3,FATALS,DAY_WEEK,DRUNK_DR,ST_CASE,CITY,MILEPT,YEAR,TWAY_ID,TWAY_ID2,RAIL,LATITUDE,LONGITUD,VE_FORMS,WEATHER
6,27,11,19,17,50,1,2,0,0,4,4,0,1,0,1,2,1,2,55,1,1,2,1,0,0,0,2,1,0,0,99,99,99,99,99,99,0,0,0,0,1,2,0,62848,0,0,2007,PANAMINT VALLEY RD,1E+20,0,99999999,999999999,1,1
6,67,11,19,17,58,1,2,1,0,15,6,0,8,0,1,1,1,2,40,1,1,2,1,0,0,2,2,1,0,0,99,99,99,99,0,0,0,0,0,0,1,2,1,62849,3150,0,2007,AUBURN BL,1E+20,0,99999999,999999999,1,1
6,65,11,20,1,24,1,2,0,1,11,1,0,1,0,1,2,4,2,70,2,2,2,1,0,0,0,2,1,0,0,99,99,99,99,99,99,0,0,0,0,1,3,0,62850,2327,89,2007,I-215,1E+20,0,99999999,999999999,1,1
6,59,11,20,3,28,1,2,0,1,12,3,0,1,0,13,6,6,2,65,2,1,1,1,0,0,0,3,5,0,0,99,99,99,99,0,0,0,0,0,0,1,3,0,62851,880,267,2007,SR-73 RAMP,1E+20,0,99999999,999999999,1,5
6,89,11,20,20,40,1,3,0,0,6,4,0,1,0,1,2,1,2,55,1,1,2,1,0,0,0,2,1,0,0,99,99,99,99,99,99,0,0,0,0,2,3,0,62852,0,0,2007,BLACK RANCH RD,1E+20,0,99999999,999999999,1,1
6,81,11,21,11,30,1,1,1,0,16,6,0,33,0,1,4,1,2,25,1,2,2,1,0,0,0,1,1,0,0,99,99,99,99,0,0,0,4,0,0,1,4,0,62853,3240,0,2007,WILLIAMS LN,1E+20,0,99999999,999999999,1,1
6,73,11,21,11,48,1,1,0,0,3,3,0,27,0,1,2,1,2,55,2,2,2,1,0,0,0,1,1,0,0,99,99,99,99,0,0,0,0,0,0,1,4,0,62854,0,539,2007,SR-78,1E+20,0,99999999,999999999,1,1
6,71,11,21,16,31,1,2,1,0,16,6,0,8,0,1,1,1,2,25,1,1,2,1,0,0,0,1,1,0,0,99,99,99,99,0,0,0,0,0,0,1,4,0,62855,2960,0,2007,11TH ST,1E+20,0,99999999,999999999,1,1
6,39,11,21,17,35,1,4,1,0,15,3,0,8,0,1,1,5,3,40,1,1,2,1,0,0,0,3,1,0,0,99,99,99,99,0,0,0,0,0,0,1,4,0,62856,690,31,2007,SR-233,1E+20,0,99999999,999999999,1,1
6,37,11,21,20,14,1,2,1,0,14,6,0,8,0,1,1,1,2,25,1,1,2,1,0,0,0,3,1,0,0,99,99,99,99,99,99,0,0,0,0,1,4,0,62857,1430,0,2007,CALIFORNIA AVE,1E+20,0,99999999,999999999,1,1
6,83,6,16,12,8,1,2,0,0,16,6,0,19,0,1,5,1,2,99,1,1,2,1,0,0,0,1,1,0,0,99,99,99,99,99,99,0,0,0,0,1,7,0,62858,3430,0,2007,TERRACE RD,1E+20,0,99999999,999999999,1,1
6,37,7,30,99,99,1,2,0,0,4,4,0,1,0,1,6,1,2,99,2,3,2,1,0,0,0,9,1,0,0,99,99,99,99,0,0,0,0,0,0,2,2,0,62859,0,0,2007,MALIBU CANYON RD,1E+20,0,99999999,999999999,1,1
6,75,9,17,20,34,4,5,0,0,14,6,0,12,5,2,1,1,3,25,1,1,2,1,20,3,1,3,1,0,0,99,99,99,99,99,99,0,0,0,0,1,2,0,62860,3290,0,2007,GILLMAN AVE,JENNINGS ST,0,99999999,999999999,3,1
6,37,9,18,18,13,3,2,0,0,6,4,0,14,2,1,7,1,2,25,1,1,2,1,0,0,3,1,1,0,0,99,99,99,99,99,99,0,0,0,0,1,3,2,62861,0,0,2007,WOODS AVE,1E+20,0,99999999,999999999,1,1
6,85,9,18,19,28,4,4,0,0,14,6,0,12,2,1,1,2,2,40,1,1,2,1,0,0,0,3,1,0,0,99,99,99,99,99,99,0,0,0,0,1,3,1,62862,2280,0,2007,COCHRANE RD,1E+20,0,99999999,999999999,4,1
6,1,9,25,12,35,3,2,1,1,11,1,0,14,7,13,4,6,2,65,2,2,1,1,40,3,0,1,1,0,1,99,99,99,99,99,99,0,0,0,0,1,3,0,62863,1054,203,2007,I-580 RAMP,1E+20,0,99999999,999999999,1,1
6,97,9,26,6,15,2,5,0,0,3,3,0,12,5,2,1,1,2,55,1,1,2,1,3,3,0,3,1,0,0,99,99,99,99,99,99,0,0,0,0,1,4,0,62864,0,448,2007,SR-116,ARNOLD DR,0,99999999,999999999,2,1
6,95,9,25,14,45,2,2,0,1,1,1,0,12,1,1,1,2,2,70,1,1,2,1,0,0,0,1,1,0,0,99,99,99,99,0,0,0,0,0,0,1,3,0,62865,0,93,2007,I-505,1E+20,0,99999999,999999999,2,1
6,65,9,25,13,15,2,2,0,1,11,1,0,14,1,1,2,3,3,70,1,1,2,1,0,0,0,1,1,0,0,99,99,99,99,99,99,0,0,0,0,1,3,0,62866,0,131,2007,I-15,1E+20,0,99999999,999999999,1,1
6,37,9,30,15,4,2,1,0,0,16,6,0,14,4,1,7,1,2,25,1,2,2,1,0,0,0,1,1,0,0,99,99,99,99,0,0,0,4,0,0,1,1,1,62867,2870,0,2007,PRODUCER WY,1E+20,0,99999999,999999999,1,1
6,113,9,30,15,25,2,3,0,0,3,3,0,12,2,1,1,1,2,55,1,2,2,1,0,0,0,1,1,0,0,99,99,99,99,99,99,0,0,0,0,1,1,1,62868,0,18,2007,SR-128,1E+20,0,99999999,999999999,2,1
6,29,10,8,13,0,2,2,0,0,16,6,0,12,5,1,1,1,4,45,1,1,2,1,0,0,0,1,1,0,0,99,99,99,99,99,99,0,0,0,0,1,2,0,62869,240,0,2007,SOUTH H ST,1E+20,0,99999999,999999999,2,1
6,37,10,12,20,25,2,2,0,0,14,6,0,12,5,2,1,1,2,35,1,1,2,1,20,3,0,3,1,0,0,99,99,99,99,99,99,0,0,0,0,1,6,0,62870,1980,0,2007,VENICE BL,MALVERN AVE,0,99999999,999999999,2,1
6,37,10,14,13,0,2,3,0,0,13,6,0,12,5,2,1,1,4,40,1,1,2,1,3,3,0,1,1,0,0,99,99,99,99,99,99,0,0,0,0,1,1,0,62871,1980,0,2007,BALBOA BL,LISETTE ST,0,99999999,999999999,2,1
6,37,10,16,9,0,2,3,0,1,11,1,0,12,1,1,1,3,5,55,1,1,2,1,0,0,0,1,1,0,0,99,99,99,99,99,99,0,0,0,0,1,3,0,62872,1980,172,2007,I-5,1E+20,0,99999999,999999999,2,1
6,107,10,20,2,40,2,2,0,0,4,4,0,12,5,2,1,1,2,55,1,1,2,1,20,3,0,2,1,0,0,99,99,99,99,0,0,0,0,0,0,1,7,1,62873,0,0,2007,ROAD 104,AVENUE 120,0,99999999,999999999,2,1
6,59,11,5,13,24,2,3,0,0,14,6,0,12,5,1,1,1,4,40,1,9,2,1,0,0,1,1,1,0,0,99,98,99,98,99,98,0,0,0,0,1,2,0,62874,1660,0,2007,NEWLAND ST,1E+20,0,99999999,999999999,2,1
6,59,11,7,17,45,2,3,1,0,13,3,0,8,0,10,1,9,9,45,9,9,2,1,3,3,0,3,1,0,0,99,98,99,98,0,0,0,0,0,0,1,4,2,62875,1660,39,2007,SR-39,NEWMAN,0,99999999,999999999,2,1
6,19,10,22,19,15,2,9,0,0,4,4,0,12,5,2,1,1,2,55,1,1,2,1,20,3,0,2,1,0,0,99,99,99,99,99,99,0,0,0,0,1,2,1,62876,0,0,2007,MCMULLIN GRADE,HENDERSON RD,0,99999999,999999999,2,1
6,25,10,23,15,35,2,2,0,0,3,3,0,12,2,1,1,1,2,65,1,1,2,1,0,0,0,1,1,0,4,99,99,99,99,99,99,0,0,0,0,1,3,0,62877,0,256,2007,SR-111,1E+20,0,99999999,999999999,2,1
6,71,10,23,21,1,2,3,0,0,6,4,0,12,4,2,1,1,2,25,1,1,2,1,0,0,0,2,1,0,0,99,99,99,99,99,99,0,0,0,0,1,3,1,62878,0,0,2007,CAPRI AVE,TURQUOISE AVE,0,99999999,999999999,2,1
6,77,10,23,22,57,3,3,0,0,15,6,0,14,1,1,7,1,2,30,2,1,2,1,0,0,0,2,1,0,0,99,99,99,99,99,99,0,0,0,0,1,3,2,62879,3770,0,2007,PLYMOUTH RD,1E+20,0,99999999,999999999,1,1
6,37,10,23,23,45,2,2,0,1,11,1,0,12,1,1,1,3,5,65,1,1,2,1,0,0,0,3,1,0,0,99,99,99,99,99,99,0,0,0,0,1,3,0,62880,1980,218,2007,I-15,1E+20,0,99999999,999999999,2,1
6,37,10,24,9,50,4,4,0,0,14,3,0,12,5,2,1,1,4,50,1,1,2,1,3,3,0,1,1,0,0,99,99,99,99,99,99,0,14,0,0,2,4,0,62881,2054,540,2007,SR-1,KANAN DUME DR,0,99999999,999999999,4,1
6,59,10,24,16,6,2,3,0,1,12,3,0,12,3,1,1,3,4,65,1,1,1,1,0,0,0,1,1,0,0,99,99,99,99,99,99,0,0,0,0,1,4,1,62882,1410,36,2007,SR-22,1E+20,0,99999999,999999999,2,1
6,41,10,24,17,8,1,2,1,0,15,6,0,8,0,1,1,1,2,25,9,9,2,1,20,3,2,1,1,0,0,99,99,99,99,99,99,0,0,0,0,1,4,0,62883,3410,0,2007,MEDWAY RD,1E+20,0,99999999,999999999,1,1
6,71,10,24,19,10,2,2,0,0,4,4,0,12,2,1,1,1,2,55,2,1,2,1,0,0,0,2,1,0,0,99,99,99,99,0,0,0,0,0,0,1,4,0,62884,0,0,2007,ROCK SPRINGS RD,1E+20,0,99999999,999999999,2,1
6,37,10,24,19,30,1,2,1,0,14,6,0,9,0,1,1,2,2,40,1,1,2,1,0,0,0,3,1,0,0,99,99,99,99,0,0,0,0,0,0,1,4,1,62885,639,0,2007,183RD ST,1E+20,0,99999999,999999999,1,1
6,31,10,24,22,49,1,1,0,0,13,4,0,33,0,1,6,3,3,55,1,1,2,1,0,0,0,3,1,0,0,99,99,99,99,99,99,0,0,0,0,1,4,0,62886,0,0,2007,LA CIENEGA BL,1E+20,0,99999999,999999999,1,1
6,23,10,25,2,0,1,1,0,0,12,6,0,1,0,1,3,2,2,65,2,1,2,1,0,0,0,3,1,0,0,99,99,99,99,0,0,0,0,0,0,1,5,1,62887,130,5,2007,SR-299,1E+20,0,99999999,999999999,1,1
6,37,10,25,5,40,1,2,1,0,14,4,0,8,0,1,1,5,4,35,1,1,2,1,0,0,0,3,1,0,0,99,99,99,99,99,99,0,0,0,0,1,5,0,62888,0,0,2007,MONTROSE AVE,1E+20,0,99999999,999999999,1,1
6,107,10,25,7,0,2,7,0,0,5,4,0,12,5,2,1,1,2,55,1,1,2,1,20,3,0,4,1,0,0,99,99,99,99,99,99,0,0,0,0,2,5,0,62889,0,0,2007,ROAD 144,AVE 24,0,99999999,999999999,2,1
6,71,10,25,9,0,1,1,1,0,16,6,0,8,0,1,1,1,2,25,1,1,2,1,0,0,0,1,1,0,0,99,99,99,99,99,99,0,0,0,0,1,5,0,62890,115,0,2007,COMANCHE RD,1E+20,0,99999999,999999999,1,1
6,37,10,25,14,0,2,2,0,0,13,6,0,12,4,2,1,1,4,40,1,1,2,1,3,3,0,1,1,0,0,99,99,99,99,99,99,0,0,0,0,1,5,0,62891,1980,0,2007,DEVONSHIRE ST,ARLETA AVE,0,99999999,999999999,2,1
6,65,10,25,16,53,1,3,0,1,11,1,0,24,0,1,3,3,5,70,1,2,2,1,0,0,0,1,1,0,0,99,99,99,99,99,99,0,0,0,0,1,5,0,62892,3851,77,2007,I-15,1E+20,0,99999999,999999999,1,1
6,1,10,25,19,55,1,2,1,0,14,6,0,8,0,1,1,3,3,35,1,1,2,1,0,0,0,3,1,0,0,99,99,99,99,0,0,0,0,0,0,1,5,1,62893,1054,0,2007,DUBLIN BL,1E+20,0,99999999,999999999,1,1
6,19,10,26,3,58,1,1,0,1,12,3,0,33,0,1,4,3,2,70,1,1,2,1,0,0,0,2,1,0,0,99,99,99,99,0,0,0,0,0,0,1,6,0,62894,1370,313,2007,SR-99,1E+20,0,99999999,999999999,1,1
6,13,10,26,11,15,1,3,0,1,12,3,0,39,0,1,4,3,4,65,1,1,1,1,0,0,0,1,1,0,0,99,99,99,99,99,99,0,0,0,0,1,6,0,62895,2790,219,2007,SR-4,1E+20,0,99999999,999999999,1,1
6,115,10,26,13,30,1,3,0,0,14,4,0,42,0,1,6,5,4,35,1,1,2,1,0,0,0,1,1,0,0,99,99,99,99,99,99,0,0,0,0,1,6,0,62896,0,0,2007,N BEALE RD,1E+20,0,99999999,999999999,1,1
6,37,10,26,14,5,1,2,1,0,14,6,0,8,0,1,1,1,2,35,1,1,2,1,0,0,0,1,1,0,0,99,99,99,99,99,99,0,0,0,0,1,6,0,62897,1980,0,2007,SAN PEDRO ST,1E+20,0,99999999,999999999,1,1
6,29,10,26,18,40,1,1,0,0,6,4,0,17,0,1,6,1,2,55,2,2,2,1,40,3,0,1,1,0,0,99,99,99,99,0,0,0,0,0,0,1,6,0,62898,0,0,2007,BITTERWATER VLY RD,1E+20,0,99999999,999999999,1,1
6,37,10,26,21,0,1,3,1,0,14,6,0,8,0,3,1,9,4,35,1,1,2,1,0,0,0,3,1,0,0,99,99,99,99,99,99,0,0,0,0,1,6,0,62899,1980,0,2007,CENTRAL AVE,76TH ST,0,99999999,999999999,1,1
6,59,10,26,22,17,2,2,0,0,13,6,0,12,7,1,1,2,2,40,1,1,2,1,0,0,0,3,1,0,0,99,99,99,99,99,99,0,0,0,0,1,6,0,62900,80,0,2007,E LA PALMA AVE,1E+20,0,99999999,999999999,2,1
6,73,10,26,22,18,2,3,0,1,11,1,0,12,7,1,1,2,2,70,1,2,2,1,0,0,0,3,1,0,0,99,99,99,99,99,99,0,0,0,0,1,6,1,62901,0,295,2007,I-8,1E+20,0,99999999,999999999,2,1
6,99,10,26,23,51,2,3,0,0,15,6,0,12,5,2,1,1,2,25,1,1,2,1,20,3,0,3,1,0,0,99,99,99,99,99,99,0,0,0,0,1,6,2,62902,2200,0,2007,BOWEN AVE,SHERWOOD AVE,0,99999999,999999999,2,1
6,73,10,27,2,10,2,1,0,0,14,6,0,14,1,1,7,2,2,45,1,1,2,1,0,0,0,3,1,0,0,99,99,99,99,99,99,0,0,0,0,1,7,1,62903,3260,0,2007,MORENA BL,1E+20,0,99999999,999999999,1,1
6,1,10,27,2,45,2,6,0,1,11,1,0,25,0,1,3,3,5,65,1,1,2,1,0,0,0,3,1,0,0,99,99,99,99,99,99,0,0,0,0,1,7,2,62904,1560,177,2007,I-880,1E+20,0,99999999,999999999,2,1
6,31,10,27,2,55,1,1,0,1,2,3,0,1,0,1,1,2,2,65,1,1,1,1,0,0,0,2,1,0,0,99,99,99,99,0,0,0,0,0,0,1,7,1,62905,0,477,2007,SR-41,1E+20,0,99999999,999999999,1,1
6,37,10,27,3,0,1,4,0,1,11,1,0,33,0,1,4,3,3,55,1,1,2,1,0,0,0,3,1,0,0,99,99,99,99,99,99,0,0,0,0,1,7,1,62906,1970,95,2007,I-710,1E+20,0,99999999,999999999,1,1
6,111,10,27,7,5,2,2,0,0,5,4,0,12,5,2,1,1,2,45,9,9,2,1,20,3,0,4,1,0,0,99,99,99,99,99,99,0,0,0,0,1,7,0,62907,0,0,2007,SESPE ST,PASADENA AVE,0,99999999,999999999,2,1
6,53,10,27,15,6,2,2,0,0,4,4,0,12,1,1,1,1,2,55,1,1,2,1,0,0,0,1,1,0,0,99,99,99,99,0,0,0,0,0,0,1,7,0,62908,0,0,2007,JOLON RD,1E+20,0,99999999,999999999,2,1
6,29,10,27,17,34,1,1,0,1,12,3,0,1,0,1,3,2,2,70,2,2,1,1,0,0,0,1,1,0,0,99,99,99,99,0,0,0,0,0,0,1,7,1,62909,0,38,2007,SR-14,1E+20,0,99999999,999999999,1,1
6,77,10,27,18,59,1,1,0,0,14,6,0,33,0,1,4,1,4,30,2,1,2,1,0,0,0,3,1,0,0,99,99,99,99,99,99,0,0,0,0,1,7,0,62910,3880,0,2007,LOWELL AVE,1E+20,0,99999999,999999999,1,1
6,1,10,27,22,10,1,1,0,0,14,6,0,33,0,1,4,2,2,35,2,2,2,1,0,0,0,3,1,0,0,99,99,99,99,0,0,0,0,0,0,1,7,1,62911,2480,0,2007,KELLER AVE,1E+20,0,99999999,999999999,1,1
6,73,10,28,0,4,4,4,0,1,11,1,0,12,1,1,1,3,6,65,1,1,1,1,0,0,1,3,1,0,1,99,99,99,99,0,0,0,14,0,0,1,1,1,62912,1200,267,2007,I-15,1E+20,0,99999999,999999999,4,1
6,79,10,28,2,12,1,3,2,0,6,4,0,8,0,1,1,1,2,25,1,1,2,1,0,0,2,3,1,0,0,99,99,99,99,99,99,0,0,0,0,1,1,1,62913,0,0,2007,OLIVERO RD,1E+20,0,99999999,999999999,1,1
6,47,10,28,7,10,1,1,0,0,4,3,0,43,0,1,6,1,2,55,1,1,2,1,0,0,0,4,1,0,0,99,99,99,99,0,0,0,0,0,0,1,1,1,62914,0,212,2007,SR-33,1E+20,0,99999999,999999999,1,1
6,17,10,28,18,0,1,1,0,0,5,4,0,31,0,1,4,1,2,55,2,2,2,1,0,0,0,1,1,0,0,99,99,99,99,0,0,0,0,0,0,1,1,1,62915,0,0,2007,WENTWORTH SPRINGS RD,1E+20,0,99999999,999999999,1,1
6,37,10,28,20,35,2,4,0,0,4,4,0,12,5,2,1,1,2,55,1,1,2,1,20,3,1,2,1,0,0,99,99,99,99,99,99,0,0,0,0,1,1,1,62916,0,0,2007,AVE T,165TH ST E,0,99999999,999999999,2,1
6,73,10,28,23,0,3,4,0,1,1,1,0,24,0,1,4,3,4,65,1,1,9,1,0,0,0,2,1,0,0,99,99,99,99,99,99,0,14,0,0,1,1,1,62917,0,633,2007,I-5,1E+20,0,99999999,999999999,3,1
6,65,10,28,99,99,1,1,0,0,3,3,0,1,0,1,4,1,2,55,2,2,2,1,40,3,0,2,1,0,0,99,99,99,99,0,0,0,0,0,0,1,1,1,62918,0,824,2007,SR-74,1E+20,0,99999999,999999999,1,1
6,37,10,29,0,27,9,11,3,1,12,3,0,12,1,1,1,3,5,65,1,1,1,1,0,0,2,2,1,0,0,99,99,99,99,99,99,0,19,0,0,1,2,0,62919,2260,69,2007,SR-60,1E+20,0,99999999,999999999,9,1
6,107,10,29,1,29,1,1,0,0,5,4,0,24,0,1,6,1,2,55,1,1,2,1,20,3,0,3,1,0,0,99,99,99,99,0,0,0,20,0,0,1,2,1,62920,0,0,2007,AVENUE 432,1E+20,0,99999999,999999999,1,1
6,37,10,29,1,55,3,1,0,0,13,4,0,33,0,1,4,5,4,35,1,1,2,1,0,0,0,3,1,0,0,99,99,99,99,0,0,0,0,0,0,1,2,1,62921,0,0,2007,REDONDO BEACH BL,1E+20,0,99999999,999999999,1,1
6,101,10,29,3,15,1,1,0,1,2,3,0,1,0,1,4,1,2,65,1,1,2,1,0,0,0,2,1,0,0,99,99,99,99,0,0,0,0,0,0,1,2,0,62922,0,23,2007,SR-70,1E+20,0,99999999,999999999,1,1
6,107,10,29,3,24,1,2,1,1,12,3,0,8,0,1,1,3,2,70,1,1,2,1,0,0,0,2,1,0,0,99,99,99,99,0,0,0,0,0,0,1,2,0,62923,0,276,2007,SR-99,1E+20,0,99999999,999999999,1,1
6,65,10,29,6,15,1,1,0,0,4,4,0,11,0,1,1,1,2,55,1,1,2,1,0,0,0,2,1,0,0,99,99,99,99,0,0,0,0,0,0,1,2,0,62924,0,0,2007,SIMPSON RD,1E+20,0,99999999,999999999,1,1
6,25,10,29,8,20,5,7,0,0,4,4,0,12,1,3,1,1,2,55,1,1,2,1,40,3,0,1,1,0,0,99,99,99,99,99,99,0,0,0,0,1,2,0,62925,0,0,2007,FORRESTER RD,CADY RD,0,99999999,999999999,5,1
6,29,10,29,10,0,2,4,0,0,13,6,0,12,5,2,1,2,3,40,1,1,9,1,3,3,0,1,1,0,0,99,99,99,99,99,99,0,0,0,0,1,2,0,62926,240,0,2007,CALIFORNIA AVE,MERVYNS PL,0,99999999,999999999,2,1
6,73,10,29,10,10,1,1,0,0,3,3,0,17,0,1,4,1,2,55,2,1,2,1,40,3,0,1,1,0,0,99,99,99,99,0,0,0,0,0,0,1,2,0,62927,0,771,2007,SR-78,1E+20,0,99999999,999999999,1,1
6,99,10,29,20,8,1,2,0,0,6,4,0,1,0,1,6,1,2,55,1,1,2,2,0,0,0,2,1,0,0,99,99,99,99,99,99,0,0,0,0,1,2,0,62928,0,0,2007,HOGAN RD,1E+20,0,99999999,999999999,1,1
6,59,10,29,21,12,2,3,0,0,13,6,0,13,2,1,1,2,3,40,1,2,2,1,0,0,0,3,1,0,0,99,99,99,99,0,0,0,0,0,0,1,2,1,62929,80,0,2007,MAGNOLIA AVE,1E+20,0,99999999,999999999,2,1
6,37,10,30,7,5,3,3,0,1,12,3,0,12,1,1,1,3,6,65,1,1,1,1,0,0,0,1,1,0,0,99,99,99,99,99,99,0,0,0,0,1,3,0,62930,639,113,2007,SR-91,1E+20,0,99999999,999999999,3,1
6,37,10,30,12,12,2,3,1,1,12,3,0,14,9,1,2,3,5,65,2,9,1,1,0,0,0,1,1,0,0,99,99,99,99,99,99,0,0,0,0,1,3,0,62931,1430,197,2007,SR-2,1E+20,0,99999999,999999999,1,1
6,37,10,30,13,35,2,2,0,0,13,6,0,13,4,1,1,2,2,40,2,9,2,1,0,0,0,1,1,0,0,99,99,99,99,99,99,0,0,0,0,1,3,0,62932,1980,0,2007,SEPULVEDA BL,1E+20,0,99999999,999999999,2,1
6,37,10,30,16,5,2,2,0,0,14,4,0,12,7,1,1,1,4,30,1,1,2,1,0,0,0,1,1,0,0,99,99,99,99,99,99,0,0,0,0,1,3,0,62933,0,0,2007,SAN PEDRO ST,1E+20,0,99999999,999999999,2,1
6,73,10,30,16,55,5,13,0,1,11,1,0,12,1,1,1,3,6,65,1,1,1,1,0,0,0,1,1,0,0,99,99,99,99,99,99,0,0,0,0,1,3,0,62934,3260,170,2007,I-15,1E+20,0,99999999,999999999,5,1
6,73,10,30,18,40,2,8,0,0,14,4,0,12,5,2,1,5,4,45,1,2,2,1,0,0,0,3,1,0,0,99,99,99,99,99,99,0,0,0,0,1,3,0,62935,0,0,2007,AVOCADO BL,ANAHEIM DR,0,99999999,999999999,2,1
6,65,10,30,23,0,2,6,0,0,4,4,0,12,2,1,1,5,2,55,2,9,2,1,0,0,0,2,1,0,0,99,99,99,99,0,0,0,0,0,0,1,3,1,62936,0,0,2007,RANCHO CALIFORNIA RD,1E+20,0,99999999,999999999,2,1
6,111,10,30,23,35,2,6,0,1,2,3,0,12,4,1,1,5,4,60,1,1,2,1,0,0,0,3,1,0,0,99,99,99,99,99,99,0,0,0,0,2,3,0,62937,0,146,2007,SR-126,1E+20,0,99999999,999999999,2,1
6,37,10,31,6,45,1,2,1,1,13,3,0,8,0,1,1,2,2,40,1,1,2,1,0,0,0,3,1,0,0,99,99,99,99,0,0,0,0,0,0,1,4,0,62938,2684,148,2007,SR-710 RAMP,1E+20,0,99999999,999999999,1,1
6,23,10,31,8,20,2,5,0,0,3,3,0,12,2,1,1,1,2,55,2,1,2,1,0,0,0,1,1,0,0,99,99,99,99,99,99,0,0,0,0,1,4,0,62939,0,200,2007,SR-36,1E+20,0,99999999,999999999,2,1
6,73,10,31,8,43,1,2,1,0,14,6,0,9,0,1,1,2,1,35,2,2,2,1,0,0,0,1,1,0,0,99,99,99,99,99,99,0,0,0,0,1,4,0,62940,3260,0,2007,CARMEL COUNTRY RD,1E+20,0,99999999,999999999,1,1
6,37,10,31,9,55,2,2,0,0,13,4,0,12,4,2,1,1,4,25,1,1,2,1,3,3,0,1,1,0,0,99,99,99,99,99,99,0,0,0,0,1,4,0,62941,0,0,2007,WHITTIER BL,HERBERT AVE,0,99999999,999999999,2,1
6,59,10,31,15,12,4,5,0,0,13,6,0,12,1,3,1,2,3,40,1,1,2,1,3,3,0,1,1,0,0,99,99,99,99,99,99,0,0,0,0,1,4,0,62942,1410,0,2007,BROOKHURST ST,GARDEN GROVE BL,0,99999999,999999999,4,1
6,71,10,31,18,33,1,2,1,0,14,6,0,9,0,1,1,1,4,50,1,2,9,1,0,0,0,3,1,0,0,99,99,99,99,0,0,0,0,0,0,1,4,0,62943,3210,0,2007,ORANGE SHOW RD,1E+20,0,99999999,999999999,1,1
6,65,10,31,20,22,1,2,1,0,14,6,0,8,0,1,1,5,4,50,1,1,2,1,0,0,0,3,1,0,0,99,99,99,99,99,99,0,16,0,0,1,4,0,62944,612,0,2007,VISTA CHINO RD,AVENIDA TERRAZO,0,99999999,999999999,1,1
6,37,10,31,20,30,2,4,0,0,14,6,0,12,5,2,1,2,3,35,1,1,2,1,3,3,0,3,1,0,0,99,99,99,99,99,99,0,0,0,0,1,4,0,62945,810,0,2007,WILMINGTON AVE,VICTORIA AVE,0,99999999,999999999,2,1
6,37,10,31,20,55,1,2,1,0,13,6,0,8,0,1,1,5,4,35,1,1,2,1,0,0,0,3,1,0,0,99,99,99,99,0,0,0,0,0,0,1,4,0,62946,1980,0,2007,VENTURA BL,1E+20,0,99999999,999999999,1,1
6,71,11,1,1,10,1,2,0,1,12,3,0,41,0,5,4,6,2,65,2,1,1,1,0,0,0,2,1,0,0,99,99,99,99,99,99,0,0,0,0,1,5,1,62947,1605,284,2007,SR-210 RAMP,1E+20,0,99999999,999999999,1,1
6,73,11,1,2,55,1,2,0,1,11,1,0,42,0,1,6,3,2,65,1,1,9,1,0,0,0,3,1,0,0,99,99,99,99,99,99,0,0,0,0,1,5,2,62948,0,227,2007,I-8,1E+20,0,99999999,999999999,1,1
6,45,11,1,6,58,1,2,0,1,2,2,0,1,0,1,1,1,4,65,2,2,2,1,0,0,0,2,5,0,0,99,99,99,99,99,99,0,0,0,0,1,5,0,62949,0,866,2007,US-101,1E+20,0,99999999,999999999,1,5
6,73,11,1,10,25,2,2,0,0,3,3,0,12,4,1,1,1,2,55,2,2,2,1,0,0,0,1,1,0,0,99,99,99,99,99,99,0,0,0,0,1,5,0,62950,2904,157,2007,SR-67,1E+20,0,99999999,999999999,2,1
6,65,11,1,12,27,2,2,0,0,15,6,0,12,1,3,1,5,4,50,1,1,2,1,20,3,0,1,1,0,0,99,99,99,99,99,99,0,0,0,0,1,5,0,62951,1690,0,2007,ARABIA ST,AVE 48,0,99999999,999999999,2,1