STATE,COUNTY,MONTH,DAY,HOUR,MINUTE,VE_TOTAL,PERSONS,PEDS,NHS,ROAD_FNC,ROUTE,SP_JUR,HARM_EV,MAN_COLL,REL_JUNC,REL_ROAD,TRAF_FLO,NO_LANES,SP_LIMIT,ALIGNMNT,PROFILE,PAVE_TYP,SUR_COND,TRA_CONT,T_CONT_F,HIT_RUN,LGT_COND,WEATHER1,WEATHER2,C_M_ZONE,NOT_HOUR,NOT_MIN,ARR_HOUR,ARR_MIN,HOSP_HR,HOSP_MN,SCH_BUS,CF1,CF2,CF3,FATALS,DAY_WEEK,DRUNK_DR,ST_CASE,CITY,MILEPT,YEAR,TWAY_ID,TWAY_ID2,RAIL,LATITUDE,LONGITUD,VE_FORMS,WEATHER
6,25,11,1,14,12,2,3,0,0,4,4,0,12,5,2,1,1,2,55,2,1,2,1,20,3,0,1,1,0,0,99,99,99,99,99,99,0,0,0,0,1,5,0,62952,0,0,2007,BONDS CORNER RD,SNYDER RD,0,99999999,999999999,2,1
6,13,11,1,21,53,1,1,0,1,3,3,0,1,0,1,6,3,2,65,1,2,2,1,0,0,0,2,1,0,0,99,99,99,99,0,0,0,0,0,0,1,5,0,62953,2090,67,2007,SR-4,1E+20,0,99999999,999999999,1,1
6,19,11,2,0,1,2,1,0,0,15,6,0,1,0,1,1,1,4,40,1,1,2,2,0,0,0,3,1,0,0,99,99,99,99,99,99,0,0,0,0,1,6,1,62954,1370,0,2007,GETTYSBURG AVE,1E+20,0,99999999,999999999,1,1
6,37,11,1,22,30,1,2,1,0,13,6,0,8,0,1,1,1,4,35,1,1,2,1,0,0,2,3,1,0,0,99,99,99,99,99,99,0,0,0,0,1,5,0,62955,1980,0,2007,AVALON BLVD,1E+20,0,99999999,999999999,1,1
6,59,11,2,1,48,3,3,0,0,13,6,0,12,5,2,1,1,2,40,1,1,2,1,3,3,0,3,1,0,0,99,99,99,99,0,0,0,0,0,0,1,6,0,62956,1410,0,2007,GARDEN GROVE BLVD,HARBOR BLVD,0,99999999,999999999,3,1
6,19,11,2,5,46,2,5,0,0,4,4,0,12,5,2,1,2,2,55,1,1,2,1,20,3,0,2,5,0,0,99,99,99,99,99,99,0,0,0,0,1,6,0,62957,0,0,2007,MANNING AVE,BETHEL,0,99999999,999999999,2,5
6,1,11,2,6,40,1,1,0,0,12,3,0,24,0,1,4,3,2,65,1,1,2,2,0,0,0,2,5,0,0,99,99,99,99,99,99,0,0,0,0,1,6,0,62958,2480,45,2007,SR-13,1E+20,0,99999999,999999999,1,5
6,79,11,2,9,32,1,1,0,1,12,2,0,35,0,1,4,2,2,65,1,1,2,1,0,0,0,1,5,0,0,99,99,99,99,99,99,0,0,0,0,1,6,0,62959,150,138,2007,US-101,1E+20,0,99999999,999999999,1,5
6,65,11,2,12,45,1,1,0,0,16,6,0,38,0,1,6,1,2,25,1,2,2,1,0,0,0,1,1,0,0,99,99,99,99,99,99,0,0,0,0,1,6,0,62960,3070,0,2007,10TH ST,1E+20,0,99999999,999999999,1,1
6,17,11,2,19,40,1,1,0,0,5,4,0,30,0,1,6,1,2,55,2,1,2,1,0,0,0,2,1,0,0,99,99,99,99,99,99,0,0,0,0,1,6,0,62961,0,0,2007,OMO RANCH RD,1E+20,0,99999999,999999999,1,1
6,61,11,2,22,7,1,3,1,0,14,6,0,8,0,1,1,5,4,35,1,1,2,1,0,0,0,3,1,0,0,99,99,99,99,99,99,0,0,0,0,1,6,1,62962,3110,0,2007,HARDING BLVD,1E+20,0,99999999,999999999,1,1
6,71,11,3,0,55,2,9,1,1,11,1,0,8,0,1,1,3,4,65,1,1,1,1,0,0,0,2,1,0,0,99,99,99,99,0,0,0,0,0,0,1,7,1,62963,1305,152,2007,I-10,1E+20,0,99999999,999999999,2,1
6,5,11,3,1,0,1,1,0,0,4,4,0,42,0,1,6,1,2,55,2,1,2,1,0,0,0,2,1,0,0,99,99,99,99,0,0,0,0,0,0,1,7,0,62964,0,0,2007,CAMANCHE RD,1E+20,0,99999999,999999999,1,1
6,65,11,3,2,29,1,1,0,1,2,3,0,1,0,1,4,2,2,65,1,1,1,1,0,0,0,2,1,0,0,99,99,99,99,0,0,0,0,0,0,1,7,1,62965,0,60,2007,SR-86,1E+20,0,99999999,999999999,1,1
6,65,11,3,2,30,1,3,2,1,11,1,0,8,0,1,2,3,4,70,1,1,1,1,0,0,2,2,1,0,0,99,99,99,99,99,99,0,19,0,0,1,7,1,62966,3851,66,2007,I-15,1E+20,0,99999999,999999999,1,1
6,43,11,3,10,15,2,2,0,0,3,3,0,12,1,1,1,1,2,55,2,1,2,1,0,0,0,1,1,0,0,99,99,99,99,99,99,0,0,0,0,1,7,0,62967,0,268,2007,SR-49,1E+20,0,99999999,999999999,2,1
6,37,11,3,11,30,1,1,0,1,12,2,0,25,0,1,3,3,6,55,1,1,2,1,0,0,0,1,1,0,0,99,99,99,99,99,99,0,0,0,0,1,7,0,62968,1980,102,2007,US-101,1E+20,0,99999999,999999999,1,1
6,87,11,3,14,36,1,3,0,0,6,4,0,17,0,1,6,1,2,25,2,1,2,1,0,0,0,1,1,0,0,99,99,99,99,99,99,0,0,0,0,2,7,1,62969,0,0,2007,LAUREL GLEN RD,1E+20,0,99999999,999999999,1,1
6,13,11,3,15,25,2,6,0,0,4,4,0,12,3,2,1,1,2,35,1,1,2,1,0,0,0,1,1,0,0,99,99,99,99,99,99,0,14,0,0,1,7,1,62970,0,0,2007,ALHAMBRA VALLEY RD,VALLEY ORCHARD CT,0,99999999,999999999,2,1
6,39,11,3,16,5,2,5,0,0,4,4,0,12,2,1,1,1,2,55,1,1,2,1,0,0,0,1,1,0,0,99,99,99,99,99,99,0,0,0,0,2,7,1,62971,0,0,2007,AVE 12,1E+20,0,99999999,999999999,2,1
6,17,11,3,16,36,1,1,0,0,4,3,0,1,0,1,4,1,2,55,2,1,2,1,0,0,0,1,1,0,0,99,99,99,99,0,0,0,0,0,0,1,7,1,62972,0,184,2007,SR-193,1E+20,0,99999999,999999999,1,1
6,37,11,3,19,0,2,5,0,0,13,6,0,12,1,3,1,9,6,40,1,1,2,1,3,3,0,3,1,0,0,99,99,99,99,99,99,0,0,0,0,1,7,0,62973,1980,0,2007,MARTIN LUTHER KG JR,COLISEUM ST,0,99999999,999999999,2,1
6,99,11,3,22,30,1,1,0,0,4,4,0,43,0,1,2,1,2,50,1,1,2,1,0,0,0,2,1,0,2,99,99,99,99,99,99,0,0,0,0,1,7,1,62974,0,0,2007,SERVICE RD,1E+20,0,99999999,999999999,1,1
6,37,11,3,22,57,1,5,0,1,11,1,0,24,0,1,4,3,4,65,1,1,2,1,0,0,0,2,1,0,0,99,99,99,99,99,99,0,0,0,0,1,7,1,62975,1045,90,2007,I-5,1E+20,0,99999999,999999999,1,1
6,37,11,3,23,35,2,3,0,0,14,6,0,12,4,1,1,1,4,45,1,1,2,1,0,0,0,2,1,0,0,99,99,99,99,99,99,0,0,0,0,1,7,0,62976,1980,0,2007,PALISADES DR,1E+20,0,99999999,999999999,2,1
6,19,11,4,0,59,2,8,0,1,2,3,0,12,2,1,1,1,2,55,1,1,2,1,0,0,1,2,1,0,0,99,99,99,99,99,99,0,0,0,0,2,1,0,62977,0,49,2007,SR-41,1E+20,0,99999999,999999999,2,1
6,37,11,4,1,15,1,2,1,1,11,1,0,15,0,1,1,3,5,55,1,1,1,1,0,0,0,2,1,0,0,99,99,99,99,99,99,0,0,0,0,1,1,0,62978,1980,171,2007,I-10,1E+20,0,99999999,999999999,1,1
6,53,11,4,1,49,1,3,0,0,14,6,0,33,0,3,4,1,4,45,1,1,2,1,3,3,0,3,1,0,0,99,99,99,99,99,99,0,0,0,0,1,1,1,62979,3180,0,2007,E LAUREL DR,NATIVIDAD RD,0,99999999,999999999,1,1
6,37,11,4,3,5,2,6,0,1,11,1,0,12,2,1,1,3,3,65,1,1,1,1,0,0,0,2,5,0,0,99,99,99,99,99,99,0,0,0,0,1,1,1,62980,3470,32,2007,I-10,1E+20,0,99999999,999999999,2,5
6,13,11,4,3,40,1,3,1,1,11,1,0,8,0,1,1,3,4,65,1,1,2,1,0,0,0,2,1,0,0,99,99,99,99,99,99,0,0,0,0,1,1,0,62981,3010,34,2007,I-580,1E+20,0,99999999,999999999,1,1
6,107,11,4,4,30,2,2,0,0,6,4,0,14,2,1,7,1,2,55,1,1,2,1,0,0,0,2,1,0,0,99,99,99,99,99,99,0,0,0,0,1,1,0,62982,0,0,2007,ROAD 56,1E+20,0,99999999,999999999,1,1
6,25,11,4,8,20,3,8,0,1,2,3,0,12,5,2,1,2,2,65,1,1,2,1,20,3,0,1,1,0,0,99,99,99,99,99,99,0,0,0,0,2,1,0,62983,0,621,2007,SR-86,NORM NIVER RD,0,99999999,999999999,3,1
6,85,11,4,10,22,1,1,0,1,11,1,0,1,0,1,1,3,4,65,1,1,2,1,0,0,0,1,1,0,0,99,99,99,99,99,99,0,0,0,0,1,1,1,62984,2182,67,2007,I-680,1E+20,0,99999999,999999999,1,1
6,37,11,4,12,20,2,7,0,0,14,6,0,12,5,2,1,1,4,40,1,1,2,1,3,3,0,1,1,0,0,99,99,99,99,99,99,0,0,0,0,1,1,0,62985,1980,0,2007,PLUMMER ST,HASKELL ST,0,99999999,999999999,2,1
6,113,11,4,13,10,1,1,0,1,11,1,0,35,0,3,4,6,3,35,1,1,2,1,3,3,0,1,1,0,0,99,99,99,99,99,99,0,0,0,0,1,1,1,62986,4163,90,2007,I-80 RAMP,ENTERPRISE BLVD,0,99999999,999999999,1,1
6,29,11,4,13,53,2,2,0,0,6,4,0,12,5,2,1,1,2,15,1,1,2,1,0,0,0,1,1,0,0,99,99,99,99,0,0,0,0,0,0,1,1,0,62987,0,0,2007,BUENA VISTA ST,SHATTUCK AVE,0,99999999,999999999,2,1
6,65,11,4,16,7,2,2,0,0,14,6,0,12,5,2,1,1,2,45,1,1,2,1,20,3,1,1,1,0,0,99,99,99,99,0,0,0,0,0,0,1,1,1,62988,1160,0,2007,LAKESHORE DR,AVE 6,0,99999999,999999999,2,1
6,37,11,4,17,10,2,2,0,0,4,4,0,12,2,1,1,1,2,55,2,1,2,1,0,0,0,5,1,0,0,99,99,99,99,99,99,0,0,0,0,1,1,0,62989,0,0,2007,SOLEDAD CANYON RD,1E+20,0,99999999,999999999,2,1
6,65,11,4,18,50,3,5,0,0,13,6,0,12,5,1,1,5,4,45,1,1,2,9,0,0,0,3,1,0,0,99,99,99,99,99,99,0,0,0,0,1,1,0,62990,3070,0,2007,ARLINGTON AVE,1E+20,0,99999999,999999999,3,1
6,37,11,4,19,58,1,1,0,0,13,6,0,33,0,1,3,2,2,40,2,2,2,1,0,0,0,2,1,0,0,99,99,99,99,0,0,0,0,0,0,1,1,1,62991,4190,0,2007,COLIMA RD,1E+20,0,99999999,999999999,1,1
6,85,11,4,20,32,1,3,2,0,14,6,0,8,0,1,1,1,4,35,1,1,2,1,0,0,0,3,1,0,0,99,99,99,99,99,99,0,0,0,0,2,1,0,62992,3340,0,2007,4TH ST,1E+20,0,99999999,999999999,1,1
6,37,11,4,20,45,1,1,0,0,13,3,0,24,0,1,4,1,4,55,2,1,2,1,0,0,0,2,1,0,0,99,99,99,99,0,0,0,0,0,0,1,1,1,62993,1970,0,2007,SR-1,1E+20,0,99999999,999999999,1,1
6,29,11,5,4,46,2,3,1,0,13,6,0,8,0,1,1,9,3,35,1,1,2,1,0,0,0,2,1,0,0,99,99,99,99,0,0,0,0,0,0,1,2,0,62994,240,0,2007,UNION AVE,1E+20,0,99999999,999999999,2,1
6,37,11,5,13,5,2,2,0,0,6,4,0,12,5,2,1,1,2,55,1,1,2,1,20,3,0,1,1,0,0,99,99,99,99,99,99,0,0,0,0,1,2,0,62995,0,0,2007,102ND ST,AVE R-6,0,99999999,999999999,2,1
6,19,11,5,16,40,2,2,0,0,13,4,0,12,1,1,1,2,2,65,1,1,2,1,0,0,0,5,1,0,0,99,99,99,99,0,0,0,0,0,0,1,2,0,62996,0,0,2007,JENSEN AVE,1E+20,0,99999999,999999999,2,1
6,73,11,5,16,58,2,3,0,0,14,6,0,12,5,2,1,1,4,40,1,1,2,1,3,3,0,2,1,0,0,99,99,99,99,99,99,0,0,0,0,1,2,2,62997,710,0,2007,4TH AVE,ANITA ST,0,99999999,999999999,2,1
6,29,11,5,22,48,2,2,0,0,13,6,0,12,5,2,1,2,2,45,1,1,2,1,3,3,0,3,1,0,0,99,99,99,99,0,0,0,0,0,0,1,2,1,62998,240,0,2007,WHITE LN,MONITOR ST,0,99999999,999999999,2,1
6,99,11,6,11,50,1,2,0,0,14,6,0,33,0,1,4,5,2,40,1,1,2,1,0,0,0,1,1,0,0,99,99,99,99,99,99,0,0,0,0,1,3,0,62999,2200,0,2007,SISK RD,1E+20,0,99999999,999999999,1,1
6,107,11,7,16,11,2,5,0,0,14,6,0,12,5,2,1,2,2,35,1,1,2,1,20,3,0,1,1,0,0,99,99,99,99,99,99,0,0,0,0,1,4,0,63000,4050,0,2007,MOONEY BL,HOUSTON AVE,0,99999999,999999999,2,1
6,37,11,7,18,0,1,2,1,0,13,6,0,8,0,1,1,1,6,35,1,1,2,1,0,0,0,2,1,0,0,99,99,99,99,99,99,0,0,0,0,1,4,0,63001,1980,0,2007,IMPERIAL HWY,1E+20,0,99999999,999999999,1,1
6,13,11,8,1,13,4,6,0,1,11,1,0,12,1,1,1,3,4,65,1,1,1,1,0,0,0,2,1,0,0,99,99,99,99,0,0,0,0,0,0,1,5,1,63002,3412,12,2007,I-680,1E+20,0,99999999,999999999,4,1
6,67,11,8,4,48,9,11,0,1,12,3,0,29,0,1,4,3,5,65,2,2,2,1,0,0,1,2,1,0,0,99,99,99,99,0,0,0,0,0,0,1,5,0,63003,3150,228,2007,SR-99,1E+20,0,99999999,999999999,9,1
6,107,11,8,11,55,3,3,0,0,3,3,0,12,5,2,1,2,2,60,1,1,2,1,20,3,0,1,1,0,0,99,99,99,99,0,0,0,0,0,0,1,5,0,63004,0,30,2007,SR-63,AVENUE 256,0,99999999,999999999,3,1
6,95,11,9,5,10,2,4,0,1,11,1,0,12,1,1,1,3,4,65,1,1,1,1,0,0,0,2,1,0,0,99,99,99,99,99,99,0,0,0,0,2,6,0,63005,0,445,2007,I-80,1E+20,0,99999999,999999999,2,1
6,71,11,9,6,30,2,3,0,1,11,1,0,12,1,1,1,3,3,70,1,1,2,1,0,0,0,1,1,0,0,99,99,99,99,99,99,0,0,0,0,1,6,0,63006,4040,377,2007,I-15,1E+20,0,99999999,999999999,2,1
6,37,11,9,10,0,2,3,0,0,14,6,0,12,2,1,1,1,2,25,1,1,2,1,0,0,0,1,1,0,0,99,99,99,99,99,99,0,0,0,0,1,6,0,63007,1980,0,2007,COMPTON AVE,1E+20,0,99999999,999999999,2,1
6,73,11,9,14,11,2,1,0,0,15,6,0,33,0,1,4,5,3,35,1,1,2,1,0,0,0,1,1,0,0,99,99,99,99,0,0,0,0,0,0,1,6,0,63008,3260,0,2007,FEDERAL BL,1E+20,0,99999999,999999999,1,1
6,29,11,10,5,38,2,4,0,0,16,6,0,12,5,2,1,1,2,55,1,1,2,1,0,0,0,2,1,0,0,99,99,99,99,99,99,0,0,0,0,1,7,0,63009,240,0,2007,7TH STANDARD RD,RUDD RD,0,99999999,999999999,2,1
6,71,11,10,11,17,2,3,0,0,3,3,0,1,0,1,1,1,2,55,2,2,2,1,0,0,0,1,1,0,0,99,99,99,99,0,0,0,0,0,0,1,7,0,63010,0,305,2007,SR-38,1E+20,0,99999999,999999999,2,1
6,33,11,10,13,30,2,5,0,1,2,3,0,12,2,1,1,1,2,55,2,1,2,2,0,0,0,1,2,0,0,99,99,99,99,99,99,0,0,0,0,1,7,0,63011,0,34,2007,SR-20,1E+20,0,99999999,999999999,2,2
6,17,11,10,15,23,2,4,0,0,3,4,0,12,4,1,2,1,2,40,1,2,2,2,0,0,0,1,2,0,0,99,99,99,99,99,99,0,0,0,0,1,7,0,63012,0,0,2007,GREEN VALLEY RD,1E+20,0,99999999,999999999,2,2
6,73,11,10,19,10,2,3,0,0,15,6,0,12,7,1,1,1,2,35,1,1,2,1,0,0,1,3,1,0,0,99,99,99,99,99,99,0,0,0,0,1,7,1,63013,1820,0,2007,BANCROFT DR,1E+20,0,99999999,999999999,2,1
6,73,11,10,20,35,3,9,0,1,1,1,0,12,1,1,1,3,4,70,1,1,1,1,0,0,0,2,1,0,0,99,99,99,99,99,99,0,0,0,0,1,7,0,63014,0,428,2007,I-15,1E+20,0,99999999,999999999,3,1
6,37,11,10,23,35,2,3,0,1,12,3,0,25,0,1,3,3,5,65,1,1,1,1,99,9,0,2,1,0,1,99,99,99,99,99,99,0,0,0,0,1,7,1,63015,810,88,2007,SR-91,1E+20,0,99999999,999999999,2,1
6,37,11,10,23,55,2,2,0,0,13,6,0,1,0,1,1,5,4,35,1,1,2,1,0,0,1,3,1,0,0,99,99,99,99,0,0,0,0,0,0,1,7,2,63016,1980,0,2007,LANKERSHIM BL,1E+20,0,99999999,999999999,2,1
6,73,11,11,22,0,2,2,0,1,11,1,0,12,7,1,1,3,4,65,1,1,1,2,0,0,1,3,1,0,0,99,99,99,99,99,99,0,0,0,0,1,1,0,63017,2340,114,2007,I-5,1E+20,0,99999999,999999999,2,1
6,97,11,12,1,15,2,2,0,0,4,4,0,13,4,1,1,2,1,50,2,2,2,1,0,0,0,2,1,0,0,99,99,99,99,99,99,0,0,0,0,1,2,1,63018,0,0,2007,ARNOLD DR,1E+20,0,99999999,999999999,2,1
6,79,11,12,14,50,2,6,0,0,3,3,0,12,2,1,1,1,2,55,1,2,2,1,0,0,0,1,1,0,0,99,99,99,99,99,99,0,0,0,0,1,2,0,63019,0,480,2007,SR-1,1E+20,0,99999999,999999999,2,1
6,37,11,12,19,24,2,2,0,0,14,6,0,1,0,2,1,1,4,30,1,1,2,1,20,3,1,3,1,0,0,99,99,99,99,99,99,0,0,0,0,1,2,0,63020,1670,0,2007,GAGE AVE,MIDDLETON ST,0,99999999,999999999,2,1
6,65,11,13,1,20,2,2,0,1,1,1,0,12,1,1,1,2,2,70,1,1,2,1,0,0,0,2,1,0,0,99,99,99,99,99,99,0,0,0,0,1,3,0,63021,410,1442,2007,I-10,1E+20,0,99999999,999999999,2,1
6,65,11,13,1,21,2,2,0,1,1,1,0,12,1,1,1,2,2,70,1,1,2,1,0,0,0,2,1,0,0,99,99,99,99,99,99,0,19,0,0,1,3,0,63022,410,1444,2007,I-10,1E+20,0,99999999,999999999,2,1
6,67,11,13,10,23,2,2,0,0,13,6,0,12,7,1,1,2,4,40,1,1,2,1,0,0,0,1,1,0,0,99,99,99,99,99,99,0,0,0,0,1,3,0,63023,712,0,2007,AUBURN BL,1E+20,0,99999999,999999999,2,1
6,37,11,13,13,0,2,2,0,0,14,6,0,12,7,1,1,1,4,25,1,1,2,1,0,0,0,1,1,0,0,99,99,99,99,99,99,0,0,0,0,1,3,0,63024,305,0,2007,BELLFLOWER BL,ARKANSAS ST,0,99999999,999999999,2,1
6,83,11,13,13,8,1,6,0,1,12,3,0,33,0,1,4,3,2,65,2,2,2,1,0,0,0,1,1,0,0,99,99,99,99,99,99,0,0,0,0,1,3,0,63025,0,272,2007,SR-1,1E+20,0,99999999,999999999,1,1
6,43,11,13,15,30,1,2,0,0,4,4,0,36,0,1,4,1,2,55,2,2,2,1,0,0,0,1,1,0,0,99,99,99,99,99,99,0,0,0,0,1,3,0,63026,0,0,2007,BEAR VALLEY RD,1E+20,0,99999999,999999999,1,1
6,95,11,13,17,45,2,2,0,0,14,6,0,1,0,1,1,2,2,40,1,1,2,1,0,0,0,3,1,0,0,99,99,99,99,99,99,0,0,0,0,1,3,0,63027,4010,0,2007,ALAMO DR,1E+20,0,99999999,999999999,2,1
6,71,11,13,18,44,1,3,1,0,14,6,0,8,0,1,1,1,4,45,1,1,2,1,0,0,0,3,1,0,0,99,99,99,99,99,99,0,0,0,0,1,3,0,63028,2550,0,2007,WALNUT ST,1E+20,0,99999999,999999999,1,1
6,59,11,13,19,46,1,2,1,0,13,3,0,8,0,1,1,2,4,45,1,1,2,1,0,0,0,3,1,0,0,99,99,99,99,0,0,0,0,0,0,1,3,0,63029,80,129,2007,SR-39,1E+20,0,99999999,999999999,1,1
6,77,11,13,23,55,1,3,2,0,13,3,0,8,0,1,1,5,4,40,1,1,2,1,0,0,0,3,1,0,0,99,99,99,99,99,99,0,0,0,0,1,3,2,63030,0,2,2007,SR-88,1E+20,0,99999999,999999999,1,1
6,65,11,14,6,0,2,2,0,0,13,4,0,12,5,2,1,2,2,60,1,1,2,1,3,3,0,3,1,0,0,99,99,99,99,99,99,0,0,0,0,1,4,0,63031,0,0,2007,VAN BUREN BL,RUTILE ST,0,99999999,999999999,2,1
6,37,11,14,13,0,2,6,0,0,13,6,0,12,5,1,1,5,4,35,1,1,2,1,0,0,0,1,1,0,0,99,99,99,99,99,99,0,0,0,0,1,4,0,63032,1980,0,2007,WOODMAN AVE,1E+20,0,99999999,999999999,2,1
6,73,11,14,13,58,1,2,1,0,13,6,0,15,0,2,1,4,4,35,1,1,2,1,2,3,0,1,1,0,0,99,99,99,99,99,99,0,0,0,0,1,4,0,63033,1200,0,2007,VALLEY PKWY,ESCONDIDO BL,0,99999999,999999999,1,1
6,37,11,14,15,5,1,1,0,0,13,6,0,33,0,1,4,1,4,40,1,1,9,1,41,3,0,1,1,0,0,99,99,99,99,0,0,0,0,0,0,1,4,0,63034,1980,0,2007,SAN FERNANDO RD,1E+20,0,99999999,999999999,1,1
6,37,11,14,15,54,1,2,1,0,6,4,0,9,0,3,1,2,2,40,1,1,2,1,3,3,0,1,1,0,0,99,99,99,99,99,99,0,0,0,0,1,4,0,63035,0,0,2007,STEVENSON RANCH PKWY,PICO CANYON RD,0,99999999,999999999,1,1
6,7,11,14,18,50,1,2,1,0,15,4,0,8,0,1,1,1,2,40,1,1,2,1,0,0,0,2,1,0,0,99,99,99,99,99,99,0,0,0,0,1,4,1,63036,0,0,2007,LINCOLN BL,1E+20,0,99999999,999999999,1,1
6,73,11,15,10,16,2,2,0,0,14,6,0,12,5,2,1,2,2,45,1,2,2,1,20,3,0,1,1,0,0,99,99,99,99,99,99,0,0,0,0,1,5,0,63037,3260,0,2007,POMERADO RD,POMERADO CT,0,99999999,999999999,2,1
6,79,11,15,20,10,2,4,0,0,3,3,0,12,4,1,1,1,2,55,2,1,2,1,40,3,0,2,1,0,0,99,99,99,99,99,99,0,0,0,0,3,5,3,63038,0,27,2007,SR-58,1E+20,0,99999999,999999999,2,1
6,45,11,16,16,58,2,4,0,1,2,2,0,13,2,1,1,2,2,65,1,1,1,1,0,0,0,1,1,0,0,99,99,99,99,99,99,0,0,0,0,1,6,0,63039,0,291,2007,US-101,1E+20,0,99999999,999999999,2,1
6,37,11,16,17,40,1,2,1,0,14,6,0,8,0,3,1,1,4,45,1,2,2,1,20,3,0,3,1,0,0,99,99,99,99,99,99,0,0,0,0,1,6,0,63040,1825,0,2007,SANTA GERTRUDES AVE,SILVERGROVE DR,0,99999999,999999999,1,1
6,71,11,16,18,50,1,1,0,0,4,4,0,1,0,1,4,1,2,55,2,1,2,1,0,0,0,2,1,0,0,99,99,99,99,0,0,0,0,0,0,1,6,0,63041,0,0,2007,GOFFS,1E+20,0,99999999,999999999,1,1
6,65,11,16,21,16,2,3,0,0,14,6,0,12,4,1,1,1,4,40,1,1,2,1,0,0,0,3,1,0,0,99,99,99,99,99,99,0,0,0,0,1,6,0,63042,3070,0,2007,OLIVEWOOD AVE,1E+20,0,99999999,999999999,2,1
6,53,11,16,21,23,1,1,0,0,6,4,0,43,0,1,4,1,2,55,2,2,2,1,0,0,0,2,5,0,0,99,99,99,99,0,0,0,0,0,0,1,6,0,63043,0,0,2007,MOLERA RD,1E+20,0,99999999,999999999,1,5
6,65,11,16,22,15,1,4,1,0,13,4,0,8,0,2,1,1,2,45,1,1,2,1,0,0,0,3,1,0,0,99,99,99,99,99,99,0,0,0,0,1,6,1,63044,0,0,2007,LIMONITE AVE,HOMESTEAD ST,0,99999999,999999999,1,1
6,99,11,17,8,37,3,4,0,0,5,4,0,12,8,1,1,1,2,55,1,1,2,1,0,0,0,1,5,0,0,99,99,99,99,99,99,0,0,0,0,2,7,0,63045,0,0,2007,JENNINGS RD,1E+20,0,99999999,999999999,3,5
6,99,11,17,15,16,2,5,0,0,16,6,0,12,5,2,1,1,2,25,1,1,2,1,20,3,0,1,1,0,0,99,99,99,99,99,99,0,0,0,0,1,7,0,63046,2200,0,2007,COLFAX AVE,HADDON AVE,0,99999999,999999999,2,1
6,25,11,17,15,25,1,3,0,0,3,3,0,10,0,6,1,1,2,65,1,1,2,1,60,3,0,1,1,0,0,99,99,99,99,99,99,0,0,0,0,3,7,0,63047,0,411,2007,SR-78,1E+20,760753C,99999999,999999999,1,1
6,113,11,17,16,45,3,8,0,1,1,1,0,12,5,13,1,6,1,70,1,1,2,1,20,3,0,5,1,0,2,99,99,99,99,99,99,0,0,0,0,1,7,0,63048,0,1,2007,I-505 RAMP,RUSSELL BL,0,99999999,999999999,3,1
6,71,11,17,17,15,1,3,1,0,14,6,0,8,0,3,1,1,4,35,1,1,2,1,2,3,0,5,1,0,0,99,99,99,99,99,99,0,0,0,0,1,7,0,63049,3210,0,2007,HIGHLAND AVE,G ST,0,99999999,999999999,1,1
6,37,11,17,18,12,1,2,1,0,14,4,0,8,0,1,1,1,4,40,1,1,2,1,0,0,0,3,1,0,0,99,99,99,99,99,99,0,0,0,0,1,7,1,63050,0,0,2007,CITRUS AVE,1E+20,0,99999999,999999999,1,1
6,71,11,17,19,36,2,4,0,0,16,6,0,12,5,2,1,9,9,55,9,9,2,1,9,3,0,3,1,0,0,99,99,99,99,99,99,0,0,0,0,1,7,1,63051,4040,0,2007,PALMDALE RD,DIAMOND RD,0,99999999,999999999,2,1
6,37,11,17,19,45,2,3,0,1,11,1,0,12,7,1,1,3,4,55,1,2,1,1,0,0,0,2,1,0,0,99,99,99,99,0,0,0,0,0,0,1,7,0,63052,0,484,2007,I-5,1E+20,0,99999999,999999999,2,1
6,47,11,17,21,14,1,2,0,0,15,4,0,10,0,6,1,1,2,55,1,1,2,1,61,3,0,3,1,0,0,99,99,99,99,99,99,0,0,0,0,1,7,0,63053,0,0,2007,SHAFFER RD,1E+20,028705X,99999999,999999999,1,1
6,31,11,17,21,55,1,9,0,0,4,4,0,35,0,3,6,1,2,55,1,1,2,1,20,3,0,2,1,0,0,99,99,99,99,99,99,0,0,0,0,7,7,1,63054,0,0,2007,UTICA AVE,6TH AVE,0,99999999,999999999,1,1
6,71,11,18,3,47,1,4,0,0,13,6,0,33,0,1,4,5,4,50,2,1,2,1,0,0,0,3,5,0,0,99,99,99,99,99,99,0,0,0,0,1,1,0,63055,2550,0,2007,MOUNTAIN AVE,1E+20,0,99999999,999999999,1,5