STATE,COUNTY,MONTH,DAY,HOUR,MINUTE,VE_TOTAL,PERSONS,PEDS,NHS,ROAD_FNC,ROUTE,SP_JUR,HARM_EV,MAN_COLL,REL_JUNC,REL_ROAD,TRAF_FLO,NO_LANES,SP_LIMIT,ALIGNMNT,PROFILE,PAVE_TYP,SUR_COND,TRA_CONT,T_CONT_F,HIT_RUN,LGT_COND,WEATHER1,WEATHER2,C_M_ZONE,NOT_HOUR,NOT_MIN,ARR_HOUR,ARR_MIN,HOSP_HR,HOSP_MN,SCH_BUS,CF1,CF2,CF3,FATALS,DAY_WEEK,DRUNK_DR,ST_CASE,CITY,MILEPT,YEAR,TWAY_ID,TWAY_ID2,RAIL,LATITUDE,LONGITUD,VE_FORMS,WEATHER
6,71,11,18,4,0,2,1,0,1,1,1,0,14,1,5,4,6,1,70,1,1,1,1,0,0,0,2,1,0,0,99,99,99,99,99,99,0,0,0,0,1,1,0,63056,0,202,2007,I-15 RAMP,1E+20,0,99999999,999999999,1,1
6,77,11,18,5,40,1,1,0,0,2,3,0,33,0,1,4,5,2,30,1,1,2,2,0,0,0,3,5,0,0,99,99,99,99,0,0,0,0,0,0,1,1,0,63057,1190,537,2007,SR-120,1E+20,0,99999999,999999999,1,5
6,71,11,18,8,40,3,3,0,1,3,3,0,12,8,1,1,5,4,65,2,2,2,1,0,0,0,1,1,0,0,99,99,99,99,0,0,0,0,0,0,1,1,0,63058,0,46,2007,SR-62,1E+20,0,99999999,999999999,3,1
6,73,11,18,9,0,1,2,0,0,12,3,0,36,0,1,6,9,4,65,1,1,1,1,0,0,0,1,1,0,0,99,99,99,99,0,0,0,0,0,0,2,1,0,63059,3260,114,2007,SR-163,1E+20,0,99999999,999999999,1,1
6,47,11,18,19,45,2,2,0,0,4,4,0,12,4,1,1,1,2,55,2,1,2,1,40,3,0,2,1,0,0,99,99,99,99,99,99,0,0,0,0,1,1,1,63060,0,0,2007,SANTA FE DR,1E+20,0,99999999,999999999,2,1
6,73,11,19,0,13,1,1,0,1,12,3,0,1,0,1,4,3,3,65,1,1,2,2,0,0,0,2,5,0,0,99,99,99,99,0,0,0,0,0,0,1,2,1,63061,4060,82,2007,SR-78,1E+20,0,99999999,999999999,1,5
6,21,11,19,0,40,1,4,0,0,4,4,0,35,0,1,6,1,2,55,1,1,2,1,0,0,0,2,1,0,0,99,99,99,99,99,99,0,0,0,0,1,2,1,63062,0,0,2007,CR-306,1E+20,0,99999999,999999999,1,1
6,1,11,19,1,17,1,2,1,0,13,6,0,8,0,2,1,9,9,30,1,1,2,1,0,0,2,2,1,0,0,99,99,99,99,0,0,0,0,0,0,1,2,0,63063,2480,0,2007,GRAND AVE,LENOX AVE,0,99999999,999999999,1,1
6,71,5,3,22,40,2,2,0,0,14,6,0,12,7,1,1,5,4,40,1,2,2,1,0,0,1,3,1,0,0,99,99,99,99,0,0,0,0,0,0,1,5,0,63064,3210,0,2007,HIGHLAND AVE,1E+20,0,99999999,999999999,2,1
6,99,5,16,15,29,1,2,1,0,6,4,0,9,0,1,2,1,2,55,1,1,2,1,0,0,0,1,1,0,0,99,99,99,99,99,99,0,0,0,0,1,4,0,63065,0,0,2007,ROHDE RD,1E+20,0,99999999,999999999,1,1
6,73,9,18,17,15,2,2,0,0,3,4,0,12,5,1,1,1,2,50,1,1,2,1,0,0,0,1,1,0,0,99,99,99,99,99,99,0,0,0,0,1,3,0,63066,0,0,2007,VALLEY CENTER RD,1E+20,0,99999999,999999999,2,1
6,71,9,18,22,48,2,2,0,0,6,4,0,12,5,1,1,1,2,35,1,1,2,1,0,0,0,2,1,0,0,99,99,99,99,99,99,0,0,0,0,1,3,0,63067,0,0,2007,ALMOND AVE,1E+20,0,99999999,999999999,2,1
6,73,9,20,5,23,3,5,0,1,11,1,0,39,0,1,6,3,4,65,1,1,1,2,0,0,0,3,2,0,0,99,99,99,99,99,99,0,14,0,0,1,5,0,63068,2340,110,2007,I-805,1E+20,0,99999999,999999999,3,2
6,97,9,20,10,5,3,3,0,0,3,3,0,12,2,2,1,5,4,50,1,1,2,2,0,0,0,1,1,0,0,99,99,99,99,99,99,0,0,0,0,1,5,0,63069,0,57,2007,SR-121,SR-12,0,99999999,999999999,3,1
6,37,9,20,11,30,2,3,0,0,14,4,0,12,5,1,1,1,4,40,1,1,1,1,3,3,0,1,1,0,0,99,99,99,99,99,99,0,0,0,0,1,5,1,63070,0,0,2007,NORMANDIE AVE,1E+20,0,99999999,999999999,2,1
6,37,9,27,22,0,5,1,0,0,14,6,0,33,0,1,4,1,4,35,1,1,2,1,0,0,0,2,1,0,0,99,99,99,99,0,0,0,0,0,0,1,5,1,63071,1980,0,2007,HASKELL AVE,1E+20,0,99999999,999999999,1,1
6,1,9,28,2,48,3,4,0,1,11,1,0,12,1,1,1,3,3,65,1,1,2,1,0,0,0,2,1,0,0,99,99,99,99,99,99,0,19,0,0,1,6,1,63072,2840,164,2007,I-680,1E+20,0,99999999,999999999,3,1
6,77,9,28,21,45,2,3,0,0,15,4,0,12,8,1,1,1,2,55,1,1,2,1,0,0,0,2,1,0,0,99,99,99,99,99,99,0,0,0,0,1,6,1,63073,0,0,2007,SANTA FE RD,1E+20,0,99999999,999999999,2,1
6,65,9,28,99,99,1,1,0,0,16,6,0,25,0,2,3,2,2,25,1,1,2,1,20,3,0,3,1,0,0,99,99,99,99,99,99,0,0,0,0,1,6,1,63074,612,0,2007,VENTURA DR,AVENIDA QUINTANA,0,99999999,999999999,1,1
6,29,2,19,9,35,2,3,0,1,12,3,0,12,2,1,1,2,2,65,1,9,2,3,0,0,0,1,1,0,0,99,99,99,99,99,99,0,0,0,0,1,2,0,63075,0,940,2007,SR-58,1E+20,0,99999999,999999999,2,1
6,37,9,8,12,45,2,3,0,1,11,1,0,12,3,1,1,3,4,65,1,1,1,1,0,0,0,1,1,0,0,99,99,99,99,99,99,0,0,0,0,1,7,0,63076,3455,19,2007,I-5,1E+20,0,99999999,999999999,2,1
6,37,9,10,17,50,1,1,0,0,13,6,0,1,0,2,1,1,6,35,1,1,2,1,3,3,0,5,1,0,0,99,99,99,99,99,99,0,0,0,0,1,2,0,63077,1550,0,2007,ROSECRANS AVE,PRAIRIE AVE,0,99999999,999999999,1,1
6,71,9,14,9,20,1,1,0,1,1,1,0,1,0,1,6,2,2,70,1,1,2,1,0,0,0,1,1,0,0,99,99,99,99,0,0,0,0,0,0,1,6,0,63078,260,1042,2007,I-15,1E+20,0,99999999,999999999,1,1
6,37,9,14,18,30,1,2,1,0,13,6,0,8,0,3,1,1,4,35,1,9,2,1,9,3,0,1,1,0,0,99,99,99,99,99,99,0,0,0,0,1,6,0,63079,2700,0,2007,COLORADO BL,ELNIDO AVE,0,99999999,999999999,1,1
6,81,10,3,2,7,2,3,0,1,12,2,0,12,5,1,1,2,4,65,1,9,2,1,0,0,0,2,1,0,0,99,99,99,99,99,99,0,19,0,0,1,4,0,63080,2140,18,2007,US-101,1E+20,0,99999999,999999999,2,1
6,39,10,19,11,46,2,3,0,0,14,6,0,12,5,2,1,1,4,30,1,1,2,1,3,3,0,1,1,0,0,99,99,99,99,99,99,0,0,0,0,1,6,0,63081,2050,0,2007,YOSEMITE AVE,C ST,0,99999999,999999999,2,1
6,85,10,29,17,39,1,3,0,0,16,6,0,33,0,1,4,1,2,25,1,2,2,2,0,0,0,1,1,0,1,99,99,99,99,99,99,0,0,0,0,1,2,0,63082,3520,0,2007,CHIQUITA WY,1E+20,0,99999999,999999999,1,1
6,37,10,30,5,45,1,2,1,0,13,6,0,8,0,3,1,1,6,35,1,1,2,1,3,3,0,3,1,0,0,99,99,99,99,99,99,0,0,0,0,1,3,0,63083,1980,0,2007,WILSHIRE BL,ALEXANDRIA AVE,0,99999999,999999999,1,1
6,37,11,3,19,57,1,1,0,0,15,6,0,33,0,1,4,1,4,25,2,2,2,1,0,0,0,2,5,0,0,99,99,99,99,99,99,0,0,0,0,1,7,0,63084,2240,0,2007,HOWARD AVE,1E+20,0,99999999,999999999,1,5
6,39,11,14,17,40,2,2,0,1,12,3,0,12,7,1,1,2,2,55,1,1,2,1,0,0,0,1,1,0,0,99,99,99,99,99,99,0,0,0,0,1,4,0,63085,0,254,2007,SR-99,1E+20,0,99999999,999999999,2,1
6,37,11,16,16,10,2,2,0,0,15,4,0,12,4,1,1,1,2,55,1,1,2,1,0,0,0,1,1,0,0,99,99,99,99,0,0,0,0,0,0,1,6,1,63086,0,0,2007,AVENUE N,1E+20,0,99999999,999999999,2,1
6,31,11,17,23,11,2,3,0,1,12,3,0,12,2,1,1,2,2,65,1,1,1,1,0,0,0,2,1,0,0,99,99,99,99,99,99,0,0,0,0,1,7,1,63087,1880,91,2007,SR-198,1E+20,0,99999999,999999999,2,1
6,71,11,18,0,9,1,3,1,0,14,6,0,8,0,1,1,5,4,65,1,9,2,1,0,0,0,3,1,0,0,99,99,99,99,0,0,0,0,0,0,1,1,1,63088,3970,287,2007,SR-62,1E+20,0,99999999,999999999,1,1
6,71,11,18,23,40,2,3,1,1,1,1,0,8,0,1,1,2,3,55,1,2,2,1,0,0,0,2,1,0,0,99,99,99,99,99,99,0,0,0,0,1,1,0,63089,0,1629,2007,I-15,1E+20,0,99999999,999999999,1,1
6,69,11,19,13,0,2,6,0,0,3,3,0,12,5,2,1,1,4,55,1,9,2,1,3,3,0,1,1,0,0,99,99,99,99,99,99,0,0,0,0,2,2,0,63090,0,540,2007,SR-25,SR-156,0,99999999,999999999,2,1
6,71,11,19,14,0,2,2,0,0,15,6,0,12,2,1,1,1,2,45,1,1,2,1,0,0,0,1,1,0,0,99,99,99,99,99,99,0,0,0,0,1,2,0,63091,3210,0,2007,FOOTHILL BL,1E+20,0,99999999,999999999,2,1
6,47,11,19,16,35,2,4,0,1,12,3,0,12,4,1,1,2,2,65,1,1,1,1,0,0,0,1,1,0,0,99,99,99,99,99,99,0,0,0,0,2,2,0,63092,2150,125,2007,SR-99,1E+20,0,99999999,999999999,2,1
6,85,11,19,18,23,2,3,1,0,13,6,0,8,0,1,1,2,2,40,1,9,2,1,0,0,0,3,9,0,0,99,99,99,99,99,99,0,0,0,0,1,2,0,63093,3340,0,2007,SENTER RD,1E+20,0,99999999,999999999,2,9
6,37,11,20,16,50,2,2,0,0,13,3,0,12,5,2,1,3,2,25,1,9,2,1,0,0,0,5,1,0,0,99,99,99,99,99,99,0,0,0,0,1,3,0,63094,1970,35,2007,SR-47,OCEAN BL,0,99999999,999999999,2,1
6,37,11,20,22,51,2,2,0,1,12,3,0,14,1,1,2,3,5,65,1,1,1,1,0,0,0,3,1,0,0,99,99,99,99,0,0,0,0,0,0,1,3,1,63095,2870,279,2007,SR-60,1E+20,0,99999999,999999999,1,1
6,65,11,21,17,8,2,3,0,0,15,4,0,12,5,2,1,1,2,45,1,1,2,1,20,3,0,1,1,0,0,99,99,99,99,99,99,0,0,0,0,1,4,0,63096,0,0,2007,BELLEGRAVE AVE,WINEVILLE AVE,0,99999999,999999999,2,1
6,19,11,21,17,15,2,2,0,0,3,3,0,12,2,1,1,1,2,55,1,1,2,1,0,0,0,5,1,0,0,99,99,99,99,99,99,0,0,0,0,1,4,0,63097,0,174,2007,SR-168,1E+20,0,99999999,999999999,2,1
6,71,11,21,20,30,2,3,0,0,5,4,0,12,1,1,1,1,2,55,1,1,2,1,0,0,0,2,1,0,0,99,99,99,99,99,99,0,0,0,0,1,4,1,63098,0,0,2007,MESA RD,1E+20,0,99999999,999999999,2,1
6,85,11,21,21,39,2,4,0,0,14,6,0,12,5,2,1,1,2,35,1,9,2,1,3,3,0,3,1,0,0,99,99,99,99,99,99,0,0,0,0,1,4,2,63099,3340,0,2007,W HEDDING RD,N MONROE ST,0,99999999,999999999,2,1
6,47,11,21,22,9,1,3,1,0,14,6,0,8,0,3,1,1,5,35,1,1,2,1,0,0,0,3,1,0,0,99,99,99,99,99,99,0,0,0,0,1,4,1,63100,2150,0,2007,M ST,W 25TH ST,0,99999999,999999999,1,1
6,65,11,22,1,22,2,2,0,0,14,4,0,14,1,1,7,1,3,45,1,1,2,1,0,0,1,3,1,0,0,99,99,99,99,99,99,0,0,0,0,1,5,2,63101,0,0,2007,COUNTRY VILLAGE RD,1E+20,0,99999999,999999999,1,1
6,85,11,22,2,15,1,2,1,1,12,3,0,8,0,5,1,6,2,55,1,1,2,1,0,0,2,2,1,0,0,99,98,99,98,0,0,0,0,0,0,1,5,1,63102,3340,66,2007,SR-87 RAMP,1E+20,0,99999999,999999999,1,1
6,71,10,20,1,10,2,4,0,1,12,3,0,12,1,1,1,3,5,65,1,1,2,1,0,0,0,2,1,0,0,99,99,99,99,99,99,0,0,0,0,1,7,1,63103,2550,71,2007,SR-60,1E+20,0,99999999,999999999,2,1
6,47,10,20,2,0,2,5,0,1,2,3,0,12,2,1,1,3,2,65,1,1,2,1,0,0,0,2,1,0,0,99,99,99,99,99,99,0,0,0,0,2,7,1,63104,0,191,2007,SR-99,1E+20,0,99999999,999999999,2,1
6,37,10,25,0,17,2,4,0,0,16,6,0,12,4,1,1,1,2,30,2,1,2,1,0,0,0,3,1,0,0,99,99,99,99,99,99,0,0,0,0,2,5,2,63105,30,0,2007,FRONT ST,1E+20,0,99999999,999999999,2,1
6,111,10,31,23,40,1,2,1,1,12,2,0,8,0,5,1,6,9,99,2,2,2,1,0,0,0,3,1,0,0,99,99,99,99,0,0,0,0,0,0,1,4,1,63106,4027,282,2007,US-101 RAMP,1E+20,0,99999999,999999999,1,1
6,37,11,1,0,29,2,2,0,1,11,1,0,33,0,5,4,6,1,99,2,1,2,1,0,0,0,3,1,0,0,99,99,99,99,99,99,0,20,0,0,1,5,1,63107,3105,258,2007,I-10 RAMP,1E+20,0,99999999,999999999,2,1
6,73,11,3,0,5,1,2,1,1,11,1,0,8,0,5,6,6,2,25,2,9,1,1,0,0,0,3,1,0,0,99,99,99,99,0,0,0,0,0,0,1,7,2,63108,3260,12,2007,I-8 RAMP,1E+20,0,99999999,999999999,1,1
6,1,11,4,1,40,2,5,0,1,11,1,0,12,5,1,1,3,4,55,1,1,1,1,0,0,0,2,1,0,0,99,99,99,99,99,99,0,19,0,0,1,1,3,63109,2480,309,2007,I-880,1E+20,0,99999999,999999999,2,1
6,59,11,7,17,0,5,7,0,1,12,3,0,33,0,1,4,3,6,65,1,1,2,1,0,0,0,3,1,0,0,99,99,99,99,99,99,0,0,0,0,1,4,0,63110,80,96,2007,SR-91,1E+20,0,99999999,999999999,5,1
6,19,7,3,5,50,2,2,0,0,5,4,0,12,1,1,1,1,2,55,1,1,2,1,0,0,0,1,1,0,0,99,99,99,99,99,99,0,0,0,0,1,3,0,63111,0,0,2007,MINNEWAWA AVE,1E+20,0,99999999,999999999,2,1
6,59,7,3,14,14,2,4,0,0,13,6,0,13,2,1,1,2,3,55,2,1,2,1,0,0,0,1,1,0,0,99,99,99,99,99,99,0,0,0,0,1,3,0,63112,1713,0,2007,IRVINE CENTER DR,1E+20,0,99999999,999999999,2,1
6,37,7,4,7,5,1,2,1,0,14,6,0,9,0,1,1,5,4,30,2,2,2,1,0,0,0,1,1,0,0,99,99,99,99,0,0,0,0,0,0,1,4,1,63113,1980,0,2007,4TH ST,1E+20,0,99999999,999999999,1,1
6,77,7,4,18,40,1,8,0,1,11,1,0,24,0,1,4,3,4,65,1,1,2,1,0,0,0,1,1,0,0,99,99,99,99,99,99,0,0,0,0,1,4,0,63114,3770,324,2007,I-5,1E+20,0,99999999,999999999,1,1
6,73,7,6,0,15,2,5,0,0,12,3,0,12,7,1,1,3,2,65,1,1,2,1,0,0,0,3,1,0,0,99,99,99,99,99,99,0,0,0,0,1,6,0,63115,0,38,2007,SR-67,1E+20,0,99999999,999999999,2,1
6,73,9,19,22,15,1,4,1,0,14,6,0,9,0,2,1,2,2,35,1,2,2,1,3,3,0,3,1,0,0,99,99,99,99,99,99,0,16,0,0,1,4,1,63116,3260,0,2007,KEARNY VILLA RD,BLACK MTN RD,0,99999999,999999999,1,1
6,53,9,20,7,41,1,2,1,0,15,6,0,8,0,3,1,1,2,25,1,1,2,1,0,0,0,1,1,0,0,99,99,99,99,99,99,0,0,0,0,1,5,0,63117,2084,0,2007,SUNSET AVE,REINDOLLAR AVE,0,99999999,999999999,1,1
6,85,9,22,7,55,1,1,0,1,2,3,0,35,0,1,4,3,2,65,1,2,2,2,0,0,0,1,2,0,0,99,99,99,99,0,0,0,0,0,0,1,7,0,63118,0,346,2007,SR-152,1E+20,0,99999999,999999999,1,2
6,23,9,22,16,58,1,2,1,1,13,3,0,8,0,3,1,4,3,30,1,1,2,1,0,0,0,1,1,0,0,99,99,99,99,0,0,0,0,0,0,1,7,0,63119,1220,782,2007,SR-101,A ST,0,99999999,999999999,1,1
6,57,9,22,18,25,1,3,0,0,3,3,0,42,0,1,4,1,2,35,2,1,2,2,0,0,0,1,2,1,0,99,99,99,99,99,99,0,0,0,0,1,7,2,63120,0,70,2007,SR-174,1E+20,0,99999999,999999999,1,2
6,31,9,22,99,99,1,1,0,1,12,3,0,42,0,1,4,3,2,65,1,1,2,1,0,0,0,2,1,0,0,99,99,99,99,0,0,0,0,0,0,1,7,0,63121,1540,170,2007,SR-198,1E+20,0,99999999,999999999,1,1
6,17,9,23,2,30,1,1,0,0,14,4,0,17,0,1,2,1,2,40,2,1,2,2,0,0,0,2,1,0,0,99,99,99,99,0,0,0,0,0,0,1,1,1,63122,0,0,2007,SLY PARK RD,1E+20,0,99999999,999999999,1,1
6,73,9,24,2,46,1,1,0,0,14,6,0,1,0,3,4,1,4,40,2,1,2,1,3,3,0,3,1,0,0,99,99,99,99,0,0,0,20,0,0,1,2,1,63123,3260,0,2007,IMPERIAL AVE,S 40TH ST,0,99999999,999999999,1,1
6,65,10,12,22,34,1,3,1,1,3,3,0,8,0,1,1,3,2,55,1,2,2,1,0,0,0,2,1,0,0,99,99,99,99,99,99,0,19,0,0,1,6,0,63124,0,77,2007,SR-62,1E+20,0,99999999,999999999,1,1
6,39,10,28,3,7,1,2,1,0,3,3,0,9,0,1,1,1,2,55,1,2,2,1,0,0,0,2,1,0,0,99,99,99,99,0,0,0,0,0,0,1,1,1,63125,0,121,2007,SR-145,1E+20,0,99999999,999999999,1,1
6,59,11,16,2,15,2,3,0,1,12,3,0,12,2,5,1,6,2,65,1,1,1,1,0,0,0,3,1,0,0,99,99,99,99,99,99,0,0,0,0,1,6,3,63126,2560,127,2007,SR-55 RAMP,1E+20,0,99999999,999999999,2,1
6,73,11,18,2,6,1,2,0,1,1,1,0,1,0,1,1,3,4,65,1,1,2,1,0,0,0,2,1,0,0,99,99,99,99,99,99,0,0,0,0,1,1,2,63127,0,615,2007,I-5,1E+20,0,99999999,999999999,1,1
6,75,12,1,2,5,1,3,0,0,13,6,0,33,0,1,6,1,2,35,1,9,2,1,0,0,0,3,1,0,0,99,99,99,99,99,99,0,0,0,0,1,7,1,63128,3290,0,2007,CESAR CHAVEZ ST,BAY SHORE BL,0,99999999,999999999,1,1
6,37,12,1,11,39,2,2,0,0,14,6,0,12,5,2,1,1,4,45,1,1,2,1,3,3,0,1,1,0,0,99,99,99,99,99,99,0,0,0,0,1,7,0,63129,1840,0,2007,AVENUE J-8,20TH ST W,0,99999999,999999999,2,1
6,81,12,1,15,22,2,5,0,0,3,3,0,13,2,1,1,2,1,45,1,2,2,1,0,0,0,1,1,0,0,99,99,99,99,99,99,0,0,0,0,1,7,0,63130,0,51,2007,SR-92,1E+20,0,99999999,999999999,2,1
6,37,12,1,16,5,1,2,1,0,14,6,0,8,0,3,1,1,4,35,9,9,2,1,99,3,0,1,1,0,0,99,99,99,99,99,99,0,0,0,0,1,7,0,63131,3470,0,2007,COLORADO AVE,16TH ST,0,99999999,999999999,1,1
6,77,12,1,18,40,1,2,0,0,6,4,0,52,0,1,2,1,2,55,9,1,2,1,0,0,0,2,1,0,0,99,99,99,99,0,0,0,0,0,0,2,7,2,63132,0,0,2007,KILE RD,1E+20,0,99999999,999999999,1,1
6,37,12,1,19,11,2,2,0,0,14,6,0,12,1,1,1,1,2,35,9,9,2,1,0,0,0,5,1,0,0,99,99,99,99,99,99,0,0,0,0,1,7,0,63133,1970,0,2007,CLARK AVE,1E+20,0,99999999,999999999,2,1
6,59,12,1,19,36,1,5,1,0,13,6,0,8,0,1,1,2,2,50,1,9,2,1,0,0,0,3,1,0,0,99,99,99,99,99,99,0,0,0,0,1,7,2,63134,2400,0,2007,MACARTHUR BL,1E+20,0,99999999,999999999,1,1
6,107,12,2,1,10,1,2,0,1,2,3,0,1,0,13,6,6,1,70,1,1,2,1,0,0,0,2,1,0,0,99,99,99,99,99,99,0,0,0,0,1,1,1,63135,0,37,2007,SR-99 RAMP,1E+20,0,99999999,999999999,1,1
6,101,12,2,4,35,1,1,0,0,5,4,0,24,0,1,2,1,2,55,1,9,2,1,0,0,0,2,1,0,0,99,99,99,99,0,0,0,0,0,0,1,1,0,63136,0,0,2007,CLARK RD,1E+20,0,99999999,999999999,1,1
6,7,12,2,8,45,1,1,0,0,5,4,0,42,0,1,6,1,2,55,2,2,2,3,0,0,0,1,1,0,0,99,99,99,99,0,0,0,0,0,0,1,1,0,63137,0,0,2007,HUMBOLDT RD,1E+20,0,99999999,999999999,1,1
6,37,12,2,12,0,1,3,1,0,14,6,0,8,0,1,1,5,4,35,1,9,2,1,0,0,0,1,1,0,0,99,99,99,99,99,99,0,0,0,0,1,1,0,63138,1980,0,2007,HAYVENHURST AVE,1E+20,0,99999999,999999999,1,1
6,19,12,2,12,2,2,6,0,0,13,6,0,12,5,2,1,1,4,40,1,9,2,1,3,3,1,1,1,0,0,99,99,99,99,99,99,0,0,0,0,1,1,0,63139,1370,0,2007,N WEST AVE,ASHLAN AVE,0,99999999,999999999,2,1
6,15,12,7,15,45,2,2,0,1,2,2,0,12,5,2,1,5,2,35,1,1,2,1,20,3,0,1,1,0,0,99,99,99,99,0,0,0,0,0,0,1,6,0,63140,0,436,2007,US-101,NORTH INDIAN RD,0,99999999,999999999,2,1
6,65,12,8,7,30,2,7,0,0,3,3,0,12,2,1,1,1,2,55,1,1,2,1,0,0,0,1,1,0,0,99,99,99,99,99,99,0,0,0,0,3,7,0,63141,0,151,2007,SR-111,1E+20,0,99999999,999999999,2,1
6,11,12,9,1,20,2,4,0,1,3,3,0,24,0,1,2,1,2,55,1,1,2,1,0,0,1,2,1,0,0,99,99,99,99,99,99,0,0,0,0,3,1,2,63142,0,279,2007,SR-20,1E+20,0,99999999,999999999,2,1
6,37,10,13,21,11,1,2,1,0,14,6,0,8,0,3,1,1,4,35,1,1,2,1,2,3,0,3,1,0,0,99,99,99,99,99,99,0,0,0,0,1,7,1,63143,245,0,2007,FRANCISQUITO AVE,MAINE AVE,0,99999999,999999999,1,1
6,37,11,8,7,58,1,2,1,0,14,6,0,8,0,8,4,1,2,30,1,1,2,1,0,0,0,1,1,0,0,99,99,99,99,99,99,0,0,0,0,1,5,0,63144,1700,0,2007,INGLEWOOD AVE,1E+20,0,99999999,999999999,1,1
6,37,11,27,18,20,1,2,0,0,13,6,0,33,0,1,3,2,3,45,1,1,2,1,0,0,0,3,1,0,0,99,99,99,99,99,99,0,0,0,0,1,3,0,63145,1825,0,2007,IMPERIAL HWY,1E+20,0,99999999,999999999,1,1
6,37,11,27,18,20,1,2,1,0,13,6,0,8,0,3,1,5,5,40,1,1,2,1,0,0,0,3,1,0,0,99,99,99,99,99,99,0,0,0,0,1,3,0,63146,1980,0,2007,WOODLEY AVE,HAYNES ST,0,99999999,999999999,1,1
6,67,11,27,15,20,1,2,1,1,12,3,0,8,0,1,1,3,4,65,1,1,1,1,0,0,0,1,1,0,0,99,99,99,99,0,0,0,0,0,0,1,3,0,63147,0,210,2007,SR-99,1E+20,0,99999999,999999999,1,1
6,53,11,28,7,36,1,2,1,0,14,6,0,8,0,3,1,1,2,25,1,1,2,1,3,3,0,1,1,0,0,99,99,99,99,99,99,0,0,0,0,1,4,1,63148,3180,0,2007,LINCOLN AVE,CENTRAL AVE,0,99999999,999999999,1,1
6,37,11,29,6,10,1,2,1,0,13,4,0,8,0,3,1,5,6,50,1,1,2,1,0,0,0,3,1,0,0,99,99,99,99,99,99,0,0,0,0,1,5,0,63149,0,0,2007,VALLEY BL,9TH AVE,0,99999999,999999999,1,1
6,19,11,29,18,57,1,2,1,0,14,6,0,9,0,3,1,1,2,40,1,1,2,1,20,3,0,3,1,0,0,99,99,99,99,99,99,0,0,0,0,1,5,1,63150,1370,0,2007,N FIRST ST,E IOWA,0,99999999,999999999,1,1
6,73,11,29,23,20,1,1,0,0,4,4,0,1,0,1,1,1,2,55,2,1,2,1,0,0,0,2,1,0,0,99,99,99,99,0,0,0,0,0,0,1,5,1,63151,0,0,2007,JAPATUL RD,1E+20,0,99999999,999999999,1,1
6,71,11,29,99,99,1,1,0,0,16,4,0,33,0,1,4,1,2,55,1,1,5,1,0,0,0,2,1,0,0,99,99,99,99,0,0,0,0,0,0,1,5,1,63152,0,0,2007,EAST END RD,1E+20,0,99999999,999999999,1,1
6,65,12,2,18,52,1,2,1,0,14,6,0,8,0,3,1,5,4,35,1,1,2,1,0,0,0,3,1,0,4,99,99,99,99,99,99,0,0,0,0,1,1,0,63153,1580,0,2007,STATE ST,RUBY AVE,0,99999999,999999999,1,1
6,73,12,2,20,15,1,1,0,1,3,3,0,38,0,1,4,1,2,55,1,1,2,1,0,0,0,2,1,0,0,99,99,99,99,0,0,0,0,0,0,1,1,1,63154,0,157,2007,SR-94,1E+20,0,99999999,999999999,1,1
6,85,12,3,4,45,1,2,1,0,14,6,0,8,0,1,1,2,3,99,1,1,2,1,0,0,2,3,1,0,0,99,99,99,99,0,0,0,0,0,0,1,2,0,63155,3340,0,2007,BRANHAM LN,1E+20,0,99999999,999999999,1,1
6,71,12,3,7,33,1,2,0,0,3,3,0,42,0,1,4,1,2,55,1,2,2,4,40,3,0,1,1,0,0,99,99,99,99,99,99,0,0,0,0,1,2,0,63156,0,308,2007,SR-38,1E+20,0,99999999,999999999,1,1
6,85,12,3,10,5,1,1,0,1,11,1,0,33,0,1,4,3,3,65,1,1,1,1,0,0,0,1,1,0,0,99,99,99,99,0,0,0,0,0,0,1,2,0,63157,2182,77,2007,I-680,1E+20,0,99999999,999999999,1,1
6,17,12,3,13,37,1,3,1,0,14,6,0,8,0,3,1,1,2,25,1,1,2,1,20,3,0,1,1,0,0,99,99,99,99,99,99,0,0,0,0,1,2,0,63158,2810,0,2007,MAIN ST,BROADWAY CT,0,99999999,999999999,1,1
6,99,12,3,14,26,1,1,0,1,12,3,0,27,0,1,4,3,3,65,1,1,1,1,0,0,0,1,1,0,0,99,99,99,99,99,99,0,0,0,0,1,2,0,63159,2200,213,2007,SR-99,1E+20,0,99999999,999999999,1,1
6,37,12,3,15,15,1,1,0,0,4,4,0,34,0,1,4,1,2,55,2,1,2,1,0,0,0,1,1,0,0,99,99,99,99,0,0,0,0,0,0,1,2,1,63160,0,0,2007,THREE POINTS RD,1E+20,0,99999999,999999999,1,1