STATE,COUNTY,MONTH,DAY,HOUR,MINUTE,VE_TOTAL,PERSONS,PEDS,NHS,ROAD_FNC,ROUTE,SP_JUR,HARM_EV,MAN_COLL,REL_JUNC,REL_ROAD,TRAF_FLO,NO_LANES,SP_LIMIT,ALIGNMNT,PROFILE,PAVE_TYP,SUR_COND,TRA_CONT,T_CONT_F,HIT_RUN,LGT_COND,WEATHER1,WEATHER2,C_M_ZONE,NOT_HOUR,NOT_MIN,ARR_HOUR,ARR_MIN,HOSP_HR,HOSP_MN,SCH_BUS,CF1,CF2,CF3,FATALS,DAY_WEEK,DRUNK_DR,ST_CASE,CITY,MILEPT,YEAR,TWAY_ID,TWAY_ID2,RAIL,LATITUDE,LONGITUD,VE_FORMS,WEATHER
6,71,12,3,15,51,1,2,1,0,15,6,0,9,0,3,1,1,2,45,1,1,2,1,0,0,0,1,1,0,0,99,99,99,99,0,0,0,0,0,0,1,2,1,63161,4040,0,2007,CLOVIS ST,MAJELA AV,0,99999999,999999999,1,1
6,107,12,4,22,15,1,3,0,0,5,4,0,43,0,1,4,1,2,55,1,2,2,1,0,0,0,2,1,0,0,99,99,99,99,99,99,0,0,0,0,1,3,3,63162,0,0,2007,AVENUE 424,1E+20,0,99999999,999999999,1,1
6,37,12,5,9,15,1,2,1,0,14,6,0,8,0,1,1,1,4,35,1,1,2,1,0,0,2,1,1,0,0,99,99,99,99,99,99,0,0,0,0,1,4,0,63163,2020,0,2007,CARLIN AVE,1E+20,0,99999999,999999999,1,1
6,73,12,8,0,18,1,2,0,0,4,4,0,1,0,1,4,1,2,50,2,1,2,2,40,3,0,2,1,0,0,99,99,99,99,99,99,0,0,0,0,1,7,2,63164,0,0,2007,SAN VICENTE RD,1E+20,0,99999999,999999999,1,1
6,13,12,8,2,45,1,2,0,0,14,4,0,33,0,1,4,1,2,35,2,2,2,1,0,0,0,2,1,0,0,99,99,99,99,99,99,0,0,0,0,1,7,2,63165,0,0,2007,LIVORNA RD,1E+20,0,99999999,999999999,1,1
6,73,12,8,15,57,1,4,1,0,14,6,0,8,0,3,1,1,3,30,1,1,2,1,2,3,0,1,1,0,0,99,99,99,99,99,99,0,0,0,0,1,7,0,63166,3260,0,2007,UNIVERSITY AVE,HIGHLAND AVE,0,99999999,999999999,1,1
6,71,12,9,0,10,1,2,0,0,4,4,0,1,0,1,4,1,2,55,2,2,2,1,0,0,0,2,1,0,0,99,99,99,99,99,99,0,0,0,0,1,1,2,63167,0,0,2007,NATIONAL TRLS HWY,1E+20,0,99999999,999999999,1,1
6,77,12,9,0,20,1,1,0,1,13,6,0,43,0,6,6,1,4,35,1,1,2,1,60,3,0,3,1,0,0,99,99,99,99,0,0,0,0,0,0,1,1,1,63168,3770,0,2007,AIRPORT WY,1E+20,029598N,99999999,999999999,1,1
6,39,5,12,18,43,4,7,0,1,2,3,0,12,2,1,1,3,2,65,1,1,2,1,0,0,0,1,1,0,0,99,99,99,99,99,99,0,14,0,0,3,7,0,63169,0,276,2007,SR-99,1E+20,0,99999999,999999999,4,1
6,47,8,16,17,25,2,3,0,0,15,6,0,12,2,1,1,1,2,30,2,1,2,1,28,3,0,1,1,0,0,99,99,99,99,99,99,0,0,0,0,1,5,0,63170,0,0,2007,FRONTAGE RD,1E+20,0,99999999,999999999,2,1
6,59,8,20,15,35,2,2,0,0,13,6,0,12,5,2,1,1,2,45,1,1,2,1,3,3,0,1,1,0,0,99,99,99,99,99,99,0,0,0,0,1,2,0,63171,1345,0,2007,TALBERT AVE,FOSTER ST,0,99999999,999999999,2,1
6,53,9,22,4,5,2,2,0,1,2,2,0,12,2,1,1,3,4,65,1,1,2,2,0,0,0,2,2,0,0,99,99,99,99,99,99,0,0,0,0,1,7,0,63172,0,471,2007,US-101,1E+20,0,99999999,999999999,2,2
6,37,11,16,4,29,2,5,0,0,13,6,0,12,2,1,1,1,6,40,1,1,2,1,0,0,0,3,1,0,0,99,99,99,99,99,99,0,0,0,0,1,6,2,63173,1045,0,2007,FLORENCE AVE,1E+20,0,99999999,999999999,2,1
6,59,11,18,16,28,3,4,0,0,13,6,0,12,5,1,1,1,4,50,1,1,2,1,0,0,1,1,1,0,0,99,99,99,99,99,99,0,0,0,0,1,1,2,63174,2560,0,2007,SANTIAGO CANYON RD,1E+20,0,99999999,999999999,3,1
6,37,8,24,23,5,1,1,0,1,11,1,0,24,0,1,2,2,5,65,1,1,2,1,0,0,0,3,1,0,0,99,99,99,99,99,99,0,0,0,0,1,6,1,63175,2020,111,2007,I-105,1E+20,0,99999999,999999999,1,1
6,81,9,20,21,41,3,2,0,0,14,6,0,25,0,1,3,2,2,25,2,1,2,1,0,0,0,3,1,0,0,99,99,99,99,0,0,0,0,0,0,1,5,0,63176,1065,0,2007,UNIVERSITY AVE,1E+20,0,99999999,999999999,2,1
6,37,9,21,14,35,2,4,0,1,13,3,0,12,1,1,1,9,4,50,1,1,2,1,0,0,0,1,1,0,0,99,99,99,99,99,99,0,0,0,0,1,6,0,63177,1970,54,2007,SR-710,1E+20,0,99999999,999999999,2,1
6,89,9,21,20,30,2,4,0,1,2,3,0,12,5,1,1,1,2,55,1,1,2,1,0,0,0,2,1,0,0,99,99,99,99,99,99,0,0,0,0,1,6,1,63178,0,203,2007,SR-44,1E+20,0,99999999,999999999,2,1
6,107,9,21,22,12,5,10,0,1,2,3,0,24,0,1,2,3,2,70,1,1,2,2,0,0,0,2,2,0,0,99,99,99,99,99,99,0,0,0,0,2,6,0,63179,0,31,2007,SR-99,1E+20,0,99999999,999999999,5,2
6,53,9,21,23,20,3,4,0,0,13,3,0,12,2,1,1,1,2,40,2,2,2,2,0,0,0,2,1,0,0,99,99,99,99,99,99,0,0,0,0,1,6,0,63180,0,30,2007,SR-68,1E+20,0,99999999,999999999,3,1
6,107,9,22,16,10,2,5,0,0,4,4,0,12,5,2,1,1,2,55,1,1,2,1,20,3,0,1,1,0,0,99,99,99,99,99,99,0,0,0,0,3,7,0,63181,0,0,2007,AVENUE 336,ROAD 172,0,99999999,999999999,2,1
6,73,9,23,17,15,2,4,0,1,11,1,0,12,1,1,1,3,4,65,1,2,2,1,0,0,0,1,1,0,0,99,99,99,99,99,99,0,0,0,0,1,1,0,63182,1200,278,2007,I-15,1E+20,0,99999999,999999999,2,1
6,67,9,25,7,15,3,3,0,0,3,3,0,12,2,1,1,1,2,55,1,1,2,1,0,0,0,1,1,0,0,99,99,99,99,99,99,0,0,0,0,1,3,0,63183,0,21,2007,SR-12,1E+20,0,99999999,999999999,3,1
6,29,9,29,14,25,2,3,0,1,2,3,0,12,2,1,1,1,2,55,1,1,2,1,0,0,0,1,1,0,0,99,99,99,99,0,0,0,0,0,0,2,7,0,63184,0,78,2007,SR-46,1E+20,0,99999999,999999999,2,1
6,71,9,29,16,30,2,2,0,1,3,3,0,1,0,2,1,1,4,45,1,2,2,1,0,0,0,1,1,0,0,99,99,99,99,99,99,0,0,0,0,1,7,0,63185,0,181,2007,SR-62,SUNSET RD,0,99999999,999999999,2,1
6,73,9,30,2,20,1,5,0,1,11,1,0,29,0,5,6,6,2,65,1,1,1,1,0,0,0,3,1,0,0,99,99,99,99,99,99,0,0,0,0,2,1,2,63186,3260,22,2007,I-805,1E+20,0,99999999,999999999,1,1
6,73,9,30,13,5,2,2,0,0,6,4,0,12,2,1,1,1,2,55,1,2,2,1,0,0,0,1,1,0,0,99,99,99,99,99,99,0,0,0,0,1,1,0,63187,0,0,2007,GRADE RD,1E+20,0,99999999,999999999,2,1
6,37,10,6,8,47,1,2,1,0,13,6,0,15,0,3,1,1,4,35,1,1,1,1,3,3,0,1,1,0,0,99,99,99,99,99,99,0,0,0,0,1,7,0,63188,3470,0,2007,WILSHIRE BL,BERKELEY ST,0,99999999,999999999,1,1
6,67,11,22,14,38,3,5,0,1,11,1,0,14,1,13,8,6,1,65,1,1,2,1,0,0,0,1,1,0,0,14,40,99,99,99,99,0,0,0,0,2,5,1,63189,3150,173,2007,I-5 RAMP,1E+20,0,99999999,999999999,2,1
6,1,11,22,19,18,3,6,0,0,16,6,0,12,5,2,1,1,2,25,1,1,2,1,20,3,1,3,1,0,0,99,99,99,99,99,99,0,0,0,0,2,5,1,63190,10,0,2007,89TH AVE,D ST,0,99999999,999999999,2,1
6,37,11,22,11,15,2,2,0,1,12,2,0,12,3,1,1,3,5,65,2,1,2,1,0,0,0,1,1,0,0,99,99,99,99,99,99,0,0,0,0,1,5,0,63191,8,341,2007,US-101,1E+20,0,99999999,999999999,2,1
6,97,11,23,12,3,2,3,0,0,13,3,0,33,0,1,4,3,4,35,2,1,1,1,0,0,0,1,1,0,0,99,99,99,99,0,0,0,0,0,0,1,6,0,63192,3490,179,2007,SR-12,1E+20,0,99999999,999999999,2,1
6,37,11,24,2,1,2,6,0,0,13,6,0,12,4,1,1,2,4,45,1,1,2,1,0,0,0,3,1,0,0,99,99,99,99,99,99,0,0,0,0,1,7,1,63193,2749,1204,2007,WASHINGTON BL,1E+20,0,99999999,999999999,2,1
6,37,11,24,7,0,1,2,0,0,15,6,0,42,0,3,4,1,4,35,1,1,2,1,0,0,0,1,1,0,0,99,99,99,99,99,99,0,0,0,0,1,7,0,63194,1980,0,2007,VERMONT AVE,61ST,0,99999999,999999999,1,1
6,37,11,24,7,45,2,3,0,0,4,4,0,12,2,1,1,1,4,50,1,2,2,1,0,0,0,1,1,0,0,7,54,99,99,99,99,0,0,0,0,1,7,0,63195,0,0,2007,SIERRA HWY,1E+20,0,99999999,999999999,2,1
6,37,11,24,10,30,2,2,0,0,3,3,0,1,0,1,1,1,2,40,2,1,2,1,0,0,0,1,1,0,0,99,99,99,99,0,0,0,0,0,0,1,7,0,63196,0,243,2007,SR-39,1E+20,0,99999999,999999999,2,1
6,71,11,24,15,45,2,2,0,1,14,3,0,12,2,2,1,2,2,55,1,1,2,1,3,3,0,1,1,0,0,99,99,99,99,99,99,0,0,0,0,1,7,0,63197,4291,151,2007,SR-62,YUCCA MESA,0,99999999,999999999,2,1
6,73,11,25,0,30,2,4,1,1,12,3,0,8,0,1,1,3,3,65,1,1,2,1,0,0,0,3,1,0,0,99,99,99,99,0,0,0,0,0,0,1,1,1,63198,2510,35,2007,SR-78,1E+20,0,99999999,999999999,2,1
6,29,11,25,1,15,4,4,0,0,6,4,0,12,4,2,1,1,2,15,1,1,2,1,0,0,0,2,1,0,0,1,17,99,99,99,99,0,14,0,0,2,1,0,63199,0,0,2007,LAKE ST,WEBSTER ST,0,99999999,999999999,2,1
6,33,11,25,5,37,2,2,0,0,3,3,0,12,2,1,1,1,2,55,1,1,2,1,0,0,0,2,1,0,0,5,40,99,99,0,0,0,0,0,0,2,1,0,63200,0,65,2007,SR-29,1E+20,0,99999999,999999999,2,1
6,37,11,25,10,41,2,1,0,0,13,6,0,1,0,1,4,5,2,40,2,1,2,1,0,0,0,1,1,0,0,99,99,99,99,99,99,0,0,0,0,1,1,0,63201,2260,0,2007,GARFIELD AVE,1E+20,0,99999999,999999999,1,1
6,71,11,25,18,8,5,17,0,1,1,1,0,12,1,1,1,2,3,70,1,1,2,1,0,0,0,2,1,0,0,99,99,99,99,99,99,0,0,0,0,1,1,0,63202,0,1454,2007,I-15,1E+20,0,99999999,999999999,5,1
6,113,11,25,18,34,1,1,0,0,16,6,0,1,0,1,4,1,2,99,9,9,5,1,0,0,0,1,1,0,0,99,99,99,99,0,0,0,0,0,0,1,1,1,63203,4163,0,2007,LEVEE RD,1E+20,0,99999999,999999999,1,1
6,65,11,27,3,16,2,2,0,1,1,1,0,12,1,1,1,3,2,55,1,1,2,1,0,0,0,2,1,0,0,99,99,99,99,0,0,0,0,0,0,1,3,0,63204,0,714,2007,I-10,1E+20,0,99999999,999999999,2,1
6,21,11,27,6,45,2,5,0,0,4,4,0,12,4,1,1,1,2,55,1,1,2,1,0,0,0,4,1,0,0,6,53,99,99,99,99,0,0,0,0,1,3,0,63205,0,0,2007,CR-D,1E+20,0,99999999,999999999,2,1
6,13,11,27,15,32,3,4,0,0,13,6,0,12,4,2,1,1,2,30,1,2,2,1,3,3,0,1,1,0,0,99,99,99,99,99,99,0,0,0,0,1,3,0,63206,110,0,2007,E 18TH ST,CAVALLO RD,0,99999999,999999999,3,1
6,37,11,21,8,10,2,2,0,0,4,4,0,12,4,1,1,1,2,55,1,1,2,1,0,0,0,1,1,0,0,8,13,99,99,99,99,0,0,0,0,1,4,0,63207,0,0,2007,ANGELES FOREST HWY,1E+20,0,99999999,999999999,2,1
6,67,11,28,9,40,2,3,0,0,13,4,0,12,4,1,1,5,4,40,1,1,2,1,0,0,0,1,1,0,0,9,44,99,99,99,99,0,0,0,0,1,4,0,63208,0,0,2007,STOCKTON BL,1E+20,0,99999999,999999999,2,1
6,65,11,28,11,50,2,2,0,0,12,6,0,12,4,4,1,5,4,55,1,2,2,1,0,0,0,1,1,0,0,99,99,99,99,99,99,0,0,0,0,1,4,0,63209,2646,949,2007,SR-74,1E+20,0,99999999,999999999,2,1
6,59,11,28,15,15,2,2,0,1,11,1,0,33,0,1,4,2,2,65,2,1,2,1,0,0,0,1,1,0,0,99,99,99,99,99,99,0,0,0,0,1,4,0,63210,4130,3,2007,I-605,1E+20,0,99999999,999999999,2,1
6,37,11,28,20,40,3,8,0,1,11,1,0,12,1,1,1,9,9,65,9,9,9,1,0,0,0,3,1,0,0,99,99,99,99,99,99,0,19,0,0,1,4,0,63211,1440,424,2007,I-210,1E+20,0,99999999,999999999,3,1
6,71,11,29,0,6,2,2,0,1,3,3,0,12,2,1,1,1,2,55,1,1,2,1,0,0,0,2,1,0,0,99,99,99,99,0,0,0,0,0,0,1,5,0,63212,0,1113,2007,SR-18,1E+20,0,99999999,999999999,2,1
6,59,11,29,4,51,2,2,0,0,13,6,0,13,4,1,1,2,6,45,1,1,2,1,0,0,0,3,1,0,0,99,99,99,99,99,99,0,0,0,0,1,5,0,63213,1660,0,2007,BOLSA CHICA ST,1E+20,0,99999999,999999999,2,1
6,73,11,29,9,15,2,2,0,0,5,4,0,12,2,1,1,1,2,50,1,1,2,1,0,0,0,1,1,0,0,99,99,99,99,99,99,0,0,0,0,1,5,1,63214,0,0,2007,WILLOWS RD,1E+20,0,99999999,999999999,2,1
6,37,11,29,9,50,2,3,0,1,11,1,0,12,1,1,1,3,4,65,1,1,1,1,0,0,0,1,1,0,0,99,99,10,8,99,99,0,0,0,0,1,5,0,63215,0,590,2007,I-5,1E+20,0,99999999,999999999,2,1
6,37,11,29,10,25,2,2,1,0,12,3,0,33,0,1,4,3,4,65,1,1,1,1,0,0,0,1,1,0,0,99,99,99,99,99,99,0,14,0,0,1,5,0,63216,720,515,2007,SR-210,1E+20,0,99999999,999999999,1,1
6,29,11,29,11,45,2,2,0,1,2,3,0,12,2,1,1,1,2,55,1,1,2,1,0,0,0,1,1,0,0,11,46,99,99,99,99,0,0,0,0,1,5,1,63217,0,40,2007,SR-65,1E+20,0,99999999,999999999,2,1
6,65,11,29,22,1,2,2,0,0,14,6,0,12,1,1,1,2,2,45,1,1,2,1,0,0,0,3,1,0,0,99,99,99,99,99,99,0,0,0,0,1,5,1,63218,2650,0,2007,INDIAN CYN DR,1E+20,0,99999999,999999999,2,1
6,29,11,29,99,99,1,1,0,0,3,3,0,24,0,1,4,1,2,55,1,1,2,1,0,0,0,2,1,0,0,99,99,99,99,0,0,0,0,0,0,1,5,1,63219,240,136,2007,SR-178,1E+20,0,99999999,999999999,1,1
6,47,11,30,7,10,2,2,0,1,2,3,0,12,5,2,1,4,2,55,1,1,2,1,20,3,0,1,1,0,0,99,99,99,99,99,99,0,0,0,0,1,6,0,63220,0,284,2007,SR-152,TURNER ISLAND RD,0,99999999,999999999,2,1
6,111,11,30,8,47,2,2,0,0,13,6,0,12,4,1,1,5,2,40,2,1,2,2,0,0,0,1,2,0,0,99,99,99,99,99,99,0,0,0,0,1,6,0,63221,3860,0,2007,ERBES RD,1E+20,0,99999999,999999999,2,2
6,9,11,30,9,35,2,2,0,0,3,3,0,12,2,1,1,1,2,55,2,2,2,1,0,0,0,1,1,0,0,99,99,9,39,0,0,0,0,0,0,2,6,0,63222,0,104,2007,SR-4,1E+20,0,99999999,999999999,2,1
6,37,11,30,12,0,1,1,0,1,11,1,0,38,0,1,4,3,4,65,1,2,1,2,0,0,0,1,2,0,0,12,6,99,99,0,0,0,0,0,0,1,6,0,63223,1110,241,2007,I-605,1E+20,0,99999999,999999999,1,2
6,73,11,30,12,5,1,3,0,1,1,1,0,38,0,1,4,2,2,70,1,1,2,2,0,0,0,1,2,0,0,99,99,99,99,99,99,0,0,0,0,1,6,0,63224,0,251,2007,I-8,1E+20,0,99999999,999999999,1,2
6,37,11,30,16,15,1,1,0,0,5,4,0,39,0,1,4,1,2,40,2,2,2,2,0,0,0,2,2,0,0,99,99,99,99,0,0,0,0,0,0,1,6,1,63225,0,0,2007,LITTLE TUJUNGA CYN,1E+20,0,99999999,999999999,1,2
6,67,11,30,17,25,2,6,0,0,13,4,0,12,4,2,1,5,2,45,1,1,2,1,20,3,0,2,1,0,0,99,99,99,99,99,99,0,0,0,0,1,6,1,63226,0,0,2007,STOCKTON BL,WALTER AVE,0,99999999,999999999,2,1
6,59,11,30,19,45,2,2,0,1,11,1,0,12,3,1,1,3,5,65,1,1,2,2,0,0,0,2,2,0,0,99,99,99,99,99,99,0,0,0,0,1,6,0,63227,1345,131,2007,I-405,1E+20,0,99999999,999999999,2,2
6,37,11,30,21,30,1,3,2,0,15,6,0,8,0,1,1,1,9,25,1,1,2,2,0,0,2,3,1,0,0,99,99,99,99,99,99,0,0,0,0,1,6,1,63228,1980,0,2007,112TH ST,1E+20,0,99999999,999999999,1,1
6,93,11,30,21,45,1,1,0,0,3,3,0,17,0,1,4,1,2,55,2,1,1,1,0,0,0,2,1,0,0,99,99,99,99,0,0,0,0,0,0,1,6,0,63229,0,1014,2007,SR-96,1E+20,0,99999999,999999999,1,1
6,1,11,30,22,54,2,3,0,0,16,6,0,1,0,1,1,1,2,25,1,1,2,1,0,0,0,3,1,0,0,99,99,99,99,0,0,0,0,0,0,1,6,0,63230,1560,0,2007,12TH ST,BROADWAY ST,0,99999999,999999999,2,1
6,101,11,30,23,7,2,5,0,0,12,3,0,12,5,2,1,2,2,40,1,1,2,1,3,3,1,3,1,0,0,23,9,99,99,99,99,0,0,0,0,1,6,0,63231,0,287,2007,SR-99,LINCOLN RD,0,99999999,999999999,2,1
6,65,11,30,99,99,1,1,0,0,2,3,0,1,0,1,4,1,2,55,2,2,2,2,0,0,0,2,2,0,0,99,99,99,99,0,0,0,0,0,0,1,6,1,63232,0,760,2007,SR-371,1E+20,0,99999999,999999999,1,2
6,61,12,2,4,55,2,4,0,1,1,1,0,14,1,1,2,2,2,55,1,1,1,1,0,0,0,3,1,0,0,99,99,99,99,99,99,0,0,0,0,1,1,0,63233,0,540,2007,i-80,1E+20,0,99999999,999999999,1,1
6,79,12,2,14,25,1,1,0,0,4,3,0,1,0,1,4,1,2,55,2,2,2,1,0,0,0,1,1,0,0,14,25,99,99,99,99,0,0,0,0,1,1,0,63234,0,272,2007,SR-41,1E+20,0,99999999,999999999,1,1
6,37,12,2,16,30,1,2,1,0,13,6,0,33,0,1,4,1,4,35,1,1,2,1,0,0,0,1,1,0,0,99,99,99,99,99,99,0,0,0,0,1,1,0,63235,1980,0,2007,WASHINGTON BL,1E+20,0,99999999,999999999,1,1
6,67,12,2,16,35,2,2,0,1,12,3,0,12,1,1,1,3,5,65,1,1,2,1,0,0,1,5,1,0,0,16,38,99,99,99,99,0,0,0,0,1,1,0,63236,3150,16,2007,SR-50,1E+20,0,99999999,999999999,2,1
6,71,12,2,16,44,2,5,0,0,14,6,0,12,5,2,1,2,2,25,1,1,2,1,20,3,0,5,1,0,0,99,99,99,99,99,99,0,0,0,0,1,1,1,63237,1305,0,2007,VALLEY BL,LIVE OAK AVE,0,99999999,999999999,2,1
6,5,12,2,18,32,5,16,0,1,3,3,0,12,8,1,1,1,2,55,1,1,2,1,0,0,0,2,1,0,0,18,35,99,99,99,99,0,0,0,0,1,1,0,63238,0,33,2007,SR-88,1E+20,0,99999999,999999999,5,1
6,37,12,3,15,30,2,3,0,0,14,6,0,12,5,2,1,5,2,35,1,1,2,1,3,3,0,1,1,0,0,99,99,99,99,99,99,0,0,0,0,1,2,0,63239,1980,0,2007,SHOUP AVE,VANOWEN ST,0,99999999,999999999,2,1
6,101,12,3,15,40,2,4,0,0,15,4,0,12,2,1,1,9,9,55,9,9,9,1,0,0,0,1,1,0,0,99,99,99,99,99,99,0,0,0,0,1,2,0,63240,0,0,2007,BUTTE HOUSE RD,1E+20,0,99999999,999999999,2,1
6,71,12,3,16,47,2,9,0,0,14,6,0,12,1,1,1,5,2,40,1,1,2,1,0,0,0,5,1,0,0,99,99,99,99,99,99,0,0,0,0,1,2,1,63241,3210,0,2007,HIGHLAND AVE,1E+20,0,99999999,999999999,2,1
6,77,12,4,5,25,3,4,0,1,3,3,0,12,1,1,1,1,2,50,1,1,2,2,20,3,0,2,2,0,0,99,99,99,99,99,99,0,0,0,0,2,3,0,63242,0,191,2007,SR-12,1E+20,0,99999999,999999999,3,2
6,9,12,4,9,55,2,2,0,0,4,4,0,12,4,1,1,1,2,55,2,2,2,2,0,0,0,1,1,0,0,9,56,99,99,99,99,0,0,0,0,1,3,0,63243,0,0,2007,PARROTS FERRY RD,1E+20,0,99999999,999999999,2,1
6,75,12,4,13,16,2,2,0,1,11,1,0,12,1,1,1,3,5,50,1,1,2,1,0,0,0,1,1,0,0,13,20,13,35,0,0,0,0,0,0,1,3,0,63244,3290,86,2007,I-80,1E+20,0,99999999,999999999,2,1
6,71,12,5,0,54,2,2,0,1,11,1,0,12,1,1,1,3,3,70,1,1,1,1,0,0,0,2,1,0,0,99,99,99,99,0,0,0,0,0,0,1,4,1,63245,4040,463,2007,I-15,1E+20,0,99999999,999999999,2,1
6,59,12,5,2,2,1,3,2,1,12,3,0,8,0,1,1,3,6,55,1,1,9,1,0,0,0,2,1,0,0,99,99,99,99,99,99,0,0,0,0,1,4,2,63246,2560,186,2007,SR-91,1E+20,0,99999999,999999999,1,1
6,37,12,5,11,5,3,7,5,0,16,6,0,8,0,3,1,1,2,25,1,1,2,1,20,3,0,1,1,0,0,99,99,99,99,99,99,0,0,0,0,1,4,0,63247,2110,0,2007,54TH ST,PINE AVE,0,99999999,999999999,1,1
6,29,12,5,14,35,2,4,0,0,4,4,0,14,1,1,2,1,2,55,1,1,2,1,0,0,0,1,1,0,0,14,35,99,99,99,99,0,0,0,0,1,4,0,63248,0,0,2007,COMANCHE DR,1E+20,0,99999999,999999999,1,1
6,71,12,6,9,35,2,9,0,0,14,6,0,12,5,2,1,5,2,35,1,1,2,1,3,3,0,1,1,0,0,99,99,99,99,99,99,0,0,0,0,1,5,0,63249,3210,0,2007,ARROWHEAD AVE,9TH ST,0,99999999,999999999,2,1
6,29,12,6,9,40,2,3,0,0,4,4,0,12,5,2,1,1,2,55,1,1,2,1,20,3,0,1,1,0,0,99,99,99,99,99,99,0,0,0,0,1,5,0,63250,0,0,2007,JAMES RD,OILFIELD RD,0,99999999,999999999,2,1
6,71,12,6,12,23,2,1,0,0,15,6,0,1,0,1,1,1,2,25,1,1,2,1,0,0,0,1,1,0,0,99,99,99,99,99,99,0,0,0,0,1,5,0,63251,3210,0,2007,27TH ST,1E+20,0,99999999,999999999,1,1
6,71,12,6,16,0,1,2,1,1,11,1,0,8,0,1,1,2,2,55,2,2,1,1,0,0,0,1,1,0,0,16,3,99,99,99,99,0,0,0,0,1,5,0,63252,3210,86,2007,I-215,1E+20,0,99999999,999999999,1,1
6,107,12,6,18,15,2,2,0,0,5,4,0,12,5,2,1,1,2,55,1,1,2,2,20,3,0,2,2,0,0,99,99,99,99,99,99,0,0,0,0,1,5,1,63253,0,0,2007,ROAD 72,AVENUE 120,0,99999999,999999999,2,2
6,67,12,7,6,55,1,3,1,0,13,4,0,8,0,1,1,5,2,45,1,1,2,2,0,0,0,3,2,0,0,99,99,99,99,0,0,0,0,0,0,1,6,0,63254,0,0,2007,GREENBACK LN,1E+20,0,99999999,999999999,1,2
6,39,12,7,19,35,2,4,0,0,4,4,0,12,7,1,1,1,2,55,1,1,2,2,0,0,0,2,1,0,0,99,99,99,99,0,0,0,0,0,0,1,6,0,63255,0,0,2007,AVENUE 7,1E+20,0,99999999,999999999,2,1
6,65,12,7,21,10,1,5,0,1,1,1,0,1,0,1,2,2,2,70,1,2,2,1,0,0,0,2,1,0,0,21,12,99,99,99,99,0,0,0,0,1,6,1,63256,0,890,2007,I-10,1E+20,0,99999999,999999999,1,1
6,99,12,8,13,20,2,6,0,1,2,3,0,12,4,1,1,1,2,55,1,1,2,1,0,0,0,1,1,0,0,13,24,99,99,99,99,0,0,0,0,2,7,0,63257,0,115,2007,SR-120,1E+20,0,99999999,999999999,2,1
6,53,12,8,13,55,2,2,0,1,12,3,0,12,1,5,1,6,1,65,1,2,2,1,0,0,0,1,1,0,0,99,99,99,99,99,99,0,0,0,0,1,7,0,63258,3560,795,2007,SR-1 RAMP,1E+20,0,99999999,999999999,2,1
6,37,12,8,21,25,2,3,0,0,14,6,0,12,5,2,1,1,2,25,1,1,2,2,3,3,0,3,2,0,0,99,99,99,99,99,99,0,0,0,0,1,7,0,63259,1980,0,2007,1ST ST,PACIFIC AVE,0,99999999,999999999,2,2
6,37,12,8,23,32,2,1,0,0,6,4,0,14,4,3,7,1,2,25,1,1,2,1,20,3,0,3,1,0,0,23,49,99,99,0,0,0,0,0,0,1,7,1,63260,0,0,2007,FISHER ST,BRANNICK AVE,0,99999999,999999999,1,1
6,77,12,9,0,50,2,7,1,1,12,3,0,12,5,1,1,3,2,65,1,1,2,1,0,0,0,3,1,0,0,99,99,99,99,99,99,0,19,0,0,2,1,2,63261,3770,164,2007,SR-4,1E+20,0,99999999,999999999,2,1
6,73,12,10,2,26,1,1,0,1,12,3,0,42,0,1,3,3,2,65,1,1,2,1,0,0,0,3,1,0,0,99,99,99,99,0,0,0,0,0,0,1,2,1,63262,3260,35,2007,SR-15,1E+20,0,99999999,999999999,1,1
6,37,12,10,5,14,2,3,0,0,13,6,0,12,5,2,1,9,9,25,9,9,9,1,99,9,0,3,1,0,0,99,99,99,99,99,99,0,0,0,0,1,2,0,63263,1700,0,2007,LA CIENEGA BL,GLENWAY DR,0,99999999,999999999,2,1
6,37,12,10,5,45,1,2,1,0,14,6,0,8,0,3,1,1,4,25,1,1,2,1,0,0,2,3,1,0,0,99,99,99,99,99,99,0,0,0,0,1,2,0,63264,1980,0,2007,SAN PEDRO ST,43RD ST,0,99999999,999999999,1,1
6,57,12,10,12,17,2,4,0,0,3,3,0,12,5,2,1,1,3,55,1,2,2,1,20,3,0,1,1,0,0,99,99,99,99,99,99,0,0,0,0,1,2,0,63265,0,96,2007,SR-49,PINGREE RD,0,99999999,999999999,2,1