STATE,COUNTY,MONTH,DAY,HOUR,MINUTE,VE_TOTAL,PERSONS,PEDS,NHS,ROAD_FNC,ROUTE,SP_JUR,HARM_EV,MAN_COLL,REL_JUNC,REL_ROAD,TRAF_FLO,NO_LANES,SP_LIMIT,ALIGNMNT,PROFILE,PAVE_TYP,SUR_COND,TRA_CONT,T_CONT_F,HIT_RUN,LGT_COND,WEATHER1,WEATHER2,C_M_ZONE,NOT_HOUR,NOT_MIN,ARR_HOUR,ARR_MIN,HOSP_HR,HOSP_MN,SCH_BUS,CF1,CF2,CF3,FATALS,DAY_WEEK,DRUNK_DR,ST_CASE,CITY,MILEPT,YEAR,TWAY_ID,TWAY_ID2,RAIL,LATITUDE,LONGITUD,VE_FORMS,WEATHER
6,81,12,10,20,41,1,2,1,0,15,6,0,8,0,2,1,1,2,25,1,1,2,1,0,0,0,2,1,0,0,99,99,99,99,99,99,0,0,0,0,1,2,0,63266,2980,0,2007,MAIN ST,SHASTA ST,0,99999999,999999999,1,1
6,75,12,11,4,11,4,4,0,0,14,6,0,12,5,2,1,2,2,25,1,2,2,1,3,3,0,3,1,0,0,99,99,99,99,99,99,0,0,0,0,2,3,0,63267,3290,0,2007,DIVISIDERO ST,PAGE ST,0,99999999,999999999,2,1
6,111,12,11,7,48,2,2,0,0,13,3,0,12,5,2,1,1,3,25,1,2,2,1,20,3,0,1,1,0,0,99,99,99,99,99,99,0,0,0,0,1,3,0,63268,0,82,2007,SR-33,CREEK LN,0,99999999,999999999,2,1
6,31,12,11,16,58,2,2,0,1,12,3,0,12,1,1,1,2,2,65,1,1,2,1,0,0,0,3,1,0,0,99,99,99,99,0,0,0,0,0,0,1,3,0,63269,1540,200,2007,SR-198,1E+20,0,99999999,999999999,2,1
6,37,12,11,17,35,1,2,1,0,13,6,0,8,0,1,1,2,2,35,1,1,2,1,0,0,0,3,1,0,0,99,99,99,99,99,99,0,0,0,0,1,3,1,63270,1970,0,2007,7TH ST,1E+20,0,99999999,999999999,1,1
6,85,12,11,18,50,1,3,1,0,14,6,0,8,0,1,1,5,2,30,1,1,2,1,0,0,0,3,1,0,0,99,99,99,99,99,99,0,0,0,0,1,3,1,63271,3340,0,2007,WILLIAMS RD,1E+20,0,99999999,999999999,1,1
6,1,12,11,21,35,2,2,0,0,16,6,0,12,1,1,1,1,2,45,2,1,2,1,0,0,0,2,1,0,0,99,99,99,99,99,99,0,0,0,0,1,3,0,63272,2480,0,2007,DOOLITTLE DR,1E+20,0,99999999,999999999,2,1
6,71,12,11,21,49,1,2,1,0,14,6,0,8,0,2,1,1,2,55,1,1,2,1,0,0,0,3,1,0,0,99,99,99,99,99,99,0,0,0,0,1,3,1,63273,4040,0,2007,AMARGOSA RD,DUNIA RD,0,99999999,999999999,1,1
6,73,12,11,22,46,1,1,0,0,12,3,0,33,0,1,4,3,3,65,1,1,2,1,0,0,0,3,1,0,0,99,99,99,99,0,0,0,0,0,0,1,3,1,63274,1200,172,2007,SR-78,1E+20,0,99999999,999999999,1,1
6,7,12,12,11,50,2,3,0,0,3,3,0,12,4,1,1,1,2,45,2,2,2,1,0,0,0,1,1,0,0,11,50,99,99,99,99,0,0,0,0,1,4,0,63275,0,216,2007,SR-162,1E+20,0,99999999,999999999,2,1
6,59,12,12,16,56,2,2,0,0,14,6,0,12,5,2,1,2,2,35,1,1,2,1,3,3,0,5,1,0,0,99,99,99,99,0,0,0,0,0,0,1,4,1,63276,4130,0,2007,TRASK AVE,HOOVER ST,0,99999999,999999999,2,1
6,95,12,12,18,35,1,2,0,1,11,1,0,33,0,1,4,3,3,65,1,1,1,1,0,0,0,2,1,0,0,18,38,99,99,0,0,0,0,0,0,1,4,0,63277,1020,383,2007,I-80,1E+20,0,99999999,999999999,1,1
6,79,12,12,20,25,1,3,0,0,4,4,0,38,0,1,4,1,2,55,2,1,2,1,0,0,0,2,1,0,0,20,26,99,99,99,99,0,0,0,0,1,4,0,63278,0,0,2007,BULL CYN RD,1E+20,0,99999999,999999999,1,1
6,85,12,12,22,3,1,3,2,0,13,6,0,8,0,2,1,9,3,35,1,1,2,1,0,0,0,3,1,0,0,99,99,99,99,99,99,0,19,0,0,1,4,1,63279,3340,0,2007,BASCOM AVE,BORELLO DR,0,99999999,999999999,1,1
6,99,12,13,5,40,1,2,0,1,3,3,0,42,0,1,4,1,2,55,1,1,2,1,0,0,0,2,1,0,0,99,99,99,99,99,99,0,0,0,0,1,5,0,63280,0,39,2007,SR-132,1E+20,0,99999999,999999999,1,1
6,59,10,15,1,57,1,2,1,0,14,6,0,27,0,1,4,1,2,40,2,2,2,1,0,0,0,3,1,0,0,99,99,99,99,99,99,0,0,0,0,1,2,1,63281,972,0,2007,DEL OBISPO ST,1E+20,0,99999999,999999999,1,1
6,65,11,25,22,0,1,5,0,1,11,1,0,43,0,1,4,3,3,65,1,1,1,1,0,0,0,2,1,0,0,99,99,99,99,99,99,0,0,0,0,3,1,1,63282,850,376,2007,I-15,1E+20,0,99999999,999999999,1,1
6,7,11,25,23,15,1,1,0,0,5,4,0,42,0,1,4,1,2,55,1,1,2,1,0,0,0,2,1,0,0,99,99,99,99,0,0,0,0,0,0,1,1,0,63283,0,0,2007,HEGAN LN,1E+20,0,99999999,999999999,1,1
6,19,11,26,7,11,1,2,1,0,15,6,0,8,0,3,1,1,2,35,2,1,2,1,20,3,0,1,1,0,0,99,99,99,99,99,99,0,0,0,0,1,2,0,63284,1370,0,2007,E COLE AVE,E AUDUBON DR,0,99999999,999999999,1,1
6,29,11,26,10,14,1,2,1,0,4,4,0,10,0,6,1,1,2,55,1,1,2,1,61,3,0,1,1,0,0,99,99,99,99,0,0,0,0,0,0,1,2,0,63285,0,0,2007,MERCED AVE,1E+20,028395F,99999999,999999999,1,1
6,57,11,26,15,30,1,2,0,0,15,6,0,17,0,1,4,1,2,35,2,1,2,1,0,0,0,1,1,0,0,99,99,99,99,99,99,0,0,0,0,1,2,1,63286,1460,0,2007,RIDGE RD,1E+20,0,99999999,999999999,1,1
6,95,11,26,17,30,1,2,1,0,15,4,0,8,0,1,1,1,2,45,1,1,2,1,0,0,0,2,1,0,0,99,99,99,99,0,0,0,0,0,0,1,2,0,63287,0,0,2007,ROCKVILLE RD,1E+20,0,99999999,999999999,1,1
6,59,11,26,17,50,1,2,1,0,16,6,0,8,0,8,1,9,9,25,1,1,2,1,0,0,0,3,1,0,0,99,99,99,99,99,99,0,0,0,0,1,2,0,63288,9997,0,2007,CALLE ARAGON,1E+20,0,99999999,999999999,1,1
6,67,11,27,0,4,1,1,0,0,13,6,0,33,0,1,4,2,3,30,2,1,2,1,28,3,0,3,1,0,1,99,99,99,99,99,99,0,20,0,0,1,3,1,63289,712,0,2007,GREENBACK LN,1E+20,0,99999999,999999999,1,1
6,25,11,27,7,58,1,1,0,0,3,3,0,1,0,1,4,1,2,65,2,1,2,1,40,3,0,1,1,0,0,99,99,99,99,0,0,0,0,0,0,1,3,0,63290,0,291,2007,SR-111,1E+20,0,99999999,999999999,1,1
6,73,12,3,18,10,1,2,1,0,4,3,0,8,0,2,1,1,2,55,1,1,2,1,0,0,0,3,1,0,0,99,99,99,99,0,0,0,0,0,0,1,2,1,63291,0,121,2007,SR-76,OLIVE HILL RD,0,99999999,999999999,1,1
6,13,12,3,18,38,1,2,1,0,12,3,0,8,0,1,1,3,4,65,1,1,2,1,0,0,0,3,1,0,0,99,99,99,99,0,0,0,0,0,0,1,2,1,63292,820,17,2007,SR-242,1E+20,0,99999999,999999999,1,1
6,53,12,3,22,15,1,4,0,1,12,3,0,35,0,1,4,3,3,65,2,1,2,1,0,0,0,3,1,0,0,99,99,99,99,99,99,0,0,0,0,2,2,0,63293,3560,805,2007,SR-1,1E+20,0,99999999,999999999,1,1
6,107,12,4,11,39,1,2,1,0,14,6,0,9,0,1,1,3,2,35,2,1,2,1,0,0,2,1,1,0,0,99,99,99,99,99,99,0,0,0,0,1,3,0,63294,2880,0,2007,PLANO ST,1E+20,0,99999999,999999999,1,1
6,59,12,5,12,50,1,1,0,1,11,1,0,25,0,1,3,3,6,65,1,1,1,1,0,0,0,1,1,0,0,99,99,99,99,99,99,0,0,0,0,1,4,0,63295,880,97,2007,I-405,1E+20,0,99999999,999999999,1,1
6,97,12,5,20,28,1,1,0,0,14,6,0,33,0,1,4,9,9,35,1,1,2,1,0,0,0,3,1,0,4,99,99,99,99,99,99,0,0,0,0,1,4,1,63296,3089,0,2007,REDWOOD DR,1E+20,0,99999999,999999999,1,1
6,1,12,6,21,1,1,2,1,0,14,6,0,8,0,1,1,1,3,30,1,1,2,2,0,0,0,3,2,0,0,99,99,99,99,99,99,0,0,0,0,1,5,0,63297,1170,0,2007,HOLLIS ST,1E+20,0,99999999,999999999,1,2
6,85,11,12,19,14,1,2,1,0,13,3,0,8,0,1,1,1,4,35,1,1,2,1,0,0,0,3,1,0,0,99,99,99,99,99,99,0,0,0,0,1,2,1,63298,2311,208,2007,SR-82,1E+20,0,99999999,999999999,1,1
6,59,12,9,1,58,1,6,1,0,13,6,0,8,0,1,1,3,6,40,1,2,2,2,0,0,0,3,1,0,0,99,99,99,99,99,99,0,0,0,0,1,1,1,63299,2560,0,2007,E CHAPMAN AVE,1E+20,0,99999999,999999999,1,1
6,37,12,17,19,45,1,2,1,0,13,3,0,8,0,3,1,3,4,40,1,1,1,1,3,3,2,3,1,0,0,99,99,99,99,99,99,0,0,0,0,1,2,0,63300,3105,64,2007,SR-164,MISSION DR,0,99999999,999999999,1,1
6,37,12,17,23,49,1,1,0,0,13,6,0,33,0,1,3,3,2,45,1,1,2,1,0,0,0,3,1,0,0,99,99,99,99,0,0,0,20,0,0,1,2,1,63301,890,0,2007,AZUSA AVE,1E+20,0,99999999,999999999,1,1
6,23,12,17,99,99,1,2,0,0,4,3,0,27,0,1,4,1,2,55,2,2,2,2,0,0,0,2,1,0,0,99,99,99,99,99,99,0,0,0,0,1,2,2,63302,0,36,2007,SR-254,1E+20,0,99999999,999999999,1,1
6,99,12,17,99,99,1,1,0,1,1,1,0,1,0,1,4,2,2,70,1,1,2,1,0,0,0,2,1,0,0,99,99,99,99,0,0,0,0,0,0,1,2,0,63303,0,181,2007,I-5,1E+20,0,99999999,999999999,1,1
6,37,12,18,8,50,1,1,0,1,12,3,0,39,0,1,4,3,3,65,2,1,1,1,0,0,0,1,1,0,0,99,99,99,99,0,0,0,0,0,0,1,3,0,63304,3445,343,2007,SR-14,1E+20,0,99999999,999999999,1,1
6,53,12,18,11,44,1,2,0,0,3,3,0,42,0,1,4,1,2,55,2,1,2,2,0,0,0,1,2,0,0,99,99,99,99,0,0,0,0,0,0,2,3,0,63305,0,226,2007,SR-198,1E+20,0,99999999,999999999,1,2
6,23,12,18,12,10,1,1,0,0,4,3,0,42,0,1,4,1,2,55,2,2,2,2,0,0,0,1,1,0,0,99,99,99,99,0,0,0,0,0,0,1,3,0,63306,0,121,2007,SR-254,1E+20,0,99999999,999999999,1,1
6,97,12,18,13,54,1,1,0,0,12,3,0,52,0,1,4,3,2,55,1,1,2,1,0,0,0,1,1,0,0,99,99,99,99,0,0,0,0,0,0,1,3,0,63307,3490,185,2007,SR-12,1E+20,0,99999999,999999999,1,1
6,1,12,18,14,14,1,1,0,0,14,6,0,42,0,3,4,3,2,30,2,2,2,2,28,3,0,1,1,0,0,99,99,99,99,99,99,0,0,0,0,1,3,0,63308,2480,0,2007,35TH AVE,VICTOR AVE,0,99999999,999999999,1,1
6,37,12,18,21,0,1,1,0,1,12,3,0,25,0,1,4,3,5,65,1,1,1,2,0,0,0,3,2,0,0,99,99,99,99,0,0,0,0,0,0,1,3,1,63309,2870,294,2007,SR-60,1E+20,0,99999999,999999999,1,2
6,37,12,18,23,33,1,1,0,0,14,6,0,33,0,3,4,1,3,50,2,1,2,2,2,3,0,3,2,0,0,99,99,99,99,0,0,0,0,0,0,1,3,1,63310,1840,0,2007,BUSINESS CENTER PKWY,AVENUE L,0,99999999,999999999,1,2
6,65,12,19,2,19,1,1,0,0,16,6,0,33,0,1,3,3,2,40,2,1,2,1,0,0,0,3,1,0,0,99,99,99,99,0,0,0,0,0,0,1,4,1,63311,2650,0,2007,KIRK DOUGLAS WY,1E+20,0,99999999,999999999,1,1
6,71,12,19,4,46,1,3,0,1,14,3,0,43,0,1,4,3,4,65,1,1,2,2,0,0,0,2,1,0,0,99,99,99,99,99,99,0,0,0,0,1,4,0,63312,3210,203,2007,SR-210,1E+20,0,99999999,999999999,1,1
6,101,12,19,6,15,1,4,0,0,3,3,0,1,0,1,6,1,2,65,1,1,2,2,0,0,0,2,1,0,0,99,99,99,99,99,99,0,0,0,0,3,4,0,63313,0,58,2007,SR-113,1E+20,0,99999999,999999999,1,1
6,107,12,19,6,26,1,1,0,0,3,4,0,30,0,3,4,1,3,40,1,1,2,2,3,3,0,4,1,0,0,99,99,99,99,99,99,0,0,0,0,1,4,0,63314,4050,0,2007,WALNUT AVE,CENTRAL AVE,0,99999999,999999999,1,1
6,3,12,19,10,45,1,1,0,1,3,3,0,24,0,1,4,1,2,25,2,2,2,3,40,3,0,1,4,0,0,99,99,99,99,99,99,0,4,0,0,1,4,0,63315,0,152,2007,SR-88,1E+20,0,99999999,999999999,1,4
6,29,12,19,11,0,1,2,0,0,13,4,0,33,0,1,4,5,4,40,1,1,2,1,0,0,0,1,1,0,0,99,99,99,99,99,99,0,0,0,0,1,4,0,63316,0,0,2007,NILES ST,1E+20,0,99999999,999999999,1,1
6,75,5,14,12,59,3,7,2,0,13,6,0,12,5,2,1,1,4,25,1,1,2,1,3,3,1,1,1,0,0,99,99,99,99,99,99,0,0,0,0,1,2,0,63317,3290,0,2007,MISSION ST,23RD ST,0,99999999,999999999,3,1
6,81,5,19,22,10,4,6,1,1,12,2,0,8,0,10,1,5,6,65,1,1,2,1,0,0,0,2,1,0,0,99,99,99,99,99,99,0,0,0,0,1,7,0,63318,3240,71,2007,US-101,1E+20,0,99999999,999999999,4,1
6,65,5,31,15,0,2,5,0,1,11,1,0,12,4,2,1,1,3,55,2,1,2,1,20,3,0,1,1,0,0,99,99,99,99,99,99,0,0,0,0,1,5,0,63319,0,1523,2007,I-10 RAMP,MAIN ST,0,99999999,999999999,2,1
6,37,6,17,3,17,6,3,0,0,15,6,0,14,3,1,7,5,2,35,1,1,2,1,0,0,0,3,1,0,0,99,99,99,99,99,99,0,0,0,0,1,1,1,63320,602,0,2007,DEOLORES ST,1E+20,0,99999999,999999999,1,1
6,37,8,21,17,23,2,4,0,0,14,6,0,12,1,1,1,1,4,40,1,1,2,1,0,0,0,1,1,0,0,99,99,99,99,99,99,0,0,0,0,1,3,0,63321,305,0,2007,ALONDRA BL,1E+20,0,99999999,999999999,2,1
6,71,8,31,6,57,1,1,0,1,2,3,0,1,0,13,1,6,9,70,2,2,2,1,0,0,0,1,1,0,0,99,99,99,99,0,0,0,0,0,0,1,6,0,63322,260,887,2007,SR-15 RAMP,1E+20,0,99999999,999999999,1,1
6,113,9,8,13,50,1,1,0,0,3,3,0,34,0,1,2,1,2,55,1,1,2,1,0,0,0,1,1,0,0,99,99,99,99,99,99,0,0,0,0,1,7,0,63323,0,20,2007,SR-128,1E+20,0,99999999,999999999,1,1
6,65,9,10,22,0,1,1,0,0,3,3,0,1,0,1,6,1,2,55,2,2,2,1,0,0,0,2,1,0,0,99,99,99,99,99,99,0,0,0,0,1,2,1,63324,0,579,2007,SR-371,1E+20,0,99999999,999999999,1,1
6,73,9,23,11,30,2,2,0,1,12,3,0,12,7,1,1,3,3,65,1,1,2,1,0,0,0,1,1,0,0,99,99,99,99,0,0,0,0,0,0,1,1,0,63325,3260,44,2007,SR-78,1E+20,0,99999999,999999999,2,1
6,19,9,23,11,47,2,3,0,1,12,3,0,12,3,1,1,3,3,65,1,2,2,1,0,0,0,1,1,0,0,99,99,99,99,99,99,0,0,0,0,1,1,0,63326,1370,303,2007,SR-41,1E+20,0,99999999,999999999,2,1
6,37,12,2,0,11,4,5,0,0,13,3,0,12,5,2,1,3,2,30,1,1,2,1,3,3,0,3,1,0,0,99,99,99,99,99,99,0,20,0,0,1,1,0,63327,3853,78,2007,SR-164,LAS TUNAS DR,0,99999999,999999999,4,1
6,37,12,9,6,0,6,2,0,0,13,6,0,12,1,1,1,2,2,40,1,1,2,1,0,0,1,1,1,0,0,99,99,99,99,99,99,0,0,0,0,1,1,0,63328,1980,0,2007,WOODLEY AVE,1E+20,0,99999999,999999999,2,1
6,99,12,9,14,45,2,4,0,0,4,4,0,12,4,1,1,1,2,55,1,1,2,1,0,0,0,1,1,0,0,99,99,99,99,99,99,0,20,0,0,3,1,0,63329,0,0,2007,CLARIBEL RD,1E+20,0,99999999,999999999,2,1
6,1,12,9,15,28,1,1,0,0,13,3,0,1,0,1,1,1,2,45,2,2,2,1,0,0,0,1,1,0,0,99,99,99,99,99,99,0,0,0,0,1,1,1,63330,1364,121,2007,SR-84,1E+20,0,99999999,999999999,1,1
6,67,12,9,18,35,1,2,1,0,13,4,0,8,0,1,1,2,4,45,1,1,2,1,0,0,0,3,1,0,0,99,99,99,99,99,99,0,0,0,0,1,1,1,63331,0,0,2007,MADISON AVE,1E+20,0,99999999,999999999,1,1
6,65,12,9,18,45,1,3,1,0,14,6,0,8,0,3,1,1,4,50,1,1,2,1,3,3,0,2,1,0,0,99,99,99,99,99,99,0,0,0,0,1,1,0,63332,2650,0,2007,E PALM WY,CHEROKEE WY,0,99999999,999999999,1,1
6,65,12,9,19,58,1,2,1,0,15,6,0,9,0,1,1,1,2,35,1,1,2,1,0,0,0,2,1,0,0,99,99,99,99,99,99,0,0,0,0,1,1,2,63333,1580,0,2007,YALE ST,1E+20,0,99999999,999999999,1,1
6,47,12,9,21,41,1,1,0,0,2,3,0,20,0,1,3,2,2,65,1,1,2,1,0,0,0,3,1,0,0,99,99,99,99,0,0,0,0,0,0,1,1,0,63334,0,267,2007,SR-99,1E+20,0,99999999,999999999,1,1
6,11,12,13,12,12,1,7,0,1,1,1,0,1,0,1,3,2,2,70,2,1,2,1,0,0,0,1,1,0,0,99,99,99,99,99,99,0,0,0,0,2,5,0,63335,0,143,2007,I-5,1E+20,0,99999999,999999999,1,1
6,71,12,13,22,35,1,2,1,1,14,3,0,8,0,1,1,5,4,45,1,1,2,1,0,0,0,3,1,0,0,99,99,99,99,0,0,0,0,0,0,1,5,1,63336,4291,101,2007,SR-62,1E+20,0,99999999,999999999,1,1
6,37,12,14,10,16,1,3,1,0,13,6,0,8,0,3,1,1,4,40,1,1,2,1,3,3,0,1,1,0,0,99,99,99,99,99,99,0,0,0,0,1,6,1,63337,3105,0,2007,SAN GABRIEL BL,GARVEY AVE,0,99999999,999999999,1,1
6,99,12,14,13,51,2,2,0,0,13,6,0,12,2,3,1,1,6,40,1,1,2,1,3,3,0,1,1,0,0,99,99,99,99,99,99,0,0,0,0,1,6,0,63338,2200,0,2007,SCENIC DR,ROSE AVE,0,99999999,999999999,2,1
6,71,12,14,15,44,1,2,1,0,14,6,0,8,0,3,1,5,2,40,1,2,2,1,20,3,0,1,1,0,0,99,99,99,99,99,99,0,0,0,0,1,6,0,63339,3210,0,2007,MEDICAL CENTER DR,MAGNOLIA AVE,0,99999999,999999999,1,1
6,73,12,14,16,23,2,3,0,0,14,4,0,12,1,1,1,1,4,45,1,1,2,1,0,0,0,5,1,0,0,99,99,99,99,0,0,1,0,0,0,2,6,0,63340,0,0,2007,SWEETWATER SPNGS BL,1E+20,0,99999999,999999999,2,1
6,67,12,14,20,25,1,2,1,0,13,4,0,15,0,1,1,5,4,45,1,1,2,1,0,0,0,3,1,0,0,99,99,99,99,0,0,0,0,0,0,1,6,0,63341,0,0,2007,MARCONI AVE,1E+20,0,99999999,999999999,1,1
6,65,12,14,20,27,2,1,0,0,14,4,0,33,0,1,4,3,2,45,1,1,2,1,0,0,0,3,1,0,0,99,99,99,99,99,99,0,0,0,0,1,6,0,63342,0,0,2007,MISSION BL,1E+20,0,99999999,999999999,1,1
6,37,12,14,22,20,2,7,0,0,13,6,0,33,0,1,4,1,2,40,1,1,2,1,0,0,0,2,1,0,0,99,99,99,99,99,99,0,0,0,0,2,6,1,63343,2929,0,2007,PALOS VERDES DR S,1E+20,0,99999999,999999999,2,1
6,73,12,14,23,50,2,6,0,0,3,3,0,24,0,1,4,1,2,55,2,2,2,1,28,3,0,2,1,0,0,99,99,99,99,99,99,0,0,0,0,4,6,1,63344,0,249,2007,SR-76,1E+20,0,99999999,999999999,2,1
6,99,12,14,99,99,1,1,0,0,6,4,0,43,0,1,5,1,2,99,1,1,2,9,0,0,0,9,9,0,0,99,99,99,99,0,0,0,0,0,0,1,6,1,63345,0,0,2007,DELTA MENDOTA CANAL,1E+20,0,99999999,999999999,1,9
6,37,12,15,1,0,3,3,0,0,14,6,0,12,5,2,1,1,4,35,1,1,2,1,3,3,0,3,1,0,0,99,99,99,99,99,99,0,0,0,0,2,7,1,63346,1980,0,2007,SATICOY ST,LOUISE AVE,0,99999999,999999999,2,1
6,59,12,15,6,52,1,3,1,0,13,6,0,33,0,1,4,3,3,40,1,1,2,1,0,0,0,1,1,0,0,99,99,99,99,99,99,0,0,0,0,1,7,0,63347,80,0,2007,LA PALMA AVE,1E+20,0,99999999,999999999,1,1
6,37,12,15,11,3,1,2,1,0,16,6,0,15,0,1,5,3,2,35,1,1,2,1,0,0,0,1,1,0,0,99,99,99,99,99,99,0,0,0,0,1,7,0,63348,2020,0,2007,LONG BEACH BL,1E+20,0,99999999,999999999,1,1
6,95,12,15,12,47,3,6,0,1,11,1,0,12,5,2,1,3,2,45,1,1,2,1,3,3,0,1,1,0,0,99,99,99,99,99,99,0,0,0,0,1,7,0,63349,1260,190,2007,I-80 RAMP,AIRBASE PKWY,0,99999999,999999999,3,1
6,37,12,15,14,38,5,6,0,0,13,6,0,27,0,1,3,3,2,40,2,1,2,1,0,0,0,1,1,0,0,99,99,99,99,99,99,0,0,0,0,1,7,1,63350,1045,0,2007,LAKEWOOD BL,1E+20,0,99999999,999999999,5,1
6,37,12,15,15,6,1,1,0,0,15,6,0,1,0,1,4,2,1,45,2,1,2,1,0,0,0,1,1,0,0,99,99,99,99,0,0,0,0,0,0,1,7,0,63351,3445,0,2007,SAND CANYON RD,1E+20,0,99999999,999999999,1,1
6,77,12,15,16,55,1,1,0,0,4,4,0,33,0,1,4,1,2,55,2,1,2,1,0,0,0,1,1,0,0,99,99,99,99,99,99,0,0,0,0,1,7,1,63352,0,0,2007,HOWARD RD,1E+20,0,99999999,999999999,1,1
6,19,12,15,17,49,1,2,1,0,14,6,0,8,0,1,1,2,3,40,1,1,2,1,0,0,0,3,1,0,0,99,99,99,99,99,99,0,0,0,0,1,7,1,63353,1370,0,2007,BLACKSTONE AVE,1E+20,0,99999999,999999999,1,1
6,65,12,15,17,52,1,3,1,0,13,4,0,8,0,1,1,2,2,60,1,1,2,1,0,0,0,2,1,0,0,99,99,99,99,0,0,0,0,0,0,1,7,0,63354,0,0,2007,VAN BUREN BL,1E+20,0,99999999,999999999,1,1
6,73,12,15,21,2,4,6,0,1,11,1,0,12,1,1,1,3,6,65,1,2,1,1,0,0,0,3,1,0,0,99,99,99,99,0,0,0,0,0,0,1,7,1,63355,3260,153,2007,I-15,1E+20,0,99999999,999999999,4,1
6,67,12,15,22,0,1,3,1,0,13,6,0,8,0,1,1,3,2,40,1,1,2,1,0,0,0,3,1,0,0,99,99,99,99,99,99,0,0,0,0,1,7,1,63356,3150,0,2007,ARDEN WY,1E+20,0,99999999,999999999,1,1
6,95,12,15,22,1,1,2,1,1,11,6,0,8,0,1,1,3,3,65,1,1,2,1,0,0,0,3,1,0,0,99,99,99,99,0,0,0,0,0,0,1,7,1,63357,4020,17,2007,I-80,1E+20,0,99999999,999999999,1,1
6,53,12,15,22,25,2,9,0,1,2,3,0,12,2,1,1,1,2,55,2,1,2,1,0,0,0,2,1,0,0,99,99,99,99,99,99,0,0,0,0,1,7,1,63358,0,1009,2007,SR-1,1E+20,0,99999999,999999999,2,1
6,59,12,16,2,9,1,4,0,0,13,6,0,42,0,1,3,3,3,45,2,1,2,1,0,0,0,3,1,0,0,99,99,99,99,99,99,0,0,0,0,1,1,1,63359,2199,0,2007,ALICIA PKWY,1E+20,0,99999999,999999999,1,1
6,99,12,16,6,38,1,2,0,0,14,6,0,33,0,1,4,3,2,40,1,1,2,1,0,0,0,3,5,0,0,99,99,99,99,99,99,0,0,0,0,1,1,0,63360,2200,0,2007,SYLVAN AVE,1E+20,0,99999999,999999999,1,5
6,13,12,16,0,23,1,1,0,0,14,6,0,33,0,1,4,2,2,35,2,2,2,1,0,0,0,3,1,0,0,99,99,99,99,0,0,0,0,0,0,1,1,1,63361,110,0,2007,JAMES DONLON BL,1E+20,0,99999999,999999999,1,1
6,85,12,16,14,0,1,1,0,0,13,6,0,42,0,1,4,3,3,35,2,1,2,1,0,0,0,1,1,0,0,99,99,99,99,0,0,0,0,0,0,1,1,1,63362,3340,0,2007,TULLY RD,1E+20,0,99999999,999999999,1,1
6,19,12,16,14,50,2,3,0,0,4,4,0,12,5,2,1,1,2,55,1,1,2,1,20,3,0,1,1,0,0,99,99,99,99,99,99,0,0,0,0,1,1,1,63363,0,0,2007,ALTA AVE,PARLIER AVE,0,99999999,999999999,2,1
6,37,12,17,16,0,2,4,0,1,11,1,0,12,7,1,1,3,4,65,1,1,2,1,0,0,0,1,1,0,0,99,99,99,99,99,99,0,0,0,0,1,2,1,63364,1980,243,2007,I-5,1E+20,0,99999999,999999999,2,1
6,37,12,16,18,20,2,8,0,0,16,6,0,12,3,1,1,5,2,45,1,1,2,1,0,0,0,3,1,0,0,99,99,99,99,0,0,0,0,0,0,1,1,1,63365,1980,0,2007,TOPANGA CYN BL,1E+20,0,99999999,999999999,2,1
6,37,12,16,22,15,1,3,1,0,14,4,0,8,0,3,1,5,4,35,1,1,2,1,40,3,0,2,1,0,2,99,99,99,99,99,99,0,0,0,0,1,1,1,63366,0,0,2007,GALE AVE,FARMSTEAD AVE,0,99999999,999999999,1,1
6,111,12,16,22,44,1,1,0,0,14,6,0,33,0,1,3,3,1,45,2,1,2,1,0,0,0,3,1,0,0,99,99,99,99,0,0,0,0,0,0,1,1,1,63367,3860,0,2007,PEDERSON RD,1E+20,0,99999999,999999999,1,1
6,71,12,17,0,20,1,2,0,1,1,1,0,35,0,1,4,2,2,70,2,1,2,1,0,0,0,2,1,0,0,99,99,99,99,99,99,0,0,0,0,1,2,0,63368,0,1741,2007,I-15,1E+20,0,99999999,999999999,1,1
6,59,12,17,1,0,1,2,1,1,11,1,0,8,0,1,1,3,6,65,1,1,2,1,0,0,0,2,1,0,0,99,99,99,99,0,0,0,0,0,0,1,2,1,63369,4130,223,2007,I-405,1E+20,0,99999999,999999999,1,1