STATE,COUNTY,MONTH,DAY,HOUR,MINUTE,VE_TOTAL,PERSONS,PEDS,NHS,ROAD_FNC,ROUTE,SP_JUR,HARM_EV,MAN_COLL,REL_JUNC,REL_ROAD,TRAF_FLO,NO_LANES,SP_LIMIT,ALIGNMNT,PROFILE,PAVE_TYP,SUR_COND,TRA_CONT,T_CONT_F,HIT_RUN,LGT_COND,WEATHER1,WEATHER2,C_M_ZONE,NOT_HOUR,NOT_MIN,ARR_HOUR,ARR_MIN,HOSP_HR,HOSP_MN,SCH_BUS,CF1,CF2,CF3,FATALS,DAY_WEEK,DRUNK_DR,ST_CASE,CITY,MILEPT,YEAR,TWAY_ID,TWAY_ID2,RAIL,LATITUDE,LONGITUD,VE_FORMS,WEATHER
6,31,12,17,1,30,1,3,1,0,6,4,0,8,0,1,1,1,2,55,1,1,2,1,0,0,0,2,1,0,0,99,99,99,99,99,99,0,0,0,0,1,2,0,63370,0,0,2007,17TH AVE,1E+20,0,99999999,999999999,1,1
6,73,12,17,2,14,1,2,0,0,14,6,0,33,0,1,4,5,4,45,2,1,2,1,0,0,0,2,1,0,0,99,99,99,99,99,99,0,0,0,0,1,2,2,63371,2904,0,2007,POMERADO RD,1E+20,0,99999999,999999999,1,1
6,67,12,17,3,30,1,2,0,0,13,4,0,33,0,1,4,2,2,40,2,1,2,2,0,0,0,3,2,0,0,99,99,99,99,0,0,0,0,0,0,2,2,2,63372,0,0,2007,ALTA ARDEN EPWY,1E+20,0,99999999,999999999,1,2
6,95,12,17,8,30,1,1,0,1,11,1,0,24,0,1,4,3,3,65,1,2,2,2,0,0,0,1,1,0,0,99,99,99,99,0,0,0,0,0,0,1,2,0,63373,330,6,2007,I-680,1E+20,0,99999999,999999999,1,1
6,59,12,17,11,25,2,2,0,0,3,3,0,12,4,1,1,1,2,55,2,1,2,1,0,0,0,1,1,0,0,99,99,99,99,99,99,0,0,0,0,1,2,0,63374,0,38,2007,SR-74,1E+20,0,99999999,999999999,2,1
6,37,12,17,19,55,1,4,1,0,14,6,0,8,0,3,1,2,9,35,1,1,2,2,0,0,0,3,2,0,0,99,99,99,99,99,99,0,0,0,0,1,2,0,63375,1980,0,2007,VANOWEN ST,DENSMORE AVE,0,99999999,999999999,1,2
6,79,12,17,21,3,2,2,0,0,14,4,0,13,4,1,1,2,2,50,2,1,2,2,0,0,0,2,1,0,0,99,99,99,99,99,99,0,0,0,0,1,2,1,63376,0,0,2007,TANK FARM RD,1E+20,0,99999999,999999999,2,1
6,115,9,20,17,50,2,4,0,0,6,4,0,12,5,2,1,1,2,55,1,1,2,1,20,3,0,1,1,0,0,99,99,99,99,99,99,0,0,0,0,1,5,2,63377,0,0,2007,VIRGINIA RD,OSTROM RD,0,99999999,999999999,2,1
6,71,9,21,18,24,2,2,0,0,13,3,0,12,5,2,1,1,4,35,1,1,2,1,3,3,0,1,1,0,0,99,99,99,99,99,99,0,0,0,0,1,6,0,63378,2960,1,2007,SR-38,COLTON AVE,0,99999999,999999999,2,1
6,59,9,23,4,49,2,2,0,0,13,6,0,12,2,1,1,1,4,45,2,2,2,1,0,0,0,3,1,0,0,99,99,99,99,99,99,0,0,0,0,1,1,1,63379,2560,0,2007,N CANNON ST,1E+20,0,99999999,999999999,2,1
6,37,9,23,14,30,2,3,0,1,12,2,0,12,1,5,1,6,2,55,1,2,2,1,0,0,0,1,1,0,0,99,99,99,99,0,0,0,0,0,0,1,1,0,63380,1980,34,2007,US-101 RAMP,1E+20,0,99999999,999999999,2,1
6,113,9,23,16,44,2,2,0,0,5,4,0,12,5,2,1,1,2,55,1,1,2,1,20,3,0,1,1,0,0,99,99,99,99,99,99,0,0,0,0,1,1,0,63381,0,0,2007,COUNTY RD 89,COUNTY RD 27,0,99999999,999999999,2,1
6,37,9,26,6,19,1,2,1,0,14,6,0,8,0,1,1,1,4,35,1,1,1,1,3,3,0,3,1,0,0,99,99,99,99,99,99,0,0,0,0,1,4,0,63382,890,0,2007,SAN BERNARDINO RD,1E+20,0,99999999,999999999,1,1
6,71,9,26,12,15,2,2,0,0,6,4,2,1,0,2,1,1,2,99,1,1,2,1,20,3,0,1,1,0,0,99,99,99,99,99,99,0,0,0,0,1,4,0,63383,1328,0,2007,N LOOP RD,LANE MOUNTAIN LOOP,0,99999999,999999999,2,1
6,37,9,30,3,30,3,3,0,1,11,1,0,12,3,1,1,3,5,65,1,1,1,1,0,0,0,3,1,0,0,99,99,99,99,99,99,0,14,19,0,1,1,0,63384,930,275,2007,I-405,1E+20,0,99999999,999999999,3,1
6,37,9,30,13,20,3,4,0,1,11,1,0,12,3,15,1,3,4,65,1,1,1,1,0,0,0,1,1,0,0,99,99,99,99,99,99,0,0,0,0,1,1,0,63385,3630,55,2007,I-405,1E+20,0,99999999,999999999,3,1
6,37,10,11,5,0,2,2,0,1,12,3,0,12,7,1,1,3,4,55,1,2,9,1,0,0,1,4,1,0,0,99,99,99,99,99,99,0,0,0,0,1,5,0,63386,1980,248,2007,SR-110,1E+20,0,99999999,999999999,2,1
6,71,10,11,6,39,2,3,0,0,13,6,0,12,5,2,1,2,2,50,1,1,2,1,20,3,0,4,1,0,0,99,99,99,99,99,99,0,0,0,0,1,5,0,63387,3210,0,2007,WATERMAN AVE,NORMAN RD,0,99999999,999999999,2,1
6,29,10,20,4,19,1,3,1,1,1,1,0,8,0,1,1,2,2,65,1,1,1,1,0,0,0,2,1,0,0,99,99,99,99,0,0,0,16,0,0,1,7,0,63388,0,730,2007,I-5,1E+20,0,99999999,999999999,1,1
6,37,10,16,13,31,3,4,0,1,2,3,0,12,1,1,1,2,2,70,1,1,1,1,0,0,0,1,7,0,0,99,99,99,99,99,99,0,0,0,0,2,3,0,63389,0,760,2007,SR-14,1E+20,0,99999999,999999999,3,7
6,37,10,16,15,15,3,3,1,0,6,4,0,12,5,2,1,1,2,35,1,1,2,1,20,3,0,1,1,0,0,99,99,99,99,99,99,0,0,0,0,1,3,0,63390,0,0,2007,MERIDIAN ST,MOUNTAIN AVE,0,99999999,999999999,2,1
6,83,10,17,22,50,3,6,0,0,14,6,0,12,2,1,1,1,2,45,2,2,2,1,0,0,1,3,1,0,0,99,99,99,99,99,99,0,0,0,0,2,4,2,63391,1445,0,2007,CALLE REAL,1E+20,0,99999999,999999999,3,1
6,37,10,19,0,5,2,3,0,0,13,6,0,12,5,2,1,1,4,35,1,1,2,1,2,3,0,3,1,0,0,99,99,99,99,99,99,0,0,0,0,1,6,1,63392,1980,0,2007,CENTRAL AVE,120TH ST,0,99999999,999999999,2,1
6,37,10,26,16,40,2,2,0,0,14,6,0,12,5,2,1,1,6,35,1,1,2,1,3,3,0,1,1,0,0,99,99,99,99,99,99,0,0,0,0,1,6,0,63393,1980,0,2007,SATOCOY ST,DESOTO AVE,0,99999999,999999999,2,1
6,37,10,28,4,50,3,3,0,1,11,1,0,12,1,1,1,3,4,65,1,1,1,1,0,0,0,3,1,0,0,99,99,99,99,99,99,0,0,0,0,1,1,1,63394,0,316,2007,I-405,1E+20,0,99999999,999999999,3,1
6,73,10,29,7,30,1,1,0,0,6,4,0,42,0,1,6,1,2,40,1,2,2,1,0,0,0,1,1,0,0,99,99,99,99,99,99,0,0,0,0,1,2,0,63395,0,0,2007,VIA DE SANTA FE,1E+20,0,99999999,999999999,1,1
6,37,6,5,5,30,1,1,0,0,13,6,0,30,0,3,4,5,4,35,1,1,2,1,9,3,0,1,1,0,0,99,99,99,99,99,99,0,0,0,0,1,3,0,63396,1980,0,2007,VAN NUYS BL,I-5 ON RAMP,0,99999999,999999999,1,1
6,37,6,19,16,15,1,2,1,0,14,6,0,9,0,2,1,1,4,35,1,1,2,1,20,3,0,1,1,0,0,99,99,99,99,99,99,0,16,0,0,1,3,0,63397,1946,0,2007,NARBONNE AVE,256TH ST,0,99999999,999999999,1,1
6,65,11,9,17,35,2,4,0,0,4,4,0,12,5,2,1,1,2,55,1,1,2,1,20,3,0,3,1,0,0,99,99,99,99,99,99,0,0,0,0,1,6,1,63398,0,0,2007,RANCHO CALIFORNIA RD,ANZA RD,0,99999999,999999999,2,1
6,37,11,10,11,48,2,8,3,0,13,6,0,12,5,8,1,2,3,40,1,1,2,1,0,0,0,1,1,0,0,99,99,99,99,99,99,0,0,0,0,1,7,0,63399,1045,0,2007,LAKEWOOD BL,1E+20,0,99999999,999999999,2,1
6,17,11,24,20,55,1,2,0,0,5,4,0,31,0,1,4,1,2,30,1,2,2,1,40,3,0,2,1,0,0,99,99,99,99,99,99,0,0,0,0,1,7,2,63400,0,0,2007,WENTWORTH SPRINGS RD,1E+20,0,99999999,999999999,1,1
6,37,11,25,3,35,1,1,0,1,11,1,0,25,0,1,3,3,5,65,2,2,1,1,0,0,0,3,1,0,0,99,99,99,99,0,0,0,0,0,0,1,1,1,63401,3455,98,2007,I-605,1E+20,0,99999999,999999999,1,1
6,111,12,19,16,33,2,4,1,1,2,2,0,12,1,1,2,3,3,65,2,1,1,1,0,0,0,5,1,0,0,99,99,99,99,99,99,0,0,0,0,1,4,0,63402,0,353,2007,US-101,1E+20,0,99999999,999999999,2,1
6,71,12,19,99,99,1,1,0,0,6,4,0,35,0,1,6,1,2,0,2,1,5,1,0,0,0,2,1,0,0,99,99,99,99,0,0,0,0,0,0,1,4,1,63403,0,0,2007,DEER TRL,1E+20,0,99999999,999999999,1,1
6,89,12,22,18,44,1,5,1,1,11,1,0,8,0,1,1,2,2,70,1,1,2,1,0,0,0,3,1,0,0,99,99,99,99,99,99,0,0,0,0,1,7,0,63404,0,95,2007,I-5,1E+20,0,99999999,999999999,1,1
6,75,12,23,1,30,3,2,1,1,12,2,0,12,3,1,1,3,5,50,1,1,1,1,0,0,0,3,1,0,0,99,99,99,99,99,99,0,19,0,0,1,1,0,63405,3290,29,2007,US-101,1E+20,0,99999999,999999999,1,1
6,73,12,24,21,2,1,2,0,0,15,6,0,10,0,6,1,1,2,25,1,1,2,1,60,3,0,3,1,0,0,99,99,99,99,99,99,0,0,0,0,1,2,0,63406,2510,0,2007,WISCONSIN AVE,1E+20,02B81BH,99999999,999999999,1,1
6,95,12,24,23,26,1,1,0,0,16,6,0,33,0,1,4,1,2,25,2,1,2,1,0,0,0,3,1,0,0,99,99,99,99,0,0,0,0,0,0,1,2,1,63407,4010,0,2007,CALLEN ST,1E+20,0,99999999,999999999,1,1
6,37,12,25,1,15,1,2,0,0,3,3,0,35,0,1,6,1,2,40,2,2,2,1,0,0,0,2,1,0,0,99,99,99,99,99,99,0,0,0,0,1,3,0,63408,0,255,2007,SR-39,1E+20,0,99999999,999999999,1,1
6,71,12,25,3,37,1,2,0,1,11,1,0,52,0,1,4,3,4,65,1,1,2,1,0,0,0,2,6,0,0,99,99,99,99,0,0,0,0,0,0,2,3,0,63409,2550,25,2007,I-15,1E+20,0,99999999,999999999,1,6
6,79,12,25,13,15,1,1,0,0,3,3,0,35,0,1,6,1,2,55,2,2,1,1,0,0,0,1,1,0,0,99,99,99,99,0,0,0,0,0,0,1,3,0,63410,0,151,2007,SR-166,1E+20,0,99999999,999999999,1,1
6,73,12,25,17,1,1,2,1,1,11,1,0,8,0,1,1,3,5,65,1,2,1,1,0,0,0,1,1,0,0,99,99,99,99,99,99,0,0,0,0,1,3,0,63411,3260,67,2007,I-8,1E+20,0,99999999,999999999,1,1
6,79,12,25,19,30,1,5,0,1,2,3,0,38,0,1,6,1,3,55,2,2,2,1,0,0,0,2,1,0,0,99,99,99,99,0,0,0,0,0,0,5,3,0,63412,0,598,2007,SR-46,1E+20,0,99999999,999999999,1,1
6,59,12,27,8,34,1,2,1,0,15,6,0,8,0,1,1,1,2,35,1,1,2,1,2,3,0,1,1,0,0,99,99,99,99,99,99,0,0,0,0,1,5,1,63413,880,0,2007,WILSON ST,1E+20,0,99999999,999999999,1,1
6,111,12,27,15,48,2,6,0,1,3,3,0,12,7,1,1,3,4,65,2,2,2,1,0,0,0,1,1,0,0,99,99,99,99,99,99,0,0,0,0,1,5,0,63414,3641,322,2007,SR-118,1E+20,0,99999999,999999999,2,1
6,71,12,27,17,15,1,2,0,0,4,4,0,30,0,1,6,1,2,55,2,1,2,1,40,3,0,3,1,0,0,99,99,99,99,99,99,0,0,0,0,1,5,2,63415,0,0,2007,GLEN HELEN PKWY,1E+20,0,99999999,999999999,1,1
6,93,12,28,7,25,3,4,0,1,11,1,0,24,0,1,3,2,2,65,2,2,1,4,0,0,0,4,1,0,0,99,99,99,99,0,0,0,0,0,0,2,6,0,63416,4266,456,2007,I-5,1E+20,0,99999999,999999999,3,1
6,23,12,29,11,5,2,2,0,1,2,2,0,12,4,1,1,1,2,55,2,2,2,2,0,0,0,1,2,0,0,99,99,99,99,99,99,0,0,0,0,1,7,0,63417,0,1180,2007,US-101,1E+20,0,99999999,999999999,2,2
6,37,11,18,2,15,4,13,0,0,14,6,0,12,5,2,1,1,4,35,1,1,2,1,3,3,0,3,1,0,0,99,99,99,99,99,99,0,0,0,0,1,1,0,63418,1980,0,2007,MELROSE AVE,CRESCENT HGTS BL,0,99999999,999999999,4,1
6,37,11,19,8,46,1,4,3,0,14,6,0,33,0,1,4,1,4,35,1,1,1,1,0,0,2,1,1,0,0,99,99,99,99,99,99,0,0,0,0,1,2,1,63419,1670,0,2007,STATE ST,1E+20,0,99999999,999999999,1,1
6,45,11,19,15,15,3,3,0,1,2,3,0,12,2,1,1,1,2,55,2,1,2,1,0,0,0,1,1,0,0,99,99,99,99,99,99,0,14,0,0,1,2,0,63420,0,421,2007,SR-20,1E+20,0,99999999,999999999,3,1
6,25,11,21,20,36,1,4,3,1,11,1,0,8,0,1,1,9,9,65,9,9,9,1,0,0,2,2,1,0,0,99,99,99,99,0,0,0,0,0,0,3,4,1,63421,0,111,2007,I-8,1E+20,0,99999999,999999999,1,1
6,71,12,1,13,35,2,2,0,0,6,4,0,12,1,1,1,1,2,99,1,1,5,1,0,0,0,1,1,0,0,99,99,99,99,0,0,0,0,0,0,1,7,0,63422,0,0,2007,GAS PIPELINE RD,1E+20,0,99999999,999999999,2,1
6,107,12,3,17,35,1,3,2,0,15,6,0,8,0,1,1,1,2,99,9,9,2,1,0,0,0,2,1,0,0,99,99,99,99,0,0,0,0,0,0,2,2,0,63423,1900,0,2007,N WESTWOOD AVE,1E+20,0,99999999,999999999,1,1
6,95,12,7,2,27,2,4,0,1,12,3,0,25,0,1,3,3,2,65,1,1,2,2,0,0,0,3,2,0,0,99,99,99,99,99,99,0,0,0,0,1,6,1,63424,0,72,2007,SR-37,1E+20,0,99999999,999999999,2,2
6,77,12,8,11,28,1,2,0,0,13,6,0,5,0,1,1,9,9,99,9,9,9,9,0,0,0,1,9,0,0,99,99,99,99,99,99,0,0,0,0,1,7,0,63425,3880,0,2007,TRACY BL,1E+20,0,99999999,999999999,1,9
6,89,12,11,17,40,5,8,0,1,11,1,0,7,0,1,1,2,2,70,2,9,2,1,0,0,0,3,1,0,0,99,99,99,99,99,99,0,0,0,0,1,3,0,63426,90,51,2007,I-5,1E+20,0,99999999,999999999,5,1
6,97,12,18,14,41,2,3,0,0,14,6,0,12,5,2,1,1,2,40,1,1,2,1,3,3,0,1,1,0,0,99,99,99,99,99,99,0,0,0,0,1,3,0,63427,3490,0,2007,BENNETT VALLEY RD,TACHEVAH DR,0,99999999,999999999,2,1
6,111,12,18,16,5,2,3,0,1,2,3,0,12,2,1,1,5,4,60,2,2,2,2,0,0,0,1,2,0,0,99,99,99,99,99,99,0,0,0,0,1,3,1,63428,0,313,2007,SR-126,1E+20,0,99999999,999999999,2,2
6,35,12,18,18,10,2,3,0,0,3,3,0,12,1,1,1,1,2,55,1,1,2,3,0,0,0,2,4,0,0,99,99,99,99,99,99,0,0,0,0,1,3,0,63429,0,88,2007,SR-36,1E+20,0,99999999,999999999,2,4
6,83,12,19,6,29,1,3,2,0,15,6,0,8,0,3,1,1,2,35,1,1,2,2,20,3,0,4,1,0,0,99,99,99,99,0,0,0,0,0,0,1,4,0,63430,3430,0,2007,YANONALI ST,CALLE CESAR CHAVEZ,0,99999999,999999999,1,1
6,37,12,19,17,31,2,2,0,0,15,6,0,12,5,2,1,1,2,30,1,1,2,1,20,3,0,3,1,0,0,99,99,99,99,99,99,0,0,0,0,1,4,0,63431,1400,0,2007,MAGNOLIA AVE,VERMONT AVE,0,99999999,999999999,2,1
6,71,12,19,18,0,1,3,1,0,4,4,0,8,0,1,1,1,2,55,1,1,2,1,0,0,0,2,1,0,0,99,99,99,99,0,0,0,0,0,0,1,4,0,63432,0,0,2007,PHELAN RD,1E+20,0,99999999,999999999,1,1
6,59,12,19,19,14,1,2,1,0,14,6,0,8,0,1,1,1,4,35,1,1,2,1,0,0,0,3,1,0,0,99,99,99,99,99,99,0,0,0,0,1,4,0,63433,2560,0,2007,N BATAVIA ST,1E+20,0,99999999,999999999,1,1
6,105,12,20,10,50,2,2,0,0,3,3,0,12,2,1,1,1,2,55,2,1,2,2,0,0,0,1,1,0,0,99,99,99,99,99,99,0,0,0,0,1,5,1,63434,0,654,2007,SR-3,1E+20,0,99999999,999999999,2,1
6,67,12,20,14,25,4,6,0,0,14,4,0,12,4,1,1,5,4,45,1,1,2,1,0,0,0,1,1,0,0,99,99,99,99,99,99,0,0,0,0,3,5,0,63435,0,0,2007,WALERGA RD,1E+20,0,99999999,999999999,3,1
6,111,12,20,14,49,2,3,0,0,13,3,0,12,2,2,1,1,2,45,1,1,2,2,0,0,0,1,2,0,0,99,99,99,99,99,99,0,0,0,0,1,5,0,63436,0,101,2007,SR-33,W WILLEY ST,0,99999999,999999999,2,2
6,73,12,20,15,25,2,4,0,0,3,3,0,12,2,1,1,1,4,55,2,2,2,1,0,0,0,1,1,0,0,99,99,99,99,99,99,0,0,0,0,1,5,0,63437,1080,94,2007,SR-67,1E+20,0,99999999,999999999,2,1
6,37,12,20,20,12,1,1,0,0,4,4,0,27,0,1,4,1,2,55,2,1,2,2,0,0,0,2,1,0,0,99,99,99,99,99,99,0,0,0,0,1,5,0,63438,0,0,2007,ANGELES FOREST HWY,1E+20,0,99999999,999999999,1,1
6,19,12,20,23,5,2,1,0,0,16,6,0,14,1,1,7,1,2,25,1,1,2,1,0,0,0,3,1,0,0,99,99,99,99,0,0,0,0,0,0,1,5,1,63439,2130,0,2007,PEREZ ST,1E+20,0,99999999,999999999,1,1
6,19,12,21,1,30,1,1,0,0,4,4,0,30,0,1,4,1,2,55,1,1,2,1,0,0,0,2,1,0,0,99,99,99,99,0,0,0,0,0,0,1,6,0,63440,0,0,2007,MCCALL AVE,1E+20,0,99999999,999999999,1,1
6,37,12,21,12,40,1,2,1,0,14,6,0,8,0,3,1,1,4,35,1,1,2,1,2,3,0,1,1,0,0,99,99,99,99,99,99,0,0,0,0,1,6,0,63441,1980,0,2007,NORMANDIE AVE,VERNON AVE,0,99999999,999999999,1,1
6,73,12,21,14,34,2,2,0,1,3,3,0,12,2,1,1,1,2,55,2,1,2,1,0,0,0,1,1,0,0,99,99,99,99,99,99,0,0,0,0,1,6,0,63442,0,228,2007,SR-94,1E+20,0,99999999,999999999,2,1
6,75,12,21,14,52,1,2,1,0,13,3,0,8,0,3,1,2,3,35,1,2,2,1,3,3,0,1,1,0,0,99,99,99,99,99,99,0,0,0,0,1,6,0,63443,3290,31,2007,SR-1,ORTEGA ST,0,99999999,999999999,1,1
6,65,12,21,16,55,3,5,0,1,11,1,0,12,1,1,1,3,4,70,1,1,2,1,0,0,0,2,1,0,0,99,99,99,99,99,99,0,0,0,0,1,6,0,63444,3851,51,2007,I-15,1E+20,0,99999999,999999999,3,1
6,71,12,21,17,19,2,4,1,1,1,1,0,8,0,1,1,2,2,70,2,2,2,1,0,0,2,2,1,0,0,99,99,99,99,99,99,0,0,0,0,1,6,1,63445,0,1754,2007,I-15,1E+20,0,99999999,999999999,2,1
6,71,12,21,17,23,1,3,2,0,14,6,0,8,0,1,1,5,4,40,1,1,2,1,0,0,0,3,1,0,0,99,99,99,99,99,99,0,0,0,0,1,6,0,63446,3000,0,2007,BASELINE RD,1E+20,0,99999999,999999999,1,1
6,59,12,21,23,0,3,6,1,1,12,3,0,8,0,1,1,3,5,65,1,1,2,1,0,0,0,3,1,0,0,99,99,99,99,0,0,0,0,0,0,1,6,0,63447,80,52,2007,SR-91,1E+20,0,99999999,999999999,3,1
6,59,12,21,23,18,1,1,0,0,14,6,0,35,0,1,2,1,4,35,2,1,2,1,0,0,0,3,1,0,0,99,99,99,99,0,0,0,0,0,0,1,6,1,63448,2400,0,2007,DOVE ST,1E+20,0,99999999,999999999,1,1
6,59,12,22,0,14,2,3,0,0,14,6,0,39,0,1,4,1,2,35,1,1,2,1,0,0,0,3,1,0,0,99,99,99,99,0,0,0,0,0,0,2,7,2,63449,80,0,2007,W CERRITOS AVE,1E+20,0,99999999,999999999,2,1
6,71,12,22,2,52,1,2,0,0,6,6,0,35,0,1,4,1,2,50,2,1,2,1,0,0,0,2,1,0,0,99,99,99,99,99,99,0,0,0,0,1,7,2,63450,2550,0,2007,EDISON AVE,1E+20,0,99999999,999999999,1,1
6,29,12,22,11,7,1,2,1,0,16,6,0,15,0,1,1,1,2,25,1,1,2,1,0,0,0,1,1,0,0,99,99,99,99,0,0,0,0,0,0,1,7,0,63451,3820,0,2007,NORTH ST,1E+20,0,99999999,999999999,1,1
6,73,12,22,12,14,2,2,0,0,3,3,0,12,5,2,1,2,2,55,1,1,2,1,0,0,0,1,1,0,0,99,99,99,99,0,0,0,0,0,0,1,7,0,63452,0,185,2007,SR-67,ARCHIE MOORE RD,0,99999999,999999999,2,1
6,65,12,22,17,11,1,4,1,0,16,6,0,9,0,2,1,1,4,45,1,1,2,1,0,0,0,5,1,0,0,99,99,99,99,99,99,0,0,0,0,1,7,0,63453,3851,0,2007,RANCHO VISTA RD,CALLE RIO VISTA,0,99999999,999999999,1,1
6,1,12,22,18,7,1,2,1,0,13,6,0,8,0,1,1,1,4,25,1,1,2,1,0,0,0,3,1,0,0,99,99,99,99,99,99,0,0,0,0,1,7,1,63454,1560,0,2007,2ND ST,1E+20,0,99999999,999999999,1,1
6,111,12,22,18,47,1,2,0,0,15,4,0,38,0,1,4,1,2,35,2,1,2,1,0,0,0,2,1,0,0,99,99,99,99,99,99,0,0,0,0,1,7,1,63455,0,0,2007,RICE AVE,1E+20,0,99999999,999999999,1,1
6,37,11,5,22,29,2,3,1,0,14,4,0,8,0,1,1,5,4,35,1,1,1,1,0,0,2,3,1,0,0,99,99,99,99,0,0,0,0,0,0,1,2,1,63456,0,0,2007,GALE AVE,1E+20,0,99999999,999999999,2,1
6,75,12,22,23,59,1,2,1,0,13,6,0,8,0,3,1,1,6,25,1,2,2,1,3,3,2,3,1,0,0,99,99,99,99,99,99,0,0,0,0,1,7,0,63457,3290,0,2007,VAN NESS AVE,POST ST,0,99999999,999999999,1,1
6,37,12,23,0,35,1,2,1,0,13,3,0,8,0,1,1,1,6,35,1,1,2,1,0,0,2,3,1,0,0,99,99,99,99,0,0,0,0,0,0,1,1,1,63458,1970,46,2007,SR-1,1E+20,0,99999999,999999999,1,1
6,65,12,23,1,15,1,1,0,0,5,4,0,3,0,1,6,1,2,55,1,2,5,1,0,0,0,2,1,0,0,99,99,99,99,0,0,0,0,0,0,1,1,0,63459,0,0,2007,20TH AVE,1E+20,0,99999999,999999999,1,1
6,11,12,23,7,30,1,3,0,1,1,1,0,1,0,1,1,2,2,70,1,1,1,1,0,0,0,1,1,0,0,99,99,99,99,99,99,0,0,0,0,2,1,0,63460,0,38,2007,I-5,1E+20,0,99999999,999999999,1,1
6,85,12,23,12,55,1,1,0,0,6,4,0,1,0,1,1,1,2,55,2,1,2,1,0,0,0,1,1,0,0,99,99,99,99,0,0,0,0,0,0,1,1,0,63461,0,0,2007,CLAYTON RD,1E+20,0,99999999,999999999,1,1
6,95,12,23,12,55,2,9,0,1,11,1,0,12,1,1,1,2,4,65,1,1,1,1,0,0,0,1,1,0,0,99,99,99,99,99,99,0,0,0,0,1,1,0,63462,0,446,2007,I-80,1E+20,0,99999999,999999999,2,1
6,71,9,23,7,35,2,1,0,0,15,4,0,14,1,1,7,1,2,35,1,1,2,1,0,0,0,1,1,0,0,99,99,99,99,99,99,0,0,0,0,1,1,0,63463,0,0,2007,CALABASH AVE,1E+20,0,99999999,999999999,1,1
6,19,9,24,4,0,1,1,0,1,12,3,0,46,0,1,4,2,2,65,1,1,1,1,3,3,0,3,1,0,0,99,99,99,99,0,0,0,0,0,0,1,2,0,63464,0,191,2007,SR-41,1E+20,0,99999999,999999999,1,1
6,65,9,24,15,35,1,3,0,0,16,6,0,42,0,1,3,2,2,50,1,1,2,1,0,0,0,1,1,0,0,99,99,99,99,0,0,0,0,0,0,3,2,0,63465,2935,0,2007,MORNINGSIDE DR,1E+20,0,99999999,999999999,1,1
6,65,9,24,18,5,1,4,1,0,16,6,0,8,0,1,1,1,2,30,1,1,2,1,0,0,0,1,1,0,0,99,99,99,99,99,99,0,0,0,0,1,2,0,63466,2278,0,2007,BAY AVE,1E+20,0,99999999,999999999,1,1
6,53,9,25,0,4,1,1,0,0,15,4,0,38,0,1,2,1,2,55,1,1,2,1,0,0,0,2,1,0,0,99,99,99,99,0,0,0,0,0,0,1,3,0,63467,0,0,2007,SAN JUAN GRADE RD,1E+20,0,99999999,999999999,1,1
6,19,11,3,7,45,92,145,0,1,2,3,0,12,1,1,1,3,9,65,9,9,9,2,0,0,1,1,5,0,0,99,99,99,99,99,99,0,0,0,0,2,7,1,63468,0,131,2007,SR-99,1E+20,0,99999999,999999999,92,5
6,59,11,7,11,17,4,4,0,1,11,1,0,7,0,15,1,3,5,65,1,1,1,1,0,0,0,1,1,0,0,99,99,99,99,0,0,0,0,0,0,1,4,0,63469,3420,323,2007,I-5 RAMP,1E+20,0,99999999,999999999,4,1
6,67,11,7,17,5,4,8,0,0,13,4,0,12,5,2,1,1,4,45,1,1,2,1,0,0,0,5,1,0,0,99,99,99,99,99,99,0,0,0,0,1,4,0,63470,0,0,2007,POWER INN RD,BETTY LOU DR,0,99999999,999999999,4,1
6,111,7,21,2,10,1,1,0,1,12,3,0,1,0,1,2,1,2,65,1,2,2,1,0,0,0,2,1,0,0,99,99,99,99,99,99,0,0,0,0,1,7,1,63471,3641,273,2007,SR-118,1E+20,0,99999999,999999999,1,1
6,37,8,16,15,54,2,5,0,0,13,6,0,12,5,2,1,5,6,40,1,9,1,1,3,3,0,1,1,0,0,99,99,99,99,99,99,0,0,0,0,1,5,1,63472,1550,0,2007,ROSECRANS AVE,PRAIRIE AVE,0,99999999,999999999,2,1
6,95,11,4,23,13,2,2,0,0,16,6,0,33,0,1,4,1,2,25,1,9,2,1,0,0,0,2,1,0,0,99,99,99,99,99,99,0,20,4,0,1,1,2,63473,330,0,2007,E J ST,1E+20,0,99999999,999999999,1,1
6,111,9,25,15,25,1,2,1,0,13,3,0,8,0,3,1,2,3,45,1,9,2,1,0,0,0,1,1,0,0,99,99,99,99,99,99,0,0,0,0,1,3,1,63474,3860,24,2007,SR-23,BAY DR,0,99999999,999999999,1,1