STATE,COUNTY,MONTH,DAY,HOUR,MINUTE,VE_TOTAL,PERSONS,PEDS,NHS,ROAD_FNC,ROUTE,SP_JUR,HARM_EV,MAN_COLL,REL_JUNC,REL_ROAD,TRAF_FLO,NO_LANES,SP_LIMIT,ALIGNMNT,PROFILE,PAVE_TYP,SUR_COND,TRA_CONT,T_CONT_F,HIT_RUN,LGT_COND,WEATHER1,WEATHER2,C_M_ZONE,NOT_HOUR,NOT_MIN,ARR_HOUR,ARR_MIN,HOSP_HR,HOSP_MN,SCH_BUS,CF1,CF2,CF3,FATALS,DAY_WEEK,DRUNK_DR,ST_CASE,CITY,MILEPT,YEAR,TWAY_ID,TWAY_ID2,RAIL,LATITUDE,LONGITUD,VE_FORMS,WEATHER
6,75,9,29,4,50,2,3,0,1,11,1,0,12,7,1,1,3,5,50,1,9,8,1,0,0,0,3,1,0,0,99,99,99,99,99,99,0,0,0,0,1,7,1,63475,3290,79,2007,I-80,1E+20,0,99999999,999999999,2,1
6,105,7,1,18,0,1,1,0,1,2,3,0,35,0,1,2,1,2,45,2,2,2,1,0,0,0,1,1,0,0,99,99,99,99,99,99,0,0,0,0,1,1,1,63476,0,20,2007,SR-299,1E+20,0,99999999,999999999,1,1
6,29,10,16,11,46,2,3,0,1,2,3,0,12,1,1,1,2,2,65,1,1,1,1,0,0,0,1,6,0,0,99,99,99,99,99,99,0,19,0,0,1,3,0,63477,0,1147,2007,SR-58,1E+20,0,99999999,999999999,2,6
6,73,10,19,15,16,1,2,0,0,16,6,0,33,0,1,2,1,2,35,2,2,2,1,20,3,0,1,1,0,0,99,99,99,99,99,99,0,0,0,0,1,6,0,63478,560,0,2007,HILLSIDE DR,1E+20,0,99999999,999999999,1,1
6,37,10,26,13,42,2,2,0,0,14,6,0,12,5,2,1,1,4,35,1,9,1,1,3,3,0,1,1,0,0,99,99,99,99,99,99,0,0,0,0,1,6,0,63479,2700,0,2007,WALNUT AVE,PASADENA AVE,0,99999999,999999999,2,1
6,71,8,19,2,15,1,2,0,0,3,4,0,1,0,1,4,1,2,55,2,1,2,1,0,0,0,2,1,0,0,99,99,99,99,99,99,0,0,0,0,1,1,0,63480,0,0,2007,NEEDLES HWY,1E+20,0,99999999,999999999,1,1
6,59,9,24,19,21,1,2,1,0,16,6,0,8,0,4,4,2,6,40,1,1,2,1,0,0,0,3,1,0,0,99,99,99,99,99,99,0,0,0,0,1,2,0,63481,3420,0,2007,1ST ST,1E+20,0,99999999,999999999,1,1
6,63,9,25,22,3,1,1,0,0,3,3,0,17,0,1,6,1,2,55,2,3,2,1,0,0,0,2,1,0,0,99,99,99,99,0,0,0,0,0,0,1,3,0,63482,0,117,2007,SR-70,1E+20,0,99999999,999999999,1,1
6,19,9,25,23,4,1,3,0,0,15,4,0,1,0,1,4,1,2,55,2,1,2,1,40,3,0,2,1,0,0,99,99,99,99,99,99,0,0,0,0,2,3,1,63483,0,0,2007,ZEDIKER,1E+20,0,99999999,999999999,1,1
6,65,12,22,20,5,2,2,0,0,14,6,0,12,5,2,1,2,2,50,1,1,2,1,3,3,0,3,1,0,0,99,99,99,99,0,0,0,0,0,0,2,7,0,63484,2935,0,2007,DINAH SHORE DR,DAVALL DR,0,99999999,999999999,2,1
6,65,11,15,19,17,1,3,1,0,15,6,0,8,0,3,1,1,2,40,1,1,2,1,0,0,0,2,1,0,0,99,99,99,99,0,0,0,0,0,0,1,5,0,63485,1003,0,2007,HACIENDA AVE,TAMAR DR,0,99999999,999999999,1,1
6,37,11,23,23,7,1,3,0,0,16,6,0,38,0,1,4,1,2,25,1,1,2,1,0,0,3,3,1,0,0,99,99,99,99,99,99,0,20,0,0,1,6,0,63486,245,0,2007,WACO ST,SAN GABRIEL RVR PKWY,0,99999999,999999999,1,1
6,29,12,25,23,10,1,2,0,1,12,3,0,35,0,1,4,2,2,70,1,1,2,1,0,0,0,2,1,0,0,99,99,99,99,99,99,0,0,0,0,1,3,0,63487,0,0,2007,SR-14,1E+20,0,99999999,999999999,1,1
6,37,12,26,6,30,1,1,0,0,13,6,0,30,0,1,4,3,3,45,1,1,2,1,0,0,0,1,1,0,0,99,99,99,99,0,0,0,0,0,0,1,4,0,63488,1980,0,2007,LA CIENEGA BL,1E+20,0,99999999,999999999,1,1
6,53,12,26,6,44,1,2,1,0,15,4,0,8,0,1,1,5,2,55,1,1,2,1,0,0,0,2,1,0,0,99,99,99,99,99,99,0,0,0,0,1,4,0,63489,0,0,2007,SAN MIGUEL CYN RD,1E+20,0,99999999,999999999,1,1
6,71,11,8,20,45,1,3,1,0,14,6,0,8,0,1,1,9,9,50,1,1,2,1,9,3,2,2,1,0,0,99,99,99,99,99,99,0,0,0,0,1,5,0,63490,1603,0,2007,MAPLE AVE,1E+20,0,99999999,999999999,1,1
6,71,11,28,8,30,1,2,1,1,11,1,0,8,0,13,1,6,1,65,1,1,1,1,0,0,0,1,1,0,1,99,99,99,99,99,99,0,0,0,0,1,4,0,63491,3210,72,2007,I-215,1E+20,0,99999999,999999999,1,1
6,71,9,12,19,2,1,3,0,0,3,3,0,33,0,1,4,1,2,55,1,2,1,1,0,0,0,5,1,0,0,99,99,99,99,99,99,0,0,0,0,1,4,1,63492,1603,228,2007,SR-138,1E+20,0,99999999,999999999,1,1
6,71,10,14,21,9,1,2,1,0,13,6,0,8,0,1,1,2,3,45,1,1,2,1,99,9,0,3,1,0,0,99,99,99,99,0,0,0,0,0,0,1,1,1,63493,1603,0,2007,BEAR VALLEY RD,1E+20,0,99999999,999999999,1,1
6,37,10,30,4,40,1,1,0,1,11,1,0,25,0,1,3,3,4,65,1,1,1,1,0,0,0,3,1,0,0,99,99,99,99,0,0,0,0,0,0,1,3,0,63494,1980,246,2007,I-405,1E+20,0,99999999,999999999,1,1
6,73,11,9,20,15,2,3,1,1,12,3,0,8,0,15,2,6,1,65,1,1,2,1,0,0,2,3,1,0,0,99,99,99,99,0,0,0,14,0,0,1,6,1,63495,4060,71,2007,SR-78 RAMP,1E+20,0,99999999,999999999,1,1
6,73,11,25,20,19,2,2,0,0,12,3,0,12,1,1,1,1,2,55,1,1,2,1,0,0,0,2,1,0,0,99,99,99,99,99,99,0,0,0,0,1,1,2,63496,0,105,2007,SR-76,1E+20,0,99999999,999999999,2,1
6,1,11,25,21,14,3,5,0,0,13,3,0,12,4,2,1,2,2,35,1,1,2,1,20,3,1,3,1,0,0,99,99,99,99,99,99,0,0,0,0,2,1,4,63497,1560,103,2007,SR-238,WEBSTER ST,0,99999999,999999999,3,1
6,71,11,29,7,42,2,5,0,1,1,1,0,12,3,1,1,3,2,70,1,1,2,1,0,0,0,1,1,0,0,99,99,99,99,99,99,0,0,0,0,1,5,0,63498,0,177,2007,I-215,1E+20,0,99999999,999999999,2,1
6,59,11,30,1,23,2,3,0,1,12,3,0,12,2,1,1,3,6,65,1,1,9,1,0,0,0,3,1,0,0,99,99,99,99,99,99,0,0,0,0,1,6,1,63499,2560,171,2007,SR-55,1E+20,0,99999999,999999999,2,1
6,71,11,30,1,30,2,4,0,1,14,3,0,33,0,1,4,3,4,65,1,1,1,1,0,0,0,2,1,0,0,1,32,99,99,99,99,0,0,0,0,1,6,2,63500,2922,85,2007,SR-210,1E+20,0,99999999,999999999,2,1
6,37,12,8,1,0,3,5,0,0,13,6,0,12,5,2,1,5,3,35,1,1,2,1,3,3,0,3,1,0,0,99,99,99,99,99,99,0,0,0,0,2,7,1,63501,1980,0,2007,SUNSET BL,GOWER ST,0,99999999,999999999,3,1
6,95,12,12,16,35,1,3,2,0,14,6,0,8,0,1,5,1,4,35,1,1,2,1,0,0,0,1,1,0,0,99,99,99,99,99,99,0,0,0,0,1,4,1,63502,1260,0,2007,E TABOR AVE,1E+20,0,99999999,999999999,1,1
6,19,12,21,19,18,2,3,0,0,4,4,0,12,5,2,1,1,2,55,1,1,2,1,20,3,0,2,1,0,0,99,99,99,99,99,99,0,0,0,0,1,6,1,63503,0,0,2007,SHAW AVE,HOWARD AVE,0,99999999,999999999,2,1
6,65,12,23,2,45,1,2,0,1,11,1,0,25,0,1,3,3,3,70,1,1,1,1,0,0,0,2,1,0,0,99,99,99,99,99,99,0,0,0,0,1,1,2,63504,0,249,2007,I-15,1E+20,0,99999999,999999999,1,1
6,19,12,23,17,50,2,1,0,0,4,4,0,33,0,1,4,1,2,55,2,1,2,1,0,0,0,2,1,0,0,99,99,99,99,0,0,0,0,0,0,1,1,0,63505,0,0,2007,AMERICAN AVE,1E+20,0,99999999,999999999,1,1
6,37,12,23,19,48,1,1,0,1,11,1,0,42,0,1,4,3,4,65,1,1,1,1,0,0,0,3,1,0,0,99,99,99,99,0,0,0,0,0,0,1,1,1,63506,480,304,2007,I-5,1E+20,0,99999999,999999999,1,1
6,85,12,24,2,50,1,1,0,1,12,2,0,41,0,1,4,3,4,65,1,1,2,1,0,0,0,3,1,0,0,99,99,99,99,0,0,0,0,0,0,1,2,1,63507,3340,283,2007,US-101,1E+20,0,99999999,999999999,1,1
6,111,12,24,4,25,1,1,0,0,16,6,0,27,0,1,4,2,2,50,2,1,2,1,0,0,0,3,1,0,0,99,99,99,99,0,0,0,0,0,0,1,2,1,63508,2620,0,2007,RICE AVE,1E+20,0,99999999,999999999,1,1
6,65,12,24,7,35,1,1,0,1,11,1,0,31,0,5,4,6,1,99,2,9,2,1,0,0,0,1,1,0,0,99,99,99,99,99,99,0,0,0,0,1,2,0,63509,850,77,2007,I-15 RAMP,1E+20,0,99999999,999999999,1,1
6,13,12,24,15,21,2,2,0,1,11,4,0,14,1,1,2,3,3,65,1,1,2,1,0,0,0,1,1,0,0,99,99,99,99,0,0,0,0,0,0,1,2,0,63510,0,129,2007,I-80,1E+20,0,99999999,999999999,1,1
6,85,12,24,15,41,1,3,0,0,6,4,0,35,0,1,4,1,2,25,2,1,2,1,0,0,0,1,1,0,0,99,99,99,99,99,99,0,0,0,0,1,2,1,63511,0,0,2007,SANBORN RD,1E+20,0,99999999,999999999,1,1
6,37,12,24,17,39,1,2,1,0,13,6,0,8,0,1,1,2,3,40,1,1,2,1,0,0,2,3,1,0,0,99,99,99,99,99,99,0,0,0,0,1,2,0,63512,3455,0,2007,SLAUSON AVE,1E+20,0,99999999,999999999,1,1
6,1,12,24,19,40,2,5,1,1,11,1,0,8,0,1,1,3,3,55,2,1,2,1,0,0,0,2,1,0,0,99,99,99,99,0,0,0,0,0,0,1,2,1,63513,2480,334,2007,I-880,1E+20,0,99999999,999999999,2,1
6,19,12,24,21,5,2,5,0,0,4,4,0,12,5,1,1,1,2,55,1,1,2,2,0,0,0,2,5,0,0,99,99,99,99,99,99,0,0,0,0,1,2,0,63514,0,0,2007,MANNING AVE,1E+20,0,99999999,999999999,2,5
6,37,12,25,2,25,2,4,0,1,11,1,0,14,1,1,2,3,6,65,1,1,2,1,0,0,0,3,1,0,0,99,99,99,99,99,99,0,0,0,0,1,3,1,63515,1980,170,2007,I-110,1E+20,0,99999999,999999999,1,1
6,73,12,25,2,30,2,2,0,1,11,1,0,12,2,1,1,3,5,65,1,1,1,1,0,0,0,3,1,0,0,99,99,99,99,0,0,0,0,0,0,2,3,0,63516,3260,78,2007,I-8,1E+20,0,99999999,999999999,2,1
6,13,12,25,13,15,2,6,0,1,12,3,0,12,5,10,1,3,2,65,1,1,2,1,3,3,0,1,1,0,0,99,99,99,99,99,99,0,0,0,0,1,3,0,63517,2790,241,2007,SR-4 RAMP,LOVERIDGE RD,0,99999999,999999999,2,1
6,37,12,25,23,0,2,5,0,1,11,1,0,12,7,1,1,3,6,65,1,1,1,1,0,0,0,3,1,0,0,99,99,99,99,0,0,0,0,0,0,1,3,0,63518,3630,62,2007,I-405,1E+20,0,99999999,999999999,2,1
6,25,12,26,5,7,3,4,0,0,14,4,0,12,2,1,1,1,2,55,1,1,2,1,0,0,0,2,1,0,0,99,99,99,99,99,99,0,14,0,0,1,4,0,63519,0,0,2007,DOGWOOD RD,1E+20,0,99999999,999999999,3,1
6,29,12,26,17,30,2,7,0,0,3,4,0,12,2,1,1,1,2,55,1,1,2,1,0,0,0,2,1,0,0,99,99,99,99,99,99,0,0,0,0,1,4,1,63520,0,172,2007,SR-223,1E+20,0,99999999,999999999,2,1
6,61,12,27,19,40,1,2,0,1,11,1,0,25,0,1,3,3,2,65,2,2,1,3,0,0,0,9,4,0,0,99,99,99,99,99,99,0,0,0,0,1,5,0,63521,0,471,2007,I-80,1E+20,0,99999999,999999999,1,4
6,75,12,27,20,37,1,2,1,0,15,6,0,8,0,3,1,1,2,25,1,1,2,2,3,3,0,3,2,0,0,99,99,99,99,0,0,0,0,0,0,1,5,0,63522,3290,0,2007,BACON ST,SAN BRUNO AVE,0,99999999,999999999,1,2
6,77,12,27,23,30,1,2,1,1,1,1,0,8,0,1,1,3,2,55,1,1,2,2,0,0,0,2,1,0,2,99,99,99,99,0,0,0,0,0,0,1,5,0,63523,0,120,2007,I-205,1E+20,0,99999999,999999999,1,1
6,111,12,28,7,20,1,1,0,0,13,6,0,33,0,3,4,2,4,50,2,1,2,1,3,3,0,1,1,0,0,99,99,99,99,99,99,0,0,0,0,1,6,0,63524,3641,0,2007,MADERA RD,VISTA LAGO DR,0,99999999,999999999,1,1
6,107,12,28,13,50,2,3,0,1,2,3,0,14,9,1,4,3,3,70,2,1,2,1,0,0,0,1,1,0,0,99,99,99,99,99,99,0,0,0,0,3,6,0,63525,0,415,2007,SR-99,1E+20,0,99999999,999999999,1,1
6,99,12,28,14,40,2,2,0,0,4,4,0,12,5,2,1,1,2,55,1,1,2,1,3,3,0,1,1,0,0,99,99,99,99,99,99,0,0,0,0,1,6,0,63526,0,0,2007,CLARIBEL RD,CLAUS RD,0,99999999,999999999,2,1
6,1,12,28,16,15,2,3,0,0,3,3,0,12,4,2,1,1,2,55,1,1,2,2,0,0,0,1,1,0,0,99,99,99,99,99,99,0,0,0,0,2,6,0,63527,0,199,2007,SR-84,VALLECITOS ATOMIC LB,0,99999999,999999999,2,1
6,19,12,28,21,59,1,2,0,0,6,4,0,43,0,1,5,1,2,55,2,1,2,1,0,0,0,2,1,0,0,99,99,99,99,0,0,0,0,0,0,2,6,0,63528,0,0,2007,BARSTOW AVE,1E+20,0,99999999,999999999,1,1
6,73,12,28,23,37,1,1,0,1,12,3,0,39,0,5,4,6,2,99,2,1,2,1,40,3,0,3,1,0,0,99,99,99,99,99,99,0,20,0,0,1,6,1,63529,3260,31,2007,SR-94 RAMP,1E+20,0,99999999,999999999,1,1
6,77,12,29,2,0,1,2,0,1,2,3,0,30,0,1,4,1,2,55,1,1,2,2,0,0,0,3,2,0,0,99,99,99,99,99,99,0,0,0,0,1,7,1,63530,0,135,2007,SR-120,1E+20,0,99999999,999999999,1,2
6,105,12,29,8,50,1,2,0,1,2,3,0,36,0,1,6,1,2,55,2,1,2,3,0,0,0,1,2,4,0,99,99,99,99,99,99,0,0,0,0,1,7,0,63531,0,374,2007,SR-299,1E+20,0,99999999,999999999,1,4
6,63,12,29,10,40,1,2,0,0,3,3,0,42,0,1,6,1,2,55,1,1,2,2,0,0,0,1,2,0,0,99,99,99,99,99,99,0,0,0,0,1,7,0,63532,0,158,2007,SR-70,1E+20,0,99999999,999999999,1,2
6,67,12,29,11,40,2,2,0,1,11,1,0,39,0,1,4,3,4,65,1,1,1,2,0,0,0,1,1,0,0,99,99,99,99,99,99,0,0,0,0,1,7,0,63533,3150,198,2007,I-5,1E+20,0,99999999,999999999,2,1
6,37,12,29,11,45,2,2,0,0,3,3,0,1,0,1,1,1,2,45,2,1,2,1,0,0,0,1,1,0,0,99,99,99,99,99,99,0,14,0,0,1,7,0,63534,0,332,2007,SR-2,1E+20,0,99999999,999999999,2,1
6,65,12,29,12,0,2,6,0,1,1,1,0,25,0,1,3,3,3,70,1,1,1,1,0,0,0,1,1,0,1,99,99,99,99,99,99,0,0,0,0,1,7,0,63535,526,30,2007,I-10,1E+20,0,99999999,999999999,2,1
6,27,12,29,12,30,1,2,0,0,6,4,1,17,0,1,6,1,2,55,2,1,2,1,0,0,0,1,1,0,0,99,99,99,99,99,99,0,0,0,0,1,7,0,63536,0,0,2007,SCOTTYS CASTLE RD,1E+20,0,99999999,999999999,1,1
6,19,12,29,23,10,1,3,0,0,16,6,0,1,0,1,1,1,2,99,1,1,5,1,0,0,0,2,1,0,0,99,99,99,99,99,99,0,0,0,0,1,7,0,63537,760,0,2007,DIRT RD,1E+20,0,99999999,999999999,1,1
6,37,12,30,0,24,2,7,0,0,14,6,0,12,5,2,1,1,4,50,1,1,2,1,3,3,0,3,1,0,0,99,99,99,99,99,99,0,0,0,0,1,1,1,63538,1840,0,2007,20TH ST W,AVENUE K-8,0,99999999,999999999,2,1
6,55,12,30,2,20,1,1,0,0,5,4,0,42,0,1,6,1,2,50,2,1,2,2,0,0,0,2,5,0,0,99,99,99,99,99,99,0,0,0,0,1,1,0,63539,0,0,2007,BIG RANCH RD,1E+20,0,99999999,999999999,1,5
6,37,12,30,11,10,1,2,0,0,15,4,0,35,0,1,4,1,2,50,1,1,2,1,0,0,0,1,1,0,0,99,99,99,99,99,99,0,0,0,0,1,1,0,63540,0,0,2007,PLACERITA CYN RD,1E+20,0,99999999,999999999,1,1
6,99,12,30,12,34,3,9,0,1,2,3,0,12,5,1,1,1,2,55,2,1,2,1,0,0,0,1,1,0,0,99,99,99,99,99,99,0,0,0,0,1,1,0,63541,0,149,2007,SR-120,1E+20,0,99999999,999999999,3,1
6,37,12,30,16,10,1,1,0,0,13,6,0,33,0,1,4,5,4,45,2,1,2,1,0,0,0,1,1,0,0,99,99,99,99,99,99,0,0,0,0,1,1,1,63542,1980,0,2007,WENTWORTH ST,1E+20,0,99999999,999999999,1,1
6,37,12,30,20,15,1,2,1,0,13,4,0,8,0,1,1,5,4,25,1,1,2,1,0,0,2,3,1,0,0,99,99,99,99,0,0,0,0,0,0,1,1,0,63543,0,0,2007,WHITTIER BL,1E+20,0,99999999,999999999,1,1
6,1,12,31,9,42,1,2,1,0,16,6,0,8,0,3,1,1,4,25,1,1,2,1,2,3,0,1,1,0,0,99,99,99,99,99,99,0,0,0,0,1,2,0,63544,340,0,2007,MARIN AVE,COLUSA AVE,0,99999999,999999999,1,1
6,29,12,31,10,49,1,1,0,1,1,1,0,38,0,1,6,3,4,65,1,1,1,1,0,0,0,1,1,0,0,99,99,99,99,0,0,0,0,0,0,1,2,0,63545,0,41,2007,I-5,1E+20,0,99999999,999999999,1,1
6,87,12,31,14,20,2,3,0,0,3,3,0,12,4,1,1,1,2,55,1,2,2,1,0,0,0,1,1,0,0,99,99,99,99,99,99,0,0,0,0,1,2,0,63546,0,271,2007,SR-1,1E+20,0,99999999,999999999,2,1
6,71,12,31,16,7,2,3,0,0,6,4,0,12,2,1,1,1,2,25,1,2,5,1,0,0,0,1,1,0,0,99,99,99,99,0,0,0,0,0,0,1,2,0,63547,0,0,2007,MOUNTAIN VIEW RD,1E+20,0,99999999,999999999,2,1
6,65,12,31,18,23,1,3,1,0,13,4,0,8,0,1,1,2,2,50,1,1,2,1,0,0,0,2,1,0,0,99,99,99,99,0,0,0,0,0,0,1,2,1,63548,0,0,2007,VAN BUREN RD,1E+20,0,99999999,999999999,1,1
6,1,12,31,18,25,1,2,1,0,14,6,0,8,0,1,1,2,3,35,1,1,2,1,0,0,0,3,1,0,0,99,99,99,99,99,99,0,0,0,0,1,2,0,63549,1054,0,2007,DUBLIN BL,1E+20,0,99999999,999999999,1,1
6,95,12,31,22,40,1,1,0,1,11,1,0,42,0,1,6,3,2,65,1,1,2,1,0,0,0,3,1,0,0,99,99,99,99,0,0,0,0,0,0,1,2,1,63550,0,434,2007,I-80,1E+20,0,99999999,999999999,1,1
6,31,12,31,22,47,1,2,1,1,2,3,0,8,0,1,1,2,2,65,2,1,1,1,0,0,0,2,5,0,0,99,99,99,99,0,0,0,0,0,0,1,2,0,63551,0,454,2007,SR-41,1E+20,0,99999999,999999999,1,5
6,65,12,31,23,34,1,1,0,0,14,6,0,33,0,1,3,2,2,35,1,1,2,1,0,0,0,3,1,0,0,99,99,99,99,99,99,0,0,0,0,1,2,0,63552,2276,0,2007,SUNNYMEAD BL,1E+20,0,99999999,999999999,1,1
6,73,9,13,18,37,2,7,0,1,11,1,0,12,1,1,1,3,2,65,1,9,1,1,0,0,0,1,1,0,0,99,99,99,99,99,99,0,0,0,0,1,5,1,63553,3260,11,2007,I-8,1E+20,0,99999999,999999999,2,1
6,115,9,17,12,14,1,2,1,0,15,6,0,8,0,2,1,3,2,25,1,1,2,1,3,3,0,1,1,0,0,99,99,99,99,0,0,0,0,0,0,1,2,1,63554,2100,0,2007,E ST,6TH ST,0,99999999,999999999,1,1
6,37,9,23,6,0,2,3,0,0,14,6,0,12,2,1,1,1,4,45,1,1,2,1,0,0,0,1,1,0,0,99,99,99,99,99,99,0,0,0,0,1,1,1,63555,804,0,2007,TELEGRAPH RD,1E+20,0,99999999,999999999,2,1
6,71,9,28,19,16,2,2,0,1,12,2,0,12,5,2,1,1,4,55,1,1,2,1,20,3,0,2,1,0,0,99,99,99,99,0,0,0,0,0,0,1,6,0,63556,1603,136,2007,US-395,THREE FLAGS RD,0,99999999,999999999,2,1
6,37,9,28,21,25,1,2,1,0,14,6,0,8,0,3,1,1,4,35,1,9,9,1,0,0,0,3,1,0,0,99,99,99,99,99,99,0,0,0,0,1,6,0,63557,1980,0,2007,8TH ST,EVERGREEN AVE,0,99999999,999999999,1,1
6,71,12,16,18,36,2,3,0,0,15,6,0,12,5,1,1,1,2,99,1,9,9,1,0,0,0,3,1,0,0,99,99,99,99,99,99,0,0,0,0,1,1,0,63558,680,0,2007,PINE AVE,1E+20,0,99999999,999999999,2,1
6,71,11,18,17,31,1,1,0,0,4,3,0,36,0,1,4,1,2,55,2,1,2,1,0,0,0,5,1,0,0,99,99,99,99,99,99,0,0,0,0,1,1,0,63559,1603,46,2007,SR-173,1E+20,0,99999999,999999999,1,1
6,67,12,14,10,1,1,2,1,1,1,1,0,8,0,1,1,2,2,65,1,1,1,1,0,0,0,1,1,0,0,99,99,99,99,0,0,0,0,0,0,1,6,0,63560,0,111,2007,I-5,1E+20,0,99999999,999999999,1,1
6,37,11,11,18,34,2,2,0,1,11,1,0,1,0,1,1,3,3,65,1,1,1,1,0,0,0,2,1,0,0,99,99,99,99,99,99,0,14,0,0,1,1,2,63561,2684,151,2007,I-105,1E+20,0,99999999,999999999,2,1
6,37,11,25,3,30,2,5,0,0,13,6,0,12,4,2,1,2,3,35,1,1,2,1,3,3,0,3,1,0,0,99,99,99,99,99,99,0,0,0,0,1,1,1,63562,1980,0,2007,FLORENCE AVE,NORMANDIE AVE,0,99999999,999999999,2,1
6,71,12,19,20,44,2,8,0,0,12,3,0,13,9,1,1,2,2,55,2,2,2,1,0,0,0,2,1,0,0,99,99,99,99,99,99,0,0,0,0,3,4,2,63563,3210,86,2007,SR-18,1E+20,0,99999999,999999999,2,1
6,7,12,19,21,13,1,2,0,0,13,3,0,46,0,3,4,1,2,45,1,1,1,2,3,3,0,3,2,0,0,99,99,99,99,99,99,0,0,0,0,1,4,1,63564,2600,185,2007,SR-162,FOOTHILL BL,0,99999999,999999999,1,2
6,67,12,19,22,50,2,10,0,0,14,4,0,12,5,2,1,1,4,35,1,1,2,2,3,3,0,3,2,0,0,99,99,99,99,99,99,0,0,0,0,1,4,1,63565,0,0,2007,WHITNEY AVE,EASTERN AVE,0,99999999,999999999,2,2
6,37,12,25,3,5,2,3,0,0,13,6,0,12,5,2,1,1,6,35,1,1,2,1,20,3,0,3,1,0,0,99,99,99,99,99,99,0,0,0,0,2,3,1,63566,1980,0,2007,MLK BL,BROADWAY,0,99999999,999999999,2,1
6,37,12,29,4,15,3,4,0,0,13,3,0,12,5,2,1,1,6,35,1,1,2,1,3,3,0,3,1,0,0,99,99,99,99,99,99,0,0,0,0,2,7,2,63567,1980,96,2007,SR-170,HIGHLAND AVE,0,99999999,999999999,3,1
6,29,10,14,17,28,2,4,0,0,13,6,0,12,5,2,1,1,4,45,1,1,9,1,3,3,0,1,1,0,0,99,99,99,99,99,99,0,0,0,0,1,1,1,63568,240,0,2007,STOCKDALE HWY,FAIRWAY DR,0,99999999,999999999,2,1
6,1,12,26,14,38,1,6,1,0,16,6,0,8,0,3,1,1,2,30,2,1,2,1,0,0,2,1,1,0,0,99,99,99,99,99,99,0,0,0,0,1,4,1,63569,1364,0,2007,DEEP CREEK RD,FALSTAFF RD,0,99999999,999999999,1,1
6,65,5,15,20,0,5,3,1,0,16,6,0,8,0,1,2,1,2,25,1,1,2,1,0,0,2,2,1,0,0,99,99,99,99,99,99,0,4,0,0,1,3,1,63570,612,0,2007,AVENIDA LA PALOMA,1E+20,0,99999999,999999999,1,1
6,71,6,24,0,30,1,2,0,0,16,6,0,25,0,1,2,1,2,55,1,1,2,1,0,0,0,2,1,0,0,99,99,99,99,0,0,0,4,0,0,2,1,2,63571,1603,0,2007,GLENDALE AVE,1E+20,0,99999999,999999999,1,1
6,71,9,28,23,59,2,2,0,0,14,6,0,12,4,1,1,5,2,50,1,9,2,1,0,0,0,2,1,0,0,99,99,99,99,99,99,0,0,0,0,1,6,1,63572,1603,0,2007,HESPERIA RD,1E+20,0,99999999,999999999,2,1
6,99,12,27,17,17,2,6,0,0,4,4,0,12,2,1,1,9,9,55,9,9,9,1,0,0,0,2,1,0,0,99,99,99,99,99,99,0,0,0,0,3,5,0,63573,0,0,2007,GRAYSON RD,1E+20,0,99999999,999999999,2,1
6,71,12,1,19,53,1,2,1,0,16,6,0,8,0,1,1,5,4,35,9,9,2,1,0,0,0,2,1,0,0,99,99,19,59,0,0,0,0,0,0,1,7,1,63574,680,0,2007,EDISON AVE,1E+20,0,99999999,999999999,1,1
6,53,9,25,99,99,1,2,0,0,16,6,0,5,0,1,1,1,2,25,1,1,2,1,0,0,4,9,1,0,0,99,99,99,99,99,99,0,0,0,0,1,3,1,63575,3560,0,2007,LOWELL ST,1E+20,0,99999999,999999999,1,1
6,77,12,15,13,59,2,2,0,0,14,6,0,12,5,2,1,1,2,30,1,1,1,1,20,3,0,1,1,0,1,99,99,99,99,0,0,0,0,0,0,1,7,0,63576,3770,0,2007,SAN JOAQUIN ST,4TH ST,0,99999999,999999999,2,1
6,37,8,31,23,15,1,2,1,0,13,6,0,8,0,2,1,1,6,35,1,1,2,1,0,0,0,2,1,0,0,99,99,99,99,99,99,0,0,0,0,1,6,1,63577,350,0,2007,OLYMPIC BL,CLARK DR,0,99999999,999999999,1,1
6,37,10,19,18,52,1,2,1,0,14,6,0,8,0,1,1,2,1,35,1,1,2,1,0,0,0,2,1,0,0,99,99,99,99,99,99,0,0,0,0,1,6,0,63578,2700,0,2007,CALIFORNIA BL,1E+20,0,99999999,999999999,1,1